Title-Code,Title Name,Hindi Title,Register Serial No,Regn No.,Owner Name,State,Publication City/District,Periodity
NOF00025,ANUJA TIMES,nan,48613.0,48613/ 0,NOF,nan,nan,nan
NOF00028,NEEL GAGAN SAMACHAR TIMES,nan,58610.0,58610/ 94,NOT GIVEN,nan,nan,A
NOFHIN00548,AAP SUB KA SAHARA TIMES,nan,55677.0,55677/ 92,NOT GIVEN,nan,nan,W
NOFHIN00556,JAN JAGRAN TIMES,nan,62359.0,62359/ 94,NOT GIVEN,nan,nan,W
ANDENG00151,TODAY TIMES,टुडे टाइम्स,125860.0,ANDENG/2013/53305,PRADEEP KUMAR,AND,PORT BLAIR,D
ANDENG00160,THE KING TIMES,द किंग टाइम्स,136478.0,ANDENG/2015/63923,MOHD. SHAFIQUE,AND,PORT BLAIR,D
ANDENG00127,EMERALD TIMES,एमरलैंड टाइम्स,113839.0,ANDENG/2011/41282,R. GURU,AND,PORT BLAIR,F
ANDENG00029,THE PORT BLAIR TIMES,द पोर्ट ब्लेयर टाइम्स,63762.0,63762/ 96,DR P A MATHEWS,AND,PORT BLAIR,W
ANDENG00033,THE DAWN TIMES,द डॉन टाइम्स,64487.0,64487/ 96,P. GANESHAN,AND,SOUTH ANDAMAN/ PORT BLAIR,D
ANDENG00187,THE TIMES OF ANDAMAN,nan,,UR,REEYA CHAKRABORTY,AND,SOUTH ANDAMAN/ PORT BLAIR,D
ANDENG00052,NEW ISLAND TIMES,न्यू आइलैंड टाइम्स,72242.0,72242/ 99,K P KANNAN,AND,SOUTH ANDAMAN/ PORT BLAIR,W
APTEL14486,SHANTHI TIMES,nan,135257.0,APTEL/2015/62702,REDDYPALLISIVA SRINIVASA KUMAR,AP,ANANTAPUR,D
APTEL15851,ANANTA TIMES,nan,153959.0,APTEL/2021/81404,JODU RAMESH KUMAR,AP,ANANTAPUR,D
APTEL16160,AKSHRA TIMES,nan,,UR,BABAN JAVEED BASHA,AP,ANANTAPUR,D
APTEL15581,KADIRI TIMES,nan,150631.0,APTEL/2018/78076,SHAIK.SHABBIR SAHEB,AP,ANANTAPUR,D
APTEL15823,BHAGAVAN TIMES,nan,,nan,GADDAM SREEDHAR,AP,ANANTAPUR,D
APTEL13506,SHAMBU TIMES,nan,126782.0,APTEL/2013/54227,ILLURI PARAMESWAR REDDY,AP,ANANTAPUR,F
APTEL12574,PENNA TIMES,nan,119501.0,APTEL/2012/46944,BILLE. AKKULAPPA,AP,ANANTAPUR,M
APTEL15887,VAMSI TIMES,nan,,nan,KADAPA MADHUSUDHANA,AP,ANANTAPUR,M
APTEL16462,PAVITRA TIMES,nan,,nan,VYKUNTAM PRABHAKAR CHOWDARY,AP,ANANTAPUR,M
APTEL12035,NANDU TIMES,nan,117380.0,APTEL/2012/44823,B. SUBRAMANYAM REDDY,AP,ANANTAPUR,M
APTEL12410,THE TIMES OF ADITHYA,nan,114958.0,APTEL/2012/42401,PULIKANTI NAGENDRANATHA REDDY,AP,ANANTAPUR,M
APTEL15107,KHADRI TIMES,nan,143230.0,APTEL/2016/70675,PUPPALA ANJANEYLU,AP,ANANTAPUR,M
APTEL14637,NEW MAMATHA TIMES,न्यू ममता टाइम्स,137437.0,APTEL/2015/64882,M BALAVENKATAIAH,AP,ANANTAPUR,M
APTEL14921,TADIPATRI TIMES,nan,142695.0,APTEL/2016/70140,GORTHI JYOTHI,AP,ANANTAPUR,M
APTEL14165,BHAGAVAN TIMES,nan,130478.0,APTEL/2014/57923,GADDAM SREEDHAR,AP,ANANTAPUR,M
APTEL14259,SHALINI TIMES,शालिनी टाइम्स,133866.0,APTEL/2015/61311,REDDYPALLISIVA SRINIVASA KUMAR,AP,ANANTAPUR,M
APTEL15674,PAMIDI TIMES,nan,149407.0,APTEL/2018/76852,CHAKALI SIVAPRASAD,AP,ANANTAPUR,M
APTEL14100,HARIKA TIMES,हरिका टाइम्स,139032.0,APTEL/2016/66477,M. RAJASEKHAR REDDY,AP,ANANTAPUR,M
APTEL14563,KEERTHI TIMES,कीर्ति टाइम्स,136274.0,APTEL/2015/63719,K. SREENIVASULU,AP,ANANTAPUR,M
APTEL15448,HAPPY INDIA TIMES,nan,147939.0,APTEL/2017/75384,HAPPY INDIA TECHNOCORP PVT LTD,AP,ANANTAPUR,W
APBEN00010,PYRAMID TIMES,nan,69623.0,69623/ 98,DR. G.R. YUGANDHAR,AP,CHITTOOR,BM
APTEL10796,TIRUPATI HAPPY TIMES,तिरुपति हैप्पी टाइम्स,100340.0,APTEL/2009/27783,N. REDDEPPA NAIDU,AP,CHITTOOR,F
APTEL10268,ESWAR TIMES,nan,98822.0,APTEL/2008/26265,L. ESWAR,AP,CHITTOOR,M
APTEL14368,REGISTRATION TIMES,रजिस्ट्रेशन टाइम्स,136230.0,APTEL/2015/63675,N.PURUSHOTHAM,AP,CHITTOOR,M
APBIL14868,TIMES OF TIRUPATI,nan,,nan,K. NETHAJI,AP,CHITTOOR/ TIRUPATI,M
APENG03116,ENVIRONMENT AND POLLUTION TIMES,nan,111412.0,APENG/2010/38855,N. PURUSHOTHAM,AP,CHITTOR,M
APENG03117,TOURISM TIMES,nan,111413.0,APENG/2010/38856,N. PURUSHOTHAM,AP,CHITTOR,M
APENG03118,JOURNALIST TIMES,nan,112925.0,APENG/2010/40368,N. PURUSHOTHAM,AP,CHITTOR,M
APTEL15545,RAJAMAHENDRAVARAM TIMES,nan,148643.0,APTEL/2018/76088,KUCHIMANCHI MADHULATHA,AP,EAST GODAVARI,D
APTEL16287,SAMAKALEENA ANDHRA TIMES,nan,160505.0,APTEL/2023/87950,NALLURI POSAGIRIBABU,AP,EAST GODAVARI,D
APBIL01702,KAKINADA TIMES,काकीनाडा टाइम्स,106303.0,APBIL/2009/33746,NALLURI SRINIVASA RAO,AP,EAST GODAVARI,D
APTEL13482,GODAVARI TIMES,nan,129840.0,APTEL/2014/57285,ANANTHA RAO GOTTIMUKKALA,AP,EAST GODAVARI,D
APTEL14662,DIKHSUTCHI TIMES,nan,136148.0,APTEL/2014/63593,PARVADA ANJANEYULU,AP,EAST GODAVARI,D
APTEL15599,COASTA TIMES,nan,148358.0,APTEL/2018/75803,CHOPPALA DEEPIKA,AP,EAST GODAVARI,DE
APENG03534,TIMES IN THE CITY,nan,143460.0,APENG/2016/70905,VALLI BASHA MOHAMMAD,AP,EAST GODAVARI,W
APTEL16183,NAMBURI TIMES,nan,157745.0,APTEL/2023/85190,NAMBURI CHINA SAIDAIAH,AP,GUNTUR,D
APTEL09568,GUNTUR TIMES,गुंटुर टाइम्स,98358.0,APTEL/2008/25801,NELAVALLI SRINIVAS RAO,AP,GUNTUR,D
APTEL10863,PONNUR TIMES,पोन्नूर टाइम्स,100749.0,APTEL/2009/28192,GOLLAMUDI RAMESH BABAU,AP,GUNTUR,D
APTEL15316,BAPATLA TIMES,nan,,UR,EAGAM VISHNU SAI PRASADA RAO,AP,GUNTUR,D
APTEL14184,NANDI TIMES,nan,129521.0,APTEL/2013/56966,G.S. SUNDARA SARMA,AP,GUNTUR,D
APBIL01928,SUJANA TIMES,nan,139004.0,APBIL/2015/66449,KATTA. SRINIVASULU,AP,GUNTUR,D
APTEL11255,SWARNAPURI TIMES,स्वर्णपुरी टाइम्स,105430.0,APTEL/2010/32873,SUNDAR SINGH BODDU,AP,GUNTUR,D
APBIL01781,COMMERCE TIMES,nan,117248.0,APBIL/2012/44691,SRI KRISHNA NALAM,AP,GUNTUR,F
APTEL03436,LAW TIMES,लॉ टाइम्स,3262.0,3262/ 57,GARIKIPATY VEERAIAH,AP,GUNTUR,F
APTEL14495,WEAVERS TIMES,nan,137794.0,APTEL/2015/65239,P.ARJUN,AP,GUNTUR,F
APTEL08135,THE TENALI TIMES,nan,83572.0,APTEL/2003/11015,LUKKA VENKATESWARA RAO,AP,GUNTUR,W
APENG03264,VIJAYAWADA TIMES,nan,126979.0,APENG/2013/54424,"BENNETT, COLEMAN & CO.LTD",AP,HYDERABAD,D
APENG03372,GREEN TIMES,nan,119371.0,APENG/2012/46814,MOHAMMED MEHDI ALI,AP,HYDERABAD,D
APENG03399,ARYAVART TIMES,nan,123973.0,APENG/2013/51418,RACHARLA ARJUN KUMAR,AP,HYDERABAD,D
APENG02277,THE TIMES OF INDIA,द टाइम्स ऑफ इण्डिया,75685.0,TELENG/2000/03128,"BENNETT, COLEMAN & CO.LTD",AP,HYDERABAD,D
APTEL12365,NANDI TIMES,nan,111616.0,APTEL/2011/39059,G.S. SUNDARA SARMA,AP,HYDERABAD,D
APTEL09706,TIMES OF VAARTHA,टाईम्‍स आफ वार्ता,95385.0,UR,G. JANARDHAN REDDHY,AP,HYDERABAD,D
APURD01795,RIYAZ TIMES,nan,99307.0,APURD/2008/26750,MOHD. RIYAZ ALI,AP,HYDERABAD,D
APHIN00329,DESH BHAKT TIMES,nan,120498.0,APHIN/2013/47942,K. SATYANARAYANA,AP,HYDERABAD,D
APTEL11039,STATE TIMES,स्टेट टाइम्स,100243.0,APTEL/2008/27686,MULAKALA VISWA GINGA,AP,HYDERABAD,D
APURD01843,CHARMINAR TIMES,nan,109819.0,APURD/2010/37262,MD. SHUJA UDDIN IFTEQARI,AP,HYDERABAD,D
APTEL10319,BHUPATHI TIMES,भूपति टाईम्स,95217.0,APTEL/2007/22660,BHUPATHI RAJU,AP,HYDERABAD,D
APENG02971,PRAGATHI TIMES,प्रगति टाईम्स,97654.0,TELENG/2008/25097,AFROZ QURESHI,AP,HYDERABAD,D
APURD01882,NASER TIMES,nan,112595.0,APURD/2011/40038,JAHANGIR SULTANA,AP,HYDERABAD,D
APURD01953,ADAM TIMES,nan,120744.0,APURD/2012/48188,MOHD. AKBAR,AP,HYDERABAD,D
APENG03347,RIDA TIMES,nan,116800.0,UR,MOHAMMED KHAIRATH ALI,AP,HYDERABAD,D
APENG03431,SHALIMAR TIMES,nan,123919.0,APENG/2013/51364,SYED MUMTAZ MOHAMMED,AP,HYDERABAD,D
APENG02999,RIYAZ TIMES,nan,99300.0,APENG/2008/26743,MOHD. RIYAZ ALI,AP,HYDERABAD,D
APENG03374,SANSANI TIMES,nan,119401.0,APENG/2012/46844,MOHD NAJMUDDIN,AP,HYDERABAD,D
APTEL11441,LOK SATTA TIMES,लोक सत्ता टाइम्स,104776.0,APTEL/2010/32219,FOUNDATION FOR DEMOCRATIC REFORMS,AP,HYDERABAD,F
APURD01814,MEHAR TIMES,मेहर टाइम्स,104031.0,APURD/2009/31474,MOHD. AFFAN QUADRI,AP,HYDERABAD,M
APTEL13194,SRIVEN TIMES,nan,121269.0,APTEL/2013/48714,DEVULAPALLI PADMAJA,AP,HYDERABAD,M
APBIL01811,YERUKALA TIMES,nan,124398.0,APBIL/2013/51843,V. PRABHAKAR,AP,HYDERABAD,M
APENG02588,PARAMEDICAL & NURSING TIMES,nan,86955.0,APENG/2004/14398,DR.MOHD SAMLULLAH KHAN,AP,HYDERABAD,M
APENG02796,TARNAKA TIMES,तरनका टाईम्स,99026.0,APENG/2007/26469,DR. RAO V.B.J. CHELIKANI,AP,HYDERABAD,M
APMUL00356,DRAVIDIAN TIMES,nan,99125.0,APMUL/2008/26568,C.H. DAYANAND RAO,AP,HYDERABAD,M
APBIL01704,TRANSPORT TIMES,nan,111414.0,APBIL/2009/38857,N. PURUSHOTHAM GOUD,AP,HYDERABAD,M
APENG01937,ANDHRA LAW TIMES (LEGISLATIVE SUPPLEMENT),nan,69920.0,69920/ 99,L.D.GOGIA,AP,HYDERABAD,M
APENG02887,TIMES OF DISASTER MANAGEMENT,टाइम्स ऑफ़ डिजास्टर मैनेजमेंट,101145.0,APENG/2009/28588,S. ANANDA BABU,AP,HYDERABAD,Q
APENG03222,ETERNAL LIFE TIMES,nan,110616.0,APENG/2011/38059,K. NEWTON,AP,HYDERABAD,Q
APENG02838,PRAGATHI TIMES,प्रगति‍ टाईम्‍स,94364.0,TELENG/2007/21807,AFROZ QURESHI,AP,HYDERABAD,W
APENG03501,ADEEB TIMES,nan,128931.0,TELENG/2014/56376,MOHAMMED ATHER,AP,HYDERABAD,W
APENG03477,THE ECONOMIC TIMES WEALTH,nan,129996.0,TELENG/2014/57441,"BENNETT, COLEMAN & CO.LTD",AP,HYDERABAD,W
APENG02819,INDIA GULF TIMES,इण्‍डि‍या गल्‍फ टाईम्‍स,98699.0,APENG/2008/26142,ZEENATH SAJIDA,AP,HYDERABAD,W
APENG03229,NASER TIMES,nan,109969.0,APENG/2011/37412,JAHANGIR SULTANA,AP,HYDERABAD,W
APURD01910,SHADAN TIMES,nan,117929.0,APURD/2012/45372,MOHAMMED KALEEM MOHIUDDIN,AP,HYDERABAD,W
APHIN00323,DESH BHAKT TIMES,nan,120168.0,APHIN/2013/47611,K. SATYANARAYANA,AP,HYDERABAD,W
APURD01761,JUSTICE TIMES,JUSTICE TIMES,92216.0,APURD/2006/19659,KHAJA ABDUL HAMEED,AP,HYDERABAD,W
APURD01971,JURRAT TIMES,nan,125792.0,APURD/2013/53237,MOHAMMED FAYAQ NAWAZ,AP,HYDERABAD,W
APENG03263,EDUCATION TIMES,nan,114449.0,TELENG/2011/41892,"BENNETT, COLEMAN & CO.LTD",AP,HYDERABAD,W
APENG02665,THE ECONOMIC TIMES ON SATURDAY,दि इकनोमिक टाइम्स ऑन सैटरडे,101228.0,TELENG/2006/28671,"BENNETT, COLEMAN & CO.LTD",AP,HYDERABAD,W
APENG02833,TIMES ASCENT,टाइम्स एस्सेन्ट,95713.0,TELENG/2007/23156,"BENNETT, COLEMAN & CO.LTD",AP,HYDERABAD,W
APURD01908,INSAAF NEWS TIMES,nan,119127.0,APURD/2012/46570,A.RASHEED KHAN,AP,HYDERABAD,W
APURD01768,ADAM TIMES,ऐडम टाईम्‍स,95728.0,APURD/2007/23171,MOHD. AKBAR,AP,HYDERABAD,W
APTEL12573,NUZIVIDU TIMES,nan,114917.0,APTEL/2012/42360,MALLIPUDI RAJASEKHAR,AP,HYDERABAD,W
APENG02802,JUSTICE TIMES,JUSTICE TIMES,92217.0,APENG/2006/19660,KHAJA ABDUL HAMEED,AP,HYDERABAD,W
APTEL09907,JUSTICE TIMES,JUSTICE TIMES,92228.0,APTEL/2006/19671,KHAJA ABDUL HAMEED,AP,HYDERABAD,W
APENG03475,THE ECONOMIC TIMES MAGAZINE,nan,134813.0,TELENG/2014/62258,"BENNETT, COLEMAN & CO.LTD",AP,HYDERABAD,W
APHIN00271,JUSTICE TIMES,JUSTICE TIMES,92201.0,APHIN/2006/19644,KHAJA ABDUL HAMEED,AP,HYDERABAD,W
APURD01996,KHURSHEED TIMES,nan,127797.0,APURD/2014/55242,MOHD. KHURSHEED KHAN,AP,HYDERBAD,W
APTEL06986,CUDDAPAH WEEKLY TIMES,nan,80597.0,APTEL/2002/08040,B.VENKATA SUBBAIAH,AP,KADAPA,W
APTEL13691,PALAMOOR TIMES,nan,124407.0,APTEL/2013/51852,A. ANJAIAH,AP,KARIMNAGAR,D
APTEL12398,SHATHABDI TIMES,nan,124776.0,APTEL/2013/52221,BONKURI MADUNAIAH,AP,KARIMNAGAR,W
APTEL12074,PEOPLES TIMES,nan,118044.0,APTEL/2012/45487,VODYATI PRAVEEN KUMAR,AP,KARIMNAGAR,W
APTEL11265,BHUPATHI TIMES,भूपति टाइम्स,101528.0,APTEL/2009/28971,BHUPATHI RAJU,AP,KHAMMAM,D
APTEL14074,KHAMMAM TIMES,nan,140335.0,TELTEL/2014/67780,BYRE KARAMCHAND GANDHI,AP,KHAMMAM,Q
APTEL15553,GUDIVADA TIMES,nan,149281.0,APTEL/2018/76726,BAPATLA LUDIYA,AP,KRISHNA,D
APTEL16216,MYLAVARAM TIMES,nan,,nan,MANNE SAMBASIVA RAO,AP,KRISHNA,D
APTEL16206,TIMES POWER,nan,160157.0,APTEL/2023/87602,BAPATLA KIRAN KUMAR,AP,KRISHNA,D
APTEL15136,TIRUVURU TIMES,nan,145516.0,APTEL/2016/72961,R.S.V.PRASAD,AP,KRISHNA,DE
APENG00388,FLASH TIMES,nan,37860.0,37860/ 83,R S MURTHY,AP,KRISHNA/ VIJAYWADA,D
APENG03609,AMARAVATI TIMES,nan,147788.0,APENG/2017/75233,PRIME BIZ TECH SOLUTIONS PVT.LTD.,AP,KRISHNA/ VIJAYWADA,M
APURD01413,HAROON TIMES,हारुन टाइम्स,133999.0,APURD/2015/61444,OSMAN HAROON,AP,KURNOOL,D
APTEL15658,KANDANAVOLU TIMES,nan,148808.0,APTEL/2018/76253,CHAKALI RAMANJANEYULU,AP,KURNOOL,D
APTEL16310,RAHMATABAD TIMES,nan,,nan,S. NAZEER AHMED BASHA,AP,KURNOOL,D
APTEL13841,NANDI TIMES,nan,126486.0,APTEL/2013/53931,G.S. SUNDARA SARMA,AP,KURNOOL,D
APENG03078,SEEMA TIMES,nan,107871.0,APENG/2010/35314,G. VIJAYA LAKSHMI,AP,KURNOOL,D
APTEL15993,DREAM TIMES,nan,154386.0,APTEL/2021/81831,KALUBURIGI SOWMYA,AP,KURNOOL,D
APTEL16418,MOURYA TIMES,nan,,nan,MADRI LAKSHMANNA,AP,KURNOOL,D
APTEL10085,RAYALASEEMA TIMES,रायलसीमा टाइम्स,93328.0,APTEL/2007/20771,G.A. SATTAR,AP,KURNOOL,D
APTEL16439,BHAHUJANA TIMES,nan,,nan,BHAHUJANA NEWS PVT LTD,AP,KURNOOL,D
APTEL11979,BHARAT TIMES,nan,114630.0,APTEL/2011/42073,A. SALOMI,AP,KURNOOL,F
APTEL14059,THE PEER TIMES,nan,129682.0,APTEL/2014/57127,SYED MOHD. PEER,AP,KURNOOL,M
APBIL01948,SAMEENA TIMES,समीना टाइम्स,138159.0,UR,SAMEENA BEGUM,AP,KURNOOL,M
APTEL13074,HARISHINI TIMES,nan,120644.0,APTEL/2013/48088,G.V. LAKSHMAMMA,AP,KURNOOL,M
APTEL15767,VISWA TIMES,nan,158178.0,APTEL/2023/85623,ANURUP CHARITABLE TRUST,AP,KURNOOL,M
APTEL15854,GIRIJANA NAIK TIMES,nan,158804.0,APTEL/2023/86249,K.LALU NAIK,AP,KURNOOL,M
APTEL15828,MAHARSI TIMES,nan,154418.0,APTEL/2022/81863,T MADDULETI,AP,KURNOOL,M
APURD01802,KURNOOL TIMES,nan,25321.0,25321/ 74,C. NAZEER AHMED,AP,KURNOOL,W
APTEL09714,RAYALASEEMA TIMES,RAYALASEEMA TIMES,91753.0,APTEL/2007/19196,G.A. SATTAR,AP,KURNOOL,W
APTEL07403,KURNOOL TIMES,nan,27696.0,27696/ 76,C.N. AHMED,AP,KURNOOL,W
APTEL10232,MAHABUBNAGAR TIMES,महबूबनगर टाइम्स,101729.0,APTEL/2009/29172,M. YADAGIRI,AP,MAHABUBNAGAR,D
APTEL12201,PALAMOOR TIMES,nan,110467.0,APTEL/2011/37910,A. ANJAIAH,AP,MAHBUBNAGAR,D
APTEL12946,RACHANA TIMES,nan,122775.0,APTEL/2013/50220,MODALA CHNDRA SHEKAR,AP,MAHBUBNAGAR,M
APTEL13694,CITY TIMES,nan,124616.0,APTEL/2013/52061,B PRAMOD KUMAR,AP,MANCHERIAL,D
APTEL12903,THE SIDDIPET TIMES,nan,124580.0,APTEL/2012/52025,L.RAVI CHANDRA,AP,MEDAK,D
APTEL11586,UDAYAM TIMES,उदयम टाइम्स,104616.0,APTEL/2010/32059,K. SHOBHA RANI,AP,NALGONDA,D
APTEL08055,BHUPATHI TIMES,nan,82880.0,APTEL/2003/10323,BHUPATHI RAJU,AP,NALGONDA,D
APTEL11947,DESHA TIMES,देशा टाइम्स,107114.0,TELTEL/2010/34557,SAYED PASHA,AP,NALGONDA,D
APTEL13813,MALLIK TIMES,nan,127099.0,APTEL/2014/54544,VALIGONDA MALLAIAH,AP,NALGONDA,M
APTEL13135,DESHA TIMES,nan,118657.0,TELTEL/2011/46100,SAYED PASHA,AP,NALGONDA,M
APTEL14971,SIMHAPURI TIMES,nan,138962.0,APTEL/2015/66407,BASINI MANJULA,AP,NELLORE,D
APTEL11444,COFFEE TIMES,कॉफ़ी टाइम्स,104180.0,APTEL/2010/31623,MVS RAVINDRA KUMAR,AP,NELLORE,M
APTEL13447,SIMHAPURI TIMES,सिम्हापुरी टाइम्स,132236.0,UR,BASINI MANJULA,AP,NELLORE,M
APTEL06037,NELLORE TIMES,nan,25358.0,25358/ 74,P. RUKMINAMMA,AP,NELLORE,W
APTEL16235,VENKATAGIRI TIMES,nan,157823.0,APTEL/2023/85268,RAYAPATI SAI KRISHNA,AP,NELLORE,W
APURD01942,MOMIN TIMES,nan,128184.0,APURD/2014/55629,MOHD AWAIS KHAN,AP,NIZAMABAD,D
APTEL15737,PRAKASAM TIMES,nan,,nan,GADDALA RAVI,AP,PRAKASAM,M
APTEL08554,MULNIVASI TIMES,nan,86773.0,APTEL/2004/14216,BATTU VISVESWARARAO,AP,RAJAHMUNDRY,F
APTEL07224,CITY TIMES,nan,78453.0,APTEL/2001/05896,B PRAMOD KUMAR,AP,RANGA REDDY,D
APTEL12041,PRAJA TIMES,प्रजा टाइम्स,107082.0,APTEL/2010/34525,P. RAMULU GOUD,AP,RANGAREDDY,D
APTEL11182,LOCAL TIMES,लोकल टाइम्स,101668.0,APTEL/2009/29111,T. SHANKAR,AP,RANGAREDDY,D
APTEL08278,WEAVERS TIMES,nan,88745.0,APTEL/2005/16188,P.ARJUN,AP,RANGAREDDY,F
APENG03427,TRAVELLERS TIMES,nan,123972.0,APENG/2013/51417,BHUVANESHWARI DEVI SAI KAANTH,AP,RANGAREDDY,F
APENG03154,METRO CITY TIMES,nan,109340.0,APENG/2010/36783,B. PRAMODKUMAR,AP,RANGAREDDY,M
APTEL12958,PANCHAYATHRAJ TIMES,nan,119405.0,APTEL/2012/46848,P.LAVANYA,AP,RANGAREDDY,M
APENG03433,ROAD SAFETY TIMES,nan,126238.0,APENG/2013/53683,K. VANALATHA,AP,RANGAREDDY,M
APTEL10309,PRAJA TIMES,प्रजा टाइम्स,96553.0,APTEL/2008/23996,P. RAMULU GOUD,AP,RANGAREDDY,M
APBIL01767,FREELANCE JOURNALIST TIMES,फ्रीलान्स जर्नलिस्ट टाइम्स,108367.0,APBIL/2010/35810,K. SATEESH KUMAR,AP,RANGAREDDY,M
APBIL01783,HEALTH TIMES,nan,110750.0,APBIL/2011/38193,P.S. CHALAM NAIDU,AP,RANGAREDDY,M
APBIL01812,ARROW TIMES,nan,122571.0,TELBIL/2012/50016,I. VENKATESH GOUD,AP,RANGAREDDY,M
APTEL11656,SANATHNAGAR TIMES,nan,114160.0,APTEL/2012/41603,M. SRINIVAS REDDY,AP,RANGAREDDY,W
APTEL07877,CHIKKOLU TIMES,nan,82958.0,APTEL/2003/10401,CHEMCHALA LAKSHMI,AP,SRIKAKULAM,D
APTEL14424,THE MONDAY TIMES,nan,135290.0,APTEL/2015/62735,PICINI CHANDRA MOHAN,AP,SRIKAKULAM,M
APTEL13572,CITY TIMES,nan,123974.0,APTEL/2013/51419,B PRAMOD KUMAR,AP,TANDUR,D
APENG02636,THE FEDERAL TIMES,दी फेडरल टाइम्स,96888.0,APENG/2006/24331,DR. M. KAILASHPATHI,AP,TENALI,D
APTEL13548,CITY TIMES,nan,122567.0,APTEL/2013/50012,B PRAMOD KUMAR,AP,TIRUPATHI,D
APENG03561,THE TIMES OF INDIA,दि टाइम्स ऑफ़ इंडिया,137069.0,APENG/2015/64514,"BENNETT, COLEMAN & CO.LTD",AP,VIJAYAWADA,D
APTEL12143,BEZAVADA TIMES,nan,115191.0,APTEL/2011/42634,MURALA VENUGOPAL,AP,VIJAYAWADA,M
APTEL10919,CITIZEN TIMES,सिटीजन टाइम्स,101425.0,APTEL/2009/28868,M.S.R. PATNAIK,AP,VISAKHAPATNAM,D
APENG03550,THE SUNDAY TIMES OF INDIA,द संडे टाइम्स ऑफ़ इंडिया,135334.0,ENG/2012/62779,"BENNETT, COLEMAN & CO.LTD",AP,VISAKHAPATNAM,D
APTEL10770,KALINGA TIMES,कलिंग टाइम्स,101426.0,APTEL/2009/28869,KRISHNA MOORTHY PRAYAKA RAO,AP,VISAKHAPATNAM,D
APENG03371,VIZAG TIMES OF INDIA,विज़ाग टाइम्स ऑफ़ इंडिया,121780.0,ENG/2012/49225,"BENNETT, COLEMAN & CO.LTD",AP,VISAKHAPATNAM,D
APENG03408,THE TIMES OF INDIA,द टाइम्स ऑफ़ इंडिया,120864.0,ENG/2012/48308,"BENNETT, COLEMAN & CO.LTD",AP,VISAKHAPATNAM,D
APTEL16505,COSTA TIMES,nan,,nan,KALLA SUBBA RAO,AP,VISAKHAPATNAM,D
APTEL14378,NANDI TIMES,nan,132007.0,APTEL/2014/59452,G.S. SUNDARA SARMA,AP,VISAKHAPATNAM,D
APTEL14339,DIKHSUTCHI TIMES,nan,131588.0,APTEL/2014/59033,PARVADA ANJANEYULU,AP,VISAKHAPATNAM,DE
APTEL11408,COSTA TIMES,कोस्टा टाइम्स,106778.0,APTEL/2010/34221,KALLA SUBBA RAO,AP,VISAKHAPATNAM,F
APTEL08952,PRAJAA TIMES TELUGU PAKSHA PATRIKA,प्रजा टाइम्‍स तेलुगू पक्षा पत्रिका,93154.0,APTEL/2005/20597,M. PADMAJA,AP,VISAKHAPATNAM,F
APBIL00424,SALADI TIMES,nan,45016.0,45016/ 89,KANAKA RAO SALADI,AP,VISAKHAPATNAM,F
APTEL05763,TENDER TIMES,nan,74556.0,APTEL/1998/01999,APARNA PUBLICATIONS,AP,VISAKHAPATNAM,F
APTEL15464,GAJUWAAKA TIMES,nan,147799.0,APTEL/2018/75244,BANTHIKOLLA SANTHOSHI DEVI,AP,VISAKHAPATNAM,M
APTEL15428,TEJA TIMES,nan,146509.0,APTEL/2017/73954,GORLE ESWARA RAO,AP,VISAKHAPATNAM,M
APTEL14127,MEGA TIMES,nan,130260.0,APTEL/2014/57705,GEDDAM VENKATA JAGANNADHA RAO,AP,VISAKHAPATNAM,M
APTEL14211,VIBHINNA VARTHA PATRIKA TELUGU TIMES,nan,139029.0,APTEL/2016/66474,KESANAPALLI VENKATA SHANTHI,AP,VISAKHAPATNAM,M
APTEL11998,VALTAIR TIMES,nan,109636.0,APTEL/2011/37079,G. LAKSHMI,AP,VISAKHAPATNAM,M
APTEL12260,GREATER TIMES,nan,112053.0,APTEL/2011/39496,YALLA APPA RAO,AP,VISAKHAPATNAM,M
APTEL14103,ANDHRA TIMES FOR THE PEOPLE,nan,137016.0,APTEL/2015/64461,BALIDE PADMAVATHI,AP,VISAKHAPATNAM,W
APTEL16438,VISAKHA SURYA TIMES,nan,,nan,JABADYA NAMALA,AP,VISAKHAPATNAM,W
APENG02059,VIZAG TIMES,वाइज़ग टाइम्स,15790.0,15790/ 68,CHAMARTHI RAMAKRISHNA RAO,AP,VISAKHAPATNAM,W
APENG03409,TIMES ASCENT,nan,120866.0,APENG/2012/48310,"BENNETT, COLEMAN & CO.LTD",AP,VISAKHAPATNAM,W
APTEL07251,VIZIANAGARAM TIMES,nan,81652.0,APTEL/2002/09095,E. SURESH KUMAR,AP,VIZIANAGARAM,D
APTEL16519,GURUJADA TIMES,nan,,nan,MAJJI SIVA KUMAR,AP,VIZIANAGARAM,D
APTEL13300,CITY TIMES,nan,120199.0,APTEL/2012/47642,B PRAMOD KUMAR,AP,WARANGAL,D
APTEL13490,DIKHSUTCHI TIMES,nan,122666.0,APTEL/2013/50111,PARVADA ANJANEYULU,AP,WEST GODAVARI,D
APTEL14562,UPLAND TIMES,उप लैंड टाइम्स,138437.0,APTEL/2015/65882,BANDARU SRINIVASA RAO,AP,WEST GODAVARI,D
APTEL05974,ELURU TIMES,nan,32110.0,32110/ 73,MULAKALA DEVENDRA RAO,AP,WEST GODAVARI,D
APTEL14650,DWARAKA TIRUMALA TIMES,द्धारका तिरुमला टाइम्स,137160.0,APTEL/2015/64605,VATTIKUTI V.V.S.SWAMY,AP,WEST GODAVARI,F
APTEL08487,ZILLA TIMES,थ्žक्žश्र,90957.0,APTEL/2004/18400,NIMMALA VENKATA RAMARAO,AP,WEST GODAVARI,W
APTEL14195,TARANGINI TIMES,nan,142148.0,APTEL/2015/69593,KETA SATYANARAYANA,AP,WEST GODAVARI,W
APTEL01819,PALACOLE TIMES,nan,37859.0,37859/ 83,PEDDADA HARA GOPALARAJU,AP,WEST GODAVARI,W
APTEL07423,VASISTA TIMES,nan,80244.0,APTEL/2002/07687,MANTENA LAKSHMI,AP,WEST GODAVERI/ ELURU,D
APTEL03848,STATE TIMES,nan,45078.0,45078/ 90,MULAKALA VISWA GINGADHARAN,AP,WEST GODAVERI/ ELURU,D
APTEL05506,TADEPALLIGUDEM TIMES,nan,68434.0,68434/ 97,KOTA VENKATESWARARAO,AP,WEST GODAVERI/ ELURU,W
APTEL15724,PRODDATUR TIMES,nan,,nan,KONETI NARENDRA BABU,AP,YSR/ KADAPA,M
APTEL15830,KADAPA TIMES,nan,153884.0,APTEL/2021/81329,VADDEYRAJU VIJAY KUMAR,AP,YSR/ KADAPA,M
ARPENG00032,NORTHEAST TIMES,nan,84466.0,ARPENG/2003/11909,G.L.PUBLICATIONS LTD,ARP,ITANAGAR,D
ARPENG00058,THE ROING TIMES,दि रोइंग टाइम्स,100074.0,ARPENG/2008/27517,SOCIETY FOR UPLIFTMENT OF ROING (SUR),ARP,LOWER DIBANG VALLEY,W
ARPENG00063,THE ITANAGAR TIMES,दि ईटानगर टाइम्स,106346.0,ARPENG/2010/33789,AJOY YADAV,ARP,PAPUM PARE,W
ARPENG00041,THE ARUNACHAL TIMES,दि अरूणाचल टाइम्स,40909.0,40909/ 89,ARUNACHAL TIMES PUBLICATIONS PVT LTD,ARP,PAPUM PARE/ ITANAGAR,D
ARPENG00103,SANMARG TIMES,nan,,nan,SANMARG PVT LTD,ARP,PAPUM PARE/ ITANAGAR,D
ASSENG00375,THE VOICE TIMES,nan,143179.0,ASSENG/2013/70624,ALOK DAS,ASS,CACHAR,D
ASSBEN00315,BARAK TIMES,nan,63046.0,63046/ 95,RAJU SAHA,ASS,CACHAR,F
ASSBEN00475,THE SILCHAR TIMES,दी सिल्चर टाइम्स,96854.0,ASSBEN/2008/24297,SUNALI NATH,ASS,CACHAR,W
ASSBEN00177,SILCHAR TIMES,nan,40982.0,40982/ 91,SANAT KUMAR KOIRI,ASS,CACHAR/ SILCHAR,D
ASSBEN00363,CACHAR TIMES,nan,32769.0,32769/ 77,BIJOY DEBNATH,ASS,CACHAR/ SILCHAR,TWW
ASSENG00096,THE NORTH EAST TIMES,nan,34014.0,34014/ 90,G.L.PUBLICATIONS LTD,ASS,GAUHATI,D
ASSENG00409,THE TIMES OF INDIA,द टाइम्स ऑफ़ इंडिया,130012.0,ASSENG/2014/57457,"BENNETT, COLEMAN & CO.LTD",ASS,GUWAHATI,D
ASSENG00497,THE HILLS TIMES,nan,159043.0,ASSENG/2023/86488,RAMESWAR CHAUHAN,ASS,GUWAHATI,D
ASSURD00005,RABTA TIMES,nan,130867.0,ASSURD/2014/58312,AYAAN PUBLICATION PVT. LTD.,ASS,GUWAHATI,D
ASSENG00331,GAUHATI LAW TIMES,गुआहाटी लॉ टाइम्स,100060.0,ASSENG/2009/27503,MOHAMMAD TAHIR FARIDI,ASS,GUWAHATI,M
ASSENG00380,GOOD TIMES,nan,125799.0,ASSENG/2012/53244,RAJAT DEORAH,ASS,GUWAHATI,M
ASSENG00408,THE SUNDAY TIMES OF INDIA,द संडे टाइम्स ऑफ़ इंडिया,130013.0,ASSENG/2014/57458,"BENNETT, COLEMAN & CO.LTD",ASS,GUWAHATI,W
ASSENG00361,ECLECTIC TIMES,इक्लेक्टिक टाइम्स,107991.0,ASSENG/2010/35434,ECLECTIC PUBLICATIONS PRIVATE LIMITED,ASS,KAMRUP,M
ASSNEP00021,SAPARIVAR TIMES,सपरिवार टाइम्स,100409.0,ASSNEP/2009/27852,HEMANTA KUMAR SAIKIA,ASS,KAMRUP (GUWAHATI),W
ASSENG00177,THE OIL FIELD TIMES,nan,61943.0,61943/ 95,M/S SANKHA PRESS PVT LTD,ASS,KAMRUP METROPOLITAN/ GUWAHATI,D
ASSENG00106,THE PRESENT TIMES,nan,40871.0,40871/ 88,SANKHA PRESS P. LTD,ASS,KAMRUP METROPOLITAN/ GUWAHATI,D
ASSENG00169,THE BRAHMAPUTRA TIMES,nan,53861.0,53861/ 94,JYOTI GOGOI,ASS,KAMRUP METROPOLITAN/ GUWAHATI,F
ASSENG00489,ASSAM LAW TIMES,nan,,nan,PARTHA PRATIM MEDHI,ASS,KAMRUP METROPOLITAN/ GUWAHATI,M
ASSENG00049,EVENT TIMES,nan,40870.0,40870/ 88,SRIANGO PRAKASH,ASS,KAMRUP METROPOLITAN/ GUWAHATI,W
ASSENG00163,THE BODOLAND TIMES,nan,53839.0,53839/ 93,PHUKAN CHANDRA BORO,ASS,KAMRUP METROPOLITAN/ GUWAHATI,W
ASSENG00239,THE HILLS TIMES,nan,85419.0,ASSENG/2000/12862,RAMESWAR CHAUHAN,ASS,KARBI ANGLONG/ DIPHU,D
ASSENG00034,THE DIPHU TIMES,nan,40979.0,40979/ 91,M/S HILLS ADVERTISING & PUBLICATION DIPHU,ASS,KARBI ANGLONG/ DIPHU,W
ASSENG00379,THE TIMES OF ASSAM,nan,119225.0,ASSENG/2012/46668,BHAKTI BRAHMA,ASS,KOKRAJHAR,D
BIHHIN01702,NAV BIHAR TIMES,नवबिहार टाइम्स,52290.0,52290/ 90,KAMAL KISHORE,BIH,AURANGABAD,D
BIHHIN11720,BEGUSARAI TIMES,nan,39539.0,39539/ 81,RADHA KRISHAN CHOUDHARY,BIH,BEGUSARAI,D
BIHHIN04073,BEGUSARAI TIMES,nan,26229.0,26229/ 73,RADHA KRISHAN CHOWDHERY,BIH,BEGUSARAI,W
BIHURD00832,QUAID E MILLAT TIMES,nan,152581.0,BIHURD/2020/80026,TASNIM KAUSAR,BIH,BHAGALPUR,D
BIHHIN04264,VIKRAMSHILA TIMES,nan,30900.0,30900/ 75,NARAYAN PRASAD T.,BIH,BHAGALPUR,F
BIHHIN00165,ANG TIMES,nan,30992.0,30992/ 76,RAYAZAT ALI HAIDER,BIH,BHAGALPUR,W
BIHHIN03764,ARVAN TIMES,nan,58994.0,58994/ 95,SURYA PRAKASH LAL,BIH,BHAGALPUR,W
BIHHIN00257,BABA TIMES,nan,44396.0,44396/ 86,SHIVAJI PATHAK,BIH,BHOJPUR,F
BIHURD00691,MALTI TIMES,nan,114250.0,BIHURD/2012/41693,RAGHUBAR LAL DAS,BIH,DARBHANGA,D
BIHURD00850,DARBHANGA TIMES,nan,,nan,MANSOOR KHUSHTER,BIH,DARBHANGA,D
BIHHIN04893,TIMES OF MITHILANCHAL,टाइम्स ऑफ़ मिथिलांचल,134006.0,BIHHIN/2009/61451,SANJAY BISWAS,BIH,DARBHANGA,F
BIHMAI00053,VIDYAPATI TIMES,विद्यापति टाइम्‍स,90247.0,BIHMAI/2005/17690,VINOD KUMAR,BIH,DARBHANGA,F
BIHHIN02702,UGNA TIMES,nan,44392.0,44392/ 87,LALIT KUMAR SUMAN,BIH,DARBHANGA,M
BIHHIN03138,SUBODH TIMES,nan,52276.0,52276/ 89,nan,BIH,GAYA,D
BIHHIN01366,LAXMAN TIMES,nan,52398.0,52398/ 91,nan,BIH,GAYA,W
BIHHIN03922,VISHWA VIPLAV TIMES,nan,67744.0,67744/ 97,ADITYA KUMAR,BIH,KATIHAR,F
BIHHIN01204,KATIHAR TIMES,nan,33291.0,33291/ 78,BASUDEO PRASAD,BIH,KATIHAR,F
BIHHIN11693,FARKIYA TIMES,nan,23659.0,23659/ 72,DINESH KUMER DEO,BIH,KHAGARIA,W
BIHHIN04923,SURJAPUR TIMES,सुरजापुर टाइम्स,102926.0,BIHHIN/2009/30369,TARACHAND DHANUKA,BIH,KISHANGANJ,W
BIHHIN04289,LAKHISARAI TIMES,लखीसराय टाइम्स,72817.0,BIHHIN/1999/00260,LAXMI PRASAD SINGH,BIH,LAKHISARAI,W
BIHHIN04177,MONGHYR TIMES,nan,26158.0,26158/ 73,JAGDISH KUMAR,BIH,MUNGER,M
BIHHIN04176,MONGHYR TIMES,nan,22192.0,22192/ 70,JAGDISH KUMAR DEEPAK,BIH,MUNGER,W
BIHBIH00007,DOLI TIMES,nan,44484.0,44484/ 88,RAMA SHANKAR CHAUDHARY,BIH,MUZAFARPUR,W
BIHHIN02651,TIRHUT TIMES,nan,44227.0,44227/ 85,CHANDER MOHAN SAHEY,BIH,MUZAFFARPUR,D
BIHHIN11759,YODHA TIMES,nan,61376.0,61376/ 93,ARUNKUMAR,BIH,MUZAFFARPUR,D
BIHHIN01601,MONA TIMES,nan,39744.0,39744/ 84,SURINDER PRASAD,BIH,MUZAFFARPUR,D
BIHHIN00907,HAJIPUR TIMES,nan,33356.0,33356/ 79,JEETU PASWAN,BIH,MUZAFFARPUR,D
BIHHIN11744,ANIWESH TIMES,अनिवेष टाइम्स,141197.0,BIHHIN/2016/68642,ANIWESH KUMAR,BIH,MUZAFFARPUR,D
BIHURD00718,HAKIKAT TIMES,nan,122640.0,BIHURD/2013/50085,SYED NAIYAR ALI WARSI,BIH,MUZAFFARPUR,D
BIHBIL00211,AL-HIND TIMES,nan,58983.0,58983/ 94,M JAVED HASAN,BIH,MUZAFFARPUR,M
BIHHIN05061,CHARAIVETI TIMES,nan,113977.0,BIHHIN/2012/41420,ANJANA DEVI,BIH,MUZAFFARPUR,M
BIHHIN02946,MONA TIMES,nan,52309.0,52309/ 91,nan,BIH,MUZAFFARPUR,TWW
BIHHIN02366,SANDEEP TIMES,संदीप टाइम्स,58977.0,58977/ 93,NAND KISHORE SRIVASTAVA,BIH,MUZAFFARPUR,W
BIHHIN03653,YASHODA TIMES,nan,58968.0,58968/ 94,AJAY KUMAR,BIH,MUZAFFARPUR,W
BIHHIN00131,AMBER TIMES,nan,58986.0,58986/ 93,PARAS NATH PRASAD,BIH,MUZAFFARPUR,W
BIHHIN03884,GLOBAL TENDER TIMES,nan,65838.0,65838/ 97,M.J.HASAN,BIH,MUZAFFARPUR,W
BIHHIN04132,HIMASIA TIMES,nan,26163.0,26163/ 74,JYOTI NARAYAN BHARATI,BIH,MUZAFFARPUR,W
BIHHIN11758,ABHIKA TIMES,nan,58978.0,58978/ 93,NOT GIVEN,BIH,MUZAFFARPUR,W
BIHHIN04121,GOPI TIMES,गोपी टाइम्स,44339.0,44339/ 85,RAM LAL AGARWAL,BIH,MUZZAFARPUR,D
BIHHIN00592,CHITRA GUPTA TIMES,nan,39693.0,39693/ 83,BIKAU MAHTO,BIH,MUZZAFFARPUR,D
BIHHIN04171,MEHTA TIMES,nan,39738.0,39738/ 84,TRIBHUWAN MEHTA,BIH,MUZZAFFARPUR,D
BIHURD00833,AL WATAN TIMES,अल वतन टाइम्स,151156.0,BIHURD/2019/78601,MOHAMMAD IQBAL SABA,BIH,NALANDA,D
BIHHIN01893,PAVAPURI TIMES,nan,52307.0,52307/ 90,BHOLA PRASAD PAHARI.,BIH,NALANDA,W
BIHURD00744,SAFA TIMES,सफा टाईम्स,129510.0,BIHURD/2014/56955,HABIBUR REHMAN,BIH,PASCHIM CHAMPARAN,D
BIHHIN04075,BETTIAH TIMES,nan,38797.0,38797/ 81,AFZAL QADRI & PARVEZ AKHTAR,BIH,PASHCHIM CHAMPARAN,M
BIHHIN11856,NABHAS TIMES,nan,,nan,ABHISHEK KUMAR DWIVEDI,BIH,PASHCHIM CHAMPARAN,M
BIHHIN05253,KAYAM TIMES,कायम टाईम्स,129366.0,BIHHIN/2014/56811,MD QAYAM UDDIN,BIH,PATNA,D
BIHHIN05287,LOKTANTRA TIMES,लोकतंत्र टाइम्स,133147.0,BIHHIN/2014/60592,MD. KHALID ANWAR,BIH,PATNA,D
BIHHIN02465,SHELENDRA VANI TIMES,nan,49140.0,49140/ 89,SHAILENDRA KUMAR,BIH,PATNA,D
BIHURD00816,RAJHAT TIMES,रजहत टाईम्स,143195.0,BIHURD/2017/70640,KHURSHIDA PERVEEN,BIH,PATNA,D
BIHHIN01031,JAN SAMOOH TIMES,nan,52310.0,52310/ 90,OM PRAKASH DEEP,BIH,PATNA,D
BIHHIN02110,RAVI BHUSHAN TIMES,nan,48976.0,48976/ 89,NATH SINGH,BIH,PATNA,D
BIHENG00545,THE TIMES OF INDIA,द टाइम्स ऑफ़ इंडिया,44374.0,44374/ 86,"BENNETT, COLEMAN & CO.LTD",BIH,PATNA,D
BIHBIL02446,DUMRA TIMES,nan,,nan,IMTEYAZ ALI KHAN,BIH,PATNA,D
BIHURD00754,QURRAH TIMES,कुर्रह टाइम्स,132303.0,BIHURD/2014/59748,SABITA SINGH,BIH,PATNA,D
BIHURD00771,AL WATAN TIMES,अल वतन टाइम्स,138209.0,BIHURD/2015/65654,MOHAMMAD IQBAL SABA,BIH,PATNA,D
BIHURD00796,LATIF TIMES,लतीफ़ टाईम्स,140873.0,BIHURD/2016/68318,SABRA KHATOON,BIH,PATNA,D
BIHHIN00736,D'SUZA TIMES,nan,52308.0,52308/ 88,M.R. D'SOUZA,BIH,PATNA,D
BIHHIN01876,PATLIPUTRA TIMES,nan,39504.0,39504/ 82,NEERAJ NEWSPAPERS ASSOCIATION PVT LTD,BIH,PATNA,D
BIHENG00569,PATNA TIMES OF INDIA,पटना टाइम्स ऑफ़ इंडिया,78791.0,BIHENG/2002/06234,"BENNETT, COLEMAN & CO.LTD",BIH,PATNA,D
BIHHIN01017,JAGRITI TIMES,जागृति टाइम्‍स,44293.0,44293/ 85,SANJAY KUMAR SINGH,BIH,PATNA,D
BIHENG00532,HINDUSTAN TIMES,हिंदुस्तान टाइम्स,44352.0,44352/ 86,HT MEDIA LTD,BIH,PATNA,D
BIHENG00637,THE ECONOMIC TIMES,द इकनोमिक टाइम्स,129424.0,BIHENG/2014/56869,"BENNETT, COLEMAN & CO.LTD",BIH,PATNA,D
BIHHIN04863,NAVBHARAT TIMES,nan,44373.0,44373/ 86,"BENNETT, COLEMAN & CO.LTD",BIH,PATNA,D
BIHHIN04198,PATLIPUTRA TIMES,nan,44212.0,44212/ 85,NEERAJ NEWSPAPER (P) LTD.,BIH,PATNA,D
BIHENG00161,THE LABOUR TIMES,nan,13091.0,13091/ 66,DHIRENDRA NATH VERMA,BIH,PATNA,F
BIHENG00393,UNIVERSITY TIMES,nan,4233.0,4233/ 63,DHIRENDRA NATH VERMA,BIH,PATNA,F
BIHHIN03495,KAPURI TIMES,nan,52474.0,52474/ 92,SADANAND PARSHAD,BIH,PATNA,F
BIHHIN04282,ASIAN TIMES,nan,72587.0,BIHHIN/1999/00030,JEBA TASLIM,BIH,PATNA,F
BIHBIL00328,HEALTH & ENVIRONMENT TIMES,nan,111475.0,BIHBIL/2011/38918,RAJESH KUMAR SINHA,BIH,PATNA,M
BIHHIN05152,SUNAMI TIMES,nan,124896.0,BIHHIN/2013/52341,SEEMA DEVI,BIH,PATNA,M
BIHBIL00332,THE MEDIA TIMES,nan,115638.0,BIHBIL/2012/43081,ANITA JHA,BIH,PATNA,M
BIHHIN11735,JAN PRAHARI TIMES,जन प्रहरी टाइम्स,142115.0,BIHHIN/2016/69560,SHYAM NATH SINGH,BIH,PATNA,M
BIHHIN05003,GHATNA CHAKRA TIMES,nan,116748.0,BIHHIN/2012/44191,SHASHI KIRAN,BIH,PATNA,M
BIHHIN05219,TIMES TO TIMES,टाइम्स टू टाइम्स,137378.0,BIHHIN/2015/64823,MANOJ KUMAR,BIH,PATNA,M
BIHBIL00319,KEWAL SACH TIMES,nan,121807.0,BIHBIL/2011/49252,BRAJESH MISHRA,BIH,PATNA,M
BIHENG00575,SUNDAY HINDUSTAN TIMES,संडे हिंदुस्तान टाइम्स,79914.0,BIHENG/2002/7357,HT MEDIA LTD,BIH,PATNA,W
BIHENG00638,THE ECONOMIC TIMES MAGAZINE,द इकनोमिक टाइम्स मैगजीन,129453.0,UR,"BENNETT, COLEMAN & CO.LTD",BIH,PATNA,W
BIHHIN00188,ANURADHA TIMES,nan,49029.0,49029/ 89,VINOD PRASAD SINGH,BIH,PATNA,W
BIHHIN01887,PATNA TIMES,nan,12320.0,12320/ 66,PATNA TIMES PUBLICATION (P) LTD.,BIH,PATNA,W
BIHHIN01425,MADHUYOG TIMES,nan,52294.0,52294/ 89,SHRI YOGENDRA SHAH,BIH,PATNA,W
BIHENG00642,THE ECONOMIC TIMES ON SATURDAY,द इकनोमिक टाइम्स ओन सैटरडे,129190.0,BIHENG/2014/56635,"BENNETT, COLEMAN & CO.LTD",BIH,PATNA,W
BIHURD00394,SECULAR TIMES,सेक्युलर टाइम्स,44381.0,44381/ 86,MOHD REHAN,BIH,PATNA,W
BIHHIN04113,JAGRITI TIMES,जागृति टाइम्‍स,52365.0,52365/ 90,SANJAY KUMAR SINGH,BIH,PATNA,W
BIHHIN02665,TRILOK TIMES,nan,52403.0,52403/ 89,SHASHI KANT,BIH,PATNA,W
BIHHIN02671,THRISHNA TIMES,nan,52425.0,52425/ 89,DEEPA GUPTA,BIH,PATNA,W
BIHHIN02841,YODHA TIMES,nan,49122.0,49122/ 89,MUNNA SINGH,BIH,PATNA,W
BIHENG00482,THE SUNDAY TIMES OF INDIA,द संडे टाइम्स ऑफ़ इंडिया,52438.0,52438/ 92,BENNETT COLEMAN & COMPANY LIMITED,BIH,PATNA,W
BIHHIN04106,DAVANTI TIMES,nan,49114.0,49114/ 89,SARITA KUMARI,BIH,PATNA,W
BIHHIN00867,GHANSHYAMPUR TIMES,nan,49100.0,49100/ 89,KISHORI PRASAD SINGH,BIH,PATNA,W
BIHHIN01445,MAHABIR BIHAR TIMES,महाबीर बिहार टाइम्स,39736.0,39736/ 83,GANESH PRASAD,BIH,PATNA,W
BIHHIN02054,RAJAPUR TIMES,nan,49002.0,49002/ 89,RAKESH KUMAR,BIH,PATNA,W
BIHHIN02443,SORABH SUNNY TIMES,nan,49127.0,49127/ 89,SANTOSH KUMAR,BIH,PATNA,W
BIHHIN02817,VIVARAN TIMES,nan,52274.0,52274/ 90,ARUN KUMAR SINGH,BIH,PATNA,W
BIHENG00595,FINANCIAL TIMES OF INDIA,फाइनेंसियल टाइम्स ऑफ इंडिया,92253.0,BIHENG/2007/19696,M\S TIMES PUBLISHING HOUSE LTD,BIH,PATNA,W
BIHHIN05410,SAMKALEEN DINMAAN TIMES,समकालीन दिनमान टाइम्स,79558.0,BIHHIN/2002/07001,MIRZA ASAD BAIG,BIH,PATNA,W
BIHHIN02933,BANTI DEEP MALA TIMES,बनती दीप माला टाइम्स,52313.0,52313/ 90,MALA KUMARI,BIH,PATNA,W
BIHHIN02192,SUNIL TIMES,nan,49072.0,49072/ 89,SUNIL KUMAR,BIH,PATNA,W
BIHHIN01599,MOHAN TIMES,nan,44497.0,44497/ 88,AMRESH CHOUDHARY,BIH,PATNA,W
BIHHIN00908,HAFIZ TIMES,nan,52268.0,52268/ 87,HAFIJURAHMAN,BIH,PATNA,W
BIHURD00662,NAUJAWAN TIMES,nan,28406.0,28406/ 74,SYED FASIHUDDIN,BIH,PATNA,W
BIHENG00494,CAREER & COMPETITION TIMES,nan,58963.0,58963/ 94,"BENNETT, COLEMAN & CO.LTD",BIH,PATNA,W
BIHURD00083,BIHAR YOUNG TIMES,nan,44219.0,44219/ 84,REHANA KHATOON,BIH,PATNA,W
BIHURD00667,AZIMABAD TIMES,nan,33491.0,33491/ 79,Z A NOMANI & SYED MOHD ASIF,BIH,PATNA,W
BIHHIN04663,RAXAUL TIMES,nan,28356.0,28356/ 75,UMASHANKAR ANUJ,BIH,PURBA CHAMPARAN,W
BIHHIN04260,UTTAR BIHAR TIMES,nan,38774.0,38774/ 81,ABINASH CHANDRA VERMA,BIH,PURBA CHAMPARAN/ MOTIHARI,F
BIHHIN04987,JAGRITI TIMES,जागृति टाइम्स,106813.0,BIHHIN/2010/34256,SANJAY KUMAR SINGH,BIH,PURNIA,D
BIHHIN11911,DEHRI TIMES,nan,,nan,IRFAN QURAISHI,BIH,ROHTAS,D
BIHBIL02448,KADAK VIHAR TIMES,कड़क विहार टाइम्स,160252.0,BIHBIL/2023/87697,DEEPAK KUMAR RAI,BIH,ROHTAS,D
BIHHIN11946,SASARAM TIMES,nan,,nan,SATYAM PATEL,BIH,ROHTAS,M
BIHHIN05132,SANDHYA SHERSHAH TIMES,nan,122456.0,BIHHIN/2013/49901,DHRUB BIHARI AGARWAL,BIH,ROHTAS,TWW
BIHHIN02088,RANJANA TIMES,nan,49023.0,49023/ 89,RANJANA SINGH,BIH,SAHARSA,D
BIHHIN01292,KOSI TIMES,nan,23740.0,23740/ 73,SHAMBHULAL AGARWAL,BIH,SAHARSA,F
BIHHIN02325,SAMASTIPUR TIMES,nan,39579.0,39579/ 82,VISHWANATH PRASAD SINGH,BIH,SAMASTIPUR,D
BIHHIN04406,KIRANJAY TIMES,nan,76164.0,BIHHIN/2001/03607,AJAY KUMAR SINHA,BIH,SAMASTIPUR,M
BIHHIN02407,SARAISA TIMES,nan,28378.0,28378/ 75,NAGENDRA NATH CHOWDHARY,BIH,SAMASTIPUR,W
BIHHIN03725,SERAI KI TIMES,nan,62742.0,62742/ 95,KRISHAN LAL KATHURIA,BIH,SAMASTIPUR,W
BIHHIN04144,JHANJHAT TIMES,nan,52427.0,52427/ 91,R.K.ROY,BIH,SAMASTIPUR,W
BIHHIN03571,DEV NANDAN NUTAN TIMES,nan,61842.0,61842/ 94,DEVNANDAN RAI,BIH,SAMASTIPUR,W
BIHHIN04147,JIRADEI TIMES,nan,52480.0,52480/ 93,VISHWAS KISHORE,BIH,SARAN,D
BIHHIN02939,JIRA DEI TIMES,nan,52269.0,52269/ 90,VISHWAS KISHOR,BIH,SARAN,W
BIHHIN01845,PARSA TIMES,nan,52397.0,52397/ 90,KUMAR ANAND BIHARI PRASAD,BIH,SARAN,W
BIHHIN01074,JANKI TIMES,nan,48979.0,48979/ 89,HARINARAYAN PRASAD,BIH,SITAMARHI,D
BIHHIN04251,SATYA PRAN TIMES,nan,52411.0,52411/ 91,BHOLE RAMAN DIWAKAR,BIH,SITAMARHI,W
BIHURD00033,ALIGANJ TIMES,nan,38331.0,38331/ 80,SHAMSHAD ALI KHAN YAQUBI,BIH,SIWAN,M
BIHURD00592,SIWAN TIMES,nan,33508.0,33508/ 79,SYED ARIF HASNAIN,BIH,SIWAN,W
BIHHIN00899,GORAUL TIMES,nan,44340.0,44340/ 86,RAM NATH VIDROHI,BIH,VAISHALI,F
BIHHIN04162,LICHHAVI TIMES,लिच्छवी टाइम्स,31218.0,31218/ 75,A.H. NOMANI,BIH,VAISHALI,W
CHAENG01153,TOBACCO FREE TIMES,nan,,nan,DR SONU GOEL,CHA,CHANDIGARH,BM
CHAENG01023,THE TIMES OF INDIA,द टाइम्स ऑफ़ इंडिया,125345.0,CHAENG/2013/52790,"BENNETT, COLEMAN & CO.LTD",CHA,CHANDIGARH,D
CHAENG01135,CHANDIGARH TIMES OF INDIA,nan,148899.0,CHAENG/2018/76344,BENNETT COLEMAN AND CO LTD,CHA,CHANDIGARH,D
CHAENG00960,HINDUSTAN TIMES,हिंदुस्तान टाइम्स,118245.0,CHAENG/2011/45688,HT MEDIA LTD,CHA,CHANDIGARH,D
CHAENG01063,SUPPLEMENT TO THE HINDUSTAN TIMES,nan,22.0,22/ 57,DEVDAS GANDHI,CHA,CHANDIGARH,D
CHAENG01055,LUDHIANA TIMES OF INDIA,लुधियाना टाइम्स ऑफ़ इंडिया,145682.0,CHAENG/2017/73127,BENNETT COLEMAN AND CO LTD,CHA,CHANDIGARH,D
CHAENG01008,THE GROTAL TIMES,nan,118653.0,CHAENG/2012/46096,ANURADHA BAKSHI,CHA,CHANDIGARH,D
CHAENG01134,E TIMES,nan,150499.0,CHAENG/2018/77944,BENNETT COLEMAN AND CO LTD,CHA,CHANDIGARH,D
CHAHIN00386,SAAMNA TIMES,nan,124601.0,CHAHIN/2013/52046,SHIV DARSHAN PRAKASHAN,CHA,CHANDIGARH,D
CHAENG00879,THE ECONOMIC TIMES,nan,97145.0,CHAENG/2008/24588,"BENNETT, COLEMAN & CO.LTD",CHA,CHANDIGARH,D
CHAHIN00388,DAINIK SAVERA TIMES,nan,124835.0,CHAHIN/2013/52280,SHITAL KUMAR VIJ,CHA,CHANDIGARH,D
CHAENG01090,CRIMINAL LAW TIMES,nan,28257.0,28257/ 74,M. SURI,CHA,CHANDIGARH,F
CHAHIN00175,NUPUR TIMES,nan,66181.0,66181/ 96,VEENA DHHINGRA,CHA,CHANDIGARH,F
CHAHIN00303,SUNNY TIMES,सन्नी टाइम्स,92504.0,CHAHIN/2007/19947,DALJIT SINGH,CHA,CHANDIGARH,F
CHAENG00354,LAHORE LAW TIMES,लाहौर लॉ टाइम्स,179.0,179/ 57,VINOD KUMAR SURI,CHA,CHANDIGARH,M
CHABIL00079,ALLAHABAD LAW TIMES,इलाहाबाद लॉ टाइम्स,178.0,178/ 57,BINOD KUMAR SURI,CHA,CHANDIGARH,M
CHAENG00606,THE MISSILE TIMES,nan,71939.0,71939/ 99,PARMESHWARI DEVI,CHA,CHANDIGARH,M
CHAHIN00436,SATLVI EDUCATIONAL TIMES,nan,34211.0,34211/ 77,PRITAM SINGH,CHA,CHANDIGARH,M
CHAENG00564,FITNESS TIMES,nan,70294.0,70294/ 99,RAMA HEALTH CARE LTD,CHA,CHANDIGARH,M
CHAMUL00171,THE WRITE TIMES,द राईट टाइम्स,139111.0,CHAMUL/2016/66556,RAJNI KHORANA,CHA,CHANDIGARH,M
CHAENG01022,SUNDAY TIMES OF INDIA,संडे टाइम्स ऑफ़ इंडिया,125296.0,CHAENG/2013/52741,"BENNETT, COLEMAN & CO.LTD",CHA,CHANDIGARH,W
CHAENG00878,THE ECONOMIC TIMES ON SUNDAY,द इक्‍नोमिक्‍स टाइम्‍स ऑन संडे,99264.0,CHAENG/2008/26707,"BENNETT, COLEMAN & CO.LTD",CHA,CHANDIGARH,W
CHAENG00847,THE ECONOMIC TIMES ON SATURDAY,nan,99235.0,CHAENG/2008/26678,"BENNETT, COLEMAN & CO.LTD",CHA,CHANDIGARH,W
CHAENG00970,MY TIMES OF SHIMLA,nan,110522.0,CHAENG/2010/37965,"BENNETT, COLEMAN & CO.LTD",CHA,CHANDIGARH,W
CHAENG01036,THE ECONOMIC TIMES MAGAZINE,द इकनोमिक टाइम्स मैगजीन,129615.0,CHAENG/2014/57060,"BENNETT, COLEMAN & CO.LTD",CHA,CHANDIGARH,W
CHAENG00054,CHANDIGARH TIMES WEEKLY,चंडीगढ़ टाइम्स वीकली,40424.0,40424/ 82,C.L.CHAUDHARY,CHA,CHANDIGARH,W
CHAENG00211,INTERNATIONAL TIMES,nan,18071.0,18071/ 69,T C MITTAL,CHA,CHANDIGARH,W
CHAHIN00031,CHANDIGARH TIMES,चंडीगढ़ टाइम्स,42371.0,42371/ 85,C.L.CHAUDHARY,CHA,CHANDIGARH,W
CHAHIN00353,TRANSPORT TIMES,ट्रांसपोर्ट टाइम्स,108221.0,CHAHIN/2010/35664,MOHINDER SINGH WALIA,CHA,CHANDIGARH,W
CHAENG00969,MY TIMES OF JALANDHAR,nan,110672.0,CHAENG/2010/38115,"BENNETT, COLEMAN & CO.LTD",CHA,CHANDIGARH,W
CHAHIN00310,CHANDIGARH BREAKING TIMES,चण्डीगढ ब्रेकिंग टाईम्स,96416.0,CHAHIN/2007/23859,RAJU KASHYAP,CHA,CHANDIGARH,W
CHAURD00015,LOCAL TIMES,nan,6858.0,6858/ 62,BALJIT SINGH SOKHI,CHA,CHANDIGARH,W
CHAENG00961,SUNDAY HINDUSTAN TIMES,संडे हिंदुस्तान टाइम्स,118092.0,CHAENG/2011/45535,HT MEDIA LTD,CHA,CHANDIGARH,W
CHAENG00968,MY TIMES OF SRINAGAR,nan,110521.0,CHAENG/2010/37964,"BENNETT, COLEMAN & CO.LTD",CHA,CHANDIGARH,W
CHHHIN16795,MID INDIA TIMES,nan,72602.0,MPHIN/1999/00045,AJRA NIYAJI,CHH,BASTAR,D
CHHHIN16690,VATAN INDIA TIMES,nan,52103.0,52103/ 90,RANJEET BAKHSHISH,CHH,BASTAR,W
CHHHIN16715,GOLD TIMES,nan,58630.0,58630/ 93,DILIP KUMAR ANVANI,CHH,BASTAR,W
CHHHIN03321,KUMITE TIMES,nan,117071.0,CHHHIN/2012/44514,SARJEET SINGH BAKSHI,CHH,BASTER,BM
CHHHIN03380,BASTAR TIMES,nan,114406.0,CHHHIN/2011/41849,KAMINI SHRIWASTAV,CHH,BASTER,W
CHHHIN17480,BEMETARA TIMES,nan,,nan,SUFAL DAS MANIKPURI,CHH,BEMETARA,M
CHHHIN00290,EVENING TIMES,nan,85107.0,CHHHIN/2003/12550,NATHMAL SHARMA,CHH,BILASPUR,D
CHHHIN15479,BPN TIMES,nan,115739.0,CHHHIN/2011/43182,B.S. BAGHEL,CHH,BILASPUR,D
CHHHIN16900,SWARN KALA TIMES,nan,,UR,NAND KISHOR SONI,CHH,BILASPUR,M
CHHHIN17529,FIRSTMAN TIMES,nan,,nan,FIRSTMAN EDUCATION PRIVATE LIMITED,CHH,BILASPUR,M
CHHHIN16767,UTSAV TIMES,उत्सव टाइम्स,141418.0,CHHHIN/2016/68863,SHARAD DUBEY,CHH,BILASPUR,Q
CHHHIN02551,NYAYDHANI TIMES,nan,108951.0,CHHHIN/2009/36394,VIJAY KUMAR THAKUR,CHH,BILASPUR,W
CHHHIN16616,HARELI TIMES,nan,45290.0,45290/ 87,BALDEV SINGH,CHH,BILASPUR,W
CHHHIN16446,CENTRAL TIMES,nan,17328.0,17328/ 69,KRISHNA MURTI TAH,CHH,BILASPUR,W
CHHHIN02527,MASTURI TIMES,MASTURI TIMES,105214.0,CHHHIN/2009/32657,SUNITA MISHRA,CHH,BILASPUR,W
CHHENG00402,SCANNER TIMES,स्कैनर टाइम्स,103178.0,CHHENG/2009/30621,SUSHMITA BHATTACHARJEE,CHH,BILASPUR,W
CHHHIN16651,BILASPUR VIKAS TIMES,nan,50063.0,50063/ 89,MOTU MAL BHEEMNANI,CHH,BILASPUR,W
CHHHIN16467,BILASPUR TIMES,nan,13025.0,13025/ 68,B. R. YADAV,CHH,BILASPUR,W
CHHHIN16502,HASDEO TIMES,nan,22162.0,22162/ 70,KRISHNA KUM. SHARMA,CHH,BILASPUR,W
CHHHIN16677,NAV DURGA SHAKTI TIMES,nan,51964.0,51964/ 89,ASAN DAS HINDUJA,CHH,BILASPUR,W
CHHHIN16716,M P DELUXE TIMES,nan,58652.0,58652/ 93,RASHMI GUPTA,CHH,DHAMTARI,D
CHHBIL00994,INDRA DHANUSH TIMES,इन्‍द्रधनुष टाइम्‍स,145839.0,CHHBIL/2017/73284,TIRATH RAJ FUTAN,CHH,DHAMTARI,M
CHHHIN01596,DHAMTARI TIMES,धमतरी टाइम्स,93865.0,CHHHIN/2006/21308,T.D.SINHA,CHH,DHAMTARI,W
CHHBIL00887,POORAB TIMES,nan,116816.0,CHHBIL/2012/44259,MADHUR CHITLANGIA,CHH,DURG,D
CHHHIN16996,JANTA TIMES TODAY,nan,,UR,MANNA SEN,CHH,DURG,M
CHHHIN16680,BHILAI TIMES,nan,50211.0,50211/ 89,DEVI DAS,CHH,DURG,W
CHHHIN16506,CHANDRA TIMES,nan,25874.0,25874/ 73,ARVIND KUMAR JHA,CHH,DURG,W
CHHHIN00398,JANSAGAR TIMES,nan,83671.0,CHHHIN/2000/11114,ANANT GIRI,CHH,DURG,W
CHHHIN17084,GARIABAND TIMES,nan,,nan,RITESH YADAV,CHH,GARIABAND,F
CHHHIN17608,PAMGARH TIMES,nan,160666.0,CHHHIN/2023/88111,UDAY HARBANSH,CHH,JAJGIR-CHAMPA,BM
CHHHIN16163,JANJGIR TIMES,nan,39494.0,39494/ 82,SHANKER LAL AGRAWAL,CHH,JANJGIR-CHAMPA,W
CHHHIN03405,SHATABDI TIMES,nan,124643.0,CHHHIN/2013/52088,DURGESH SINGH RAJPUT,CHH,KABIRDHAM,W
CHHENG00430,CHHATTISGARH SCHOOL TIMES,छत्तीसगढ़ स्कूल टाइम्स,130695.0,CHHENG/2013/58140,ANU THOMAS,CHH,KOBRA,M
CHHHIN16586,KORBA BALCO TIMES,कोरबा बालको टाइम्स,38574.0,38574/ 98,PREM CHAND JAIN,CHH,KORBA,D
CHHHIN16545,BANGO TIMES,nan,30944.0,30944/ 76,VIJAY KUMAR SHARMA,CHH,KORBA,W
CHHHIN01390,KUTGHORA TIMES,nan,87668.0,CHHHIN/2005/15111,SANDEEP CHOUBEY,CHH,KORBA,W
CHHHIN16985,MAKSAD TIMES,मकसद टाइम्स,145732.0,CHHHIN/2017/73177,MANOJ KUMAR SINGH,CHH,KORIYA,M
CHHHIN00332,VASHISHT TIMES,वशिष्ट टाइम्स,95906.0,CHHHIN/2006/23349,VAIDYA RAMESH CHANDR,CHH,KORIYA(CHH),W
CHHHIN17428,SACH TIMES,nan,,nan,RAVINDRA SINGH NAVRANG,CHH,MAHASAMUND,D
CHHHIN01627,TIMES OF SIRPUR,टाईम्स ऑफ सिरपुर,98455.0,CHHHIN/2006/25898,DALER SINGH CHAWLA,CHH,MAHASAMUND,W
CHHHIN17285,MAHASAMUND TIMES,महासमुन्द टाइम्स,156434.0,CHHHIN/2022/83879,RAVINDRA KUMAR VIDANI,CHH,MAHASAMUND,W
CHHHIN16123,MUNGELI TIMES,मुंगेली टाईम्स,134542.0,CHHHIN/2014/61987,MADHU SHUKLA,CHH,MUNGELI,W
CHHHIN17045,SARANGARH TIMES,सारंगढ़ टाईम्स,150917.0,CHHHIN/2018/78362,AMITESH KESHARWANI,CHH,RAIGARH,D
CHHHIN03232,ISPAT TIMES,nan,109195.0,CHHHIN/2010/36638,NAVNEET JAGATRAMKA,CHH,RAIGARH,D
CHHHIN16636,NAVRATAN TIMES,nan,47644.0,47644/ 88,CHETRAM NAMDEV,CHH,RAIGARH,W
CHHHIN00239,TIMES CHANNEL,nan,83452.0,CHHHIN/2003/10895,NEERAJ PATEL,CHH,RAIGARH,W
CHHHIN16447,RAIGARH TIMES,nan,17337.0,17337/ 69,MANOHAR PRASAD MISHRA,CHH,RAIGARH,W
CHHHIN02203,SINDH TIMES,nan,109503.0,CHHHIN/2008/36946,ANIL KUMAR AHUJA,CHH,RAIGARH,W
CHHHIN17550,JANBANDHU TIMES,nan,,nan,MOHAMMAD HUSAIN,CHH,RAIGARH,W
CHHHIN16663,SANDESH BANDHU TIMES,संदेश बंधु टाइम्स,50119.0,50119/ 89,DEVENDRA SINGH SIBBAL,CHH,RAIPUR,D
CHHHIN16705,KALL RATRI TIMES,nan,54255.0,54255/ 92,SARITA PRINTERS AND PUBLISHERS,CHH,RAIPUR,D
CHHHIN02129,LOK BHARAT TIMES,लोक भारत टाइम्स,98150.0,CHHHIN/2008/25593,AZAM KHAN,CHH,RAIPUR,D
CHHHIN17454,DHANANJAY TIMES,nan,,nan,MANOJ SINGH THAKUR,CHH,RAIPUR,D
CHHHIN17429,SACH TIMES,सच टाइम्स,158364.0,CHHHIN/2022/85809,RAVINDRA SINGH NAVRANG,CHH,RAIPUR,D
CHHHIN15959,JALAJ TIMES,जलज टाइम्स,127344.0,CHHHIN/2014/54789,MAMTA YADAV,CHH,RAIPUR,D
CHHHIN16036,SAAMNA TIMES,सामना टाइम्स,131923.0,CHHHIN/2014/59368,SHIV DARSHAN PRAKASHAN,CHH,RAIPUR,D
CHHBIL00908,POORAB TIMES,nan,123336.0,CHHBIL/2013/50781,MADHUR CHITLANGIA,CHH,RAIPUR,D
CHHENG00435,THE TIMES OF INDIA,द टाइम्स ऑफ़ इंडिया,121242.0,CHHENG/2013/48687,"BENNETT, COLEMAN & CO.LTD",CHH,RAIPUR,D
CHHHIN02438,EVENING TIMES,nan,113841.0,CHHHIN/2010/41284,NATHMAL SHARMA,CHH,RAIPUR,D
CHHHIN03105,BPN TIMES,nan,107598.0,CHHHIN/2010/35041,B.S. BAGHEL,CHH,RAIPUR,D
CHHHIN16563,RATANGARH TIMES,रतनगढ़ टाइम्स,138110.0,CHHHIN/2015/65555,DEEPA DOORWAR,CHH,RAIPUR,D
CHHENG00394,CHOICE TIMES,nan,98850.0,CHHENG/2008/26293,SANJEEV KUMAR MISHRA,CHH,RAIPUR,D
CHHHIN15604,DESH BHAKT TIMES,nan,122059.0,CHHHIN/2013/49504,K. SATYANARAYANA,CHH,RAIPUR,D
CHHHIN02785,CHOICE TIMES,चॉइस टाइम्स,103544.0,CHHHIN/2009/30987,SANJEEV KUMAR MISHRA,CHH,RAIPUR,D
CHHHIN01915,ISPAT TIMES,nan,96711.0,CHHHIN/2007/24154,NAVNEET JAGATRAMKA,CHH,RAIPUR,D
CHHBIL01078,SHRI RAWATPURA TIMES,nan,,UR,OM PRAKASH TRIPATHI,CHH,RAIPUR,F
CHHHIN03122,DABANG TIMES,nan,118037.0,CHHHIN/2012/45480,ABDUL HAMEED,CHH,RAIPUR,F
CHHHIN17096,NISHAD TIMES,nan,,nan,RITU KEWAT,CHH,RAIPUR,F
CHHHIN17415,NITYA NAMAN TIMES,नित्य नमन टाइम्स,159286.0,CHHHIN/2022/86731,NITIN KUMAR GUPTA,CHH,RAIPUR,M
CHHHIN16329,CLIPPER TIMES,क्लिपर टाइम्स,137861.0,CHHHIN/2015/65306,BINDU AJITH,CHH,RAIPUR,M
CHHHIN02726,SUFI TIMES,सूफी टाइम्स,106193.0,CHHHIN/2010/33636,SMT.FARJANA BEGUM,CHH,RAIPUR,M
CHHHIN17455,GATI TIMES,गति टाइम्स,156152.0,CHHHIN/2022/83597,YOGESH MALVIYA,CHH,RAIPUR,M
CHHHIN16278,RAJIM TIMES,राजिम टाईम्स,135896.0,CHHHIN/2015/63341,TUKARAM KANSARI,CHH,RAIPUR,M
CHHHIN02985,DASHMAT TIMES,nan,109615.0,CHHHIN/2010/37058,MUKESH KUMAR CHELAK,CHH,RAIPUR,M
CHHHIN03026,APALAK TIMES,nan,113309.0,CHHHIN/2011/40752,PRADEEP SAHU,CHH,RAIPUR,M
CHHHIN15713,MITAN POLICE TIMES,मितान पुलिस टाइम्स,129442.0,CHHHIN/2014/56887,PRATIBHA SRIVASTAVA,CHH,RAIPUR,M
CHHHIN17301,PAWAN PUTRA TIMES,nan,,UR,VASANT VEER UPADHYAY,CHH,RAIPUR,M
CHHHIN16792,PARYAWARAN-URJA TIMES,nan,70874.0,70874/ 98,INDUS TECHNICAL & FINANCIAL CONSULTANT LTD.,CHH,RAIPUR,M
CHHHIN17687,GIRIBAL TIMES,nan,,nan,VIRENDRA JOSHI,CHH,RAIPUR,M
CHHHIN15945,NAV AABHA TIMES,नव आभा टाइम्स,128726.0,CHHHIN/2014/56171,MURARI JHA,CHH,RAIPUR,M
CHHHIN03002,NAVLAY TIMES,nan,107460.0,CHHHIN/2010/34903,VIKRAM KUMAR,CHH,RAIPUR,M
CHHHIN15630,HERO TIMES,हीरो टाइम्स,127715.0,CHHHIN/2013/55160,SANTOSH KUMAR HARIBYASHI,CHH,RAIPUR,M
CHHHIN15650,PROMPT TIMES,nan,121907.0,UR,SATYA DEV TIWARI,CHH,RAIPUR,M
CHHHIN02592,SHRI SAINATH TIMES,nan,116543.0,CHHHIN/2009/43986,PRAM KUMAR SONI,CHH,RAIPUR,M
CHHENG00437,RAIPUR TIMES,nan,121239.0,CHHENG/2013/48684,"BENNETT, COLEMAN & CO.LTD",CHH,RAIPUR,THW
CHHHIN03170,AKBAR TIMES,nan,116416.0,CHHHIN/2011/43859,SMTI. IRAM HASAN,CHH,RAIPUR,W
CHHENG00436,SUNDAY TIMES OF INDIA,संडे टाइम्स ऑफ़ इंडिया,121247.0,CHHENG/2013/48692,"BENNETT, COLEMAN & CO.LTD",CHH,RAIPUR,W
CHHHIN16498,SOCIALIST TIMES,nan,23520.0,23520/ 71,ZAFAR RAUFI,CHH,RAIPUR,W
CHHHIN16884,SANGWARI TIMES,संगवारी टाइम्स,141790.0,CHHHIN/2016/69235,FARIDA KHAN,CHH,RAIPUR,W
CHHHIN16959,TILDA TIMES,nan,,UR,DEVENDRA SHARMA,CHH,RAIPUR,W
CHHHIN16540,NANDGAON TIMES,nan,30910.0,30910/ 76,RANOOLAL JHABAK,CHH,RAJNANDGAON,D
CHHHIN16308,GAYAGWAL TIMES,गायग्वाल टाइम्स,134481.0,CHHHIN/2015/61926,RAJU LAL SINHA,CHH,RAJNANDGAON,F
CHHHIN16140,NANDANWAR TIMES,नंदनवार टाइम्स,130694.0,CHHHIN/2014/58139,TULARAM NANDANWAR,CHH,RAJNANDGAON,F
CHHHIN03127,DIVINE TIMES,nan,118394.0,CHHHIN/2011/45837,NARENDRA KUMAR SAHU,CHH,RAJNANDGAON,M
CHHHIN15626,VIKUR TIMES,विकुर टाइम्स,128500.0,CHHHIN/2014/55945,PRAVEEN YADAV,CHH,RAJNANDGAON,M
CHHHIN17191,DHANESHWARI TIMES,nan,,nan,LOKESH KUMAR SAHU,CHH,RAJNANDGAON,M
CHHHIN15552,VEERTA TIMES,nan,126409.0,CHHHIN/2013/53854,AARTI NAMDEV,CHH,RAJNANDGAON,M
CHHHIN15550,PRATIDIN TIMES,nan,126406.0,CHHHIN/2013/53851,MEENA NAMDEV,CHH,RAJNANDGAON,M
CHHHIN15551,KHUSHNUMA TIMES,nan,126407.0,CHHHIN/2013/53852,SHANTI NAMDEV,CHH,RAJNANDGAON,M
CHHHIN15554,BUDGET TIMES,nan,126412.0,CHHHIN/2013/53857,DINESH NAMDEV,CHH,RAJNANDGAON,M
CHHHIN16004,ANUMODAN TIMES,nan,128918.0,CHHHIN/2014/56363,NAYEEM AHMAD QURESHI,CHH,RAJNANDGAON,M
CHHHIN02661,TENSION TIMES,nan,107686.0,CHHHIN/2009/35129,B.R. SINHA,CHH,RAJNANDGAON,M
CHHHIN15549,PRABANDHAN TIMES,प्रबंधन टाइम्स,126408.0,CHHHIN/2013/53853,SANJAY NAMDEV,CHH,RAJNANDGAON,M
CHHHIN16516,CHAUBEY TIMES,nan,26082.0,26082/ 73,SHAMBHUNATH CHAUBEY,CHH,RAJNANDGAON,W
CHHHIN01612,CHAMUNDA TIMES,चामुण्डा टाईम्स,92882.0,CHHHIN/2006/20325,RAJIV LOCHAN MISHRA,CHH,RAJNANDGAON,W
CHHHIN17078,BHARREGAON SURGI TIMES,nan,,UR,REKHA LAL SAHU,CHH,RAJNANDGAON,W
CHHHIN00448,CHHATTISGARH TIMES,nan,89199.0,CHHHIN/2004/16642,KARTAR SINGH KANJVAN,CHH,RAJNANDGAON,W
CHHHIN16731,DIN DARSHAN TIMES,nan,58753.0,58753/ 91,SUSHIL KUMAR SHARMA,CHH,RAJNANDGAON,W
CHHHIN03180,NAMDEV TIMES,nan,113234.0,CHHHIN/2011/40677,DINESH NAMDEV,CHH,RAJNANDGAON,W
CHHHIN01692,NEOTECH TIMES,नि‍योटेक टाईम्‍स,92463.0,CHHHIN/2006/19906,NEOTECH TECHNICAL AND MANAGEMENT COLLEGE,CHH,SARGUJA,F
CHHHIN00396,RIHAND TIMES,nan,83857.0,nan,TRILOK KAPOOR KASHWAHA,CHH,SURGUJA,D
CHHHIN16456,SURGUJA TIMES,nan,17367.0,17367/ 69,DARSHAN SINGH,CHH,SURGUJA,F
CHHHIN15614,AMBIKA FRONT TIMES,nan,123416.0,CHHHIN/2013/50861,TARUN KUMAR,CHH,SURGUJA,W
CHHHIN15321,AMBIKA TIMES,nan,115196.0,CHHHIN/2012/42639,AMRESH MISHRA,CHH,SURGUJA,W
DDENG00004,AROUND THE TIMES,अराउन्ड दी टाईम्स,96798.0,DDENG/2008/24241,ASHOK BEDI,DD,DAMAN,D
DDENG00014,SUSHILA TIMES,nan,,UR,RAJENDRA DINIKAR CHAUDHARY,DD,DAMAN,D
DDHIN00001,SAVERA INDIA TIMES,सवेरा इंडिया टाइम्स,75145.0,DDHIN/2000/02588,NARESH AGARWAL,DD,DAMAN,D
DDBIL00001,DAMAN TIMES,nan,34247.0,34247/ 80,R P THAKUR,DD,DAMAN,F
DDGUJ00012,NAVBHARAT TIMES,नवभारत टाइम्स,121441.0,DDGUJ/2011/48886,MANOJKUMAR BAPUBHAI SHINDE,DD,DAMAN & DIU,D
DNHGUJ00005,DAMAN GANGA TIMES,nan,107837.0,DNHGUJ/2010/35280,SHEETAL PUBLICATION,DD,SILVASSA,D
DNHHIN00026,SAAMNA TIMES,nan,128067.0,DNHHIN/2013/55512,SHIV DARSHAN PRAKASHAN,DD,SILVASSA,D
DNHENG00004,THE TERRITORY TIMES,nan,99883.0,DNHENG/2009/27326,RIDDHI SIDDHI PUBLICATIONS,DD,SILVASSA,F
DNHBIL00003,LUHARI TIMES,LUHARI TIMES,92130.0,DNHBIL/2006/19573,LALIT B. PATEL,DD,SILVASSA,M
DNHHIN00001,THE TERRITORY TIMES,nan,80332.0,DNHHIN/2002/07775,RIDDHI SIDDHI PUBLICATIONS,DD,SILVASSA,W
DELHIN15883,KUTAB TIMES,nan,55595.0,55595/ 91,nan,DEL,nan,F
DELHIN13722,ATRI TIMES,अत्रि टाईम्स,90240.0,DELHIN/2006/17683,RAMNIWAS,DEL,DEHI,F
DELHIN27255,TRANSYAMUNA TIMES,nan,119519.0,DELHIN/2012/46962,AMARWATI,DEL,DEHLI,M
DELENG18235,HINDUSTAN TIMES WEDDING BELLS,हिंदुस्तान टाइम्स वेडिंग बेल्स,121244.0,DELENG/2013/48689,HT MEDIA LTD,DEL,DELHI,A
DELENG17652,THE TIMES OF INDIA HIGHER EDUCATION,द टाइम्स ऑफ़ इंडिया हायर एजुकेशन,108535.0,DELENG/2011/35978,"BENNETT, COLEMAN & CO.LTD",DEL,DELHI,A
DELENG17997,HINDUSTAN TIMES KIDS PLAY,हिंदुस्तान टाइम्स किड्स प्ले,111049.0,DELENG/2011/38492,HT MEDIA LTD,DEL,DELHI,A
DELHIN15861,NAVBHARAT TIMES ANNUAL,nan,32380.0,32380/ 78,"BENNETT, COLEMAN & CO. LTD.",DEL,DELHI,A
DELHIN11781,NIKITA TIMES,nan,83224.0,DELHIN/2003/10667,SUNNY JAIN,DEL,DELHI,A
DELHIN09049,PRIYANKA TIMES,nan,71038.0,71038/ 99,MR J NAVEEN,DEL,DELHI,A
DELENG03132,INTER CARD TIMES,nan,53398.0,53398/ 91,D. D. M. C. INTER CARDS (P) LTD.,DEL,DELHI,BM
DELENG17041,THE TIMES OF AFRICA,दि टाइम्स ऑफ़ अफ्रीका,100413.0,DELENG/2008/27856,KIRIT SOBTI,DEL,DELHI,BM
DELENG13263,MALL TIMES,nan,80951.0,DELENG/2002/08394,PRANAV ANSAL,DEL,DELHI,BM
DELENG08826,COMING TIMES,nan,57406.0,57406/ 94,BHARPUR SINGH BALBIR,DEL,DELHI,BM
DELHIN09558,NAUJAWANE PAWAN SAHNI TIMES,नौजवान पवन साहनी टाइम्स,53351.0,53351/ 91,PRAVESH SAHNI,DEL,DELHI,BM
DELBIL04564,GOSWAMI JYOTISH TIMES,nan,75153.0,DELBIL/2000/02596,BENI MADHAV GOSWAMI,DEL,DELHI,BM
DELHIN08630,RASHTRA HINDUSATTA TIMES,nan,67443.0,67443/ 97,RAMPAL SINGH,DEL,DELHI,BM
DELENG09075,TAC MARRIAGE TIMES,nan,59372.0,59372/ 94,TARGET AUDIENCE COMMUNICATION PVT LTD,DEL,DELHI,BM
DELHIN11138,MODELLING AND FASHION TIMES,nan,78818.0,DELHIN/2002/06261,SANJEEV KUMAR GUPTA,DEL,DELHI,BM
DELENG11112,DERMATOLOGY TIMES,nan,36904.0,36904/ 80,SKIN INSTITUTE & PUBLIC SERVICE CHARITABLE TRUST,DEL,DELHI,BM
DELENG02779,IMAGE TIMES,nan,47415.0,47415/ 88,IMAGE FILM SOCIETY,DEL,DELHI,BM
DELENG04812,PRINTING TIMES,PRINTING TIMES,28905.0,28905/ 77,V.N CHHABRA,DEL,DELHI,BM
DELBIL03957,HUMMING TIMES,nan,71400.0,71400/ 99,V.R.NAGPAL,DEL,DELHI,D
DELHIN09635,SANDHYA TIMES,सान्ध्य टाइम्स,34622.0,34622/ 79,"BENNETT, COLEMAN & CO. LTD.",DEL,DELHI,D
DELENG19860,THE CITIZEN TIMES,nan,153886.0,DELENG/2022/81331,DHARAMVIR,DEL,DELHI,D
DELENG16236,STATE TIMES,nan,95496.0,DELENG/2007/22939,RAJ DALUJA,DEL,DELHI,D
DELHIN04006,SURAJ TIMES,nan,25688.0,25688/ 73,VIMAL PRAKASHAN,DEL,DELHI,D
DELHIN28494,AAM AWAZ TIMES,आम आवाज टाइम्स,139507.0,DELHIN/2016/66952,ASIF KHAN,DEL,DELHI,D
DELENG09629,THE TIMES NEWSDAY,nan,62787.0,62787/ 95,MOHD. ASLAM QURESHI,DEL,DELHI,D
DELHIN15975,ISHAN TIMES,ईशान टाइम्स,100335.0,DELHIN/2007/27778,SANJAY RAI,DEL,DELHI,D
DELENG19016,KHABAR TIMES,खबर टाइम्स,137793.0,DELENG/2015/65238,NARESH KUMAR,DEL,DELHI,D
DELHIN27761,BHUMI TIMES,nan,126431.0,DELHIN/2013/53876,JITENDRA CHATURVEDI,DEL,DELHI,D
DELHIN12077,SANCHAR TIMES,nan,83882.0,DELHIN/2003/11325,DEHDANI S.K.JAIN,DEL,DELHI,D
DELHIN27068,JANBHAWNA TIMES,nan,115009.0,DELHIN/2012/42452,ADITYA VASHISTHA,DEL,DELHI,D
DELHIN10270,RASHTRAWADI TIMES,nan,72453.0,72453/ 99,CHANDRA JYOTI PRAKASHAN PVT LTD.,DEL,DELHI,D
DELURD02434,RASHTRAWADI TIMES,nan,79333.0,DELURD/2002/06776,CHANDRA JYOTI PRAKASHAN PRIVATE LIMITED,DEL,DELHI,D
DELENG03720,LAYKA TIMES,nan,57277.0,57277/ 94,S M ASIF,DEL,DELHI,D
DELENG17771,ORIENTAL TIMES,nan,115489.0,DELENG/2012/42932,M.J. ANSARI,DEL,DELHI,D
DELENG17844,THE TIMES OF UNIVERSE,nan,111218.0,DELENG/2011/38661,SATISH KUMAR,DEL,DELHI,D
DELBIL06052,VISHWA KARMYOGI TIMES,विश्व कर्मयोगी टाइम्स,88130.0,DELBIL/2005/15573,M.N.P. PUBLICATION,DEL,DELHI,D
DELENG19316,JAHANABAD TIMES,nan,140778.0,DELENG/2016/68223,SHYAM SHARMA,DEL,DELHI,D
DELHIN14897,NITYA SHAKTI TIMES,नित्य शक्‍ि‍त टाइम्स,95596.0,DELHIN/2007/23039,AMAR KUMAR,DEL,DELHI,D
DELHIN16142,BPN TIMES,बीपीएन टाइम्स,102966.0,DELHIN/2009/30409,B.S. BAGHEL,DEL,DELHI,D
DELBIL08099,THE CAPITAL SMALL NEWS PAPER TIMES,द कैपिटल स्माल न्यूज़ पेपर टाइम्स,134633.0,DELBIL/2015/62078,CAPITAL SMALL NEWS PAPER ASSOCIATION,DEL,DELHI,D
DELHIN27692,DAINIK SAVERA TIMES,nan,126118.0,DELHIN/2013/53563,SHITAL KUMAR VIJ,DEL,DELHI,D
DELHIN27349,NAVLOK TIMES,nan,126581.0,DELHIN/2013/54026,NAVLOK TIMES SAHYOGI PRAKASHAN PVT.LTD,DEL,DELHI,D
DELURD02750,SARVHARA TIMES,nan,99039.0,DELURD/2008/26482,M/S. PRELUDE MEDIA AND COMMUNICATION PVT. LTD.,DEL,DELHI,D
DELHIN15911,TANUL TIMES,nan,68389.0,68389/ 98,SUNIL KUMAR,DEL,DELHI,D
DELHIN15563,JAGDISH TIMES,जगदीश टाइम्स,97119.0,DELHIN/2007/24562,JAGDISH KUMAR RATHORE,DEL,DELHI,D
DELHIN15849,NAMASKAR TIMES,nan,65705.0,65705/ 97,NEELAM VASHIST,DEL,DELHI,D
DELURD02896,JASARAT TIMES,nan,114983.0,DELURD/2012/42426,SYED AFZAL HUSAIN,DEL,DELHI,D
DELHIN13888,DESHWAL TIMES,देशवाल टाइम्‍स,94978.0,DELHIN/2007/22421,MAHFUJ ALI DESHWAL,DEL,DELHI,D
DELHIN15038,RASHTRIYA PARAMHANS TIMES,राष्ट्रीय परमहंस टाइम्स,98097.0,DELHIN/2008/25540,POONAM SHARMA,DEL,DELHI,D
DELURD02609,ITEHAD TIMES,ईतेहाद टाइम्स,89764.0,DELURD/2006/17207,S.M. FAISAL,DEL,DELHI,D
DELHIN15737,TIMES NEWS,nan,98866.0,DELHIN/2008/26309,SANJAY SHARMA,DEL,DELHI,D
DELHIN15899,THE MAYOR TIMES,nan,63806.0,63806/ 96,AQUIL AHMAD,DEL,DELHI,D
DELHIN16161,MAHANAGAR VANSH TIMES,महानगर वंश टाइम्स,102500.0,DELHIN/2009/29943,SMT.SUDESH KUMARI,DEL,DELHI,D
DELHIN27318,MAHANAGAR TIMES,महानगर टाइम्स,118111.0,DELHIN/2012/45554,GOPAL SHARMA,DEL,DELHI,D
DELHIN07689,KUBER TIMES,nan,63742.0,63742/ 96,KUBER MEDIA LTD.,DEL,DELHI,D
DELHIN08855,AL-FAHAD TIMES,nan,69244.0,69244/ 98,HAMOOD AHMED SIDDIQUI,DEL,DELHI,D
DELURD03056,THE HERALD TIMES,द हेराल्ड टाइम्स,129023.0,DELURD/2014/56468,MOHAMMAD ASLAM QURESHI,DEL,DELHI,D
DELENG00396,BAHUJAN TIMES,nan,42871.0,42871/ 84,KANSHI RAM,DEL,DELHI,D
DELHIN28210,SARKAR TIMES,सरकार टाईम्स,135069.0,DELHIN/2015/62514,RAJBAHADUR JAIN (JAINI SAHAB),DEL,DELHI,D
DELHIN28507,BAHUJAN TIMES,nan,42870.0,42870/ 84,KANSHI RAM,DEL,DELHI,D
DELENG18940,NAGAR MIRROR TIMES,nan,135296.0,DELENG/2015/62741,PREETI SHARMA,DEL,DELHI,D
DELHIN28761,MILAP TIMES,मिलाप टाइम्‍स,145492.0,DELHIN/2017/72937,PRADEEP KUMAR,DEL,DELHI,D
DELENG11950,THE INDUS TIMES,nan,82312.0,DELENG/2003/09755,VIJAY KUMAR AGGARWAL,DEL,DELHI,D
DELENG12011,RASHTRAWADI TIMES,nan,73426.0,DELENG/2000/00869,CHANDRA JYOTI PRAKASHAN PVT LTD.,DEL,DELHI,D
DELENG13571,AROUND THE TIMES,nan,81716.0,DELENG/2003/09159,ASHOK BEDI,DEL,DELHI,D
DELHIN11911,SATYEN TIMES,nan,85900.0,DELHIN/2004/13343,SATYENDRA KUMAR CHAUDHARY,DEL,DELHI,D
DELENG13318,TIMES DAY,nan,80755.0,UR,MANISH SARAF,DEL,DELHI,D
DELENG13590,HIMACHAL TIMES,हिमाचल टाइम्स,81965.0,DELENG/2001/09408,PETROLEUM & ENERGY PUBLICATIONS PVT.LTD.,DEL,DELHI,D
DELHIN12511,PURTHIKA TIMES,nan,85634.0,DELHIN/2004/13077,NEHA GALHOTRA,DEL,DELHI,D
DELHIN12618,BABYIAN TIMES,बबियाण टाइम्स,93207.0,DELHIN/2004/20650,MANJU GUPTA,DEL,DELHI,D
DELHIN12754,ROZANA TIMES,nan,86706.0,DELHIN/2004/14149,ASHA YADAV,DEL,DELHI,D
DELHIN14329,HARNA TIMES,हरना टाइम्स,96943.0,DELHIN/2007/24386,RAJBIR SINGH BANSAL,DEL,DELHI,D
DELHIN04321,SANKALP TIMES,संकल्प टाइम्स,42999.0,42999/ 85,TAJINDER KAUR,DEL,DELHI,D
DELHIN28989,KUNAL TIMES,कुनाल टाइम्स,155336.0,DELHIN/2021/82781,RAJU,DEL,DELHI,D
DELHIN06934,COMING TIMES,nan,57404.0,57404/ 94,BHARPUR SINGH BALBIR,DEL,DELHI,D
DELENG18436,ARJUN TIMES,nan,121314.0,DELENG/2013/48759,HARISH LAMBA,DEL,DELHI,D
DELHIN29040,MUDGAL TIMES,मुद्गल टाइम्स,160753.0,DELHIN/2023/88198,ANUJ KUMAR SHARMA,DEL,DELHI,D
DELENG12810,DELHI TIMES OF INDIA,डेल्ही टाइम्स ऑफ़ इंडिया,78322.0,DELENG/2001/05765,"BENNETT, COLEMAN & CO.LTD",DEL,DELHI,D
DELBIL06842,THE ECONOMIC TIMES,इकनॉमिक टाइम्स,96078.0,DELBIL/2008/23521,"BENNETT, COLEMAN & CO.LTD",DEL,DELHI,D
DELHIN08225,VISHWA EKTA TIMES,nan,65340.0,65340/ 96,DR. MOHD. FURQUAN,DEL,DELHI,D
DELURD03027,SIDRA TIMES,nan,128746.0,DELURD/2013/56191,SAJID UBAID,DEL,DELHI,D
DELURD03218,QASBA TIMES,nan,151061.0,DELURD/2019/78506,ABSAR AHMAD,DEL,DELHI,D
DELURD02602,JADEED LIFE TIMES,nan,94653.0,DELURD/2006/22096,SIBA BEEGUM,DEL,DELHI,D
DELHIN16665,LOKTANTRA TIMES,nan,117297.0,DELHIN/2012/44740,MD. KHALID ANWAR,DEL,DELHI,D
DELHIN16674,T.N.A. TIMES,nan,112852.0,DELHIN/2011/40295,OM PRAKASH,DEL,DELHI,D
DELENG18642,VENUS TIMES,nan,129016.0,DELENG/2014/56461,KARANVEER SINGH,DEL,DELHI,D
DELHIN28055,RABTA TIMES,राब्ता टाइम्स,133077.0,DELHIN/2015/60522,AYAAN PUBLICATION PVT.LTD,DEL,DELHI,D
DELHIN28614,OZONE TIMES,ओजोन टाइम्स,141769.0,DELHIN/2016/69214,BIJENDER KUMAR,DEL,DELHI,D
DELHIN10487,CHANDRA JYOTI LOK VANI TIMES,nan,72994.0,DELHIN/2000/00437,CHANDRA JYOTI PRAKASHAN PVT LTD.,DEL,DELHI,D
DELHIN11206,VIDYA SAGAR TIMES,nan,78267.0,DELHIN/2001/05710,SUDHIR KUMAR JAIN,DEL,DELHI,D
DELHIN15176,SAHARA SANDESH TIMES,सहारा संदेश टाइम्स,95245.0,DELHIN/2007/22688,FURKAN ALI,DEL,DELHI,D
DELHIN15733,FAREED TIMES,फरीद टाइम्स,99218.0,DELHIN/2008/26661,WASIUDDIN SIDDIQUI,DEL,DELHI,D
DELENG19919,PRAGATHI TIMES,nan,160092.0,DELENG/2023/87537,AFROZ QURESHI,DEL,DELHI,D
DELHIN08520,RASHTRIYA PRACHAND AWAZ TIMES,राष्ट्रीय प्रचंड आवाज़ टाइम्स,70908.0,70908/ 99,J.K. RATHORE,DEL,DELHI,D
DELHIN08894,TANUL TIMES,nan,68219.0,68219/ 98,SUNIL KUMAR,DEL,DELHI,D
DELURD02879,THAQAFAT TIMES,THAQAFAT TIMES,106259.0,DELURD/2010/33702,ZILLUR RAHMAN,DEL,DELHI,D
DELHIN15633,KHULASA TIMES,खुलासा टाइम्स,100181.0,DELHIN/2008/27624,ASHFAQ KHAN,DEL,DELHI,D
DELHIN12804,ASHOKA TIMES,nan,89663.0,DELHIN/2006/17106,ASHOK KUMAR,DEL,DELHI,D
DELHIN00226,AMAR TIMES,nan,47442.0,47442/ 88,KRISHNA PARASHER,DEL,DELHI,D
DELURD01052,PRACHEEN TIMES,nan,47333.0,47333/ 88,ADARSH KUMAR,DEL,DELHI,D
DELHIN28697,NAVYUG TIMES,नवयुग टाइम्स,141033.0,DELHIN/2016/68478,PRAVEEN KUMAR,DEL,DELHI,D
DELHIN27507,SAAMNA TIMES,nan,124052.0,DELHIN/2013/51497,SHIV DARSHAN PRAKASHAN,DEL,DELHI,D
DELPUN00598,GRAMPATH TIMES,nan,111052.0,DELPUN/2011/38495,DEVENDRA PRASAD,DEL,DELHI,D
DELHIN16179,TIRTHRAJ TIMES,तीर्थराज टाइम्स,107110.0,DELHIN/2010/34553,G. P. TIWARI,DEL,DELHI,D
DELHIN16459,PARDAFASH TIMES,nan,112325.0,DELHIN/2011/39768,C. CHANDRA,DEL,DELHI,D
DELENG15520,IMPARTIAL TIMES,nan,96741.0,DELENG/2006/24184,USHA SHARMA,DEL,DELHI,D
DELHIN27262,BHARAT TIMES SAJAG,nan,115218.0,DELHIN/2012/42661,RAJESH KUMAR,DEL,DELHI,D
DELENG17861,THE COUNTRY TIMES,nan,109319.0,DELENG/2011/36762,VISHNU PUROHIT,DEL,DELHI,D
DELBIL07276,SHREE JI TIMES,nan,57373.0,57373/ 94,SHREE JI PRAKASHAN,DEL,DELHI,D
DELHIN29114,RISHABH TIMES,nan,,nan,PROPKAR CHARITABLE TRUST,DEL,DELHI,D
DELENG11064,CHARHDIKALA BUSINESS TIMES,nan,62078.0,62078/ 95,CHARHDIKALA PRINTING PRESS PVT. LTD.,DEL,DELHI,D
DELHIN15163,CITY TIMES,सिटी टाइम्स,96837.0,DELHIN/2008/24280,M C I 5 MEDIA COMMUNICATION PVT. LTD,DEL,DELHI,D
DELHIN15848,TANUL TIMES,nan,69003.0,69003/ 98,SUNIL KUMAR,DEL,DELHI,D
DELENG17442,THE IMPRESSIVE TIMES,nan,107544.0,DELENG/2010/34987,MANOJ KUMAR MANDAL,DEL,DELHI,D
DELHIN05454,GUARDIAN SANDHYA TIMES,गार्डियन संध्या टाइम्स,72719.0,DELHIN/1999/00162,M/S GUARDIAN PUBLICATIONS PVT. LTD.,DEL,DELHI,D
DELHIN08803,ANMOL SAHIBA TIMES,nan,69975.0,69975/ 98,BHUPENDRA JUNEJA,DEL,DELHI,D
DELURD02824,SAFA TIMES,nan,99486.0,DELURD/2008/26929,HABIBUR RAHMAN,DEL,DELHI,D
DELHIN08320,PRASHANT DEEP TIMES,प्रशांत दीप टाइम्स,67506.0,67506/ 97,A.K.AGARWAL,DEL,DELHI,D
DELHIN16077,DABAS TIMES,डबास टाइम्स,102568.0,DELHIN/2009/30011,REKHA,DEL,DELHI,D
DELHIN27156,SANKHLA TIMES,nan,115753.0,DELHIN/2012/43196,HARIRAM,DEL,DELHI,D
DELHIN07770,JVG TIMES,nan,63617.0,63617/ 96,JVG PUBLICATIONS LTD.,DEL,DELHI,D
DELHIN12353,JAI VARDHMAN TIMES,जय वर्द्धमान टाइम्‍स,85289.0,DELHIN/2004/12732,BHARTIYA JAN VIKAS SANSTHA,DEL,DELHI,D
DELENG06915,THE TIMES OF INDIA,द टाइम्स ऑफ़ इंडिया,508.0,508/ 57,"BENNETT, COLEMAN & CO.LTD",DEL,DELHI,D
DELENG18425,GURGAON TIMES OF INDIA,गुडगांव टाइम्स ऑफ़ इंडिया,120712.0,DELENG/2013/48156,"BENNETT, COLEMAN & CO.LTD",DEL,DELHI,D
DELHIN11503,BHARAT TIMES SOWBHAGYA,nan,79342.0,DELHIN/2001/06785,SUSHMA RANI,DEL,DELHI,D
DELHIN11796,SHAH TIMES,nan,81058.0,DELHIN/2002/08501,M/S SHAH PUBLICATION PVT LTD,DEL,DELHI,D
DELHIN06735,THE INDIA SUN TIMES,nan,55797.0,55797/ 93,ROMEO,DEL,DELHI,D
DELENG18765,THE HERALD TIMES,nan,55780.0,55780/ 93,MOHD.ASLAM QURESHI,DEL,DELHI,D
DELENG01778,THE ECONOMIC TIMES,दिž इकॉनोमिžक टाइम्žस,26749.0,26749/ 74,"BENNETT, COLEMAN & CO. LTD.",DEL,DELHI,D
DELURD02943,ZOHAIR TIMES,nan,119379.0,DELURD/2012/46822,AFSHEEN,DEL,DELHI,D
DELHIN12558,PARICHAY TIMES,परि‍चय टाइम्‍स,85590.0,DELHIN/2004/13033,YOGESH SHARMA,DEL,DELHI,D
DELHIN12739,SANDHYA EXPOSE TIMES,nan,85984.0,DELHIN/2004/13427,PRADEEP MAHAJAN,DEL,DELHI,D
DELHIN10971,G.T.B.TIMES,nan,80373.0,DELHIN/2001/07816,SANJEEV JAIN,DEL,DELHI,D
DELURD02747,TYAGI TIMES,त्यागी टाइम्स,95922.0,DELURD/2008/23365,DHARM PAL TYAGI,DEL,DELHI,D
DELURD02749,URDU TIMES,nan,97307.0,DELURD/2008/24750,SAEED AHMED MOHAMMED NAZEER,DEL,DELHI,D
DELHIN27830,MEGA TIMES NEWS,मेगा टाइम्स न्यूज,127723.0,DELHIN/2014/55168,PAWAN KUMAR,DEL,DELHI,D
DELHIN28474,DINANK TIMES,दिनांक टाइम्स,139267.0,DELHIN/2016/66712,SANTOSH AHLUWALIA,DEL,DELHI,D
DELHIN15887,RASTRA TIMES,nan,59301.0,59301/ 94,DYASHANKER CHATURVEDI,DEL,DELHI,D
DELENG19405,THE YAM TIMES,nan,142817.0,DELENG/2016/70262,MIR FIRASATH ALI BAQRI,DEL,DELHI,D
DELHIN27903,HIMANSHI TIMES,हिमांशी टाइम्स,131844.0,DELHIN/2014/59289,KOMAL,DEL,DELHI,D
DELHIN28208,RAJORA TIMES,राजौरा टाइम्स,136561.0,DELHIN/2015/64006,RAKESH RAJORA,DEL,DELHI,D
DELENG16580,THE SIKH TIMES,द सिख टाइम्स,98022.0,DELENG/2008/25465,SIMMI BABBAR,DEL,DELHI,D
DELENG17048,PROMPT TIMES,nan,98639.0,DELENG/2008/26082,SATYA DEV TIWARI,DEL,DELHI,D
DELENG17479,BIC TIMES,बीआईसी टाइम्स,100959.0,DELENG/2009/28402,NAVIN PAL SINGH BHAN,DEL,DELHI,D
DELENG17742,PAN ASIA TIMES,nan,109051.0,DELENG/2010/36494,PRELUDE MEDIA & COMMUNICATION PVT. LTD.,DEL,DELHI,D
DELENG18252,PREMIUM TIMES,nan,118554.0,DELENG/2012/45997,AJAY KUMAR,DEL,DELHI,D
DELENG18607,NOIDA TIMES OF INDIA,नॉएडा टाइम्स ऑफ़ इंडिया,129243.0,DELENG/2014/56688,"BENNETT, COLEMAN & CO.LTD",DEL,DELHI,D
DELENG18771,DELHI LAW TIMES,nan,10448.0,10448/ 66,PRADEEP BAHL,DEL,DELHI,D
DELBIL08123,GABBAR TIMES,गब्बर टाइम्स,140955.0,DELBIL/2016/68400,PRABHJOT SINGH,DEL,DELHI,D
DELHIN05349,NEWS LINE TIMES,nan,53391.0,53391/ 91,VIJAY KUMAR GIRDHAR,DEL,DELHI,D
DELURD02942,KHADIJA TIMES,nan,119381.0,DELURD/2012/46824,SARA KHATOON,DEL,DELHI,D
DELURD03175,ZEBA TIMES,nan,,UR,MASEEHUDDIN,DEL,DELHI,D
DELHIN12835,SHASAN TIMES,nan,87147.0,DELHIN/2005/14590,SHASAN TIMES,DEL,DELHI,D
DELHIN13118,SHASTRI TIMES,शास्त्री टाइम्स,88180.0,DELHIN/2005/15623,POOJA PUBLICATION,DEL,DELHI,D
DELHIN14756,CHETAN TIMES,चेतन टाइम्स,93123.0,DELHIN/2007/20566,DR. CHETAN GUPTA,DEL,DELHI,D
DELHIN15978,SHILPKAR TIMES,शिल्पकार टाइम्स,101690.0,DELHIN/2009/29133,CHANDRA BALLABH,DEL,DELHI,D
DELHIN16032,TRUE TIMES,nan,112573.0,DELHIN/2009/40016,AKHILESH PANDEY,DEL,DELHI,D
DELHIN27648,NAVODAYA TIMES,nan,124866.0,DELHIN/2013/52311,PUNJAB KESARI PUBLISHING HOUSE PVT LTD,DEL,DELHI,D
DELHIN29050,TOWN HALL TIMES,nan,157844.0,DELHIN/2022/85289,SURENDER KUMAR,DEL,DELHI,D
DELHIN12794,DESH BHAKT TIMES,nan,85990.0,DELHIN/2004/13433,K. SATYANARAYANA,DEL,DELHI,D
DELHIN09914,HIRA TIMES,nan,74128.0,DELHIN/1999/01571,SUBHASH C. GUPTA,DEL,DELHI,D
DELHIN05512,NAVBHARAT TIMES,नवभारत टाइम्स,510.0,510/ 57,"BENNETT, COLEMAN & CO.LTD",DEL,DELHI,D
DELENG06912,HINDUSTAN TIMES,हिंदुस्तान टाइम्स,503.0,503/ 57,HT MEDIA LTD,DEL,DELHI,D
DELHIN16297,SWABHIMAN TIMES,स्वाभिमान टाइम्स,106426.0,DELHIN/2010/33869,BIG BROADCASTING & MULTIMEDIA CORPORATION LIMITED,DEL,DELHI,D
DELENG18386,TODAY TIMES,nan,119478.0,DELENG/2012/46921,PRADEEP KUMAR,DEL,DELHI,D
DELENG02435,HINDUSTAN TIMES EVENING NEWS,हिंदुस्तान टाइम्स इवनिंग न्यूज़,504.0,504/ 57,THE HINDUSTAN TIMES,DEL,DELHI,D
DELENG18048,NEWSPULSE TIMES,nan,111178.0,DELENG/2011/38621,AKHILESH KUMAR,DEL,DELHI,D
DELHIN07706,DHARMATMA TIMES,nan,65399.0,65399/ 97,RAJNISH KUMAR SINHA,DEL,DELHI,D
DELHIN07816,URJA TIMES,nan,63406.0,63406/ 96,SHIV SHANKAR TRIPATHI,DEL,DELHI,D
DELHIN27838,THE HERALD TIMES,द हेराल्ड टाइम्स,129021.0,DELHIN/2014/56466,MOHD ASLAM QURESHI,DEL,DELHI,D
DELURD02645,RABTA TIMES,nan,96988.0,DELURD/2007/24431,AYAAN PUBLICATION PVT. LTD.,DEL,DELHI,D
DELHIN28528,PRARTHNA TIMES,प्रार्थना टाइम्स,140979.0,DELHIN/2016/68424,GIRISH JUYAL,DEL,DELHI,D
DELPUN00592,TEGIA TIMES,TEGIA TIMES,106542.0,DELPUN/2010/33985,SHALEENA KHATOON,DEL,DELHI,D
DELURD02818,JAMHURIYAT TIMES,जम्हूरियत टाइम्स,104108.0,DELURD/2010/31551,DIGVIJAY SINGH,DEL,DELHI,D
DELURD02889,PRASHANT DEEP TIMES,प्रशांत दीप टाइम्स,104551.0,DELURD/2009/31994,A.K. AGARWAL,DEL,DELHI,D
DELHIN15464,DHAMAKA TIMES,धमाका टाइम्स,96428.0,DELHIN/2008/23871,JYOTI GROVER,DEL,DELHI,DE
DELENG07675,PRIME TIMES,nan,53557.0,53557/ 92,SUSHIL BHATIA,DEL,DELHI,F
DELHIN15340,LAXMI KUDARATI TIMES,लक्ष्मी कुदरती टाइम्स,98325.0,DELHIN/2008/25768,SIYARAM SHARAN,DEL,DELHI,F
DELHIN07251,O K JAIN TIMES,nan,59296.0,59296/ 94,KUSUM JAIN,DEL,DELHI,F
DELHIN12899,TEZAB TIMES,तेजाब टाइम्‍स,90711.0,DELHIN/2005/18154,MUKESH KUMAR,DEL,DELHI,F
DELHIN13214,PANJTAN TIMES,nan,88593.0,DELHIN/2005/16036,AAFAK HUSSAIN,DEL,DELHI,F
DELHIN11922,BHARAT TIMES SAJAG,nan,82907.0,DELHIN/2003/10350,RAJESH KUMAR,DEL,DELHI,F
DELHIN12254,ODIONS TIMES,nan,84603.0,DELHIN/2003/12046,NEETU,DEL,DELHI,F
DELPUN00422,COMING TIMES,nan,57405.0,57405/ 94,BHARPUR SINGH BALBIR,DEL,DELHI,F
DELHIN28641,AMAR PARDESI TIMES,अमर परदेशी टाइम्स,141969.0,DELHIN/2016/69414,AMAR PARDESI,DEL,DELHI,F
DELHIN06801,VIJAY LAXMI TIMES,nan,59434.0,59434/ 95,VIJAY LAXMI,DEL,DELHI,F
DELHIN07060,PRITI NEWS TIMES,nan,57379.0,57379/ 94,POOJA VERMA,DEL,DELHI,F
DELENG02833,INDOPLAST TIMES,nan,26770.0,26770/ 74,RANJAN HANDA,DEL,DELHI,F
DELBIL05255,AAPKA ADHIKAR TIMES,आपका अधिकार टाइम्स,81359.0,DELBIL/2002/08802,LAKHAN SINGH,DEL,DELHI,F
DELHIN28001,SADHNA NEWS TIMES,साधना न्यूज टाईम्स,133446.0,DELHIN/2015/60891,SACHIN GUPTA,DEL,DELHI,F
DELHIN27765,KAROBAR TIMES,nan,126518.0,DELHIN/2013/53963,JAYNIWAS LAL SINGH,DEL,DELHI,F
DELBIL02744,KIRAN SURIYA TIMES,nan,53545.0,53545/ 92,KIRAN BAGGA,DEL,DELHI,F
DELHIN01453,FILM TIMES,nan,7375.0,7375/ 63,K.KUMAR,DEL,DELHI,F
DELBIL11641,SYNAO TIMES,nan,154031.0,DELBIL/2019/81476,SYNAO INFRATECH & MANAGEMENT SERVICES PRIVATE LIMITED,DEL,DELHI,F
DELBIL07989,MISSION NAV DRISHTI TIMES,मिशन नवदृष्टि टाइम्स,131799.0,DELBIL/2014/59244,SANJAY SINGHAL,DEL,DELHI,F
DELHIN15901,JAN AKASH TIMES,nan,64528.0,64528/ 96,VIPIN BHARDWAJ,DEL,DELHI,F
DELHIN10819,DIVYA DARBAR TIMES,nan,77938.0,DELHIN/2001/05381,PREM DUTT SHARMA,DEL,DELHI,F
DELHIN28558,RAJPATH TIMES,राजपथ टाइम्‍स,148064.0,DELHIN/2016/75509,MANOJ KUMAR SINHA,DEL,DELHI,F
DELHIN27258,JOSHILA TIMES,nan,115201.0,DELHIN/2012/42644,SURESH CHAND KAUSHIK,DEL,DELHI,F
DELHIN12895,NEW LIGHT TIMES,न्यू लाइट टाइम्स,87376.0,DELHIN/2005/14819,GAURAV KUMAR,DEL,DELHI,F
DELHIN08761,RANDOLI TIMES,nan,68201.0,68201/ 98,PARVANA RUDAULVI,DEL,DELHI,F
DELBIL07027,ASHOK VIHAR TIMES,nan,98579.0,DELBIL/2008/26022,NEENA JAIN,DEL,DELHI,F
DELBIL07029,CHATURDISHA TIMES,nan,99456.0,DELBIL/2008/26899,VIMAL VERMA,DEL,DELHI,F
DELBIL04878,PANUN TIMES,nan,79017.0,DELBIL/2002/06460,RAVINDRA KUMAR,DEL,DELHI,F
DELHIN06959,VIDHYALYA TIMES,nan,57287.0,57287/ 94,ASHA GARG,DEL,DELHI,F
DELHIN07067,NETA TIMES,nan,59330.0,59330/ 94,RAKESH KHANNA,DEL,DELHI,F
DELHIN04367,SARIKA TIMES,nan,50789.0,50789/,ANANT P DEHADRAI,DEL,DELHI,F
DELBIL04536,ALEE TIMES,ALEE TIMES,77259.0,DELBILA2000/04702,ALEE CLUB,DEL,DELHI,F
DELBIL04583,BHARAT TIMES SOWBHAGYA,nan,77108.0,DELBIL/2001/04551,SUSHMA RANI,DEL,DELHI,F
DELBIL03762,THE GUTKA TIMES,nan,68270.0,68270/ 98,JAI DEV,DEL,DELHI,F
DELBIL03159,'M'TIMES,nan,61852.0,61852/ 94,VIVEK SHARMA,DEL,DELHI,F
DELHIN12268,DELHI VIGILENCE TIMES,दिल्ली विजिलेंस टाइम्स,84347.0,DELHIN/2004/11790,VINITA,DEL,DELHI,F
DELHIN12592,CURRENT JANWAKTA TIMES,करंट जनवक्ता टाइम्स,89664.0,DELHIN/2006/17107,Y.P. SINGH,DEL,DELHI,F
DELENG13874,TAIMA TIMES,nan,87083.0,DELENG/2004/14526,FIROZ GANDHI,DEL,DELHI,F
DELHIN09977,SEARCH POLE TIMES,nan,72930.0,DELHIN/1999/00373,S.HASSAN,DEL,DELHI,F
DELHIN10184,QUTUB TIMES,nan,74385.0,DELHIN/2000/01828,RENU VERMA,DEL,DELHI,F
DELHIN08026,KALKI TIMES,nan,63692.0,63692/ 96,KHEMCHANDRA PURI,DEL,DELHI,F
DELHIN15565,OHM SAINATH TIMES,nan,99068.0,DELHIN/2008/26511,NEELKANTH PUBLICATIONS,DEL,DELHI,F
DELHIN10785,SAHARA OF TIMES,nan,76894.0,DELHIN/2001/04337,MOHMAD RAZA,DEL,DELHI,F
DELHIN11168,AGRAWAL TIMES,nan,78005.0,DELHIN/2001/05448,NANAKCHAND JAIN,DEL,DELHI,F
DELHIN28555,VIJAY GHOSH TIMES,विजय घोष टाइम्स,141068.0,DELHIN/2016/68513,HARSH GAUTAM,DEL,DELHI,F
DELHIN28481,VISHWA BHAICHARA TIMES,विश्व भाईचारा टाइम्स,138937.0,DELHIN/2016/66382,MOHAMMED BILAL,DEL,DELHI,F
DELHIN12272,MULNIVASI TIMES,nan,83942.0,DELHIN/2003/11385,BAMCEF,DEL,DELHI,F
DELHIN12299,BHADAVAR TIMES,nan,84951.0,DELHIN/2003/12394,AVDHESH SINGH BHADO-,DEL,DELHI,F
DELHIN12508,KHILONA TIMES,nan,85672.0,DELHIN/2004/13115,MEENU SHARMA,DEL,DELHI,F
DELHIN12532,NYAY TIMES,nan,86437.0,DELHIN/2004/13880,JASBIR SINGH,DEL,DELHI,F
DELHIN11837,MATRABHUMI RAKSHA DAL TIMES,nan,81814.0,DELHIN/2003/09257,RITA GOSWAMI,DEL,DELHI,F
DELBIL04377,DWARKA TIMES,nan,75157.0,DELBIL/2000/02600,PAWAN JAIN,DEL,DELHI,F
DELHIN02977,NAI AAKANSHA TIMES,nan,47358.0,47358/ 88,MOHD.TARIQ SIDDIQUI,DEL,DELHI,F
DELURD02496,TIMES-AKHBAR,nan,85601.0,DELURD/2004/13044,SHAMIM AKHTAR,DEL,DELHI,F
DELBIL01930,SHREEJO TIMES,nan,50792.0,50792/ 90,MAM CHAND JAIN,DEL,DELHI,F
DELHIN27580,KRISHNA AVTAR TIMES,nan,123895.0,DELHIN/2013/51340,SANJAY GUPTA,DEL,DELHI,F
DELHIN11377,TAREEN TIMES,nan,79395.0,DELHIN/2002/06838,AASHKAR TAREEN,DEL,DELHI,F
DELENG18121,THE AMBULANCE TIMES,nan,114515.0,DELENG/2012/41958,SATISH KUMAR BHARDWAJ,DEL,DELHI,F
DELBIL05928,KAROLBAGH TIMES,करोल बाग टाइम्‍स,91124.0,DELBIL/2006/18567,Y.K. SHARMA,DEL,DELHI,F
DELHIN09235,DELHI BOLLYWOOD TIMES,nan,70342.0,70342/ 99,JOGENDRA MAAN,DEL,DELHI,F
DELENG17351,T.V. CHANNELS PROGRAMME TIMES,nan,67265.0,67265/ 97,SANJEEV VASHISHT,DEL,DELHI,F
DELENG02643,IMPEX TIMES,nan,40678.0,40678/ 83,IMPEX TIMES FIRM,DEL,DELHI,F
DELHIN06675,DASHMESH TIMES,nan,57212.0,57212/ 93,BALDEV SINGH GUJRAL,DEL,DELHI,F
DELHIN06837,PRACHEEN TIMES,nan,57333.0,57333/ 94,ADARSH KUMAR,DEL,DELHI,F
DELHIN07446,A.B.C. THE TIMES,nan,63455.0,63455/ 96,SATVINDER PAL SINGH,DEL,DELHI,F
DELHIN07047,THE MAYOR TIMES,nan,57444.0,57444/ 94,AQUIL AHMAD,DEL,DELHI,F
DELHIN10430,BHAVNISH TIMES,nan,78021.0,DELHIN/2001/05464,BHAVNEESH SINGH,DEL,DELHI,F
DELHIN11204,MARVEL TIMES,nan,78931.0,DELHIN/2001/06374,RAJENDRA PRASAD SHARMA,DEL,DELHI,F
DELHIN10097,RASHTRAWADI BHRASHTACHAR SEARCH TIMES,nan,73224.0,DELHIN/2000/00667,J.N.PUBLICATION,DEL,DELHI,F
DELENG13431,BEAUTIQUE TIMES,nan,82463.0,DELENG/2003/09906,INDIA LINK LTD.,DEL,DELHI,F
DELHIN11369,GANGA JAMUNA TIMES,nan,82775.0,DELHIN/2002/10218,KIRAN GUPTA,DEL,DELHI,F
DELENG10736,COMMERCIAL BUREAU TIMES,nan,68774.0,68774/ 98,CHETAN BAKSHI,DEL,DELHI,F
DELHIN13926,SHRI KALKA TIMES,श्री कालका टाइम्‍स,90477.0,DELHIN/2006/17920,RAKESH BHARDWAJ,DEL,DELHI,F
DELHIN15979,DILLI PARAVARTAN TIMES,दिल्ली परावर्तन टाइम्स,103847.0,DELHIN/2010/31290,DINESH KUMAR,DEL,DELHI,F
DELENG04213,NEWAGE TIMES,nan,49242.0,49242/ 89,ALLIED ENTERPRISES,DEL,DELHI,F
DELBIL04960,SOCIAL TIMES,nan,82316.0,DELBIL/2003/09759,AJEET SINGH,DEL,DELHI,F
DELBIL06405,ROUNAK TIMES,रौनक टाइम्स,91795.0,DELBIL/2006/19238,AJAY SHARMA,DEL,DELHI,F
DELHIN12834,JANMITRA TIMES,nan,87628.0,DELHIN/2005/15071,DEVPAL SINGH CHAUHAN,DEL,DELHI,F
DELHIN27919,URBAN TIMES,अरबन टाइम्स,135565.0,DELHIN/2014/63010,INDERJEET SHARMA,DEL,DELHI,F
DELHIN15605,KAUSTAV TIMES,कौस्तव टाइम्स,98248.0,DELHIN/2008/25691,VIKAS VERMA,DEL,DELHI,F
DELHIN14914,TAMSO MAA TIMES,तमसो मा टाइम्स,94923.0,DELHIN/2007/22366,TRIBHUVAN PODDAR,DEL,DELHI,F
DELHIN07682,WORLD SOCIETY TIMES,nan,63083.0,63083/ 96,RAJESH SHARMA,DEL,DELHI,F
DELENG09090,CUSTOM & EXCISE LAW TIMES,nan,59311.0,59311/ 94,ANIL KUMAR,DEL,DELHI,F
DELENG18502,E CONSULTANT CAREER TIMES,nan,124818.0,DELENG/2013/52263,ASHOK KUMAR GARG,DEL,DELHI,F
DELHIN16244,TAHIRPUR TIMES,ताहिरपुर टाइम्स,106660.0,DELHIN/2010/34103,MUKESH KUMAR,DEL,DELHI,F
DELHIN05343,NAV PRATYASHA TIMES,nan,53366.0,53366/ 91,ASHA PUBLICATION & COMMUNICATION,DEL,DELHI,F
DELHIN10869,SIMRAN TIMES,nan,79311.0,DELHIN/2002/06754,SATNAM KAUR,DEL,DELHI,F
DELHIN11035,DHAMAKA TIMES,nan,77094.0,DELHIN/2001/04537,JYOTI GROVER,DEL,DELHI,F
DELHIN12788,SPORT TIMES,nan,87181.0,DELHIN/2004/14624,AASIF ZUBAIR,DEL,DELHI,F
DELHIN12827,JURM TIMES,nan,88617.0,DELHIN/2004/16060,SHASHIUTTAM KUMAR,DEL,DELHI,F
DELHIN12157,JANVEDNA TIMES,जनवेदना टाइम्स,89151.0,DELHIN/2006/16594,MUKESH CHAND GUPTA,DEL,DELHI,F
DELHIN13349,IMANDAR TIMES,ईमानदार टाइम्स,89806.0,DELHIN/2005/17249,DILIP KUMAR GUPTA,DEL,DELHI,F
DELHIN06787,DELHI GRAMIN TIMES,nan,57292.0,57292/ 94,NARESH KUMAR GUPTA,DEL,DELHI,F
DELHIN27541,VISHWADHARMA TIMES,nan,121768.0,DELHIN/2013/49213,ROHIT SHARMA,DEL,DELHI,F
DELHIN28754,KEY LINE TIMES,की लाइन टाइम्स,145083.0,DELHIN/2017/72528,RAMKUMAR JAIN,DEL,DELHI,F
DELBIL01325,NASHA MUKTI TIMES,nan,50770.0,50770/ 88,HARISH BHALLA,DEL,DELHI,F
DELBIL02514,INDIA TAX TIMES,nan,55551.0,55551/ 92,DELHI TAX TIMES (P) LTD.,DEL,DELHI,F
DELBIL03062,COMMNUCATION TIMES,nan,57398.0,57398/ 94,MANOJ KUMAR GUPTA,DEL,DELHI,F
DELENG11685,AVIATION TIMES,nan,73030.0,DELENG/1999/00473,FRANKFINN MANAGEMENT CONSULTANTS,DEL,DELHI,F
DELBIL06309,COURIER COMMUNICATION TRANSPORT TIMES,कोरियर कम्यूनिकेशन ट्रांसपोर्ट टाइम्स,90986.0,DELBIL/2006/18429,PRABHAT HUKKU,DEL,DELHI,F
DELBIL06518,JASARAT TIMES,जसारत,91034.0,DELBIL/2006/18477,SYED AFZAL HUSAIN,DEL,DELHI,F
DELHIN10135,HALLA BOL TIMES,nan,78317.0,DELHIN/1999/05760,ANOOP SAGAR,DEL,DELHI,F
DELHIN10403,INDIA MILLENIUM TIMES,nan,75062.0,DELHIN/2000/02505,PT.KASHIPRASAD SHARMA,DEL,DELHI,F
DELHIN13829,WAJOOD TIMES,वजूद टाईम्स,94432.0,DELHIN/2007/21875,SOHAIL KHAN,DEL,DELHI,F
DELHIN14038,SPARSH TIMES,स्‍पर्श टाइम्‍स,93427.0,DELHIN/2006/20870,RAJENDRA KUMAR,DEL,DELHI,F
DELENG08703,RUPEE TIMES,nan,61342.0,61342/ 95,VINOD KUMAR,DEL,DELHI,F
DELHIN27721,NEWS TIMES OF RESEARCH,न्यूज टाईम्स ऑफ रिसर्च,127272.0,DELHIN/2014/54717,MUKESH KUMAR SHARMA,DEL,DELHI,F
DELHIN27770,AARADHANA TIMES,आराधना टाइम्स,128544.0,DELHIN/2014/55989,NEERAJ PIPLANI,DEL,DELHI,F
DELHIN11067,THE SAMAY KA TEHALKA TIMES,nan,81907.0,DELHIN/2003/09350,JYOTI GROVER,DEL,DELHI,F
DELHIN10500,AJOOBA TIMES,nan,77313.0,DELHIN2001/04756,AVINASH PURI,DEL,DELHI,F
DELBIL08046,UNISON TIMES,nan,135617.0,DELBIL/2015/63062,RAHUL TYAGI,DEL,DELHI,F
DELHIN12703,JANAK PURI TIMES,nan,87527.0,DELHIN/2005/14970,DR. I.P. SINGH,DEL,DELHI,F
DELHIN12638,VISVA BHARTI TIMES,विश्व भारती टाइम्स,86867.0,DELHIN/2004/14310,C.P. SINGH,DEL,DELHI,F
DELHIN13743,CHINGHAR TIMES,चिंघाड़ टाइम्स,89687.0,DELHIN/2006/17130,BHAGAT SINGH,DEL,DELHI,F
DELHIN11985,LOVELY TIMES,nan,84470.0,DELHIN/2003/11913,R.P.MALIK,DEL,DELHI,F
DELENG18555,THE TIMES OF UNIVERSE,nan,122750.0,DELENG/2013/50195,SATISH KUMAR,DEL,DELHI,F
DELHIN16069,JAN SEWA TIMES,जनसेवा टाईम्स,102459.0,DELHIN/2009/29902,M.D.PANDEY,DEL,DELHI,F
DELENG05563,THE SEVEN SISTERS TIMES,nan,69367.0,69367/ 98,G. MOLECULE SHARMA,DEL,DELHI,F
DELHIN07991,LOK PRIYA DILLI TIMES,लोकप्रिय दिल्ली टाइम्स,66096.0,66096/ 97,JASBIR ARYA,DEL,DELHI,F
DELHIN06929,SHAKURBASTI TIMES,शकूरबस्ती टाइम्स,59239.0,59239/ 93,R P MITTAL,DEL,DELHI,F
DELHIN06935,COMING TIMES,nan,57407.0,57407/ 94,BHARPUR SINGH BALBIR,DEL,DELHI,F
DELHIN04049,VIKRETA TIMES,nan,42976.0,42976/ 84,SHIV PRASHAD GARG,DEL,DELHI,F
DELHIN08911,DELHI SAMARPAN TIMES,nan,69089.0,69089/ 98,RAJENDRA KHARRA,DEL,DELHI,F
DELHIN09714,WARIDHI TIMES,nan,61854.0,61854/ 95,DR. PRAMOD KUMAR,DEL,DELHI,F
DELHIN14076,HILL TIMES,हिल टाइम्स,98003.0,DELHIN/2008/25446,DEEP CHANDRA KANDPAL,DEL,DELHI,F
DELBIL01214,MARRIAGE TIMES,nan,34662.0,34662/ 80,RANA ASHOK KUMAR BHATNAGAR,DEL,DELHI,F
DELBIL03156,BRAHMA JAGRUTI TIMES,nan,61959.0,61959/ 95,L.N.SHARMA,DEL,DELHI,F
DELBIL04116,RASHTRAWADI TIMES,nan,70999.0,70999/ 99,CHANDRA JYOTI PRAKASHAN PVT LTD.,DEL,DELHI,F
DELHIN28995,SUPER EKTA TIMES,सुपर एकता टाइम्स,158810.0,DELHIN/2022/86255,SHABNAM KHAN,DEL,DELHI,F
DELBIL07519,THE NAVRAJ TIMES,nan,109839.0,DELBIL/2011/37282,RAJIV RATAN,DEL,DELHI,F
DELBIL07556,SHRI VAIBHAV LAXMI TIMES,nan,111538.0,DELBIL/2011/38981,DHARMEDERA KUMAR,DEL,DELHI,F
DELBIL06032,THE GAURSONS TIMES,द् गौड़सन्‍स टाइम्‍स,88972.0,DELBIL/2006/16415,GAURSONS INDIA PVT. LTD.,DEL,DELHI,F
DELBIL06596,THE JANBHAWNA TIMES,द् जन भावना टाइम्स,94186.0,DELBIL/2007/21629,ADITYA VASHISTHA,DEL,DELHI,F
DELENG11151,THE GREW-ON TIMES,nan,64686.0,64686/ 95,BULLS & BEAR(STOCK BROKERS LTD),DEL,DELHI,F
DELHIN13879,SAARTHI TIMES,सारथी टाइम्स,97931.0,DELHIN/2008/25374,LAL SINGH BISHT,DEL,DELHI,F
DELHIN13921,SARKAR TIMES,सरकार टाइम्स,89520.0,DELHIN/2006/16963,RAJBAHADUR JAIN (JAINI SAHAB),DEL,DELHI,F
DELENG01561,DIPLOMATIC TIMES,nan,49334.0,49334/ 89,MOHIT SETHI,DEL,DELHI,F
DELENG01873,EXCISE LAW TIMES,उाक,28984.0,28984/ 77,CENTAX LAW PUBLICATIONS PVT.LTD.,DEL,DELHI,F
DELENG01885,EX-IMP-TIMES,nan,36889.0,36889/ 79,ANIL KUMAR,DEL,DELHI,F
DELENG04099,NRI TIMES,nan,45873.0,45873/ 86,A.G.B. PRINTS & PUBLISHING CENTRE,DEL,DELHI,F
DELENG13555,SIDRA TIMES,nan,82393.0,DELENG/2003/09836,SAJID UBAID,DEL,DELHI,F
DELHIN11526,KRAMODAY TIMES,nan,80020.0,DELHIN/2002/07463,NARESH PRASAD,DEL,DELHI,F
DELHIN12151,SRI RAM JEE TIMES,nan,83641.0,DELHIN/2003/11084,NIRDESH JAIN,DEL,DELHI,F
DELHIN09565,PARBAT TIMES,nan,16210.0,16210/ 67,OMKAR SINGH,DEL,DELHI,F
DELHIN16271,MUKTI TIMES,मुक्ति टाइम्स,107395.0,DELHIN/2010/34838,RAJESH PARCHA,DEL,DELHI,F
DELBIL02966,ILLUSTRATED TIMES,nan,59221.0,59221/ 94,SAMIR KUMAR,DEL,DELHI,F
DELBIL00665,THE FRANK TIMES,nan,47223.0,47223/ 87,KRISHNA VERMA,DEL,DELHI,F
DELBIL00965,JANSAMPRAK TIMES,nan,47378.0,47378/ 88,BIMAL VAID,DEL,DELHI,F
DELMUL00860,VIEWS TIMES,nan,86962.0,DELMUL/2004/14405,RAJENDRA PRASAD,DEL,DELHI,F
DELHIN28054,JAN SAMITI TIMES,जन समिति टाइम्स,135039.0,DELHIN/2015/62484,RAM GOPAL KANDA,DEL,DELHI,F
DELURD02566,THE AQULLIAT TIMES,द अक्लियत टाइम्स,94196.0,DELURD/2007/21639,NAFIS AHMED KHAN,DEL,DELHI,F
DELHIN00277,ANITA TIMES,nan,40634.0,40634/ 83,RAJ BAHADUR JAIN,DEL,DELHI,F
DELHIN07831,THE TIMES PARIVAR,nan,63464.0,63464/ 96,"BENNETT, COLEMAN & CO.LTD",DEL,DELHI,F
DELHIN08027,RASHTRIYA TIMES,राष्‍ट्रीय टाइम्‍स,63758.0,63758/ 96,MOHAN SHARMA,DEL,DELHI,F
DELHIN08157,SAMAYA SRIJAN TIMES,nan,65019.0,65019/ 96,USHA SHARMA,DEL,DELHI,F
DELHIN13727,GURUKUL TIMES,गुरूकुल टाइम्स,90320.0,DELHIN/2006/17763,MANISH BHARDWAJ,DEL,DELHI,F
DELHIN07112,THE WAZIRPUR TIMES,nan,57345.0,57345/ 94,SHYAM SUNDER,DEL,DELHI,F
DELENG07512,WORLD EXPOSTERS AND COLLABARATION TIMES,वर्ल्ड एक्सपोस्टर्स एंड कोलेबोरेशन टाइम्स,53542.0,53542/ 92,ANUP SINGH,DEL,DELHI,HY
DELBIL03481,KADARI TIMES,nan,64590.0,64590/ 96,MOHD. MOYEEN KHAN NIZAMI QADRI,DEL,DELHI,HY
DELENG17686,TIMES STUDY ABROAD,टाइम्स स्टडी अब्रॉड,107258.0,DELENG/2010/34701,"BENNETT, COLEMAN & CO.LTD",DEL,DELHI,HY
DELENG17685,EDUCATION TIMES SCHOOL GUIDE,nan,110222.0,DELENG/2011/37665,"BENNETT, COLEMAN & CO.LTD",DEL,DELHI,HY
DELHIN09871,MAHANAGAR VANSH TIMES,nan,72881.0,DELHIN/1999/00324,SUDESH KUMARI,DEL,DELHI,M
DELENG15933,CHEMPHY TIMES,टाइम्žस,93058.0,DELENG/2007/20501,GAGAN MANOCHA,DEL,DELHI,M
DELBIL08095,THE EXTREME TIMES,nan,137716.0,DELBIL/2015/65161,VANSHIKA ENTERPRISES,DEL,DELHI,M
DELBIL07757,THE KOSHI TIMES,nan,121533.0,DELBIL/2013/48978,VIMMI KRISHNA,DEL,DELHI,M
DELHIN10308,JANE BHI DO YARO TIMES,nan,73894.0,DELHIN/2000/01337,TARANG ANTRA PUBLICATIONS,DEL,DELHI,M
DELHIN10818,DAHAD TIMES,nan,77512.0,DELHIN/2001/04955,SURESH CHAND SHARMA,DEL,DELHI,M
DELHIN11014,BHARTIYA JIWANDHARA TIMES,भारतीय जीवनधारा टाइम्स,77812.0,DELHIN/2001/05255,BHARTIYA JIWANDHARA EDUCATIONAL AND CHARITABLE TRUST,DEL,DELHI,M
DELHIN02267,KARYAKARTA TIMES,nan,49274.0,49274/ 89,K.K. AGARWAL,DEL,DELHI,M
DELENG00694,BUSINESS LAW TIMES,nan,34527.0,34527/ 79,J.D. JAIN,DEL,DELHI,M
DELBIL03783,THE TIMES OF BUSINESS REPORT,nan,75367.0,DELBIL/2000/02810,RAJIV KUMAR,DEL,DELHI,M
DELHIN05442,VIGYAPAN TIMES,nan,53429.0,53429/ 91,DR RAGHUBIR SHARAN,DEL,DELHI,M
DELBIL02540,APOLO NEWS TIMES,nan,53563.0,53563/ 92,RANJAN SINHA,DEL,DELHI,M
DELHIN07130,PANKHURI TIMES,nan,59438.0,59438/ 95,N C GUPTA,DEL,DELHI,M
DELHIN28813,VANIK TIMES,वणिक टाइम्‍स,147691.0,DELHIN/2017/75136,MANOJ K BISARIA,DEL,DELHI,M
DELENG18834,TIMES WORLD TRAVEL,nan,131738.0,DELENG/2014/59183,"BENNETT, COLEMAN & CO.LTD",DEL,DELHI,M
DELHIN28521,DHURANDHAR TIMES,धुरन्धर टाईम्स,144392.0,DELHIN/2016/71837,DHURAN DHAR CHOUHAN,DEL,DELHI,M
DELHIN27910,WEST ZONE TIMES,वैस्ट जोन टाइम्स,129944.0,DELHIN/2014/57389,RUCHI JAIN,DEL,DELHI,M
DELHIN28124,ALP AWAZ TIMES,अल्प आवाज टाईम्स,135543.0,DELHIN/2015/62988,TABREZ AHMED,DEL,DELHI,M
DELHIN28166,MAHABHARAT TIMES,महाभारत टाइम्स,139597.0,DELHIN/2016/67042,SUMIT AGGARWAL,DEL,DELHI,M
DELBIL05279,INDIAN PEACE TIMES,nan,88091.0,DELBIL/2005/15534,RAMESH KUMAR PASSI,DEL,DELHI,M
DELBIL06098,ARIHANT SHIKSHA TIMES,अरि‍हंत शि‍क्षा टाइम्‍स,90995.0,DELBIL/2006/18438,PRAVEEN JAIN,DEL,DELHI,M
DELBIL06618,PHARMA TIMES,nan,96473.0,DELBIL/2008/23916,S.K. SINGH,DEL,DELHI,M
DELBIL07593,SANCHAR TIMES,nan,119537.0,DELBIL/2011/46980,DEHDANI S.K. JAIN,DEL,DELHI,M
DELBIL04722,MAHASHAKTI AHIMSA TIMES,nan,77461.0,DELENG/2001/04904,AHINSA PRIYA SAMAJ,DEL,DELHI,M
DELENG18265,AMBASSADOR TIMES,nan,117618.0,DELENG/2012/45061,SURINDER KERAM,DEL,DELHI,M
DELENG18770,WORLD BROTHERHOOD TIMES,वर्ल्ड ब्रदरहुड टाईम्स,132776.0,DELENG/2014/60221,IQBAL SINGH JAGDEVA,DEL,DELHI,M
DELENG02075,G S T A TIMES,nan,39413.0,39413/ 82,GOVT SCHOOL TEACHERS ASSOCIATION,DEL,DELHI,M
DELHIN28715,KESHAV TIMES,केशव टाइम्स,141529.0,DELHIN/2015/68974,CHANDER MOHAN SHARMA,DEL,DELHI,M
DELHIN28952,TRACKER TIMES,ट्रैकर टाइम्स,156504.0,DELHIN/2021/83949,MADHAV JHA,DEL,DELHI,M
DELMUL01088,BANGLA DESH TIMES,nan,28530.0,28530/ 75,DALER SHERNI,DEL,DELHI,M
DELHIN28615,ALL ZONE TIMES,ऑल जोन टाइम्स,141509.0,DELHIN/2016/68954,RUCHI JAIN,DEL,DELHI,M
DELHIN11828,SHILPI TIMES,nan,82149.0,DELHIN/2003/09592,ASHOK KUMAR,DEL,DELHI,M
DELHIN12898,SANGRAH TIMES,nan,87389.0,DELHIN/2005/14832,MAHESH KUMAR SINGH,DEL,DELHI,M
DELHIN11630,THE TIMES OF ASTROLOGY,nan,80390.0,DELHIN/2002/07833,RAJESHWARI SHANKER,DEL,DELHI,M
DELHIN13184,TANATAN TIMES,nan,89396.0,DELHIN/2006/16839,RAMESH KUMAR,DEL,DELHI,M
DELHIN07673,GUJRAL TIMES,nan,65120.0,65120/ 95,PARAMJIT SINGH,DEL,DELHI,M
DELHIN07762,HAMARA BAJAJ TIMES,nan,63618.0,63618/ 96,S.VIRENDER SINGH,DEL,DELHI,M
DELHIN07822,JAN AKASH TIMES,nan,64969.0,64969/ 96,VIPIN BHARDWAJ,DEL,DELHI,M
DELHIN16011,SANSAR TIMES,संसार टाइम्स,104247.0,DELHIN/2010/31690,CHETAN SULANIYA,DEL,DELHI,M
DELHIN14091,LOKTANTRA TIMES,लोकतंत्र टाइम्स,95016.0,DELHIN/2007/22459,MD.KHALID ANWAR,DEL,DELHI,M
DELENG10926,UTTARAKHAND TOUR AND TRAVEL TIMES,nan,69668.0,69668/ 98,UTTRAKHAND TOUR & TRAVELS LTD.,DEL,DELHI,M
DELENG11081,CIVIL SERVICES TIMES,nan,62339.0,62339/ 95,VIVEK SEANGRAJ,DEL,DELHI,M
DELENG11380,UMCI EXPORT TIMES,nan,55628.0,55628/ 92,GOPAL KRISHAN SOOD.,DEL,DELHI,M
DELENG10060,T.V. CHANNELS PROGRAMME TIMES,nan,67253.0,67253/ 97,SANJEEV VASHISHT,DEL,DELHI,M
DELHIN10053,HARI OM SADGURU TIMES,nan,73686.0,DELHIN/2000/01129,SADGURU CONSCIOUSNESS,DEL,DELHI,M
DELENG13983,NIGHTINGALE NURSING TIMES,nan,87776.0,DELENG/2005/15219,NIGHTINGALE EDUCATION SOCIETY,DEL,DELHI,M
DELENG13777,SAAOL TIMES,nan,83856.0,DELENG/2003/11299,M/S. SAAOL HEART AND RESEARCH FOUNDATION TRUST.,DEL,DELHI,M
DELHIN12740,SEVA TIMES,nan,85906.0,DELHIN/2004/13349,G. DEVENDIRAN,DEL,DELHI,M
DELBIL03561,THE MODERN TIMES ON TELEVISION,nan,65496.0,65496/ 97,RAKESH KUMAR ARORA,DEL,DELHI,M
DELBIL01105,LPG TIMES,nan,45871.0,45871/ 86,M/S HOT PLATE CENTRE,DEL,DELHI,M
DELHIN14580,GYANESHWARI TIMES,ज्ञानेश्वरी टाइम्स,95931.0,DELHIN/2007/23374,VANDANA SAXENA,DEL,DELHI,M
DELHIN03767,RATION TIMES,nan,42968.0,42968/ 84,SATYA NARAIN KUMAR SHAILENDRA,DEL,DELHI,M
DELHIN02843,MAVE TIMES,nan,45962.0,45962/ 87,AKHIL BHARTIYA MEV SABHA REGD.,DEL,DELHI,M
DELHIN03333,PAVITRA TIMES,nan,49297.0,49297/ 89,SAROJ KAPOOR,DEL,DELHI,M
DELHIN05370,GREEN TIMES,nan,55789.0,55789/ 93,ASHOK BAPNA,DEL,DELHI,M
DELHIN07177,GAYATRI TIMES,nan,61603.0,61603/ 94,MS PROMILA SAXENA,DEL,DELHI,M
DELHIN07698,THE CRIME TIMES,nan,64284.0,64284/ 96,ROHIT KUMAR GUPTA,DEL,DELHI,M
DELENG09246,LOCAL LAWTIMES,nan,59395.0,59395/ 95,VIJAY DEWAN,DEL,DELHI,M
DELENG09381,COMDEX TIMES,nan,62381.0,62381/ 95,M/S DREAMTECH PRESS(ABOOK DIVISION OF INFOCOM BOOKS INDIA PVT LTD.),DEL,DELHI,M
DELENG18547,WOMEN TIMES,nan,125924.0,DELENG/2013/53369,DIVYA KUMAR,DEL,DELHI,M
DELENG18635,GANESH DIAGNOSTIC TIMES,nan,126650.0,DELENG/2014/54095,DR. RAVIN SHARMA,DEL,DELHI,M
DELHIN05848,RICHIE DELHI TIMES,nan,53524.0,53524/ 92,RAVINDER KUMAR AHLAWAT,DEL,DELHI,M
DELHIN06200,POOJA TIMES,nan,39438.0,39438/ 82,PRAVESH KUMAR DINGRA,DEL,DELHI,M
DELENG18197,CRIME INVESTIGATION TIMES,nan,115993.0,DELENG/2012/43436,MONA CHOPRA,DEL,DELHI,M
DELENG18246,ELE TIMES,nan,118327.0,DELENG/2012/45770,NEW DELHI PRINT MEDIA PVT.LTD,DEL,DELHI,M
DELENG11743,JEWELLERY TIMES,nan,72949.0,DELENG/1999/00392,M/S SARASWATI MEDIA LTD,DEL,DELHI,M
DELENG12713,SECURITY TIMES,nan,78646.0,DELENG/2001/06089,BLACK EYE PUBLICATIONS PVT. LTD,DEL,DELHI,M
DELHIN08366,SAMACHAR MAIL TIMES,समाचार मेल टाइम्स,67857.0,67857/ 97,NEERU VASHISHTH,DEL,DELHI,M
DELBIL07939,AIRPORT TIMES,एयरपोर्ट टाइम्स,129247.0,DELBIL/2014/56692,MANPREET SINGH,DEL,DELHI,M
DELENG01136,COOP TIMES,nan,43106.0,43106/ 84,R.C DWIVEDI,DEL,DELHI,M
DELHIN16487,VISHARAD TIMES,विशारद टाइम्स,120510.0,DELHIN/2011/47954,MOHD. SALEEM,DEL,DELHI,M
DELHIN16634,DAYA JYOTI TIMES,nan,118614.0,DELHIN/2011/46057,HARSH SEHGAL,DEL,DELHI,M
DELHIN28230,SHASAN TIMES,शासन टाईम्स,135294.0,DELHIN/2012/62739,SHASAN TIMES,DEL,DELHI,M
DELENG19278,UNIQUE CIVIL TIMES,nan,142645.0,DELENG/2016/70090,UNIQUE PUBLISHERS INDIA PVT.LTD,DEL,DELHI,M
DELHIN27364,HOSIERY TIMES,होजरी टाइम्स,130512.0,DELHIN/2014/57957,KAMLESH RANI,DEL,DELHI,M
DELHIN08147,NAI DILLI TIMES,नई दि‍ल्‍ली टाइम्‍स,64210.0,64210/ 94,ANKIT SRIVASTAVA,DEL,DELHI,M
DELHIN11130,ROHINI SAMARPAN TIMES,रोहणी समर्पण टाइम्‍स,78094.0,DELHIN/2001/05537,CHARAN JEET SINGH,DEL,DELHI,M
DELHIN00931,COLONY TIMES,nan,23806.0,23806/ 72,KANWAR ANIL KUMAR KHURANA,DEL,DELHI,M
DELHIN10309,JAT TIMES PATRIKA,जाट टाइम्स पत्रिका,81527.0,DELHIN/2002/08970,VIJAY KR.BHARTI,DEL,DELHI,M
DELHIN14730,THE CHRISTIAN TIMES,nan,95918.0,DELHIN/2007/23361,SANJEEV ERIK PRASAD,DEL,DELHI,M
DELHIN13290,RASTRIYA PARAMHANS TIMES,nan,88161.0,DELHIN/2005/15604,POONAM SHARMA,DEL,DELHI,M
DELHIN12903,KARTAVYA TIMES,nan,89399.0,DELHIN/2006/16842,LAXMI,DEL,DELHI,M
DELHIN27384,DHIRAN TIMES,nan,122061.0,DELHIN/2013/49506,VINOD KUMAR,DEL,DELHI,M
DELENG17848,LOGISTICS TIMES,nan,111886.0,DELENG/2011/39329,AKSHAR GANGA MEDIA PVT. LTD.,DEL,DELHI,M
DELHIN06788,MAUKA TIMES,nan,57327.0,57327/ 94,OM KRISHNA,DEL,DELHI,M
DELHIN06806,SHARTHY LOTARY TIMES,nan,57201.0,57201/ 93,MULCHAND JAIN,DEL,DELHI,M
DELBIL00420,CONSUMER TIMES,nan,26892.0,26892/ 75,VASDEV ANAND,DEL,DELHI,M
DELHIN06352,VIR PARWANA TIMES,nan,55701.0,55701/ 92,BALWANT SINGH,DEL,DELHI,M
DELENG01913,THE EXPORT TIMES,nan,25662.0,25662/ 73,S S GANDHI,DEL,DELHI,M
DELHIN09106,DIVYA MIRROR TIMES,nan,70442.0,70442/ 98,YOGIRAJ B.L. DUA,DEL,DELHI,M
DELBIL04690,THE SANJIVANI MEDICAL TIMES,nan,76645.0,DELBIL/2001/04088,DR.RAJESH SHARMA,DEL,DELHI,M
DELBIL06020,SRI SAI SUMIRAN TIMES,nan,88793.0,DELBIL/2005/16236,ANJU TANDON,DEL,DELHI,M
DELBIL06030,SHRI BALAJI AASHIRWAD TIMES,nan,87732.0,DELBIL/2005/15175,ANIL CHOUDHARY,DEL,DELHI,M
DELHIN11556,GEETA TIMES,nan,78044.0,DELHIN/2001/05487,MANIK CHAND JAIN,DEL,DELHI,M
DELHIN11764,THE SHEPHARD TIMES,nan,82886.0,DELHIN/2003/10329,RANVIR SINGH PAL,DEL,DELHI,M
DELHIN11802,LEADER TIMES,nan,82658.0,DELHIN/2003/10101,PANKAJ PANDEY,DEL,DELHI,M
DELBIL07019,PUBLIC COMPLAINT TIMES,पब्लिक कम्पलेंट टाइम्स,96688.0,DELBIL/2008/24131,TAJINDER PAL SINGH GRROVER,DEL,DELHI,M
DELENG08578,EGJIM LAW TIMES,nan,57208.0,57208/ 93,ANIL KUMAR,DEL,DELHI,M
DELENG07869,INDIAN FARMER TIMES,nan,40544.0,40544/ 83,WAFM FARMER WELFARE TRUST SOCIETY,DEL,DELHI,M
DELHIN14004,SHRI MADH VALMIKI TIMES,श्रीमद्ध वाल्मीकी टाईम्स,91035.0,DELHIN/2006/18478,SURINDER BIRDLAN,DEL,DELHI,M
DELHIN27143,SOBTI TIMES,nan,115026.0,DELHIN/2012/42469,S.JAGJEET SINGH,DEL,DELHI,M
DELBIL11585,GREEN EARTH TIMES,nan,148146.0,DELBIL/2017/75591,SH. ARUN KUMAR,DEL,DELHI,M
DELENG19827,GOBAR TIMES,nan,,nan,CENTRE FOR SCIENCEAND ENVIRONMENT,DEL,DELHI,M
DELHIN00332,ARHAT JAIN TIMES,nan,50683.0,50683/ 89,VISHWA AHIMSA SANGH,DEL,DELHI,M
DELHIN00421,B K TIMES,nan,47251.0,47251/ 87,GANESH DUTT CHAWLA,DEL,DELHI,M
DELBIL02839,ASIAN HOMIEOPATHIC TIMES,nan,57169.0,57169/ 93,PANKAJ AGARWAL,DEL,DELHI,M
DELBIL02908,WORLD NEWS TIMES,nan,57163.0,57163/ 93,UMESH KUMAR,DEL,DELHI,M
DELHIN02150,JYOTISH TIMES,nan,25506.0,25506/ 73,SANSKRIT SWADHYAYA TATHA JYOTISH VIGYAN MANDIR,DEL,DELHI,M
DELHIN03791,RIPUL TIMES,nan,47447.0,47447/ 88,UNIQUE EDUCATIONAL CULTURAL WELFARE SOCIETY,DEL,DELHI,M
DELHIN04772,TENT SAMACHAR TIMES,टेंट समाचार टाइम्स,47391.0,47391/ 88,NAVEEN JAIN,DEL,DELHI,M
DELHIN09665,STATIONERY TIMES,nan,28863.0,28863/ 76,BRIJ MOHAN JAIN,DEL,DELHI,M
DELMAI00012,MAITHILI TIMES,nan,75259.0,DELMAI/2000/02702,VIPIN BADAL,DEL,DELHI,M
DELMUL00835,NEEDS TIMES DAILY,nan,82481.0,DELMUL/2003/09924,SPENCER ALLIED MANAGEMENT SERVICES,DEL,DELHI,M
DELPUN00152,LONDON PUNJAB TIMES,nan,39486.0,39486/ 82,BALWANT SINGH,DEL,DELHI,M
DELHIN09996,THE COAL TIMES,nan,72773.0,DELHIN/1999/00216,G.D.GOYEL,DEL,DELHI,M
DELHIN15843,RASHTRIYA VISHAL TIMES,nan,99242.0,DELHIN/2008/26685,MANOJ KUMAR,DEL,DELHI,M
DELHIN14903,ATIVEER TIMES,अतिवीर टाइम्स,95286.0,DELHIN/2007/22729,RAVINDRA KUMAR JAIN,DEL,DELHI,M
DELHIN08724,CHITRANSH INTERNATIONAL TIMES,nan,67846.0,67846/ 98,SHASHI KAMTHAN,DEL,DELHI,M
DELHIN29107,FORE FRONT TIMES,nan,,nan,FOREFRONT MEDIA LLP,DEL,DELHI,M
DELHIN12409,ENGINEER PATRAKAR TIMES,nan,87458.0,DELHIN/2004/14901,BABLI GUPTA,DEL,DELHI,M
DELBIL04930,SHAKTI TIMES,nan,74834.0,DELBIL/2000/02277,S.K. SHARMA,DEL,DELHI,M
DELENG09401,QUALITY TIMES,nan,68701.0,68701/ 95,LT.GEN.J.S. AHLUWALIA,DEL,DELHI,M
DELENG19847,PRIME GYNE TIMES,nan,,nan,SYED KAMIL RAZA ZAIDI,DEL,DELHI,M
DELENG04350,NEXT DOOR TIMES,nan,45883.0,45883/ 86,M J VARGHESE,DEL,DELHI,M
DELBIL02928,FORTUNE COLLEGE TIMES,nan,57243.0,57243/ 93,LALITA GUPTA,DEL,DELHI,M
DELBIL02960,FILM WORLD TIMES,nan,59243.0,59243/ 94,UMESH KUMAR,DEL,DELHI,M
DELBIL07480,UDYOG TIMES,उद्योग टाइम्स,106375.0,DELBIL/2010/33818,LAGHU UDYOG BHARATI,DEL,DELHI,M
DELBIL05436,BUSINESS PROMOTION TIMES,nan,83927.0,DELHIN/2003/11370,DEEPAK BATRA,DEL,DELHI,M
DELBIL07624,SIYASI TIMES,nan,112697.0,DELBIL/2011/40140,M/S ARYAN ADVERTISING PVT. LTD.,DEL,DELHI,M
DELENG09925,NEW DELHI TIMES,nan,53449.0,53449/ 91,ANKUR SRIVASTAVA,DEL,DELHI,M
DELENG09990,VIVEKANAND TIMES,nan,65600.0,65600/ 97,H.S.KAUSHAL,DEL,DELHI,M
DELENG18764,CPS TIMES,nan,128916.0,DELENG/2014/56361,ASHISH RAI,DEL,DELHI,M
DELHIN14115,N.L.P. TIMES,एन. एल. पी. टाइम्‍स,91494.0,DELHIN/2007/18937,ER. KABIR KHAN,DEL,DELHI,M
DELHIN11926,DALIT TIMES,nan,85825.0,DELHIN/2004/13268,HUKAM CHAND BHASKAR,DEL,DELHI,M
DELHIN12045,MAHARAJA SURAJMAL TIMES,nan,83943.0,DELHIN/2003/11386,VIRENDRA S.CHATTHA,DEL,DELHI,M
DELHIN28765,SHAPATH TIMES,शपथ टाइम्‍स,147662.0,DELHIN/2018/75107,PAPPU CHAURASIA,DEL,DELHI,M
DELENG19837,CENTAX LAW TIMES,nan,153607.0,DELENG/2021/81052,CENTAX LAW PUBLICATIONS PRIVATE LIMITED,DEL,DELHI,M
DELHIN03558,PUSHP RITU TIMES,nan,47388.0,47388/ 88,YASHPAL ANAND,DEL,DELHI,M
DELBIL04250,KONARK TIMES,nan,77312.0,DELBIL2001/04755,NARESH SHANDILYA,DEL,DELHI,M
DELHIN03048,NAVDEEP GOPAN TIMES,नवदीप गोपन टाइम्स,49266.0,49266/ 89,KHURSHID BEGUM,DEL,DELHI,M
DELENG12540,GREEN ACRES AND TECHNO PLAZA TIMES,nan,81731.0,DELENG/2003/09174,K.K.MALVIYA,DEL,DELHI,M
DELHIN10259,RASHTRIYA PRACHAND AWAZ TIMES,राष्ट्रीय प्रचण्ड आवाज टाइम्स,66919.0,66919/ 97,JITENDRA KUMAR,DEL,DELHI,M
DELHIN10588,ELECTRICALS & ELECTRONICS ONLINE TIMES,nan,74784.0,DELHIN/2000/02227,PRASHANT MEDIRATTA,DEL,DELHI,M
DELHIN10891,VARTMAN BHARAT TIMES,nan,77460.0,DELHIN/2001/04903,PAWAN SAHAYOGI,DEL,DELHI,M
DELHIN27313,SHRI SAI NAZAR TIMES,nan,125157.0,DELHIN/2012/52602,DHEERAJ SANDUJA,DEL,DELHI,M
DELHIN27615,KAROBAR TIMES MEDIA,nan,126718.0,DELHIN/2013/54163,JAYNIWAS LAL SINGH,DEL,DELHI,M
DELHIN27718,BUREAUCRACY TIMES,ब्यूरोक्रेसी टाइम्स,129892.0,DELHIN/2014/57337,BASANT KUMAR JHA,DEL,DELHI,M
DELENG08457,PLAZA TIMES,nan,55744.0,55744/ 93,SANJAY GROVER,DEL,DELHI,M
DELHIN07059,USHA TIMES,nan,57395.0,57395/ 94,ASHOK KUMAR SINGHAL,DEL,DELHI,M
DELHIN08837,OPTICAL TIMES,nan,67720.0,67720/ 98,JAGJIT KAUR,DEL,DELHI,M
DELHIN07501,KOLI TIMES,कोली टाइम्स,59478.0,59478/ 95,MITTHAN LAL SETH,DEL,DELHI,M
DELBIL11384,RADIO TIMES,nan,12938.0,12938/ 67,HARI DATT SHARMA,DEL,DELHI,M
DELMUL00831,SHREE VIJAY INDER TIMES,nan,83103.0,DELMUL/2003/10546,M/S SHREE VIJAY INDER TIMES PARIVAR,DEL,DELHI,M
DELMUL01075,THE RAJPUT TIMES,nan,14411.0,14411/ 62,"THE RAJPUT ASSOCIATON (REGD) , DELHI",DEL,DELHI,M
DELENG19923,GOBAR TIMES,nan,,nan,CENTRE FOR SCIENCE AND ENVIRONMENT,DEL,DELHI,M
DELENG08925,PLEASURE TIMES,nan,59224.0,59224/ 94,ASHOK DUTT,DEL,DELHI,M
DELBIL03000,APRADH TIMES,nan,59299.0,59299/ 94,R N GUPTA,DEL,DELHI,M
DELBIL03409,CREATIVE SCHOOL TIMES,nan,64639.0,64639/ 96,SUDHIR NARANG,DEL,DELHI,M
DELHIN05447,ARIYA NIRDESHKA TIMES,nan,55572.0,55572/ 91,KAUSAL KUMAR,DEL,DELHI,M
DELHIN28848,EROS TIMES,nan,148092.0,DELHIN/2018/75537,ANEES AHMAD,DEL,DELHI,M
DELHIN28860,VIPASSANA TIMES,विपासना टाइम्स,150049.0,DELHIN/2019/77494,BRIJESH KUMAR,DEL,DELHI,M
DELHIN28863,SWARAJ JANATA TIMES,nan,,UR,SWARAJ JANATA PATRY,DEL,DELHI,M
DELHIN28896,VEDIC YUG TIMES,nan,,nan,MADAN SINGH,DEL,DELHI,M
DELHIN16191,NAV SANSAR TIMES,नव संसार टाइम्स,104253.0,DELHIN/2010/31696,CHETAN SULANIYA,DEL,DELHI,M
DELENG07818,CAREER & COMPETITION TIMES,nan,39227.0,39227/ 81,"BENNETT, COLEMAN & CO.LTD",DEL,DELHI,M
DELENG06675,FINTRA TIMES,nan,53473.0,53473/ 91,FINTRA SYSTEMS (P) LTD.,DEL,DELHI,M
DELHIN11192,THE WORLD TIMES,nan,79741.0,DELHIN/2002/07184,RAJENDRA SHARMA,DEL,DELHI,M
DELHIN11230,KAIHAR TIMES,nan,80508.0,DELHIN/2001/07951,PRAVEEN CHAUDHARY,DEL,DELHI,M
DELHIN10313,SHOOL TIMES,nan,73923.0,DELHIN/2000/01366,TARANG ANTRA PUBLICATIONS,DEL,DELHI,M
DELHIN12793,KALP TIMES,nan,85852.0,DELHIN/2004/13295,BINITA,DEL,DELHI,M
DELHIN09090,CRICKET TIMES,nan,47294.0,47294/ 88,TARUN KUMAR JAIN,DEL,DELHI,M
DELENG14379,DWARKA INFO TIMES,nan,89228.0,DELENG/2004/16671,PRAMEET SALUJA,DEL,DELHI,M
DELENG11672,THE COAL TIMES,nan,72692.0,DELENG/1999/00135,G.D.GOYEL,DEL,DELHI,M
DELENG18556,TIMES WHAT'S UP,nan,124215.0,DELENG/2013/51660,"BENNETT, COLEMAN & CO.LTD",DEL,DELHI,M
DELBIL05674,WE SERVE TIMES,nan,86477.0,DELBIL/2004/13920,NARENDER DHAWAN,DEL,DELHI,M
DELBIL06731,VYAPAR TIMES,nan,99940.0,DELBIL/2009/27383,PRAVEEN DIXIT,DEL,DELHI,M
DELBIL07044,ART TIMES,आर्ट टाइम्स,97769.0,DELBIL/2008/25212,VIRENDER KUMAR,DEL,DELHI,M
DELBIL07665,DRUG TODAY MEDICAL TIMES,nan,118117.0,DELBIL/2012/45560,M/S. LORINA PUBLICATIONS (I) INC,DEL,DELHI,M
DELBIL05178,MARKET TIMES,nan,81223.0,DELBIL/2002/08666,JAGDISH LAL GOSWAMI,DEL,DELHI,M
DELENG16446,CIVIL SERVICES ASPIRANTS TIMES,nan,95984.0,DELENG/2008/23427,BHOLA NATH SINGH CHOUDHARY,DEL,DELHI,M
DELENG19267,THE TIMES OF ASTROLOGY,nan,43048.0,43048/ 85,RAJESHWARI SHANKER,DEL,DELHI,M
DELENG09653,CIVIL LAW TIMES,nan,63968.0,63968/ 96,PRADEEP BAHL,DEL,DELHI,M
DELHIN14169,TULSI TIMES,तुलसी टाइम्स,90481.0,DELHIN/2006/17924,PRAVEEN GARG,DEL,DELHI,M
DELHIN07095,DON TIMES,nan,57369.0,57369/ 94,SMT.SABJI DEVI,DEL,DELHI,M
DELHIN07282,MOOK TANTRA TIMES,nan,59351.0,59351/ 94,ASHA,DEL,DELHI,M
DELHIN14873,GAGANDEEP TIMES,गगनदीप टाइम्स,96125.0,DELHIN/2008/23568,JITENDER PAL SINGH,DEL,DELHI,M
DELENG19492,VALUE CREATION TIMES,nan,146290.0,DELENG/2017/73735,ETERNAL GANGES PRESS PVT. LTD.,DEL,DELHI,M
DELENG19346,EDU HUB TIMES,nan,142409.0,DELENG/2016/69854,BHARAT RAI MEDIRATTA,DEL,DELHI,M
DELHIN27790,AMAN BHAICHARA TIMES,nan,128892.0,DELHIN/2014/56337,RANJEET KUMAR PANDEY,DEL,DELHI,M
DELHIN28476,SHROTA TIMES,nan,37060.0,37060/ 81,SURINDRA ARORA,DEL,DELHI,M
DELHIN12991,APRADH NIYANTRAN TIMES,अपराध नियंत्रण टाइम्स,89566.0,DELHIN/2005/17009,SHANKAR LAL KASHYAP,DEL,DELHI,M
DELHIN13339,SEELAMPUR TIMES,सीलमपुर टाइम्स,88992.0,DELHIN/2005/16435,KUSUMLATA,DEL,DELHI,M
DELHIN29072,MANJEERA TIMES,nan,,nan,BHRIGU NATH MISHRA CHARITABLE TRUST,DEL,DELHI,M
DELENG08263,AUDIO & VIDEO TRADE TIMES,nan,55630.0,55630/ 92,ANIL DISPLAY PVT. LTD.,DEL,DELHI,M
DELHIN14695,IQRA TIMES,इक़रा टाईम्‍स,94416.0,DELHIN/2007/21859,SHABAN AHMED,DEL,DELHI,M
DELHIN16557,AMIYA TIMES,nan,117087.0,DELHIN/2011/44530,RANJANA UPADHYAY,DEL,DELHI,M
DELHIN16567,VISHWADHARMA TIMES,nan,113306.0,DELHIN/2012/40749,ROHIT SHARMA,DEL,DELHI,M
DELHIN16662,UJESHA TIMES,उजेषा टाइम्स,113144.0,DELHIN/2011/40587,LUSTINESS NEWS PRIVATE LIMITED,DEL,DELHI,M
DELENG15672,CORPORATE NEWS NETWORK TIMES,कॉर्पोरेट न्यूज़ नेटवर्क टाइम्स,91607.0,DELENG/2006/19050,DEEPAK DAS GUPTA,DEL,DELHI,M
DELENG18780,JAIN AHIMSA TIMES,nan,129695.0,DELENG/2014/57140,ANIL KUMAR JAIN,DEL,DELHI,M
DELHIN09905,TIMES ASIA SANSKARAN,टाइम्स एशिया संस्करण,71069.0,71069/ 99,LOKESH SHRIVASTAV,DEL,DELHI,M
DELHIN09940,AGRO TIMES PATRIKA,nan,75333.0,DELHIN/2000/02776,GEETA TIWARI,DEL,DELHI,M
DELHIN11712,JAIN TIMES,nan,82508.0,DELHIN/2003/09951,SARDAR KULWANT SINGH,DEL,DELHI,M
DELHIN11883,PROFESSIONAL TIMES,nan,82950.0,DELHIN/2003/10393,MAHESH NARAYAN SHARMA,DEL,DELHI,M
DELHIN12078,KRISHI TIMES,nan,79604.0,DELHIN/2002/07047,RAMESH MAINGI,DEL,DELHI,M
DELBIL06659,BLACK BELT INDIA TIMES,ब्‍लैक बैल्‍ट इंडि‍या टाइम्‍स,93415.0,DELBIL/2007/20858,MADAN KUMAR,DEL,DELHI,M
DELBIL05525,CMA TIMES,nan,89061.0,DELBIL/2005/16504,SANJEEV KUMAR,DEL,DELHI,M
DELBIL06160,THE CAPITAL SMALL NEWS PAPER TIMES,nan,88819.0,DELBIL/2006/16262,CAPITAL SMALL NEWS PAPER ASSOCIATION,DEL,DELHI,M
DELBIL07378,AGGARWAL VIVAH TIMES,nan,110639.0,DELBIL/2011/38082,SUBHASH GARG,DEL,DELHI,M
DELENG14081,TIMES OF MEDICINE,nan,86774.0,DELENG/2004/14217,TIMES OF MEDICINES,DEL,DELHI,M
DELENG14406,KALP TIMES,nan,85853.0,DELENG/2004/13296,BINITA,DEL,DELHI,M
DELBIL07453,HIND KI AWAZ TIMES,हिन्द की आवाज़ टाइम्स,107770.0,DELBIL/2010/35213,RAJ BIR TYAGI,DEL,DELHI,M
DELENG18073,THE DETECTIVE TIMES,nan,115622.0,DELENG/2012/43065,T.P.S. GRROVER,DEL,DELHI,M
DELBIL00763,GYAN TIMES,nan,28577.0,28577/ 75,SHAKUNTLA YADAV,DEL,DELHI,M
DELBIL00834,HOSIERY & TEXTILE TIMES,nan,16373.0,16373/ 68,M/S TIMES PRAKASHAN (SMT. S. D. SHARMA),DEL,DELHI,M
DELHIN02998,NALANDA TIMES,nan,47252.0,47252/ 86,ASHOK KUMAR TIWARI,DEL,DELHI,M
DELHIN03598,RAGHUKUL TIMES,nan,45888.0,45888/ 87,VIJAY BAHADUR SINGH,DEL,DELHI,M
DELHIN03851,SABHAR TIMES,साभार टाइम्स,45706.0,45706/ 86,ANIL KUMAR DUGGAL,DEL,DELHI,M
DELBIL11495,YUDH VEER TIMES,युद्ध वीर टाइम्स,142135.0,DELBIL/2016/69580,DISABLED WAR VETERANS (INDIA),DEL,DELHI,M
DELHIN01221,DHARMENDER TIMES,nan,47398.0,47398/ 88,HARI OM SINGH,DEL,DELHI,M
DELENG00872,CHEMICAL AND POLYMER TIMES,nan,28507.0,28507/ 75,"SMALL BUSINESS PUBLICATIONS, DELHI",DEL,DELHI,M
DELBIL07954,ETERNAL TIMES,nan,140073.0,DELBIL/2015/67518,ANUP KUMAR DUTTA,DEL,DELHI,M
DELHIN01997,JANPRIYA TIMES,nan,42822.0,42822/ 84,MANJU SHARMA,DEL,DELHI,M
DELMUL01019,SAI SENA TIMES,nan,109380.0,DELMUL/2011/36823,SAI SENA,DEL,DELHI,M
DELPUN00525,GOBIND SADAN TIMES,nan,71635.0,71635/ 99,GOBIND SADAN INSTT.F,DEL,DELHI,M
DELHIN10480,PRASHASAN TIMES,nan,75523.0,DELHIN/2000/02966,SANJEEV KUMAR,DEL,DELHI,M
DELHIN10714,KRUSHAK TIMES,nan,75558.0,DELHIN/2001/03001,NAND KISHOR AGARWAL,DEL,DELHI,M
DELHIN10898,RAGHAV SAMARPAN TIMES,nan,77364.0,DELHIN/2001/04807,NAWALSINGH RAGHAV,DEL,DELHI,M
DELHIN07950,PALAM TIMES,nan,64735.0,64735/ 96,VIJAY PAL SINGH,DEL,DELHI,M
DELHIN08586,SHAKUNTALA TIMES,nan,67721.0,67721/ 98,RAMESH KUMAR JAIN,DEL,DELHI,M
DELHIN13360,BAIRVA TIMES,बैरवा टाइम्स,88068.0,DELHIN/2005/15511,MOTI LAL BAIRVA,DEL,DELHI,M
DELHIN13446,JAIN SANGAM TIMES,nan,53445.0,53445/ 91,MANAV MANDIR MISSION,DEL,DELHI,M
DELHIN13217,DHARAM PRACHAND AWAZ TIMES,धरम प्रचंड आवाज़ टाइम्स,88220.0,DELHIN/2005/15663,PRAKASH,DEL,DELHI,M
DELHIN12161,RAJA BABU TIMES,nan,87601.0,DELHIN/2005/15044,LAXMI,DEL,DELHI,M
DELHIN27516,RAJNEETI TIMES,nan,124439.0,DELHIN/2013/51884,SHASHI KANT DUBEY,DEL,DELHI,M
DELHIN27211,BHUMI TIMES,nan,114308.0,DELHIN/2012/41751,JITENDRA CHATURVEDI,DEL,DELHI,M
DELHIN27309,VIR SURYA TIMES,nan,118924.0,DELHIN/2012/46367,MANVIR SINGH,DEL,DELHI,M
DELHIN16047,SAGAR PRERNA TIMES,सागर प्रेरणा टाइम्स,102266.0,DELHIN/2009/29709,RAKESH KUMAR SAGAR,DEL,DELHI,M
DELENG07611,CRAFT TIMES,nan,53491.0,53491/ 91,DURGA DASS PUBLICATION (P) LTD.,DEL,DELHI,M
DELENG06087,TRAVEL TIMES,nan,16242.0,16242/ 68,SHRI K.V PILLAI,DEL,DELHI,M
DELHIN16359,RASHTRIYA LOKSHAKTI TIMES,राष्ट्रीय लोकशक्ति टाइम्स,106760.0,DELHIN/2010/34203,MOHD. RAFI,DEL,DELHI,M
DELMUL00515,JHULELAL SINDHU DHARA TIMES,nan,62815.0,62815/ 91,HEMAN DAS MOTWANI,DEL,DELHI,M
DELBIL01269,MOHYAL TIMES,nan,47165.0,47165/ 87,MOHYAL EDUCATIONAL SOCIETY,DEL,DELHI,M
DELBIL01866,SCOOTER TIMES,nan,43039.0,43039/ 83,JAGJIT SINGH,DEL,DELHI,M
DELBIL01959,SOCIAL AND SECULAR TIMES,nan,28784.0,28784/ 76,DR.B.S.KANWAR,DEL,DELHI,M
DELBIL02513,AARSH TIMES,nan,53508.0,53508/ 92,VIMAL DEV BHARDWAJ,DEL,DELHI,M
DELBIL03273,SUMIT SHINING LIFE TIMES,सुमित शाइनिंग लाइफ टाइम्स,63763.0,63763/ 95,SATYAINDER MOHAN CHOPRA,DEL,DELHI,M
DELBIL04400,MEDICO-TECHNICAL TIMES,nan,74846.0,DELBIL/2000/02289,DR.VINOD BACHHETI,DEL,DELHI,M
DELHIN09859,CHAND TIMES,nan,72927.0,DELHIN/1999/00370,ASHOK SONI,DEL,DELHI,M
DELHIN12462,LEO TIMES,nan,86194.0,DELHIN/2004/13637,HARSH PRIYA SINGH,DEL,DELHI,M
DELHIN11541,MAGADH TIMES,nan,86470.0,DELHIN/2004/13913,N.K.SINGHAL,DEL,DELHI,M
DELHIN09452,GEETA TIMES,nan,57370.0,57370/ 01,MANEESH KUMAR,DEL,DELHI,M
DELENG17477,REVENUE TRANSPARENCY TIMES,रेवेन्यू ट्रांसपेरेंसी टाइम्स,102074.0,DELENG/2009/29517,A.K. BANERJEE,DEL,DELHI,M
DELHIN10983,GUDBUD GHOTALA TIMES,nan,78449.0,DELHIN/2001/05892,BHARAT BHUSHAN KHANEJA,DEL,DELHI,M
DELENG12066,CARGO TIMES,nan,73872.0,DELENG/2000/01315,CROSS SECTION PUBLICATIONS PVT. LTD.,DEL,DELHI,M
DELENG03880,MEDIA TIMES AHEAD,nan,49224.0,49224/ 88,"BENNETT, COLEMAN & CO.LTD",DEL,DELHI,M
DELENG02567,ICONIC TIMES,nan,47438.0,47438/ 89,ICON PRESS,DEL,DELHI,M
DELENG02829,INDO MALAYSIAN TIMES,nan,12853.0,12853/ 66,M B SINGH,DEL,DELHI,M
DELHIN13954,KARAN VIR TIMES,करण वीर टाईम्‍स,94197.0,DELHIN/2007/21640,YASH PAL CHOUHAN,DEL,DELHI,M
DELHIN14023,PREMIER TIMES,प्रीमि‍यर टाइम्‍स,91453.0,DELHIN/2006/18896,RAHUL KUMAR JHA,DEL,DELHI,M
DELENG09831,VASANT KUNJ TIMES,nan,63947.0,63947/ 96,R.K.BHATNAGAR,DEL,DELHI,M
DELBIL06985,PUBLIC GRIEVANCE TIMES,पब्लिक ग्रिवेंस टाइम्स,96608.0,DELBIL/2008/24051,SURINDER PURI,DEL,DELHI,M
DELBIL07567,BAD DEBTS RECOVERY TIMES,nan,111214.0,DELBIL/2011/38657,T.P.S. GROVER,DEL,DELHI,M
DELENG18147,OBESITY TIMES,nan,114324.0,DELENG/2012/41767,ATUL N.C. PETERS,DEL,DELHI,M
DELHIN07120,PRABHAT COMMERCIAL TIMES,nan,57411.0,57411/ 94,PRABHAT,DEL,DELHI,M
DELHIN06043,VEER SATTA TIMES,nan,55514.0,55514/ 92,SOMNATH KACHRU,DEL,DELHI,M
DELHIN06354,BHARAT SAHARA TIMES,nan,55530.0,55530/ 92,RAJESH BHATT,DEL,DELHI,M
DELHIN13480,DEVKI NANDAN TIMES,nan,88856.0,DELHIN/2006/16299,MOOLCHAND GUPTA,DEL,DELHI,M
DELHIN15016,CIVIL SERVICES ASPIRANTS TIMES,सिविल सर्विसेज अस्परेंट्स टाइम्स,95586.0,DELHIN/2007/23029,BHOLA NATH SINGH CHOUDHARY,DEL,DELHI,M
DELHIN15211,SAHEED BHAGAT SINGH TIMES,शहीद भगत सिंह टाइम्स,95752.0,DELHIN/2007/23195,SHIV KUMAR AGGARWAL,DEL,DELHI,M
DELBIL07767,SAI NEEM TIMES,सांई नीम टाइम्स,129286.0,DELBIL/2013/56731,PRATEEK CHAUHAN,DEL,DELHI,M
DELBIL07878,LEARNING TIMES,लर्निंग टाइम्स,131862.0,DELBIL/2014/59307,VIVEK CHARITRA,DEL,DELHI,M
DELBIL07944,INTELLECTUAL LAW TIMES,nan,140275.0,DELBIL/2016/67720,INTELLECTUAL LEGAL SERVICES PVT. LTD.,DEL,DELHI,M
DELBIL11578,THE GEN X TIMES,nan,145280.0,DELBIL/2017/72725,REKHA MEHTA,DEL,DELHI,M
DELENG01246,CURRENT IMPORT & EXPORT TIMES,nan,45844.0,45844/ 86,J D JAIN,DEL,DELHI,M
DELENG01309,DALMIA RESORTIMES,nan,47237.0,47237/ 88,DALMIA RESORTS INTERNATIONAL (PVT) LTD,DEL,DELHI,M
DELENG18434,CSR TIMES,nan,122195.0,DELENG/2013/49640,BRANDWORKS MEDIA PRIVATE LIMITED,DEL,DELHI,M
DELHIN27511,RASHTRIYA SAB TAK TIMES,nan,122541.0,DELHIN/2013/49986,PRASHANT DUTT,DEL,DELHI,M
DELHIN27518,EKLAVYA TIMES,nan,124269.0,DELHIN/2013/51714,GURJEET KAUR,DEL,DELHI,M
DELHIN27425,KIRARI TIMES,nan,121626.0,DELHIN/2013/49071,POOJA DEVI,DEL,DELHI,M
DELHIN11061,G TIMES,nan,77599.0,DELHIN/2001/05042,ASHOK CHUGH,DEL,DELHI,M
DELBIL03754,STUDY TIMES,nan,68147.0,68147/ 98,NEERAJ CHOPRA,DEL,DELHI,M
DELENG16030,ALL INDIA C. P. W. D. ENGINEERS TIMES,nan,95425.0,DELENG/2007/22868,SHANTI SWAROOP JAISWAL,DEL,DELHI,M
DELHIN08032,SATTA TIMES,nan,64580.0,64580/ 96,RAKHI RASTOGI,DEL,DELHI,M
DELHIN07275,HIND VARTA TIMES,nan,59354.0,59354/ 94,ASHA,DEL,DELHI,M
DELURD02921,RASHTRIYA LOKSHAKTI TIMES,nan,111223.0,DELURD/2011/38666,MOHD. RAFI,DEL,DELHI,M
DELHIN08754,RAHIL TIMES,nan,69427.0,69427/ 98,MOHD.JAHIR DEHLAVI,DEL,DELHI,M
DELENG10588,MATCH POINT TIMES,nan,67971.0,67971/ 98,BSC PUBLISHING CO. PVT. LTD.,DEL,DELHI,M
DELENG05905,TIMES OF SCIENCE & TECHNOLOGY,nan,47220.0,47220/ 87,S.R KULKARNI,DEL,DELHI,M
DELENG05359,TANSEEM TIMES,nan,47289.0,47289/ 88,TARIQ ANWAR,DEL,DELHI,M
DELHIN12179,NAVBHAVAN TIMES,nan,85006.0,DELHIN/2004/12449,RAJESH KUMAR SHARMA,DEL,DELHI,M
DELHIN12309,SAVARKAR TIMES,nan,85934.0,DELHIN/2004/13377,JUNG BAHADUR KSHATRIYA,DEL,DELHI,M
DELENG18751,THE POLICE TIMES,nan,137144.0,DELENG/2015/64589,PROGRESSIVE ORGANIZATION FOR EDUCATION AND MANAGEMENT,DEL,DELHI,M
DELENG11775,THE FORWARD TIMES,nan,77590.0,DELENG/2000/05033,SYED BEDAR BAKHT,DEL,DELHI,M
DELENG13352,THE STITCH TIMES,nan,82241.0,DELENG/2003/09684,ANURAG S.AGARWAL,DEL,DELHI,M
DELENG14417,REAL PROPERTY TIMES,nan,86202.0,DELENG/2004/13645,M/S. RELLI HOME SOLUTION PVT LTD,DEL,DELHI,M
DELENG14432,TEXTILE TIMES,nan,87475.0,DELENG/2004/14918,D.K. NAIR,DEL,DELHI,M
DELHIN06011,MUKHERJEE NAGAR TIMES,nan,53523.0,53523/ 92,MAHENDRA PAL,DEL,DELHI,M
DELENG19048,HOSIERY TIMES,nan,25610.0,25610/ 73,KAMLESH RANI,DEL,DELHI,M
DELENG19072,FUTURE DIVISION TIMES,nan,140993.0,DELENG/2015/68438,ETERNAL GANGES PRESS PVT.LTD,DEL,DELHI,M
DELENG19412,PUNJI TIMES,nan,144653.0,DELENG/2017/72098,P S MANAGEMENT SOLUTIONS PVT LTD,DEL,DELHI,M
DELBIL05149,INSTITUTIONAL TIMES,nan,83229.0,DELBIL/2003/10672,DR.VIJAY KANSAL,DEL,DELHI,M
DELBIL05399,THE EXAMINATION TIMES,nan,83984.0,DELBIL/2003/11427,B.K.RANA,DEL,DELHI,M
DELBIL07107,FACTORY TIMES,nan,98889.0,DELBIL/2008/26332,J.L. GOSWAMI,DEL,DELHI,M
DELBIL07583,SHIVOM TIMES,nan,111830.0,DELBIL/2011/39273,VINOD KHODARIA,DEL,DELHI,M
DELHIN06830,DELHI GARHWAL TIMES,डेल्ही गढ़वाल टाइम्स,57263.0,57263/ 94,USHA KUKRETI,DEL,DELHI,M
DELBIL11670,KIDSMANIA TIMES,nan,151899.0,DELBIL/2020/79344,MR. RAJKUMAR SETHI,DEL,DELHI,M
DELHIN10304,DADAJI TIMES,nan,73922.0,DELHIN/2000/01365,TARANG ANTRA PUBLICATIONS,DEL,DELHI,M
DELHIN11158,PASCHAMI DELHI SAMARPAN TIMES,पश्चिमी डेल्ही समर्पण टाइम्स,78420.0,DELHIN/2001/05863,DEEPAK JAIN,DEL,DELHI,M
DELHIN28227,SHASTRI TIMES,शास्त्री टाईम्स,135139.0,DELHIN/2012/62584,POOJA PUBLICATION,DEL,DELHI,M
DELENG00807,CAREER TIMES,nan,26738.0,26738/ 74,THE CAREER TIMES PUBLICATIONS,DEL,DELHI,M
DELHIN01165,DHARMAKAL GAPS TIMES,nan,50857.0,50857/ 90,PAWAN KUMAR,DEL,DELHI,M
DELHIN01873,INDIAN TRADERS TIMES,nan,47280.0,47280/ 87,KAFEEL AHAMAED ANSARI,DEL,DELHI,M
DELHIN27186,THE VAIDIK TIMES,nan,119936.0,DELHIN/2012/47379,SUSHMA KUMARI,DEL,DELHI,M
DELHIN28577,JUGAL KISHORE TIMES,जुगल किशोर टाइम्स,141897.0,DELHIN/2016/69342,BHUPENDER KUMAR,DEL,DELHI,M
DELHIN27900,COLOUR TIMES,nan,130985.0,DELHIN/2014/58430,SUNNY SEHGAL,DEL,DELHI,OP
DELBIL03778,THE GREAT HOLKAR TIMES,nan,70173.0,70173/ 98,AKHIL BHARATIYA HOLKAR MAHASANGH,DEL,DELHI,Q
DELHIN27392,CHALCHITRA TIMES,चलचित्र टाइम्स,130407.0,DELHIN/2014/57852,SUSHMA KAPOOR,DEL,DELHI,Q
DELENG09334,SHIPRA LIBRARY TIMES,nan,63752.0,63752/ 96,M.K.JAIN,DEL,DELHI,Q
DELENG03620,LEGAL TIMES AND SOCIAL TRENDS,nan,42930.0,42930/ 84,VIMAL KUMAR WADHAWAN,DEL,DELHI,Q
DELMAI00008,BAGMATI DAMODAR TIMES,nan,67499.0,67499/ 97,MANOJ KUMAR JHA,DEL,DELHI,Q
DELENG01332,DARGAH HZT NIZAMUDDIN TIMES,nan,34505.0,34505/ 79,FARID AHMED NIZAMI,DEL,DELHI,Q
DELENG11714,ALTERNATE MEDIA TIMES,nan,74657.0,DELENG/1999/02100,MEDIA LINKAGES,DEL,DELHI,Q
DELBIL11756,THE TIMES OF CHANDNI CHOWK,nan,,nan,NITIN AGARWAL,DEL,DELHI,Q
DELENG10189,LEGISLATION TIMES,nan,82840.0,DELENG/2003/10283,SATISH KHURANA,DEL,DELHI,Q
DELBIL06318,DIGITAL PHOTO TIMES,डिजीटल फोटो टाइम्स,91464.0,DELBIL/2006/18907,PUSHPANDER GAUBA,DEL,DELHI,Q
DELENG13578,BUREAU TIMES,nan,55644.0,55644/ 92,SARITA GAUTAM,DEL,DELHI,Q
DELENG13691,TINKER BELL TIMES,nan,83593.0,DELENG/32003/11036,SIDDHARTH KAPUR,DEL,DELHI,Q
DELENG18301,TOPRUNG TIMES,nan,118206.0,DELENG/2012/45649,PANKAJ SAXENA,DEL,DELHI,Q
DELENG18703,THE ECONOMIC TIMES MANSION,nan,134933.0,DELENG/2014/62378,"BENNETT, COLEMAN & CO.LTD",DEL,DELHI,Q
DELHIN09876,BHARAT RATAN DR.AMBEDKAR TIMES,nan,71647.0,71647/ 99,KRISHNA MURARI JATAV,DEL,DELHI,Q
DELENG07143,AUTOMOBILE TIMES,nan,7133.0,7133/ 62,TULSI KAUL,DEL,DELHI,Q
DELENG11482,SPIRITUAL TIMES,nan,70997.0,70997/ 99,SYED MOHD. SAMNANI ASHRAF,DEL,DELHI,Q
DELBIL06462,MAITRI TIMES,मैत्री टाइम्‍स,91909.0,DELBIL/2006/19352,GAYATRI,DEL,DELHI,Q
DELHIN04002,SUR TIMES OF SANDESH,सुर टाइम्स ऑफ़ संदेश,53346.0,53346/ 90,RAMESH,DEL,DELHI,THW
DELHIN05312,PRITYAKSH DARSHAN TIMES,nan,53371.0,53371/ 91,SUNIL NARULA,DEL,DELHI,THW
DELENG17409,THE TIMES OF DOON,दि टाइम्स ऑफ़ दून,101951.0,DELENG/2009/29394,"BENNETT, COLEMAN & CO.LTD",DEL,DELHI,TWW
DELHIN10138,PITAMPURA TIMES,nan,75360.0,DELHIN/2000/02803,PAWAN GOYAL,DEL,DELHI,W
DELHIN10186,SUDHIR TIMES,nan,76895.0,DELHIN/1999/04338,SUDHIR KUMAR JAIN,DEL,DELHI,W
DELHIN10242,AL ITTEHAD TIMES,nan,73863.0,DELHIN/2000/01306,MOHAMMED YAMIN,DEL,DELHI,W
DELHIN27357,RANBHUMI TIMES,nan,120278.0,DELHIN/2012/47721,HEM PRAKASH,DEL,DELHI,W
DELENG17340,LAYAKA TIMES,nan,57294.0,57294/ 90,S M ASIF,DEL,DELHI,W
DELENG12518,EDUCATION TIMES,nan,77405.0,DELENG/2001/04848,"BENNETT, COLEMAN & CO.LTD",DEL,DELHI,W
DELHIN11557,APRADH SUDHARAK TIMES,अपराध सुधारक टाइम्स,75737.0,DELHIN/1996/03180,KAMAL TANDON,DEL,DELHI,W
DELENG14369,BIC TIMES,nan,85959.0,DELENG/2004/13402,NAVIN PAL SINGH BHANDARI,DEL,DELHI,W
DELHIN12533,PRIYA TIMES,nan,85018.0,DELHIN/2004/12461,PRIYA PANT,DEL,DELHI,W
DELHIN12582,PRAKHAR TIMES,nan,86101.0,DELHIN/2004/13544,RAVINDRA KUMAR,DEL,DELHI,W
DELHIN12270,JAY PRASHAR TIMES,nan,84631.0,DELHIN/2003/12074,R.K.JAIN,DEL,DELHI,W
DELHIN12416,BHUMI TIMES,nan,88466.0,DELHIN/2005/15909,JITENDRA CHATURVEDI,DEL,DELHI,W
DELHIN28835,KELANCHAL TIMES,केलांचल टाईम्स,151031.0,DELHIN/2019/78476,NANDAN KUMAR JHA,DEL,DELHI,W
DELBIL03255,ECONOMIC & POLTICAL RAJDHANI TIMES,nan,61879.0,61879/ 95,SUNIL DANG,DEL,DELHI,W
DELENG05891,TENDER TIMES,nan,43008.0,43008/ 85,TENDER TIMES PUBLICATION,DEL,DELHI,W
DELHIN16579,SATIJA TIMES,nan,112267.0,DELHIN/2011/39710,NARESH KUMAR SHARMA,DEL,DELHI,W
DELENG07723,BULLION TIMES,nan,26771.0,26771/ 74,SAHDEV RAJ VAID,DEL,DELHI,W
DELHIN05895,SANDHYA TIMES DINMAN TIMES SAMAHIT,nan,10546.0,10546/ 65,BANNET COLEMAN & CO. LTD.,DEL,DELHI,W
DELHIN05910,AZAD AWAZ TIMES,आज़ाद आवाज़ टाइम्स,59332.0,59332/ 94,MANKAN DEEP SINGH,DEL,DELHI,W
DELHIN05974,PICK PRIY TIMES,nan,53352.0,53352/ 91,VISHAL SHARMA,DEL,DELHI,W
DELHIN14046,INDIA ALL THE TIMES,इंडि‍या ऑल द टाइम्‍स,92087.0,DELHIN/2007/19530,JASWANT SINGH,DEL,DELHI,W
DELURD02282,NETAJI TIMES,nan,25710.0,25710/ 73,F. R. KHAN,DEL,DELHI,W
DELHIN01818,HIMALAYA TIMES,हिमालय टाइम्स,4546.0,4546/ 58,HIMALAYA PRAKASHAN SAMITI,DEL,DELHI,W
DELHIN27959,NEEL KAMAL TIMES,नील कमल टाइम्स,131354.0,DELHIN/2014/58799,PAWAN KUMAR,DEL,DELHI,W
DELHIN28504,SWABHAVIK TIMES,स्वाभाविक टाइम्स,138927.0,DELHIN/2016/66372,JAKIR ALI,DEL,DELHI,W
DELHIN14130,MANAVADHIKAR TIMES,मानवाधि‍कार टाइम्‍स,92212.0,DELHIN/2006/19655,JAI PRAKASH,DEL,DELHI,W
DELHIN14888,NAV SRUSHTI TIMES,nan,99203.0,DELHIN/2008/26646,EDOPTICA (INDIA) LIMITED,DEL,DELHI,W
DELHIN15217,NEW AJANTA TIMES,न्यू अजंता टाइम्स,101966.0,DELHIN/2009/29409,GURMEET SINGH,DEL,DELHI,W
DELHIN15289,JAN SANCHETNA TIMES,जन संचेतना टाइम्स,98955.0,DELHIN/2008/26398,KISHAN LAL BUDANI,DEL,DELHI,W
DELHIN15322,READING TIMES,रीडिंग टाइम्स,101244.0,DELHIN/2008/28687,PRAMOD JAIN,DEL,DELHI,W
DELHIN15507,SAMJHOTA TIMES,nan,99390.0,DELHIN/2008/26833,JAI PRAKASH,DEL,DELHI,W
DELHIN08604,JUNOON TIMES,nan,66911.0,66911/ 97,MUKESH SHARMA,DEL,DELHI,W
DELHIN08857,JAUDA TIMES,nan,68060.0,68060/ 98,SUKHVINDER SINGH JAURA,DEL,DELHI,W
DELHIN07963,BHARATIYA NAI SHATABDI TIMES,nan,64087.0,64087/ 96,RAJESH KUMAR GARG,DEL,DELHI,W
DELHIN08324,YAMUNA LAHAR TIMES,nan,66085.0,66085/ 97,ASHOK BALA,DEL,DELHI,W
DELHIN08386,DELHI DARBAR TIMES,nan,72868.0,DELHIN/1999/00311,SIKANDAR AHMED,DEL,DELHI,W
DELHIN06611,CAPITAL TIMES OF CAPITAL TODAY,nan,62342.0,62342/ 93,NAVAL KISHORE SHARMA,DEL,DELHI,W
DELHIN07173,DELHI CRIME TIMES,nan,59265.0,59265/ 94,HARNAM SINGH SANSANWAL,DEL,DELHI,W
DELHIN07252,NAMASKAR TIMES,nan,59234.0,59234/ 94,NEELAM VASHIST,DEL,DELHI,W
DELHIN11134,STYLE TIMES,nan,77562.0,DELHIN/2001/05005,SURENDER ARORA,DEL,DELHI,W
DELHIN03647,RAJMANGAL TIMES,nan,47215.0,47215/ 87,KANCHAN GUPTA,DEL,DELHI,W
DELBIL01668,RISING TIMES OF DELHI,nan,50748.0,50748/,DELHI SAMACHAR SAMUH,DEL,DELHI,W
DELBIL01980,SWARN TIMES,स्वर्ण टाइम्स,47258.0,47258/ 87,MAA BASANTI CHARITABLE TRUST,DEL,DELHI,W
DELHIN14478,ABHI TAK CRIME TIMES,अभी तक क्राइम टाइम्‍स,92538.0,DELHIN/2007/19981,RAJENDER GUPTA,DEL,DELHI,W
DELHIN09814,U.K.G.TIMES,nan,71468.0,71468/ 99,UMESH KUMAR GUPTA,DEL,DELHI,W
DELHIN09893,NAJAFGARH TIMES,nan,72637.0,DELHIN/1999/00050,SHYAM SUNDER YADAV,DEL,DELHI,W
DELHIN10213,LALA TIMES,nan,75993.0,DELHIN/2000/03436,M.K.JAIN,DEL,DELHI,W
DELHIN05781,DESH KE NAAM SANDESH TIMES,देश के नाम संदेश टाइम्स,53573.0,53573/ 92,MASTER SHAMSUDDIN,DEL,DELHI,W
DELHIN28917,GURUDASPURIYA TIMES,गुरुदासपुरिया टाइम्स,152555.0,DELHIN/2021/80000,SARABJEET SINGH,DEL,DELHI,W
DELENG08734,DELHI TENDER TIMES,nan,57234.0,57234/ 93,MANOHAR GULATI,DEL,DELHI,W
DELENG09529,THE TIMES OF EDUCATION,nan,72386.0,72386/ 98,NARENDRA KUMAR MOHARANA,DEL,DELHI,W
DELHIN08582,HIMANCHA TIMES,nan,68293.0,68293/ 98,KULDEEP SHARMA,DEL,DELHI,W
DELHIN08731,APANA HATH THAMO TIMES,nan,67845.0,67845/ 97,SATVIR SHARMA,DEL,DELHI,W
DELHIN07466,DAWAT SAMACHAR TIMES,nan,59461.0,59461/ 95,KHURSHID AHMAD,DEL,DELHI,W
DELHIN06860,SUN INDIA TIMES,nan,59250.0,59250/ 94,HARVINDRA KAUR,DEL,DELHI,W
DELHIN08082,RASHTRIYA AMAR JYOTI TIMES,nan,64585.0,64585/ 96,SURENDRA PAL,DEL,DELHI,W
DELHIN08255,HAMDARD TIMES,nan,65092.0,65092/ 97,ABDUL HASHIM,DEL,DELHI,W
DELHIN06986,SAHARA SANDESH TIMES,सहारा संदेश टाइम्स,62483.0,62483/ 94,FURKAN ALI,DEL,DELHI,W
DELHIN07241,AMAR DEEP TIMES,अमर दीप टाइम्स,64442.0,64442/ 96,AMARDEEP SHASTRI,DEL,DELHI,W
DELHIN16202,KALYUGI TIMES,कलयुगी टाइम्स,104693.0,DELHIN/2010/32136,MANOJ RAI,DEL,DELHI,W
DELHIN16235,ADARSH BHARAT TIMES,nan,107595.0,DELHIN/2010/35038,KRISHNA NAND BHATT,DEL,DELHI,W
DELHIN16308,SEEMAPURI TIMES,nan,110646.0,DELHIN/2011/38089,R.P. VERMA,DEL,DELHI,W
DELBIL05097,SOOCHANA BHARATI TIMES,nan,81076.0,DELBIL/2002/08519,MRS.SONIA ANAND,DEL,DELHI,W
DELHIN06050,HIND SURYA TIMES,nan,53595.0,53595/ 92,KASIM SAYYED,DEL,DELHI,W
DELHIN06644,THE JAMUNAPAR TIMES,nan,57322.0,57322/ 93,VIRENDRA SAINI,DEL,DELHI,W
DELENG03032,INDIAN TIMES,इंडियन टाइम्स,536.0,536/ 57,HARJIT SINGH AND S KIRPAL SINGH,DEL,DELHI,W
DELHIN12057,TIMES OF TRUTH,nan,88290.0,DELHIN/2005/15733,NARESH CHAUHAN,DEL,DELHI,W
DELHIN12355,KANISKA TIMES,nan,88762.0,DELHIN/2005/16205,BHARTIYA JAN VIKAS SANSTHA,DEL,DELHI,W
DELHIN12499,TIMES OF MEDIA,nan,85442.0,DELHIN/2004/12885,PANKAJ KUMAR,DEL,DELHI,W
DELENG07532,FINANCIAL TIMES,nan,57252.0,57252/ 93,TIMES PUBLISHING HOUSE LTD.,DEL,DELHI,W
DELHIN27878,PRASHANT DEEP TIMES,प्रशांत दीप टाइम्स,75441.0,DELHIN/1999/02884,A.K.AGARWAL,DEL,DELHI,W
DELHIN28317,TAPOMURTI TIMES,तपोमूर्ति टाइम्स,137772.0,DELHIN/2015/65217,KRISHAN PRATAP SINGH,DEL,DELHI,W
DELHIN28512,VALANT TIMES,nan,37056.0,37056/ 81,AWDESH KUMAR JHA,DEL,DELHI,W
DELENG19485,SKILL TIMES,nan,148232.0,UR,SAKSHAM KATHURIA,DEL,DELHI,W
DELHIN11169,ISHARA TIMES,इशारा टाइम्स,80229.0,DELHIN/2001/07672,VINOD YADAV,DEL,DELHI,W
DELENG00724,C F C INVESTER TIMES,nan,45955.0,45955/ 87,C F C LEASING LTD (PUB DIVISION),DEL,DELHI,W
DELBIL08018,INTERNATIONAL PEACE TIMES,इंटरनेशनल पीस टाईम्स,133575.0,DELBIL/2015/61020,INTERNATIONAL PEACE MISSION,DEL,DELHI,W
DELHIN27221,NIVIDA SANCHAR TIMES,nan,118531.0,DELHIN/2012/45974,DEVENDRA PRASAD,DEL,DELHI,W
DELHIN27444,SANCHAR TIMES,nan,119882.0,DELHIN/2012/47325,DEHDANI S.K. JAIN,DEL,DELHI,W
DELHIN12687,KINNI TIMES,nan,85640.0,DELHIN/2004/13083,KIRAN SINGH TANWAR,DEL,DELHI,W
DELHIN12696,SAHAYATA TIMES,nan,86621.0,DELHIN/2004/14064,MOHD. SAQIB SIDDIQUI,DEL,DELHI,W
DELHIN12855,TYAGI TIMES,nan,86613.0,DELHIN/2004/14056,DHARMPAL TYAGI,DEL,DELHI,W
DELENG12522,THE INDRAPRASTHA TIMES,दि इंद्रप्रस्थ टाइम्स,76549.0,DELENG/2001/03993,SUSHIL VERMA,DEL,DELHI,W
DELENG14479,THE DILKASH TIMES,nan,89221.0,DELENG/2006/16664,MD. PARWEZ KHAN,DEL,DELHI,W
DELHIN11692,NIGAM TIMES,nan,81151.0,DELHIN/2002/08594,SUKHVINDER SINGH JAURA,DEL,DELHI,W
DELHIN12525,VISPHOTAK TIMES,nan,87018.0,DELHIN/2004/14461,SHER SINGH,DEL,DELHI,W
DELHIN09284,CYBER TIMES,साईबर टाईम्स,73019.0,DELHIN/1999/00462,ANUP GIRDHAR,DEL,DELHI,W
DELHIN09306,HIND FAUJ TIMES,nan,70536.0,70536/ 99,MARGUB HUSSAIN,DEL,DELHI,W
DELHIN09410,CHINU TIMES,चीनू टाइम्‍स,40473.0,40473/ 83,BABU RAM KHACHERU MAL CHARITABLE TRUST,DEL,DELHI,W
DELHIN09549,MAZDOOR KALYAN TIMES,nan,55706.0,55706/ 92,KHEMCHAND FURWARIYA,DEL,DELHI,W
DELHIN10501,MANAV SPOKESMAN TIMES,nan,74402.0,DELHIN/2000/01845,CHAUDHARY RAJENDRA SIRASWAL,DEL,DELHI,W
DELHIN10861,ASHOKA TIMES,nan,76055.0,DELHIN/2001/03498,ASHOK KUMAR,DEL,DELHI,W
DELHIN16108,NIRBHAY BHARAT TIMES,निर्भय भारत टाइम्स,104664.0,DELHIN/2010/32107,MANOJ KUMAR,DEL,DELHI,W
DELHIN16418,KAROBAR TIMES,nan,113008.0,DELHIN/2011/40451,JAYNIWAS LAL SINGH,DEL,DELHI,W
DELHIN16467,IQRAR TIMES,nan,120326.0,DELHIN/2011/47769,IKRAR KHAN,DEL,DELHI,W
DELHIN05358,ADHUNIK KAUSHALYA TIMES,nan,53377.0,53377/ 91,UMA SHANKAR SHARMA,DEL,DELHI,W
DELHIN03940,STATE TIMES,स्žटेट टाइम्žस,50644.0,50644/ 89,RAJ DALUJA,DEL,DELHI,W
DELENG18579,INDO AFRICA TIMES,nan,127221.0,DELENG/2014/54666,KIRIT SOBTI,DEL,DELHI,W
DELENG18430,NATIONAL AWARENESS TIMES,nan,123631.0,DELENG/2013/51076,DEEPAK SINGH,DEL,DELHI,W
DELBIL05466,SHANI NATIONS TIMES,nan,83542.0,DELBIL/2003/10985,MADAN LAL RAJASTHANI,DEL,DELHI,W
DELENG17404,THE TIMES OF AGRA,दि टाइम्स ऑफ़ आगरा,101950.0,DELENG/2009/29393,"BENNETT, COLEMAN & CO.LTD",DEL,DELHI,W
DELENG10644,CEC COMPUTER TIMES,nan,73008.0,DELENG/1999/00451,MRS.POONAM GUPTA,DEL,DELHI,W
DELHIN13967,RASTRIYA MAHANAGAR TIMES,राष्ट्रीय महानगर टाइम्स,96245.0,DELHIN/2006/23688,KAILASH PATI MISHRA,DEL,DELHI,W
DELHIN14079,RASHTRIYA RAJDHANI TIMES,राष्‍ट्रीय राजधानी टाइम्‍स,91355.0,DELHIN/2006/18798,MOHAMMED AFZAL,DEL,DELHI,W
DELHIN14129,NAVCHETNA TIMES,नवचेतना टाइम्‍स,91117.0,DELHIN/2006/18560,ASHOK KUMAR,DEL,DELHI,W
DELHIN14293,BHAVYA BHARAT TIMES,भव्य भारत टाइम्स,92190.0,DELHIN/2006/19633,CHANDRA BHAN KHAYAL,DEL,DELHI,W
DELHIN12880,JAHANGIR TIMES,nan,86378.0,DELHIN/2004/13821,DEEPAK VATSA,DEL,DELHI,W
DELHIN12901,DAY TIMES,nan,87047.0,DELHIN/2005/14490,MD. AHSAN,DEL,DELHI,W
DELHIN07900,DEEP SHIKHA TIMES,दीप शिखा टाइम्स,63528.0,63528/ 96,PREM SHARMA,DEL,DELHI,W
DELHIN08742,CENTER FOR EDUCATION AND COMMUNICATION TIMES,nan,67855.0,67855/ 97,GAURI SHANKAR,DEL,DELHI,W
DELHIN28520,RASHTRIYA SAMARPAN TIMES,राष्ट्रीय समर्पण टाइम्स,142975.0,DELHIN/2016/70420,PRADEEP,DEL,DELHI,W
DELHIN27074,BHARAT TIMES SAJAG,nan,112399.0,DELHIN/2011/39842,RAJESH KUMAR,DEL,DELHI,W
DELHIN27082,BHEEM NAGAR TIMES,nan,116985.0,DELHIN/2012/44428,MANJU VARSHNEY,DEL,DELHI,W
DELHIN27271,MILLION TIMES,nan,118528.0,DELHIN/2012/45971,WALIULLAH SAIFI,DEL,DELHI,W
DELHIN27308,CROSS RIVER TIMES,nan,118483.0,DELHIN/2012/45926,RISHI KUMAR,DEL,DELHI,W
DELMUL01026,TIMES OF PEDIA,nan,119568.0,DELMUL/2012/47011,ALI AADIL KHAN,DEL,DELHI,W
DELPUN00541,THE SIKH TIMES,द सिख टाइम्स,87635.0,DELPUN/2005/15078,GURCHARAN SINGH BABBAR,DEL,DELHI,W
DELHIN00752,CHAMPAWATI TIMES,nan,50727.0,50727/ 89,RAJESH KR. SINGH,DEL,DELHI,W
DELHIN01500,GANDHI TIMES,nan,70236.0,70236/ 98,SHRI RAMESH DUTT MISHR,DEL,DELHI,W
DELHIN01805,HINDI TIMES SAPTAHIK,nan,26783.0,26783/ 74,SARAN SAXENA,DEL,DELHI,W
DELHIN02111,JOSH TIMES,nan,61646.0,61646/ 87,UJAGAR SINGH JOSH,DEL,DELHI,W
DELHIN28032,C K G TIMES,सी. के. जी. टाइम्स,134546.0,DELHIN/2015/61991,C.K.G. FOUNDATION,DEL,DELHI,W
DELHIN28329,APRAM TIMES,अप्रम टाइम्‍स,142263.0,DELHIN/2016/69708,RANI MISHRA,DEL,DELHI,W
DELHIN28334,NAV UMANG BHARAT TIMES,नव उमंग भारत टाइम्स,139517.0,DELHIN/2016/66962,RAMESH SINGH,DEL,DELHI,W
DELHIN14934,VISHWAS MAT TIMES,विश्वास मत टाइम्स,94591.0,DELHIN/2007/22034,TRIBHUWAN PODDAR,DEL,DELHI,W
DELHIN15175,DHAMAKA TIMES,धमाका टाइम्स,95294.0,DELHIN/2007/22737,JYOTI GROVER,DEL,DELHI,W
DELHIN15614,MADHU TIMES,मधु टाइम्स,100282.0,DELHIN/2009/27725,KUMARI MADHUBALA,DEL,DELHI,W
DELHIN15955,DEENU TIMES,दीनू टाइम्स,108360.0,DELHIN/2010/35803,DINESH ARORA,DEL,DELHI,W
DELBIL07986,NISHCHAY TIMES,निश्चय टाइम्स,132691.0,DELBIL/2014/60136,NITIN VASUDEV,DEL,DELHI,W
DELHIN29037,SHEELWANT TIMES,शीलवन्त टाइम्स,159998.0,DELHIN/2023/87443,LALIT VERMA,DEL,DELHI,W
DELHIN29094,THE TIMES OF NAWADA CITY,nan,,UR,MEGHA VIG,DEL,DELHI,W
DELENG11955,COMPUTER TIMES,nan,76117.0,DELENG/2000/03560,PAWAN GUPTA,DEL,DELHI,W
DELHIN11350,THE WAZIRPUR TIMES,nan,78725.0,DELHIN/2002/06168,SHYAM SUNDER,DEL,DELHI,W
DELBIL07407,MALL AND CINEMAS TIMES,मॉल एंड सिनेमाज टाइम्स,106423.0,DELBIL/2010/33866,HARBANS LAL CHOUDHARY,DEL,DELHI,W
DELBIL07140,GRAH AANDOLAN TIMES,गृह आंदोलन टाइम्स,102515.0,DELBIL/2009/29958,ARJUN KAPOOR,DEL,DELHI,W
DELENG19587,COSMO TIMES,nan,139193.0,DELENG/2016/66638,ASHWANI KUMAR,DEL,DELHI,W
DELHIN00115,ADHISHTHATA TIMES,nan,50852.0,50852/ 90,AJAY KUMAR,DEL,DELHI,W
DELHIN03329,PATRI TIMES,nan,42816.0,42816/ 84,DEEPAK GOTHI,DEL,DELHI,W
DELHIN03383,POORVI DELHI TIMES,nan,47191.0,47191/ 87,SHANTI PUBLISHERS,DEL,DELHI,W
DELHIN28760,DRONACHARYA TIMES,द्रोणाचार्य टाइम्स,148881.0,DELHIN/2018/76326,PREM SINGH,DEL,DELHI,W
DELBIL04078,JABBAR VAN TIMES,nan,64768.0,64768/ 96,MRDULA,DEL,DELHI,W
DELBIL03005,PHULKA TIMES,nan,57361.0,57361/ 94,RAMESH CHANDER CHOPRA,DEL,DELHI,W
DELHIN11795,THE TIMES OF EDUCATION,nan,81591.0,DELHIN/2003/09034,NARENDRA KUMAR MOHARANA,DEL,DELHI,W
DELHIN28369,DELHI KESARI TIMES,दिल्ली केसरी टाइम्स,140668.0,DELHIN/2016/68113,PAWAN KUMAR,DEL,DELHI,W
DELHIN27982,NAVYUG TIMES,नवयुग टाइम्स,138728.0,DELHIN/2016/66173,PRAVEEN KUMAR,DEL,DELHI,W
DELHIN28178,SAIRA TIMES,सायरा टाइम्स,136678.0,DELHIN/2015/64123,HINA MEHVISH,DEL,DELHI,W
DELHIN27132,NAINA TIMES,nan,116558.0,DELHIN/2012/44001,LABHU RAM GARG,DEL,DELHI,W
DELHIN16569,YOUNGISTAN TIMES,nan,111645.0,DELHIN/2011/39088,RAJNISH KUMAR SHARMA,DEL,DELHI,W
DELENG08324,INDIAN MATRIMONIAL TIMES,nan,55740.0,55740/ 93,M.R. COMBINES,DEL,DELHI,W
DELHIN16435,TARIQUE TIMES,nan,108760.0,DELHIN/2011/36203,TARIQUE HUSSAIN RIZVI,DEL,DELHI,W
DELHIN16437,JANUTTHAN TIMES,nan,110269.0,DELHIN/2011/37712,AMIT KUMAR,DEL,DELHI,W
DELENG05908,TIMES WEEKLY,nan,19813.0,19813/ 70,"BENNETT, COLEMAN & CO.LTD",DEL,DELHI,W
DELENG06795,INDIAN TIMES,nan,16282.0,16282/ 57,SHRI HARJIT SINGH,DEL,DELHI,W
DELHIN14161,ANGAD TIMES,अंगद टाईम्‍स,92111.0,DELHIN/2006/19554,RANDHIR SINGH,DEL,DELHI,W
DELENG08863,REVENUE LAW TIMES,nan,57295.0,57295/ 94,DEEPAK WADHWA,DEL,DELHI,W
DELENG08899,TOMORROW TIMES,nan,57259.0,57259/ 94,M/S PUBLISHERS TIMES,DEL,DELHI,W
DELHIN28945,BHARAT SWABHIMAN TIMES,भारत स्वाभिमान टाइम्स,152557.0,DELHIN/2020/80002,ANURADHA TYAGI,DEL,DELHI,W
DELHIN28955,MOHANI TIMES,मोहनी टाइम्स,153038.0,DELHIN/2021/80483,VIRENDER SINGH,DEL,DELHI,W
DELHIN11209,SHANIVAR TIMES,nan,80537.0,DELHIN/2002/07980,BLACK EYE PUBLICATIONS PVT LTD,DEL,DELHI,W
DELHIN02240,KAMALA NAGAR TIMES,nan,49166.0,49166/ 89,PAWAN GOYAL,DEL,DELHI,W
DELURD01175,STANDARD TIMES,nan,16203.0,16203/ 67,S.KARTAR SINGH AND S.K. SEHGAL,DEL,DELHI,W
DELHIN15152,CHANDRAMA TIMES,चन्‍द्रमा टाइम्‍स,95573.0,DELHIN/2008/23016,HAJI ALLAH RAKHKHA,DEL,DELHI,W
DELHIN27466,BIRSA TIMES,nan,126379.0,DELHIN/2013/53824,SAROJ CHOUDHARY,DEL,DELHI,W
DELHIN27219,DELHI METRO TIMES,nan,120246.0,DELHIN/2012/47689,SUNIL KUMAR SINGH,DEL,DELHI,W
DELHIN12252,JUGAL JYOTI TIMES,nan,84346.0,DELHIN/2003/11789,KAMAL KUMAR KHANNA,DEL,DELHI,W
DELHIN12326,CHARCHIT TIMES,चर्चित टाइम्स,84780.0,DELHIN/2004/12223,SANJAY KUMAR,DEL,DELHI,W
DELHIN12731,JAI SAI TIMES,nan,85602.0,DELHIN/2004/13045,G. DEVENDIRAN,DEL,DELHI,W
DELHIN13201,GIHARA TIMES,nan,88293.0,DELHIN/2005/15736,RAJESH KUMAR GIHARA,DEL,DELHI,W
DELHIN13321,MANSURI TIMES,मंसूरी टाइम्‍स,91951.0,DELHIN/2007/19394,NASEEM RAJA MANSURI,DEL,DELHI,W
DELHIN06687,IKKISHVI SANCHURI TIMES,nan,62031.0,62031/ 95,U S JOSH,DEL,DELHI,W
DELHIN08789,GULSHAN TIMES,nan,67718.0,67718/ 98,SURENDER MOHAN LAMBA,DEL,DELHI,W
DELHIN08808,LOK LAHAR TIMES,nan,67853.0,67853/ 98,LAKHAN SINGH,DEL,DELHI,W
DELHIN07990,INTRODUCTION TIMES,nan,65352.0,65352/ 97,AMIT DAHIYA,DEL,DELHI,W
DELHIN08206,JAGDISH TIMES,nan,66915.0,66915/ 97,JAGDISH KUMAR RATHORE,DEL,DELHI,W
DELHIN06976,RASTRYA DARD TIMES,nan,57275.0,57275/ 93,KALYAN DAS,DEL,DELHI,W
DELHIN07243,SAMTA TIMES,nan,59357.0,59357/ 94,DINESH JAIN,DEL,DELHI,W
DELHIN07522,YASH BHARATI TIMES,यश भारती टाइम्स,62041.0,62041/ 95,BALMUKUND VERMA,DEL,DELHI,W
DELHIN07833,THE TIMES OF REPORTER,दि टाइम्स आफॅ रिपोर्टर,71699.0,71699/ 99,SEEMA SINGH,DEL,DELHI,W
DELHIN11353,DEV TIMES,nan,81871.0,DELHIN/2002/09314,VIVEK RAJ,DEL,DELHI,W
DELHIN05376,HINDUSTAN AYURVEDIC TIMES,nan,53407.0,53407/ 91,RANI CHOUHAN,DEL,DELHI,W
DELHIN28795,GRACE INDIA TIMES,ग्रेस इंडिया टाइम्žस,146400.0,DELHIN/2017/73845,SHASHI DHAR MEHTA,DEL,DELHI,W
DELHIN05140,YADAV TIMES,nan,50828.0,50828/ 90,KUMAR SHANKER,DEL,DELHI,W
DELBIL03725,THE TIMES OF EYE-WITNESS,nan,67975.0,67975/ 98,S.P.AHUJA,DEL,DELHI,W
DELHIN01874,INDIAN VYAPAR TIMES,nan,36949.0,36949/ 80,OM PRAKASH PAWAR,DEL,DELHI,W
DELENG19469,GST LAW TIMES,nan,144972.0,DELENG/2017/72417,CENTAX LAW PUBLICATIONS PVT.LTD.,DEL,DELHI,W
DELHIN27266,MUGHAL TIMES,मुग़ल टाइम्स,128204.0,DELHIN/2014/55649,MD. EJAZ ALAM,DEL,DELHI,W
DELHIN16197,RAJAWAT TIMES,राजावत टाइम्स,105260.0,DELHIN/2010/32703,PRAHLAD SINGH RAJPUT,DEL,DELHI,W
DELENG06775,DELHI TIMES,डेल्ही टाइम्स,534.0,534/ 57,A R NAIR,DEL,DELHI,W
DELENG06780,PARLIAMENTARY TIMES,nan,4796.0,4796/ 57,B.B. SAXENA,DEL,DELHI,W
DELENG06937,OVERSEAS HINDUSTAN TIMES,ओवरसीज हिंदुस्तान टाइम्स,540.0,540/ 57,HINDUSTAN TIMES LTD.,DEL,DELHI,W
DELENG08884,THE ECONOMIC TIMES ON SUNDAY,nan,57348.0,57348/ 94,"BENNETT, COLEMAN & CO.LTD",DEL,DELHI,W
DELENG10625,THE PRUDENTIAL TIMES,nan,67849.0,67849/ 98,RAJENDRA SINGH,DEL,DELHI,W
DELHIN11413,POVERTY TIMES,nan,79675.0,DELHIN/2002/07118,MAHENDRA SINGH AGRAWAL,DEL,DELHI,W
DELHIN11805,DALER MEHANDI TIMES,nan,81538.0,DELHIN/2003/08981,DALER SINGH MEHANDI,DEL,DELHI,W
DELENG13154,SUNDAY HINDUSTAN TIMES,संडे हिंदुस्तान टाइम्स,79874.0,DELENG/2002/07317,HT MEDIA LTD,DEL,DELHI,W
DELENG13911,TIMES ASCENT,nan,84577.0,DELENG/2003/12020,"BENNETT, COLEMAN & CO.LTD",DEL,DELHI,W
DELENG14619,EXPLORER TIMES,nan,86877.0,DELENG/2005/14320,M/S EXPLORER MEDIA NETWORK PVT.LTD.,DEL,DELHI,W
DELENG19445,GREAT TIMES NEWS,nan,,UR,RAHUL VEDI,DEL,DELHI,W
DELHIN27796,ALL TIMES SOLUTION,ऑल टाइम्स सॉल्यूशन,129022.0,DELHIN/2014/56467,ASHOK KHATRI,DEL,DELHI,W
DELENG18193,THE ECONOMIC TIMES MAGAZINE,nan,121203.0,DELENG/2012/48648,"BENNETT, COLEMAN & CO.LTD",DEL,DELHI,W
DELBIL06439,RAJDHANI NISHANT TIMES,nan,91071.0,DELBIL/2006/18514,NISHANT S JINDAL,DEL,DELHI,W
DELBIL06846,ECONOMIC TIMES ON SATURDAY,इकनॉमिक टाइम्स ऑन सैटरडे,96080.0,DELBIL/2008/23523,"BENNETT, COLEMAN & CO.LTD",DEL,DELHI,W
DELBIL05271,COURIER NEWS TIMES,nan,81410.0,DELBIL/2002/08853,MRS ANITA DEVI,DEL,DELHI,W
DELHIN09127,SARVADA SAAVDHAN TIMES,nan,71209.0,71209/ 99,SUKHVINDER SINGH KHARBAND,DEL,DELHI,W
DELHIN06500,GREATER MANDI TIMES,nan,64579.0,64579/ 96,U.S. JOSH,DEL,DELHI,W
DELHIN05939,SUPER T-SERIES TIMES,nan,53486.0,53486/ 91,TAJ SINGH VARUN,DEL,DELHI,W
DELHIN06889,PUNYA BHUMI TIMES,nan,59253.0,59253/ 93,VIKAS KAPOOR,DEL,DELHI,W
DELENG15628,SPACE AGE TIMES,सपेस,90973.0,DELENG/2006/18416,SPACE AGE EDUCATIONAL SOCIETY,DEL,DELHI,W
DELENG15808,THE DELHI LAW TIMES (CRIMINAL),nan,97439.0,DELENG/2007/24882,PRADEEP BAHL,DEL,DELHI,W
DELENG16363,SHAGOON TIMES,nan,99088.0,DELENG/2008/26531,ANURAG BIRLA,DEL,DELHI,W
DELENG16534,TYAGI TIMES,nan,95657.0,DELENG/2008/23100,DHARM PAL TYAGI,DEL,DELHI,W
DELHIN08915,SAMPARK VEER BHUMI TIMES,nan,69748.0,69748/ 98,VIJAY ROHIT,DEL,DELHI,W
DELHIN09071,VAISHNAVI TIMES,nan,69347.0,69347/ 98,MRS.SUDHA MEHTA,DEL,DELHI,W
DELHIN11312,RASTRA TIMES,nan,37109.0,37109/ 81,DAYASHANKAR CHATURVEDI,DEL,DELHI,W
DELHIN11337,PRAVAR TIMES,nan,80452.0,DELHIN/2002/07895,NITESH KUMAR,DEL,DELHI,W
DELHIN10145,RIDDHI TIMES,nan,75253.0,DELHIN/2000/02696,VIJAY CHAWALA,DEL,DELHI,W
DELHIN10379,PARDAFASH TIMES,nan,76170.0,DELHIN/2000/03613,C.CHANDRA,DEL,DELHI,W
DELHIN10667,NANGLOI SAMARPAN TIMES,nan,77390.0,DELHIN/2001/04833,RAJENDER KHARRA,DEL,DELHI,W
DELPUN00260,REENA TIMES,nan,45946.0,45946/ 87,B S DHINGRA & REENA DHINGRA,DEL,DELHI,W
DELHIN28523,SWATANTRA VYAPAR TIMES,nan,43003.0,43003/ 85,SUBHASH KATHORIA,DEL,DELHI,W
DELHIN28081,PARDARSHI TIMES,पारदर्शी टाईम्स,135150.0,DELHIN/2015/62595,SUNIL KUMAR,DEL,DELHI,W
DELHIN07399,RASTRA JANPATH TIMES,nan,59328.0,59328/ 94,FAROOKH KHAN,DEL,DELHI,W
DELHIN07527,RASHTRIYA VISHAL TIMES,nan,59474.0,59474/ 95,MANOJ KUMAR,DEL,DELHI,W
DELHIN07564,PRABHJOT TIMES,nan,61863.0,61863/ 95,MRS MANINDER KAUR,DEL,DELHI,W
DELHIN11896,WESTERN TIMES,nan,85738.0,DELHIN/2004/13181,DR.SHAMIM AHMAD QURESHI,DEL,DELHI,W
DELHIN12725,NAV RANG TIMES,nan,85919.0,DELHIN/2004/13362,NEERAJ TYAGI,DEL,DELHI,W
DELBIL07539,WELCOME TIMES,nan,113192.0,DELBIL/2011/40635,SAWARNJEET KAUR,DEL,DELHI,W
DELBIL03504,MNP TIMES,nan,64560.0,64560/ 96,MANOJ KUMAR GUPTA,DEL,DELHI,W
DELBIL03563,SVIN TIMES,nan,65409.0,65409/ 97,M/S SVIN CARDS (INDIA) LTD.,DEL,DELHI,W
DELBIL04100,TIMES VYAPAR TIMES,nan,71273.0,71273/ 99,BHARAT BHUSHAN SHARMA,DEL,DELHI,W
DELHIN06574,DESH BHAKT TIMES,nan,55705.0,55705/ 93,K. SATYANARAYANA,DEL,DELHI,W
DELHIN06849,VASUNDHRA TIMES,वसुंधरा टाइम्स,59260.0,59260/ 93,SURAJ SINGH AWANA,DEL,DELHI,W
DELENG09044,EXPO TIMES,nan,59312.0,59312/ 94,SURENDRA K B SNEHI,DEL,DELHI,W
DELENG09087,E TIMES,nan,57403.0,57403/ 94,BENNETT COLEMAN & CO.LTD,DEL,DELHI,W
DELBIL07127,ASIAD TIMES,nan,99019.0,DELBIL/2008/26462,GYAN CHAND ALEDIA,DEL,DELHI,W
DELBIL05412,VIDEEP TIMES,विदीप टाइम्स,83835.0,DELBIL/2003/11278,VIPIN KR.AGGARWAL,DEL,DELHI,W
DELENG14065,TIMES DAY,nan,84192.0,UR,MANISH SARAF,DEL,DELHI,W
DELHIN12129,TANUJ TIMES,nan,84612.0,DELHIN/2003/12055,VASUDEV SHARMA,DEL,DELHI,W
DELHIN12071,BHRASTACHAR SACHETAK TIMES,nan,83336.0,DELHIN/2003/10779,RAM SINGH,DEL,DELHI,W
DELHIN14154,AKSHAYA TIMES,अक्षया टाईम्‍स,92189.0,DELHIN/2006/19632,KAVITA ANAND,DEL,DELHI,W
DELHIN14167,SAINIK TIMES,सैनिक टाइम्स,90482.0,DELHIN/2006/17925,PRAVEEN GARG,DEL,DELHI,W
DELHIN14180,NUTAN TIMES,नूतन टाइम्‍स,91168.0,DELHIN/2006/18611,ANIL KUMAR,DEL,DELHI,W
DELHIN15261,SAPTAHA TIMES,सप्ताह टाइम्स,98179.0,DELHIN/2008/25622,PAWAN VIJ,DEL,DELHI,W
DELHIN15651,SANSAR SEWA TIMES,nan,99108.0,DELHIN/2008/26551,CHETAN SULANIYA,DEL,DELHI,W
DELHIN15917,USHA TIMES,nan,70055.0,70055/ 97,ASHOK KUMAR SINGHAL,DEL,DELHI,W
DELHIN13978,SAISMAL TIMES,सैसमल टाइस,93280.0,DELHIN/2007/20723,LAXMI DEVI,DEL,DELHI,W
DELHIN14024,JASSI TIMES,जस्सी टाईम्स,94493.0,DELHIN/2006/21936,S. JAGDISH SINGH HANDA,DEL,DELHI,W
DELHIN28730,RASHTRIYA SHIKHA TIMES,राष्‍ट्रीय शिखा टाइम्‍स,147205.0,DELHIN/2017/74650,MAHENDER SINGH,DEL,DELHI,W
DELHIN27871,CRIME CHECK TIMES,क्राईम चैक टाइम्स,130538.0,DELHIN/2014/57983,PAWAN KUMAR,DEL,DELHI,W
DELHIN27886,NILANJAN TIMES,नीलांजन टाइम्स,130400.0,DELHIN/2014/57845,RAJESH PANDEY,DEL,DELHI,W
DELHIN28014,ROYAL KHATIK TIMES,रॉयल खटीक टाईम्स,135641.0,DELHIN/2015/63086,SANDHYA,DEL,DELHI,W
DELHIN28193,RASHTRAVANI TIMES,राष्ट्रवाणी टाइम्स,138432.0,DELHIN/2015/65877,MOHAMMAD AFSAR,DEL,DELHI,W
DELHIN28228,PAHAL TIMES,पहल टाइम्स,140406.0,DELHIN/2016/67851,SHOORBIR SINGH,DEL,DELHI,W
DELHIN28482,RAJDHANI PRAYUKTI TIMES,राजधानी प्रयुक्ति टाइम्स,140460.0,DELHIN/2016/67905,RITU BHARGAV,DEL,DELHI,W
DELHIN09677,THE WEEKLY TIMES,nan,57393.0,57393/ 94,MOHD JOSHI,DEL,DELHI,W
DELHIN08945,G.T.B.TIMES,nan,68849.0,68849/ 98,SANJEEV JAIN,DEL,DELHI,W
DELHIN09353,APARADH TIMES,nan,63006.0,63006/ 94,DR. R.N. GUPTA,DEL,DELHI,W
DELHIN03181,OJASVI NAGAR TIMES,nan,45794.0,45794/ 86,O K JAIN,DEL,DELHI,W
DELHIN03183,OJASVI TRINAGAR TIMES,nan,65125.0,65125/ 96,SUBHASH KAROTHIYA,DEL,DELHI,W
DELHIN03306,PARVATIYA TIMES,पर्वतीय टाइम्स,39328.0,39328/ 82,"DNC COMMUNICATION PVT. LTD.,",DEL,DELHI,W
DELENG16875,THE GLOBAL TIMES,दि ग्लोबल टाइम्स,102815.0,DELENG/2009/30258,AMITA CHAUHAN,DEL,DELHI,W
DELENG16993,CYBER TIMES,nan,98027.0,DELENG/2008/25470,ANUP GIRDHAR,DEL,DELHI,W
DELHIN01756,HILTON TIMES,nan,49217.0,49217/ 89,JOGINDER PAL DUTTA,DEL,DELHI,W
DELHIN01949,JAG BHARAT TIMES,nan,39408.0,39408/ 82,ABDUL SATTAR KHAN,DEL,DELHI,W
DELURD00588,INTERNATIONAL JAREEDA TIMES,nan,50664.0,50664/ 89,SHAHID HASHIM,DEL,DELHI,W
DELURD00627,JAMIAT TIMES,nan,16334.0,16334/ 67,MUFTI ZIA. UL HAQ,DEL,DELHI,W
DELHIN06992,RAJDHANI NEWS TIMES,nan,62050.0,62050/ 95,DEEPAK KUMAR,DEL,DELHI,W
DELHIN07930,J.P. TIMES,nan,65033.0,65033/ 96,JAIPRAKASH AGRAWAL,DEL,DELHI,W
DELHIN08594,LAZER TIMES,nan,67758.0,67758/ 98,ANIL CHANDI,DEL,DELHI,W
DELHIN08611,SATYA PRAKASH TIMES,सत्य प्रकाश टाइम्स,67014.0,67014/ 97,SATYA PRAKASH GUPTA,DEL,DELHI,W
DELHIN16478,KESHAV TIMES,nan,111215.0,DELHIN/2011/38658,CHANDER MOHAN SHARMA,DEL,DELHI,W
DELHIN09836,BHARTIYA NISHANA TIMES,nan,70922.0,70922/ 99,RAJIV KUMAR,DEL,DELHI,W
DELHIN09945,AKHIL BHARTIYA TERAPANTH TIMES,nan,72014.0,72014/ 99,AKHIL BHARTIYA TERAPANTHI YUVAK PARISHAD,DEL,DELHI,W
DELHIN11243,SAWAN TIMES,nan,78600.0,DELHIN/2002/06043,MADHU SURI,DEL,DELHI,W
DELHIN12520,KIRAN TIMES,nan,86633.0,DELHIN/2004/14076,MANOJ KUMAR,DEL,DELHI,W
DELHIN13334,BURARI TIMES,बुराड़ी टाइम्स,91680.0,DELHIN/2006/19123,RAJANIKANT SAXENA,DEL,DELHI,W
DELHIN13631,OKHLA TIMES,nan,89165.0,DELHIN/2006/16608,MOHD. NADEEM AKHTAR,DEL,DELHI,W
DELHIN12192,LAKSHYA TIMES,nan,83926.0,DELHIN/2003/11369,RAVISHANKAR SHARMA,DEL,DELHI,W
DELBIL04080,DESH INDIA TIMES,nan,71238.0,71238/ 99,BHARAT BHUSHAN SHARMA,DEL,DELHI,W
DELHIN03461,PRATIK TIMES,nan,45868.0,45868/ 86,MRS.VINOD CHADDA,DEL,DELHI,W
DELBIL01893,SHAKTIVAN SURYAATIMES,nan,49307.0,49307/ 89,H L MEHANDRA,DEL,DELHI,W
DELBIL03012,UTKAL SANSAR TIMES,nan,57353.0,57353/ 94,ASHOK KUMAR DAS,DEL,DELHI,W
DELHIN12798,SAHEED BHAGAT SINGH TIMES,nan,86476.0,DELHIN/2004/13919,SHIV KUMAR AGGARWAL,DEL,DELHI,W
DELHIN12522,CHETAN TIMES,nan,84939.0,DELHIN/2004/12882,CHETAN GUPTA,DEL,DELHI,W
DELHIN12172,AMAN TIMES,nan,83799.0,DELHIN/2003/11242,MO.ASLAM BARNI,DEL,DELHI,W
DELENG14049,THE HERALD TIMES,nan,84095.0,DELENG/2003/11538,MOHD.ASLAM QURESHI,DEL,DELHI,W
DELHIN11561,KHABRI TIMES,nan,80813.0,DELHIN/2002/08256,RAJEEV MAURYA,DEL,DELHI,W
DELENG13150,HINDUSTAN TIMES CAREERS GUIDE,हिंदुस्तान टाइम्स कैरियर्स गाइड,79819.0,DELENG/2002/07262,THE HINDUSTAN TIMES LTD.,DEL,DELHI,W
DELENG16581,THE THUNDER TIMES,nan,99639.0,DELENG/2008/27082,YATENDRA KUMAR SINGH,DEL,DELHI,W
DELENG17585,MOTHER HEALTH TIMES,मदर हेल्थ टाइम्स,103833.0,DELENG/2009/31276,DEEPAK SHARMA,DEL,DELHI,W
DELENG17917,THE ECONOMIC TIMES WEALTH,nan,110551.0,DELENG/2011/37994,"BENNETT, COLEMAN & CO.LTD",DEL,DELHI,W
DELHIN09083,RIZVI TIMES,nan,69933.0,69933/ 98,PARVEZ RIZVI,DEL,DELHI,W
DELHIN09829,MEHRAULI TIMES,nan,75850.0,DELHIN/2001/03293,AZIZ AHMED,DEL,DELHI,W
DELENG10844,ALERT TIMES,nan,73544.0,DELENG/2000/00987,JATINDER BIR SINGH,DEL,DELHI,W
DELENG11468,THE IMPRESSIVE TIMES,nan,71186.0,71186/ 99,MANOJ KUMAR MANDAL,DEL,DELHI,W
DELHIN13882,VEER BHADRA TIMES,वीरभद्र टाइम्‍स,91221.0,DELHIN/2006/18664,PANKAJ BHANOT,DEL,DELHI,W
DELHIN13917,SARASWATI PROPERTY TIMES,सरस्वती प्रोपर्टी टाइम्स,91916.0,DELHIN/2007/19359,VINOD SAHDEV,DEL,DELHI,W
DELHIN13933,SURKHIYA TIMES,सुर्खियां-टाइम्स,96744.0,DELHIN/2008/24187,SNEH NEBA,DEL,DELHI,W
DELHIN08087,THE ROLEX TIMES,nan,63914.0,63914/ 96,KEWAL KRISHAN,DEL,DELHI,W
DELHIN07284,SADBHAWNA TIMES,nan,59229.0,59229/ 94,JAI PRAKASH SHARMA,DEL,DELHI,W
DELHIN07075,SKY TIMES,nan,57331.0,57331/ 94,MUMTAZ AHMAD,DEL,DELHI,W
DELBIL05538,SHRI BALAJI AASHIRWAD TIMES,nan,84932.0,DELBIL/2004/12375,ANIL CHOUDHARY,DEL,DELHI,W
DELBIL06354,ISHAN TIMES,ईशान टाइम्स,89635.0,DELBIL/2006/17078,SANJAY RAI,DEL,DELHI,W
DELHIN16122,RELIEF TIMES,रिलीफ टाइम्स,103200.0,DELHIN/2009/30643,SAYED WASI UR REHMAN BUKHARI,DEL,DELHI,W
DELHIN16242,NEEL SAHARA TIMES,नील सहारा टाइम्स,105737.0,DELHIN/2010/33180,MEHMOOD ALI,DEL,DELHI,W
DELHIN16263,MEGA TIMES NEWS,मेगा टाइम्स न्यूज़,105985.0,DELHIN/2010/33428,PAWAN KUMAR,DEL,DELHI,W
DELHIN16352,NAVYA TIMES,नव्या टाइम्स,107405.0,DELHIN/2010/34848,MAHENDER ARORA,DEL,DELHI,W
DELHIN27269,JANSUDHARAK TIMES,nan,119214.0,DELHIN/2012/46657,VINOD JOSHI,DEL,DELHI,W
DELHIN28667,NATIONAL CHETNA TIMES,nan,,UR,SEEMA BISHT,DEL,DELHI,W
DELHIN28002,AWAZ E HIND TIMES,आवाज़ ए हिन्द टाइम्स,132888.0,DELHIN/2015/60333,SHIV MOHAN,DEL,DELHI,W
DELENG18786,HEALTH BIZ TIMES,हेल्थ बिज टाइम्स,130336.0,DELENG/2014/57781,MIRANDA HEALTH CARE,DEL,DELHI,W
DELHIN28234,NATIONAL CAPITAL TIMES,नेशनल केपिटल टाइम्स,136256.0,DELHIN/2015/63701,JITENDER KUMAR,DEL,DELHI,W
DELHIN28597,EROS TIMES,इरोस टाइम्स,141371.0,DELHIN/2016/68816,ANEES AHMAD,DEL,DELHI,W
DELHIN00078,ABHINAV TIMES,nan,49289.0,49289/ 89,M/S ABHINAV SAMACHAR SAMUH,DEL,DELHI,W
DELBIL11567,SUBHADRA TIMES,सुभद्रा टाइम्स,144546.0,DELBIL/2017/71991,DARSHANA,DEL,DELHI,W
DELHIN08459,VISESH TIMES,nan,66415.0,66415/ 97,VIJAY KUMAR,DEL,DELHI,W
DELHIN08498,LOKPRIYA SAHIB TIMES,nan,67266.0,67266/ 97,SMT.JASWINDER KAUR,DEL,DELHI,W
DELHIN08765,MOOLCHAND TIMES,nan,67716.0,67716/ 97,MAHENDER SINGH,DEL,DELHI,W
DELHIN10701,TERESA TIMES,nan,75600.0,DELHIN/2001/03043,PANKAJ SINHA,DEL,DELHI,W
DELHIN11298,G TIMES,nan,78773.0,DELHIN/2001/06216,ASHOK CHUGH,DEL,DELHI,W
DELHIN13177,RAPID FIRE TIMES,nan,87792.0,DELHIN/2005/15235,KESHARI DEVI MISHRA,DEL,DELHI,W
DELHIN13244,SABHYA TIMES,nan,87977.0,DELHIN/2005/15420,MANOJ CHHABRA,DEL,DELHI,W
DELHIN13304,CHANDILA TIMES,nan,89079.0,DELHIN/2005/16522,KUWAR NAWAB SINGH,DEL,DELHI,W
DELENG10526,ASIAN RAILWAY TENDER & ALLCTION TIMES,nan,67780.0,67780/ 97,SUMAN PRAKASH,DEL,DELHI,W
DELENG10787,SUPER INDIA RAILWAY TIMES,nan,72569.0,DELENG/1998/00012,R.L. VERMA,DEL,DELHI,W
DELHIN15032,MUSARRAT TIMES,मुसुर्रत टाइम्स,97029.0,DELHIN/2008/24472,MOHD. RIYAZ,DEL,DELHI,W
DELHIN15791,KARMBHOOMI TIMES,कर्मभूमि टाइम्स,104135.0,DELHIN/2010/31578,NARENDER NIGAM,DEL,DELHI,W
DELHIN15124,MISCELLANEOUS TIMES,मिसलेनिअस टाइम्स,95574.0,DELHIN/2008/23017,ANIL,DEL,DELHI,W
DELENG05282,THE SUNDAY TIMES OF INDIA,द सन्डे टाइम्स ऑंफ इंडिया,50787.0,50787/ 90,"BENNETT, COLEMAN & CO.LTD",DEL,DELHI,W
DELHIN16422,THE ANTIVIRUS TIMES,nan,108771.0,DELHIN/2011/36214,NARESH JINDAL,DEL,DELHI,W
DELHIN16538,7 DAYS TIMES,nan,111920.0,DELHIN/2011/39363,DARRICK SOLOMON,DEL,DELHI,W
DELENG15064,THE ECONOMIC TIMES ON SATURDAY,nan,88980.0,DELENG/2006/16423,"BENNETT, COLEMAN & CO.LTD",DEL,DELHI,W
DELHIN11375,SECULAR NEWS TIMES,nan,79680.0,DELHIN/2002/07123,ZAMEER AHMAD KHAN,DEL,DELHI,W
DELHIN08030,VIKRAL TIMES,nan,64920.0,64920/ 96,VIJAY RAJ TIWARI,DEL,DELHI,W
DELHIN08109,TOMAR TIMES,तोमर टाइम्स,68848.0,68848/ 98,R.S.TOMAR,DEL,DELHI,W
DELHIN08264,VIDROHI TIMES,nan,72128.0,72128/ 98,DEVI PRASAD TRIPATHI,DEL,DELHI,W
DELHIN08404,S.J.M. TIMES,nan,67841.0,67841/ 98,AJAY SINGH,DEL,DELHI,W
DELHIN07523,PARAMVIR CHAKRA TIMES,nan,61408.0,61408/ 95,DAVENDR SINGH VERMA,DEL,DELHI,W
DELHIN11747,SENA TIMES,nan,81454.0,DELHIN/2002/08897,DEV RAJ SINGH CHAUHAN,DEL,DELHI,W
DELHIN11813,TOWN TIMES,nan,82629.0,DELHIN/2003/10072,YOGESH SHARMA,DEL,DELHI,W
DELHIN12253,KRANTI TIMES,क्रांति टाइम्स,84654.0,DELHIN/2003/12097,H.K.MISHRA,DEL,DELHI,W
DELHIN12404,SUNDAY NAVBHARAT TIMES,nan,86264.0,DELHIN/2004/13707,"BENNETT, COLEMAN & CO.LTD",DEL,DELHI,W
DELHIN12658,PURTIKA TIMES PLUS,nan,85922.0,DELHIN/2004/13365,NEHA GALHOTRA,DEL,DELHI,W
DELHIN11193,CLASSIC TIMES,nan,78816.0,DELHIN/2001/06259,MURSHID KARIM,DEL,DELHI,W
DELHIN28982,AARAV TIMES,nan,,nan,HONEY SEHGAL,DEL,DELHI,W
DELHIN07068,TOMORROW TIMES,nan,57268.0,57268/ 94,M/S PUBLISHERS TIMES,DEL,DELHI,W
DELHIN06417,NAV HIND TIMES,nan,55591.0,55591/ 92,RAM NIWAS VERMA,DEL,DELHI,W
DELHIN06530,NEW ASHOK TIMES,nan,55795.0,55795/ 93,LATIF AHMAD KHAN,DEL,DELHI,W
DELHIN06652,NEW VIKAS TIMES,nan,55733.0,55733/ 93,SURENDRA JINDAL,DEL,DELHI,W
DELENG14418,TOTALITY TIMES,nan,85866.0,DELENG/2004/13309,ASHISH GUPTA,DEL,DELHI,W
DELBIL07631,RANN TIMES,रण टाइम्स,113313.0,DELBIL/2012/40756,TARUN KUMAR,DEL,DELHI,W
DELBIL07735,VARSI TIMES,वारसी टाइम्स,128310.0,DELBIL/2012/55755,SHAHANAWAZ KHAN,DEL,DELHI,W
DELHIN28569,ANTI WOOD PECKER TIMES,एन्टी वुड पेकर टाइम्स,140071.0,DELHIN/2016/67516,AMRIT PAL SINGH,DEL,DELHI,W
DELHIN28604,DEHLAVI TIMES,देहलवी टाइम्स,142103.0,DELHIN/2016/69548,NASREEN BEGUM,DEL,DELHI,W
DELHIN28037,DIWAKAR TIMES,दिवाकर टाईम्स,134866.0,DELHIN/2015/62311,NARESH KUMAR,DEL,DELHI,W
DELHIN27812,SUSHAMA TIMES,सुषमा टाइम्स,129006.0,DELHIN/2014/56451,BRAHMPAL SINGH,DEL,DELHI,W
DELHIN27820,BHAVESH TIMES,भावेश टाइम्स,128060.0,DELHIN/2014/55505,V.S. BABLI CHAUDHARY,DEL,DELHI,W
DELHIN05525,HINDI TIMES,nan,4929.0,4929/ 60,TARUN HIND PRAKASHAN PVT.LTD,DEL,DELHI,W
DELHIN28759,PRABUDDHA BHARAT TIMES,प्रबुद्ध भारत टाइम्स,147210.0,UR,PRAVEEN DAMLE,DEL,DELHI,W
DELBIL04048,RELIGIONS MESSENGER TIMES,nan,55726.0,55726/ 92,RAM NARESH TIWARI,DEL,DELHI,W
DELBIL04438,ISMA-TIMES,nan,74782.0,DELBIL/2000/02225,MOHAMMAD ISMAIL,DEL,DELHI,W
DELHIN04856,UMA TIMES,उमा टाइम्स,50687.0,50687/ 89,RADHEY SHAM SHARMA,DEL,DELHI,W
DELHIN05384,JAY JINENDRA TIMES OF THE WORLD,nan,53306.0,53306/ 91,SURESH CHANDRA JAIN,DEL,DELHI,W
DELHIN00231,ALPASANKHAK TIMES,nan,49158.0,49158/ 89,NEENA GARG,DEL,DELHI,W
DELHIN00301,ANUJA TIMES,nan,55696.0,55696/ 92,RANBIR SINGH,DEL,DELHI,W
DELHIN00504,BATRA TIMES,nan,47342.0,47342/ 88,HARBHAJAN SINGH BATRA,DEL,DELHI,W
DELHIN02361,KHOJ KHABAR TIMES,nan,40636.0,40636/ 83,RAKESH MOHAN GARG,DEL,DELHI,W
DELURD01954,MILI TIMES INTERNATIONAL,nan,57337.0,57337/ 94,RASHID SHAZ,DEL,DELHI,W
DELBIL08112,JANLOK INDIA TIMES,जनलोक इंडिया टाइम्स,137024.0,DELBIL/2015/64469,SURAJ SINGH,DEL,DELHI,W
DELHIN10214,POLKHOL TIMES,nan,76914.0,DELHIN/2000/04357,ANUJ JAIN,DEL,DELHI,W
DELHIN09073,PRQGAMI TIMES,nan,69201.0,69201/ 98,ASHWANI KUMAR,DEL,DELHI,W
GOAENG00187,KHATAK TIMES,nan,75495.0,GOAENG/2000/02938,HIGHMARK (INDIA) PRIVATE LIMITED,GOA,NORTH GOA,F
GOAENG00119,NAVHIND TIMES,nan,12168.0,12168/ 66,DEMPO INDUSTRIES PVT LTD.,GOA,NORTH GOA/ PANAJI,D
GOAENG00056,GOMANTAK TIMES,nan,46996.0,46996/ 88,GOMANTAK PVT. LTD.,GOA,NORTH GOA/ PANJIM,D
GOAENG00034,GOA LAW TIMES,nan,48530.0,48530/ 89,VAINKUNTRAO DEMPO CENTRE FOR INDO-PORTUGESE STUDIES,GOA,NORTH GOA/ PANJIM,M
GOAKON00023,KONKAN TIMES,nan,39874.0,39874/ 83,HIRA TUKARAM SHET,GOA,NORTH GOA/ PANJIM,M
GOAENG00287,GOA TIMES,गोआ टाईम्स,97352.0,GOAENG/2008/24795,"BENNETT, COLEMAN & CO.LTD",GOA,PANAJI,D
GOAENG00310,THE TIMES OF INDIA,दी टाइम्स ऑफ इंडिया,97731.0,GOAENG/2008/25174,"BENNETT, COLEMAN & CO.LTD",GOA,PANAJI,D
GOAENG00309,SUNDAY TIMES OF INDIA,संडे टाईम्स ऑफ इण्डिया,97812.0,GOAENG/2008/25255,"BENNETT, COLEMAN & CO.LTD",GOA,PANAJI,W
GOAENG00389,METRO TIMES,nan,127542.0,GOAENG/2014/54987,ANUM MEDIA (INDIA) PVT. LTD.,GOA,PANAJI,W
GOAMAR00104,RASHTRIYA VICHARANCHE DAINIK GOA TIMES,nan,70170.0,70170/ 98,ULHAS PUBLICATIONS PVT. LTD.,GOA,PANJIM,D
GOAENG00176,WEST COAST TIMES,nan,32199.0,32199/ 78,TIMBLO PUBLICATIONS,GOA,SOUTH GOA/ MARGAO,D
GUJGUJ14915,EASTERN TIMES,nan,126680.0,GUJGUJ/2013/54125,VISHWANATH RAMKAILASH CHOUDHARY,GUJ,AHEMDABAD,W
GUJHIN00252,TIMES PRESS INTERNATIONAL,nan,39731.0,39731/ 81,DHARMENDRA JINENDRA JAIN,GUJ,AHEMEDABAD,W
GUJBIL00779,THE ECONOMIC TIMES,nan,91839.0,GUJBIL/2007/19282,"BENNETT, COLEMAN & CO.LTD",GUJ,AHMADABAD,D
GUJGUJ14198,LOHANA INTERNATIONAL TIMES,nan,117311.0,GUJGUJ/2012/44754,KISHOR A. THAKKAR,GUJ,AHMADABAD,F
GUJBIL00807,SHALBY TIMES,nan,97983.0,GUJBIL/2008/25426,FRIENDS OF SHALBY FOUNDATION,GUJ,AHMADABAD,M
GUJGUJ12127,TIMES OF TIMBER,टाइम्‍स ऑफ टि‍म्‍बर,93688.0,GUJGUJ/2007/21131,RAJENDRAPRASAD GHANSHYAMPRASAD JANI,GUJ,AHMADABAD,M
GUJGUJ13301,LOHANA INTERNATIONAL TIMES,लोहना इंटरनेशनल टाइम्स,107301.0,GUJGUJ/2010/34744,KISHOR A. THAKKAR,GUJ,AHMADABAD,M
GUJENG00847,THE ECONOMIC TIMES ON SUNDAY,दि इकनोमिक टाइम्स ऑन संडे,100295.0,GUJENG/2007/27738,"BENNETT, COLEMAN & CO.LTD",GUJ,AHMADABAD,W
GUJGUJ12828,CRIME TODAY TIMES,क्राइम टुडे टाइम्स,103318.0,GUJGUJ/2009/30761,SHAILESH CHANDRAKANT GOR,GUJ,AHMADABAD,W
GUJENG00964,PHYSIO TIMES,फिजियो टाइम्स,102898.0,GUJENG/2009/30341,BHUMIKA MUKESH NAYAK,GUJ,AHMEDABAD,BM
GUJENG00584,THE TIMES OF INDIA,द टाइम्स ऑफ़ इंडिया,15047.0,15047/ 68,"BENNETT, COLEMAN & CO.LTD",GUJ,AHMEDABAD,D
GUJENG00837,AROUND THE TIMES,क्ž,90715.0,GUJENG/2006/18158,ASHOK BEDI,GUJ,AHMEDABAD,D
GUJGUJ06827,TIMES OF KARNAVATI,nan,63625.0,63625/ 96,URVISH N. VYAS,GUJ,AHMEDABAD,D
GUJGUJ04532,WESTERN TIMES,nan,46323.0,46323/ 86,WESTERN TIMES PUBLICATIONS PVT. LTD.,GUJ,AHMEDABAD,D
GUJENG00521,TIMES PRESS INTERNATIONAL,nan,66656.0,66656/ 96,DHARMENDER JAIN,GUJ,AHMEDABAD,D
GUJENG00801,SURAT TIMES OF INDIA,सूरत टाइम्स ऑफ़ इंडिया,90416.0,GUJENG/2006/17859,"BENNETT, COLEMAN & CO.LTD",GUJ,AHMEDABAD,D
GUJGUJ08960,THE FRIDAY TIMES SAMACHAR,द फ्राइडे टाइम्स समाचार,78559.0,GUJGUJ/2000/06002,FAYAZ H.A.SAIKH,GUJ,AHMEDABAD,D
GUJENG00765,TIMES OF AHMEDABAD,nan,88629.0,GUJENG/2005/16072,"BENNETT, COLEMAN & CO.LTD",GUJ,AHMEDABAD,D
GUJGUJ05891,FINANCIAL TIMES INCORPARTING THE TIMES OF INDIA,फाइनेंसियल टाइम्स इंकॉर्परटिंग द टाइम्स ऑफ़ इंडिया,48473.0,48473/ 89,BENNETT COLEMAN & CO. LTD.,GUJ,AHMEDABAD,D
GUJENG01125,TIMES DAY,nan,121920.0,GUJENG/2013/49365,MANISH SARAF,GUJ,AHMEDABAD,D
GUJHIN00669,SAAMNA TIMES,सामना टाइम्स,130617.0,GUJHIN/2013/58062,SHIV DARSHAN PRAKASHAN,GUJ,AHMEDABAD,D
GUJGUJ15016,AHMEDABAD TIMES MASALA MIX,nan,128352.0,GUJGUJ/2014/55797,"BENNETT, COLEMAN & CO.LTD",GUJ,AHMEDABAD,D
GUJGUJ16344,TIMES OF RANIP,nan,139197.0,GUJGUJ/2014/66642,ROHIT K.PATEL,GUJ,AHMEDABAD,D
GUJENG00088,THE ECONOMIC TIMES,nan,48620.0,48620/ 90,"BENNETT, COLEMAN & CO. LTD",GUJ,AHMEDABAD,D
GUJENG00817,TIMES OF BARODA,टाइम्‍स ऑफ बडोदा,90413.0,GUJENG/2006/17856,"BENNETT, COLEMAN & CO.LTD",GUJ,AHMEDABAD,D
GUJGUJ14511,ARVALLI TIMES,nan,121081.0,GUJGUJ/2011/48526,HARDIK M. DESAI,GUJ,AHMEDABAD,D
GUJURD00062,RABTA TIMES,राबता टाईम्स,130035.0,GUJURD/2014/57480,AYAAN PUBLICATION PRIVATE LIMITED,GUJ,AHMEDABAD,D
GUJGUJ15829,TIMES OF CHANDLODIA,टाईम्स ऑफ चांदलोदिया,134027.0,GUJGUJ/2012/61472,PARESH H. KOTHARI,GUJ,AHMEDABAD,D
GUJENG00657,BARODA TIMES OF INDIA,बरोदा टाइम्स ऑफ़ इंडिया,78254.0,GUJENG/2001/05697,"BENNETT, COLEMAN & CO.LTD",GUJ,AHMEDABAD,D
GUJGUJ15431,STATE TIMES,स्टेट टाइम्स,131616.0,GUJGUJ/2014/59061,MRG PUBLICATION PVT.LTD.,GUJ,AHMEDABAD,D
GUJHIN00283,TIMES PRESS INTERNATIONAL,nan,48738.0,48738/ 90,NOT GIVEN,GUJ,AHMEDABAD,D
GUJENG00678,AHMEDABAD TIMES OF INDIA,अहमदाबाद टाइम्स ऑफ़ इंडिया,79811.0,GUJENG/2002/07254,"BENNETT, COLEMAN & CO.LTD",GUJ,AHMEDABAD,D
GUJENG00318,WESTERN TIMES,nan,11172.0,11172/ 67,WESTERN TIMES PUBLICATION PVT. LTD.,GUJ,AHMEDABAD,D
GUJGUJ16828,THE VENUS TIMES,nan,146060.0,GUJGUJ/2017/73505,AKSHESHKUMAR SAVALIYA,GUJ,AHMEDABAD,D
GUJGUJ13705,RAJAL TIMES,nan,123260.0,GUJGUJ/2013/50705,PANCHAL KIRAN MOHANLAL,GUJ,AHMEDABAD,D
GUJGUJ14454,SATYA TIMES,nan,125419.0,GUJGUJ/2013/52864,DAKSHESH MAHENDRAKUMAR PRAJAPATI,GUJ,AHMEDABAD,D
GUJGUJ08452,DUDHESHWAR TIMES,nan,73194.0,GUJGUJ/2000/00637,KANUBHAI PURSHOTTAMDAS MISTRY,GUJ,AHMEDABAD,F
GUJGUJ11781,KESARI TIMES,केसरी टाइम्स,97446.0,GUJGUJ/2008/24889,TRIVEDI SHAKUNTALABEN NATWARLAL,GUJ,AHMEDABAD,F
GUJGUJ11954,SAMAJ TIMES,समाज टाइम्žस,93449.0,GUJGUJ/2007/20892,SOLANKI KARASAN BHIMAJIBHAI,GUJ,AHMEDABAD,F
GUJGUJ15414,PRACHAR TIMES,nan,131148.0,GUJGUJ/2014/58593,JAYPRAKASH T. DEVMORARI,GUJ,AHMEDABAD,F
GUJGUJ15950,BHAVYA TIMES,भव्य टाइम्स,136904.0,GUJGUJ/2015/64349,SAMITA JOSHI,GUJ,AHMEDABAD,F
GUJGUJ14260,DHOLERA TIMES,nan,122334.0,GUJGUJ/2013/49779,JITENDRA M. TRIVEDI,GUJ,AHMEDABAD,F
GUJGUJ16948,SHAHIBAUG TIMES,nan,148465.0,GUJGUJ/2018/75910,JANI HIRAL JAYDRATHKUMAR,GUJ,AHMEDABAD,F
GUJGUJ17782,DIGVIJAY TIMES,nan,,nan,RANJAN M. SHUKLA,GUJ,AHMEDABAD,F
GUJGUJ07638,ALKAPURI TIMES,nan,69179.0,69179/ 98,MANOJ BHIKHABHAI PATEL,GUJ,AHMEDABAD,F
GUJGUJ16478,NATION TIMES,nan,143394.0,GUJGUJ/2016/70839,SADIQ HUSSAIN MEHBOOBMIYA QURESHI,GUJ,AHMEDABAD,F
GUJGUJ06343,SAMTA TIMES,nan,74176.0,GUJGUJ/1996/01619,KAMLESH KAPADIA,GUJ,AHMEDABAD,F
GUJGUJ07470,VASTRAPUR TIMES,nan,68503.0,68503/ 98,BHAKTI P. VORA,GUJ,AHMEDABAD,F
GUJGUJ06510,TEACHERS TIMES,nan,65410.0,65410/ 95,CHAUDHARI BALDEVBHAI MADHABHAI,GUJ,AHMEDABAD,F
GUJGUJ17142,RAIPUR TIMES,nan,151413.0,GUJGUJ/2019/78858,THAKOR AJAYKUMAR TULSIDAS,GUJ,AHMEDABAD,F
GUJBIL00742,AHMEDABAD LAW TIMES,अहमदाबाद लॉ टाइम्‍स,93270.0,GUJBIL/2006/20713,SHITAL ARVINDBHAI SONI,GUJ,AHMEDABAD,M
GUJBIL00741,JIVDAYA PASHU PAKSHI MANAV TIMES,जिžव,91399.0,GUJBIL/2007/18842,LALBHAI B. SHAH,GUJ,AHMEDABAD,M
GUJGUJ07708,BAPUNAGAR TIMES,nan,73463.0,GUJGUJ/1998/00906,"BHASKAR HARIDEVRE,",GUJ,AHMEDABAD,M
GUJENG00763,GARVI TIMES,गार्वी टाइम्स,90511.0,GUJENG/2005/17954,MANHAR R. THAKKAR,GUJ,AHMEDABAD,M
GUJGUJ12998,PATANVADA DARJI TIMES,PATANVADA DARJI TIMES,102802.0,GUJGUJ/2009/30245,NIMISHA BRIJESHBHAI VADHWANA,GUJ,AHMEDABAD,M
GUJENG00235,PEOPLE'S TIMES,nan,20638.0,20638/ 73,PROF NARAYAN D BATRA,GUJ,AHMEDABAD,M
GUJHIN00501,BHAMASHA TIMES,भामशा टाइम्स,101537.0,GUJHIN/2009/28980,SURESH K.MALANI,GUJ,AHMEDABAD,M
GUJGUJ12897,THE TIMES OF KANSARA SAMAJ,दि टाइम्स ऑफ़ कंसारा समाज,103465.0,GUJGUJ/2009/30908,SAMAST KANSARA SAMAJ (GUJARAT),GUJ,AHMEDABAD,M
GUJENG00776,RAO TIMES,भ,89646.0,GUJENG/2005/17089,KISHAN SINGH RAO,GUJ,AHMEDABAD,M
GUJGUJ12271,ASTRO TIMES,nan,97163.0,GUJGUJ/2008/24606,MAHENDRAKUMAR D. PANDYA,GUJ,AHMEDABAD,M
GUJGUJ07329,AMRUT PACKAGING TIMES,nan,66929.0,66929/ 97,KASHMIRA M PARMAR,GUJ,AHMEDABAD,M
GUJGUJ06163,DAIRY MOTEL TIMES,nan,61967.0,61967/ 94,SAGAR PUBLICATIONS,GUJ,AHMEDABAD,M
GUJENG00957,THE TIMES OF ANAND,दि टाइम्स ऑफ़ आनंद,102537.0,GUJENG/2009/29980,"BENNETT, COLEMAN & CO.LTD",GUJ,AHMEDABAD,TWW
GUJGUJ16265,INSURANCE TIMES,nan,139865.0,GUJGUJ/2016/67310,PRAVIN R.GHAMANDE,GUJ,AHMEDABAD,W
GUJGUJ16371,THAKOR TIMES,nan,140426.0,GUJGUJ/2016/67871,THAKOR DILIPBHAI GANDAJI,GUJ,AHMEDABAD,W
GUJHIN00295,NAV PRABHAT TIMES KARNAWATI,nan,73412.0,GUJHIN/2000/00855,RAVI R.THAKOR,GUJ,AHMEDABAD,W
GUJGUJ14770,MANOHAR TIMES,nan,131076.0,GUJGUJ/2014/58521,MANHARLAL BABULAL THAKKAR,GUJ,AHMEDABAD,W
GUJGUJ15051,AREA TIMES,nan,127621.0,GUJGUJ/2014/55066,VYAS SANDIP SUBHASH CHANDRA,GUJ,AHMEDABAD,W
GUJGUJ05766,NOOR TIMES,nan,61332.0,61332/ 94,MOHMAD SALIM IBRAHIMBHAI SHAIKH,GUJ,AHMEDABAD,W
GUJENG00424,THE SUNDAY TIMES OF INDIA,द संडे टाइम्स ऑफ़ इंडिया,54960.0,54960/ 94,"BENNETT, COLEMAN & CO.LTD",GUJ,AHMEDABAD,W
GUJGUJ16422,GARVI TIMES,nan,140858.0,GUJGUJ/2016/68303,MANHAR R. THAKKAR,GUJ,AHMEDABAD,W
GUJGUJ08757,TIMES OF CHANDLODIA,nan,76453.0,GUJGUJ/2000/03896,PARESH H. KOTHARI,GUJ,AHMEDABAD,W
GUJENG01146,THE ECONOMIC TIMES WEALTH,nan,128123.0,GUJENG/2014/55568,"BENNETT, COLEMAN & CO.LTD",GUJ,AHMEDABAD,W
GUJGUJ16798,SATYA TIMES,nan,147552.0,GUJGUJ/2015/74997,DAKSHESH MAHENDRAKUMAR PRAJAPATI,GUJ,AHMEDABAD,W
GUJGUJ15495,GUJARAT ONE TIMES,nan,131235.0,GUJGUJ/2014/58680,VINODBHAI KALABHAI BABARIYA,GUJ,AHMEDABAD,W
GUJGUJ09069,ROSHAN TIMES,nan,75947.0,GUJGUJ/2000/03390,MAZHAR SHAIKH,GUJ,AHMEDABAD,W
GUJGUJ13598,RURAL TIMES,nan,111096.0,GUJGUJ/2011/38539,CHAUHAN RAJESH JAYVANTRAV,GUJ,AHMEDABAD,W
GUJGUJ18227,HERITAGE TIMES,nan,,nan,MAHESHKUMAR BHAGVATIPRASAD THAKAR,GUJ,AHMEDABAD,W
GUJENG00696,EDUCATION TIMES,nan,83170.0,GUJENG/2002/10613,"BENNETT, COLEMAN & CO.LTD",GUJ,AHMEDABAD,W
GUJGUJ17038,NARODA TIMES,नरोडा टाईम्‍स,149490.0,GUJGUJ/2018/76935,CHANDRAKANT BALDEVSINH CHAUHAN,GUJ,AHMEDABAD,W
GUJGUJ13555,THE VISHWAS TIMES,nan,112090.0,GUJGUJ/2011/39533,PARASBHAI SURESHCHANDRA PANDYA,GUJ,AHMEDABAD,W
GUJGUJ08601,TIMES OF RANIP,nan,72119.0,72119/ 99,ROHIT K.PATEL,GUJ,AHMEDABAD,W
GUJGUJ14714,JAY MATAJI TIMES,nan,126546.0,GUJGUJ/2013/53991,RATHOD RAJENDRASINH DOULATSINH,GUJ,AHMEDABAD,W
GUJGUJ14826,TEJAS TIMES,तेजस टाइम्स,135878.0,GUJGUJ/2013/63323,GIRISHKUMAR VASANTBHAI SHUKAL,GUJ,AHMEDABAD,W
GUJGUJ12215,NAVA VADAJ TIMES,नवा वाङज टाईम्स,95746.0,GUJGUJ/2008/23189,BHARGAV GANPATLAL SUNDARAM,GUJ,AHMEDABAD,W
GUJBIL00784,ECONOMIC TIMES ON SATURDAY,इकनोमिक टाइम्स ओन सैटरडे,100324.0,GUJBIL/2007/27767,"BENNETT, COLEMAN & CO.LTD",GUJ,AHMEDABAD,W
GUJBIL00373,FORTUNE TIMES,nan,64731.0,64731/ 96,SMT JATAN JAIN,GUJ,AHMEDABAD,W
GUJGUJ14007,GHATLODIA TIMES,nan,118599.0,GUJGUJ/2012/46042,RAJESHBHAI KANJIBHAI PATEL,GUJ,AHMEDABAD,W
GUJGUJ14641,AHIR TIMES,nan,125204.0,GUJGUJ/2013/52649,JAYANT HARSHADBHAI AHIR,GUJ,AHMEDABAD,W
GUJHIN00291,MURLIACHAK TIMES,nan,72454.0,72454/ 99,CHANDRA MOHAN JHA,GUJ,AHMEDABAD,W
GUJENG00295,TIMES WEEKLY,nan,15191.0,15191/ 70,"BENETT,COLEMAN & CO.LTD",GUJ,AHMEDABAD,W
GUJGUJ15553,ROJGAR TIMES,nan,132106.0,GUJGUJ/2014/59551,HARISHBHAI G. PRAJAPATI,GUJ,AHMEDABAD,W
GUJGUJ15590,ATRESHWAR TIMES,nan,132148.0,GUJGUJ/2014/59593,KARANSINH HAKUBHA SOLANKI,GUJ,AHMEDABAD,W
GUJGUJ12985,PADAMNETRA TIMES,PADAMNETRA TIMES,105252.0,GUJGUJ/2009/32695,RASHMIKANT BABULAL MEHTA,GUJ,AHMEDABAD,W
GUJENG00839,THE ECONOMIC TIMES ON SATURDAY,nan,91234.0,GUJENG/2007/18677,"BENNETT, COLEMAN & CO.LTD",GUJ,AHMEDABAD,W
GUJENG00956,THE TIMES OF VAPI,दि टाइम्स ऑफ़ वापी,102538.0,GUJENG/2009/29981,"BENNETT, COLEMAN & CO.LTD",GUJ,AHMEDABAD,W
GUJGUJ08803,NAV PRABHAT TIMES,nan,73141.0,GUJGUJ/2000/00584,R.J.SINGH,GUJ,AHMEDABAD,W
GUJENG00333,GUJARAT LAW TIMES,nan,11004.0,11004/ 64,CHANDRAKANT CHIMANLAL VORA,GUJ,AHMEDABAD,W
GUJENG01147,THE ECONOMIC TIMES MAGAZINE,दि इॅकोनॉमिक टाइम्स मैग्जीन,127369.0,GUJENG/2014/54814,"BENNETT, COLEMAN & CO.LTD",GUJ,AHMEDABAD,W
GUJGUJ13244,METRO TIMES,मेट्रो टाइम्स,108480.0,GUJGUJ/2010/35923,AMITBHAI BHARATBHAI BHAVSAR,GUJ,AHMEDABAD,W
GUJHIN00775,PANAH TIMES,पनाह टाइम्स,149344.0,GUJHIN/2018/76789,PANAH FOUNDATION,GUJ,AHMEDABAD,W
GUJGUJ16266,NAVJAGRUTI TIMES,nan,139845.0,GUJGUJ/2016/67290,PRAVIN R.GHAMANDE,GUJ,AHMEDABAD,W
GUJENG00621,AHMEDABAD TIMES,nan,78455.0,GUJENG/2002/05898,"BENNETT, COLEMAN & CO.LTD",GUJ,AHMEDABAD CITY,D
GUJGUJ09077,GIRIRAJ TIMES,nan,87022.0,GUJGUJ/2000/14465,KETAN M.PATNI,GUJ,AMRELI,D
GUJGUJ13886,NEW KATHIYAWAD TIMES,nan,119203.0,GUJGUJ/2012/46646,BLOCH AZEEMBHAI A.,GUJ,AMRELI,D
GUJGUJ06894,AVADH TIMES,nan,70053.0,70053/ 99,BHARAT KUMAR DEVRAJBHAI CHAUHAN,GUJ,AMRELI,D
GUJGUJ10930,AMRELI TIMES,AMRELI TIMES,86093.0,GUJGUJ/2004/13536,SHAILASH KUMAR HIRALAL RUPAREL,GUJ,AMRELI,D
GUJGUJ07772,DARSHIL TIMES,nan,74789.0,GUJGUJ/1998/02232,KIRIPKUMAR MOTILAL MEHTA,GUJ,AMRELI,W
GUJGUJ16683,KUNKAVAV TIMES,nan,149108.0,GUJGUJ/2017/76553,KALENA BHIKHABHAI GOKALBHAI,GUJ,AMRELI,W
GUJGUJ10384,SAVARKUNDLA TIMES,nan,94321.0,GUJGUJ/2003/21764,D.J.BHATT,GUJ,AMRELI,W
GUJGUJ12769,VARACHHA TIMES,nan,109798.0,GUJGUJ/2011/37241,DIPAKBHAI PARSHOTAMBHAI DHAKAN,GUJ,AMRELI,W
GUJGUJ10932,LILIA TIMES,nan,87126.0,GUJGUJ/2004/14569,HARDIK J.DAVE,GUJ,AMRELI,W
GUJGUJ11069,SANATAN TIMES,nan,86439.0,GUJGUJ/2004/13882,KISHORE VRAJLAL SARAVIYA,GUJ,AMRELI,W
GUJGUJ07587,ACCURATE TIMES,nan,68225.0,68225/ 98,RAJESH KUMAR J DOSHI,GUJ,AMRELI,W
GUJGUJ02272,MAHA GUJARAT TIMES,nan,48581.0,48581/ 85,MIHIRKUMAR MAKRANDBHAI TRIVEDI,GUJ,ANAND,D
GUJHIN00668,SAAMNA TIMES,सामना टाइम्स,130609.0,GUJHIN/2013/58054,SHIV DARSHAN PRAKASHAN,GUJ,ANAND,D
GUJBIL00819,YOUNG TECHNOLOGY TIMES,यंग टेक्नोलॉजी टाइम्स,100772.0,GUJBIL/2008/28215,PRANAY JAYNARAYAN SHUKLA,GUJ,ANAND,F
GUJBIL00624,IMMIGRATION TIMES,nan,83047.0,GUJBIL/2003/10490,EARTH PUBLICATIONS,GUJ,ANAND,F
GUJGUJ14219,SPET TIMES,nan,118742.0,GUJGUJ/2012/46185,SARDAR PATEL EDUCATION TRUST,GUJ,ANAND,W
GUJGUJ09324,KHAMBHAT TIMES,nan,78489.0,GUJGUJ/2001/05932,MUNIRUDDIN KHERUDDIN,GUJ,ANAND,W
GUJGUJ18121,BORSAD TIMES,nan,,nan,MEHULKUMAR KANUBHAI PARMAR,GUJ,ANAND,W
GUJGUJ13787,SAHYOG TIMES,nan,116286.0,GUJGUJ/2011/43729,MANOR HIRABHAI JOSHI,GUJ,ANJAR KUTCH,M
GUJGUJ15027,BHARAT DISHA TIMES,भारत दिशा टाइम्स,127544.0,GUJGUJ/2014/54989,AGRAWAL PAWANKUMAR RAMSWROOP,GUJ,BANAS KANTHA,D
GUJGUJ01786,KANKREJ TIMES,nan,20650.0,20650/ 74,HARILAL JAMNALAL THAKKAR,GUJ,BANAS KANTHA,F
GUJHIN00677,SHREE CHARBHAI TIMES,श्री चारभाई टाइम्स,132061.0,GUJHIN/2014/59506,RATANLAL MATHURALAL OJHA,GUJ,BANAS KANTHA,F
GUJGUJ16125,AKHIL AANJANA TIMES,nan,146088.0,GUJGUJ/2016/73533,SAVJIBHAI OKHABHAI CHAUDHARY,GUJ,BANAS KANTHA,W
GUJGUJ15805,TIMES OF PALANPUR,टाईम्स ऑफ पालनपुर,136330.0,GUJGUJ/2015/63775,SHAHID AHEMAD DADMAHAMAD QURESHI,GUJ,BANAS KANTHA,W
GUJGUJ08162,RADHANPRU TIMES,nan,9378.0,9378/ 64,HIMATLAL T. MULANI,GUJ,BANAS KANTHA,W
GUJGUJ04917,DEESA TIMES,nan,6494.0,6494/ 63,VIRENDRAKUMAR AJAYKUMAR KAPOOR,GUJ,BANAS KANTHA,W
GUJGUJ05996,I TIMES,nan,72000.0,72000/ 93,RATILAL MAGHAJI THAKKAR,GUJ,BANAS KANTHA,W
GUJGUJ04670,SASAM TIMES,nan,48889.0,48889/ 91,DAHYABHAI CHELABHAI PARMAR,GUJ,BANAS KANTHA,W
GUJGUJ05742,TIMES OF BANAS,nan,71156.0,71156/ 92,MAHENDRA KUMAR LADURAM AGRAWAL,GUJ,BANASKANTHA,W
GUJGUJ08014,DANT TIMES,nan,33305.0,33305/ 78,PARMA DUNJARBHAI BHAGWANBHAI,GUJ,BANASKANTHA/ PALANPUR,F
GUJGUJ07910,BALARAM TIMES,nan,72936.0,GUJGUJ/1999/00379,KIRIT KUMAR TRIVEDI,GUJ,BANASKANTHA/ PALANPUR,W
GUJGUJ05759,BHARUCH TIMES,nan,54896.0,54896/ 92,SHRI SAI PRAKASHAN PVT.LTD,GUJ,BHARUCH,D
GUJGUJ07894,PATEL TIMES,nan,70936.0,70936/ 99,SULEMAN HAJI YUSUF BHUTTA,GUJ,BHARUCH,M
GUJENG01198,HSE TIMES,एच एस ई टाइम्स,138294.0,GUJENG/2015/65739,VIKAS BRIJBHAN SINGH,GUJ,BHARUCH,M
GUJGUJ06906,RAJPIPLA TIMES,nan,65024.0,65024/ 96,AYAZ U. ARAB,GUJ,BHARUCH,W
GUJGUJ11206,MONDAY TIMES,nan,86961.0,GUJGUJ/2004/14404,UPENDRABHAI J.RATHOD,GUJ,BHARUCH,W
GUJGUJ05317,BHAVNAGAR TIMES,nan,72564.0,GUJGUJ/1993/00007,HARSHADRAI H.MEHTA,GUJ,BHAVNAGAR,F
GUJGUJ07353,SUNRISE TIMES,nan,67335.0,67335/ 97,DEVDUTT BHASKARBHAI VYAS,GUJ,BHAVNAGAR,M
GUJGUJ15824,ADIVASI TIMES,आदिवासी टाइम्स,135928.0,GUJGUJ/2015/63373,HARESHBHAI KARSHANBHAI PARMAR,GUJ,BHAVNAGAR,W
GUJGUJ09829,TALAJA TIMES,nan,81073.0,GUJGU/2002/08516,JUSABBHAI I. SIDATAR,GUJ,BHAVNAGAR,W
GUJGUJ13759,MAHUVA TIMES,nan,112040.0,GUJGUJ/2011/39483,HARIBHAI CHHITHARBHAI WAGH,GUJ,BHAVNAGAR,W
GUJGUJ13409,PALITANA TIMES,nan,121899.0,GUJGUJ/2010/49344,GRVANSINH C. SARVAIYA,GUJ,BHAVNAGAR,W
GUJGUJ07695,SHETRUNJAY TIMES,nan,68552.0,68552/ 86,REVASHANKAR J. KUTUCHCHHI,GUJ,BHAVNAGAR,W
GUJMUL00596,VACANCY TIMES,वैकेंसी टाइम्स,132994.0,GUJMUL/2015/60439,RAJYAGURU JIGNESH HEMENDRABHAI,GUJ,BHAVNAGAR,W
GUJGUJ06632,SHIHOR TIMES,nan,70468.0,70468/ 98,LALIT KUMAR PRANSHANKAR TRIVEDI,GUJ,BHAVNAGAR,W
GUJGUJ12617,EVERY TIMES,nan,48698.0,48698/ 89,SURESH NATUBHAI TRIVEDI,GUJ,BHAVNAGAR,W
GUJGUJ08510,GANGA TIMES,nan,75306.0,GUJGUJ/1999/02749,GIRISH VRIJLAL JOSHI,GUJ,BHAVNAGAR,W
GUJGUJ09927,PRABHU TIMES,nan,80260.0,GUJGUJ/2002/07703,VALLABHBHAI RAMBHAI KATARIYA,GUJ,BHAVNAGAR,W
GUJGUJ07885,MOHINI TIMES,nan,70489.0,70489/ 98,PRAKASH KALYANJIBHAI DAVE,GUJ,BHAVNAGAR,W
GUJGUJ06718,ALANG TIMES,nan,65710.0,65710/ 96,JENI NITAN AMRUTLAL,GUJ,BHAVNAGAR,W
GUJGUJ06802,BHUJ TIMES,nan,71569.0,71569/ 96,VINOD SHIVJI GALA,GUJ,BHUJ-KUTCH,W
GUJGUJ15503,DAHOD TODAY TIMES,दाहोद टुडे टाईम्स,132021.0,GUJGUJ/2014/59466,NIRAJ KUMAR VALJIBHAI MEDA,GUJ,DAHOD,W
GUJGUJ16973,OKHAMANDAL TIMES,nan,,nan,BALUBHA SUMARABHA HATHAL,GUJ,DEVBHOOMI DWARKA,F
GUJGUJ17905,RAJYAGURU TIMES,nan,,nan,RAMKRUSHAN NARBHESHANKAR RAJYAGURU,GUJ,DEVBHOOMI DWARKA,W
GUJGUJ16714,SORATHIYA TIMES,nan,,UR,VIMAL J CHAUHAN,GUJ,DEVBHOOMI DWARKA,W
GUJGUJ16743,SUPRABHAT TIMES,nan,,UR,AGRAWAL NIHAL MANOJ KUMAR,GUJ,DOHAD,F
GUJENG16171,THE SIDDHARTH TIMES,nan,147885.0,GUJENG/2017/75330,RAVI AJABLAL PANCHOLI,GUJ,DOHAD,F
GUJGUJ08740,WESTERN TIMES,nan,72809.0,GUJGUJ/1997/00252,WESTERN TIMES PUBLICATION PVT. LTD.,GUJ,GANDHINAGAR,D
GUJGUJ10709,AVADH TIMES,nan,83429.0,GUJGUJ/2003/10872,BHARAT KUMAR DEVRAJBHAI CHAUHAN,GUJ,GANDHINAGAR,D
GUJGUJ14057,GIRIRAJ TIMES,nan,114051.0,GUJGUJ/2011/41494,KETAN M.PATNI,GUJ,GANDHINAGAR,D
GUJGUJ16652,PATNAGAR TIMES,nan,145001.0,GUJGUJ/2017/72446,SAVITABEN SARDARJI THAKOR,GUJ,GANDHINAGAR,D
GUJGUJ16637,GANDHINAGAR TIMES,गाँधीनगर टाइम्स,149264.0,GUJGUJ/2017/76709,HARSHAD KUMAR BHURABHAI PRAJAPATI,GUJ,GANDHINAGAR,D
GUJGUJ12501,BHARAT TIMES,भारत टाइम्स,97945.0,GUJGUJ/2005/25388,LAXMANBHAI B. PATEL,GUJ,GANDHINAGAR,D
GUJGUJ16323,CAPITAL TIMES,केपिटल टाईम्स,138738.0,GUJGUJ/2015/66183,VIMAL KUMAR V. PATEL,GUJ,GANDHINAGAR,D
GUJGUJ15132,DAYANAND TIMES,दयानंद टाईम्स,130555.0,GUJGUJ/2014/58000,HARISH RANA,GUJ,GANDHINAGAR,F
GUJGUJ12498,TAHELKA TIMES,nan,99817.0,GUJGUJ/2008/27260,VITHALBHAI KARSANBHAI SHINGALA,GUJ,GANDHINAGAR,F
GUJGUJ16322,CAPITAL TIMES,केपिटल टाईम्स,138741.0,GUJGUJ/2015/66186,VIMAL KUMAR V. PATEL,GUJ,GANDHINAGAR,F
GUJSIN00026,GANDHIDHAM TIMES,nan,43487.0,43487/ 82,EDUCATIONAL & SOCIAL TRUST,GUJ,GANDHINAGAR,W
GUJGUJ09193,UTTAR GUJARAT TIMES,उत्तर गुजरात टाइम्स,93746.0,GUJGUJ/2000/21189,LAXMANBHAI B.PATEL,GUJ,GANDHINAGAR,W
GUJGUJ15788,CAPITAL TIMES,केपिटल टाईम्स,135378.0,GUJGUJ/2015/62823,VIMAL KUMAR V. PATEL,GUJ,GANDHINAGAR,W
GUJENG00712,TIMES TODAY,nan,85057.0,GUJENG/2003/12500,VITHALBHAI K.PATEL,GUJ,GANDHINAGAR,W
GUJGUJ10127,TIMES TODAY,nan,81121.0,GUJGUJ/2002/08564,VITHALBHAI K.PATEL,GUJ,GANDHINAGAR,W
GUJGUJ13895,CITIZEN TIMES,nan,114192.0,GUJGUJ/2011/41635,DARSHAN VISHNUPRASAD RAVAL,GUJ,GANDHINAGAR,W
GUJGUJ08604,BHARAT TIMES,nan,72309.0,72309/ 99,LAXMANBHAI B. PATEL,GUJ,GANDHINAGAR,W
GUJHIN00392,TIMES TODAY,nan,86000.0,GUJHIN/2004/13443,VITHALBHAI K.PATEL,GUJ,GANDHINAGAR,W
GUJGUJ15152,ARYAVART TIMES,आर्यावर्त टाईम्स,130557.0,GUJGUJ/2014/58002,HARISH RANA,GUJ,GANGHINAGAR,F
GUJGUJ16411,SAMVEDANA TIMES,nan,142604.0,GUJGUJ/2016/70049,RASIKBHAI KALABHAI CHAVADA,GUJ,GIR SOMNATH,W
GUJGUJ17543,UNA DIU TIMES,nan,158284.0,GUJGUJ/2021/85729,VADHER MAVJIBHAI CHHAGANBHAI,GUJ,GIR SOMNATH,W
GUJGUJ11019,PANCHAYAT TIMES,nan,88891.0,GUJGUJ/2004/16334,VIJAYSINH SAHADEVSINH CHUDASAMA,GUJ,JAMNAGAR,M
GUJGUJ07124,DWARKA TIMES,nan,69968.0,69968/ 98,HASMUKHLAL K VITHLAN,GUJ,JAMNAGAR,W
GUJGUJ15565,DEV BHOOMI DHARTI TIMES,देव भूमि धरती टाइम्स,137205.0,GUJGUJ/2015/64650,BHAGVANJIBHAI HEMRAJBHAI THOBHANI,GUJ,JAMNAGAR,W
GUJGUJ11963,HALAR TIMES,हालार टाइम्‍स,92413.0,GUJGUJ/2007/19856,PRAKRAMSINH KARANSINH ZALA,GUJ,JAMNAGAR,W
GUJGUJ16969,JAMNAGAR TIMES,nan,151659.0,GUJGUJ/2018/79104,PANDYA HARDIK KISHORBHAI,GUJ,JAMNAGAR,W
GUJGUJ15208,GIRNAR TIMES,nan,128908.0,GUJGUJ/2014/56353,BLOCH AARIFBHAI BABUBHAI,GUJ,JUNAGADH,DE
GUJGUJ08451,CITY TIMES,nan,71660.0,71660/ 99,HANSHABEN S.JOSHI,GUJ,JUNAGADH,W
GUJGUJ15531,GIRNAR TIMES,nan,130854.0,GUJGUJ/2014/58299,BLOCH AARIFBHAI BABUBHAI,GUJ,JUNAGADH,W
GUJGUJ15309,DHARMARAJ TIMES,धर्मराज टाईम्स,130675.0,GUJGUJ/2014/58120,JAYSWAL PALAK BHARTKUMAR,GUJ,JUNAGADH,W
GUJGUJ16159,THE PYRAMID TIMES,nan,137345.0,GUJGUJ/2015/64790,MUNJAL AMBUBHAI SHAH,GUJ,KHEDA,F
GUJGUJ00681,CHAROTAR TIMES,nan,46380.0,46380/ 87,PRASHANT JASHBHAI DESAI,GUJ,KHEDA,W
GUJGUJ13551,NEW LOK TIMES,nan,111648.0,GUJGUJ/2011/39091,RONAK N. PATEL,GUJ,KHEDA,W
GUJGUJ07383,TARAPUR TIMES,nan,67539.0,67539/ 97,RAMANBAHI DAHYABHAI PATEL,GUJ,KHEDA,W
GUJGUJ16808,PRISHA TIMES,nan,148645.0,GUJGUJ/2017/76090,KRISHNA HIREN BAROT,GUJ,KHEDA,W
GUJGUJ18016,BHACHAU TIMES,nan,,UR,ASLAM ALARAKHA SOLANKI,GUJ,KUTCH,BM
GUJMUL00626,GANDHIDHAM TIMES,nan,15103.0,15103/ 68,D.D. DADLANI,GUJ,KUTCH,F
GUJMUL00622,THE KANDLA TIMES,nan,6445.0,6445/ 62,HUKUMAT SINGH R. VASWANI,GUJ,KUTCH,F
GUJGUJ18113,THE TIMES OF MAHISAGAR,nan,,nan,THAKOR MAHESHKUMAR KIRITSINH,GUJ,MAHISAGAR,W
GUJGUJ08737,UTTAR GUJRAT WESTERN TIMES,nan,72807.0,GUJGUJ/1993/00250,WESTERN TIMES PUBLICATION PVT. LTD.,GUJ,MEHSANA,D
GUJHIN00653,SAAMNA TIMES,सामना टाइम्स,128322.0,GUJHIN/2013/55767,SHIV DARSHAN PRAKASHAN,GUJ,MEHSANA,D
GUJGUJ12491,VIJAPUR TIMES,वीजापुर टाइम्स,100719.0,GUJGUJ/2008/28162,JASHUBHAI G. CHAUDHARY,GUJ,MEHSANA,F
GUJBIL00303,RAILWAY TIMES,nan,6043.0,6043/ 57,R.M.THAKKAR,GUJ,MEHSANA,F
GUJGUJ14686,CRIME TIMES,nan,124564.0,GUJGUJ/2013/52009,YOGI RAJESHKUMAR HARGOVANBHAI,GUJ,MEHSANA,F
GUJGUJ04017,SIDDHRAJ TIMES,nan,27528.0,27528/ 75,P D PATEL,GUJ,MEHSANA,M
GUJGUJ15353,MEHSANA TIMES,मेहसाणा टाइम्स,133299.0,GUJGUJ/2015/60744,PATEL PAYAL RAVI KUMAR,GUJ,MEHSANA,W
GUJGUJ11172,TIRUPATI TIMES,nan,88037.0,GUJGUJ/2005/15480,NARENDRAKUMAR M.MEHTA,GUJ,MEHSANA,W
GUJGUJ13674,KRUSHI TIMES,nan,111092.0,GUJGUJ/2011/38535,CHAUDHARI RAJESH SUBHASHCHANDRA,GUJ,MEHSANA,W
GUJGUJ06431,KHERALU TIMES,nan,64843.0,64843/ 95,SANJAY KUMAR BHAILABHAI BAROT,GUJ,MEHSANA,W
GUJGUJ16520,WORLD TIMES,nan,144604.0,GUJGUJ/2017/72049,MOHAMMAD SULTAN FAKIR SHAIKH,GUJ,MEHSANA,W
GUJGUJ03018,PUBLIC TIMES,nan,33279.0,33279/ 78,RAJENDRA VISHNU PRASAD THAKER,GUJ,MEHSANA,W
GUJGUJ17681,TIMES OF CERAMIC,nan,,nan,MAYUR KISHANBHAI BUDDHABHATTI,GUJ,MORBI,A
GUJGUJ02473,MORBI TIMES,nan,33314.0,33314/ 78,JANAKBALA DEVIPRASAD BHATT,GUJ,MORBI,F
GUJGUJ08609,S.K.TIMES,nan,72228.0,72228/ 92,SHAILESH MANSUKHBHAI MEHTA,GUJ,MORBI,W
GUJGUJ08736,CHAROTTAR WESTERN TIMES,nan,72810.0,GUJGUJ/1993/00253,WESTERN TIMES PUBLICATION PVT. LTD.,GUJ,NADIAD,D
GUJGUJ04847,GUJARAT TIMES,गुजरात टाइम्स,1767.0,1767/ 57,PARIKH WORLDWIDE MEDIA PVT. LTD.,GUJ,NADIAD,W
GUJHIN00333,PURNESHWAR TIMES,nan,86151.0,GUJHIN/2002/13594,PRADEEP A.PANDEY,GUJ,NAVSARI,F
GUJGUJ12996,NAVSARI TIMES,नवसारी टाइम्स,103664.0,GUJGUJ/2009/31107,SUNIL RATANLAL MITTAL,GUJ,NAVSARI,W
GUJGUJ18067,THE TIMES OF BILIMORA,nan,,UR,RAJAN SUBHASHCHANDRA GANDHI,GUJ,NAVSARI,W
GUJGUJ00841,DANTA TIMES,nan,73268.0,GUJGUJ/1992/00711,SHARAD K. PATEL,GUJ,PALANPUR,W
GUJGUJ09128,BHILDI TIMES,nan,75224.0,GUJGUJ/2000/02667,BABULAL M.THAKKAR,GUJ,"PALANPUR,BANASKANTHA",W
GUJGUJ08862,BHAGAT TIMES,nan,74436.0,GUJGUJ/2000/01879,MERAMBHAI R. BALECH,GUJ,"PALANPUR,BANASKANTHA",W
GUJGUJ05706,PANNCHMAHAL WESTERN TIMES,nan,54892.0,54892/ 91,"WESTERN TIMES PUBLICATION PVT. LTD.,",GUJ,PANCH MAHALS,D
GUJGUJ16749,GLOBAL TIMES,nan,146194.0,GUJGUJ/2017/73639,VANZARA SURESHBHAI SHAMBHUBHAI,GUJ,PANCH MAHALS,F
GUJGUJ10724,NAVJIVAN MEDICAL TIMES,nan,86137.0,GUJGUJ/2004/13580,DR.SUNILKUMAR PRABHUDAS PATEL,GUJ,PANCH MAHALS,F
GUJGUJ13588,VEJALPUR TIMES,nan,116874.0,GUJGUJ/2011/44317,KACCHIA YOGESH KUMAR CHANDULAL,GUJ,PANCH MAHALS,F
GUJMUL00729,ZAYAAN TIMES,nan,,nan,MAMNI VASIM ABDULRAZZAK,GUJ,PANCH MAHALS,F
GUJGUJ16449,TIMEPASS TIMES,nan,143163.0,GUJGUJ/2016/70608,MOLAVI TAHERABANU,GUJ,PANCH MAHALS,F
GUJGUJ17877,CHAMUNDA TIMES,nan,,nan,GOVIND MAGAJI MARVADI,GUJ,PANCH MAHALS,W
GUJGUJ15403,MADHYA TIMES,मध्य टाईम्स,130635.0,GUJGUJ/2014/58080,HABIB VAJIUDDIN PRESSWALA,GUJ,PANCH MAHALS,W
GUJGUJ02754,PANCHMAHAL TIMES,nan,48640.0,48640/ 86,ANWARBHAI A. KAPADIA,GUJ,PANCH MAHALS,W
GUJGUJ03050,QUICK TIMES,nan,65679.0,65679/ 96,SURESH KUMAR SHANTILAL SHAH,GUJ,PANCH MAHALS,W
GUJGUJ08151,PANCHMAHAL TIMES,nan,11006.0,11006/ 65,SHRI KANAIYALAL MANEKLAL MOTIWALA,GUJ,PANCH MAHALS,W
GUJGUJ14480,KALI TIMES,nan,121856.0,GUJGUJ/2013/49301,MANUBHAI SUMARMAL ADVANI,GUJ,PANCH MAHALS,W
GUJGUJ03935,SHRI ASAIT TIMES,nan,27561.0,27561/ 75,CHANDRIKA K. NAIK,GUJ,PATAN,M
GUJGUJ08155,PATAN TIMES,nan,11201.0,11201/ 66,JAYANTILAL AMBALAL KHAMAR,GUJ,PATAN,W
GUJGUJ09052,DEEP TIMES,दीप टाइम्स,77051.0,GUJGUJ/2000/04494,BRAHAMAKSHATRIYA DIPAK C.,GUJ,PATAN,W
GUJGUJ02900,PINAL TIMES,nan,48741.0,48741/ 85,VISHAL JAYANTILAL DARJI,GUJ,PATAN,W
GUJGUJ03712,SARASVATI TIMES,nan,20658.0,20658/ 74,ALKESH ISHWARLAL MODI,GUJ,PATAN,W
GUJGUJ02847,PATAN TIMES,nan,48485.0,48485/ 88,HITENDRA KUMAR M. BRAHMAKSHATRIYA,GUJ,PATAN,W
GUJGUJ04257,VANRAJ TIMES,nan,71568.0,71568/ 90,GHANSHYAMBHAI RAMANLAL PARIKH,GUJ,PATAN,W
GUJGUJ17539,VADHIYAR TIMES,nan,153493.0,GUJGUJ/2021/80938,KOTAK UMAKANT KANAIYALAL,GUJ,PATAN,W
GUJGUJ12198,JAFARI TIMES,जफरी टाइम्स,95453.0,GUJGUJ/2007/22896,SUGARABEN ABBASBHAI MOMIN,GUJ,PATAN,W
GUJGUJ17628,UNITED TIMES,nan,,UR,MAHENDRA SURESH AYALANI,GUJ,RAJKOT,F
GUJGUJ13666,CHILDREN TIMES,nan,114180.0,GUJGUJ/2011/41623,PRITIBEN HITESHBHAI FUMAKIYA,GUJ,RAJKOT,F
GUJGUJ13940,KAIZEN TIMES,nan,124843.0,GUJGUJ/2013/52288,VASIM VAHIDBHAI MAKADA,GUJ,RAJKOT,F
GUJBIL00883,KNOWLEDGE TIMES,नॉलेज टाइम्स,103508.0,GUJBIL/2010/30951,BABULAL CHANABHAI GUJARATI,GUJ,RAJKOT,F
GUJGUJ17020,SAMPATTI TIMES,nan,149581.0,GUJGUJ/2018/77026,SHRADDHA RAJESH DATTANI,GUJ,RAJKOT,F
GUJGUJ16764,TIMES OF KHATRI,nan,149475.0,GUJGUJ/2017/76920,HALAI MUSLIM KHATRI TRUST,GUJ,RAJKOT,M
GUJBIL00540,SURFACE COATING TIMES,nan,75948.0,GUJBIL/2000/03391,AKBARALI BHARMAL,GUJ,RAJKOT,M
GUJGUJ15536,SHRIGURU TIMES,श्रीगुरु टाईम्स,134891.0,GUJGUJ/2015/62336,DEVENDER MAHAVIR PRASAD SONI,GUJ,RAJKOT,M
GUJENG16180,MEDISOFT TIMES,nan,148877.0,GUJENG/2018/76322,VIPUL BHARATBHAI VYAS,GUJ,RAJKOT,M
GUJGUJ15029,SELF FINANCE SCHOOLS TIMES,nan,127694.0,GUJGUJ/2014/55139,SVANIRBHAR SHALA SANCHALAK MAHAMANDAL GUJARAT,GUJ,RAJKOT,M
GUJGUJ17067,GUJARAT INDUSTRIAL TIMES,nan,,nan,RAJESH MAGANLAL PATEL,GUJ,RAJKOT,M
GUJENG01072,THE GENIUS TIMES,nan,116921.0,GUJENG/2012/44364,DIMPLE MEHTA,GUJ,RAJKOT,M
GUJENG01110,THE GARDI TIMES,nan,121855.0,GUJENG/2013/49300,D.V. MEHTA,GUJ,RAJKOT,M
GUJGUJ15917,CHARANIYA TIMES,nan,145126.0,GUJGUJ/2015/72571,CHAUHAN PRAVINBHAI HAKABHAI,GUJ,RAJKOT,M
GUJENG01053,INNOVATION TIMES,nan,131220.0,GUJENG/2013/58665,PRAKASH DANGAR,GUJ,RAJKOT,M
GUJGUJ16733,BHUDEV TIMES,भुदेव टाइम्स,149237.0,GUJGUJ/2017/76682,TEJAS ANILBHAI TRIVEDI,GUJ,RAJKOT,M
GUJGUJ09413,BRAHM KARMACHARI TIMES,nan,80191.0,GUJGUJ/2001/07634,JAYDEEP J.UPADHYAY,GUJ,RAJKOT,M
GUJGUJ01000,ENGINEERING TIMES,nan,15190.0,15190/ 69,BIPINKUMAR H.YAGNIK,GUJ,RAJKOT,M
GUJENG00519,RAJKOT EPA TIMES,nan,67023.0,67023/ 97,FAMILY PHYSICIANS,GUJ,RAJKOT,M
GUJGUJ04862,KATHIAWAR TIMES,nan,9145.0,9145/ 57,A T WAZIRANI,GUJ,RAJKOT,W
GUJGUJ04885,RAJKOT TIMES,nan,11102.0,11102/ 66,KALIDAS SOMANI,GUJ,RAJKOT,W
GUJGUJ00950,DHORAJI TIMES,nan,27497.0,27497/ 74,SAIYED M. ALIMIYA,GUJ,RAJKOT,W
GUJGUJ12508,THE POLITICS TIMES,दि पॉलिटिक्स टाइम्स,100797.0,GUJGUJ/2009/28240,ASHWIN KUMAR S. VASHISHTH,GUJ,RAJKOT,W
GUJGUJ00367,AYURVED TIMES,nan,20609.0,20609/ 73,KALPANA PUBLICATIONS,GUJ,RAJKOT,W
GUJGUJ14101,FREEDOM TIMES,nan,117514.0,GUJGUJ/2012/44957,K. AJEESH CHACKO,GUJ,RAJKOT,W
GUJMUL00593,TIMES OF JOB,टाइम्स ऑफ जॉब,133041.0,GUJMUL/2014/60486,DRUPAD RASIKBHAI BHATT,GUJ,RAJKOT,W
GUJGUJ13803,PRESENT TIMES,nan,123883.0,GUJGUJ/2012/51328,GANDHI JIGAR ASHOKKUMAR,GUJ,SABAR KANTHA,W
GUJGUJ17167,ARKAN TIMES,nan,151418.0,GUJGUJ/2019/78863,MANSURI MO. SHAFI ALIBHAI,GUJ,SABAR KANTHA,W
GUJGUJ06106,ARVALLI TIMES,nan,54967.0,54967/ 94,HARDIK M. DESAI,GUJ,SABARKANTHA,D
GUJGUJ13804,AVADH TIMES,nan,111346.0,GUJGUJ/2011/38789,BHARAT KUMAR DEVRAJBHAI CHAUHAN,GUJ,SURAT,D
GUJGUJ11746,THE SATYAM TIMES,द सत्‍यम टाइम्‍स,92482.0,GUJGUJ/2007/19925,SANKET MEDIA PVT.LTD,GUJ,SURAT,D
GUJHIN00309,SAVERA INDIA TIMES,nan,74394.0,GUJHIN/2000/01837,NARESH AGARWAL,GUJ,SURAT,D
GUJGUJ15583,KHETESHWAR TIMES,nan,133325.0,GUJGUJ/2015/60770,RAJPUROHIT TULSABHAI MODAJI,GUJ,SURAT,D
GUJENG01134,SUSHILA TIMES,nan,123190.0,GUJENG/2013/50635,RAJENDRA DINKAR CHAUDHARY,GUJ,SURAT,D
GUJGUJ14992,SHRADDHA TIMES,nan,126157.0,GUJGUJ/2013/53602,VIPULBHAI CHHOTUBHAI PATEL,GUJ,SURAT,D
GUJGUJ15859,NAVSHAKTI TIMES,नवशक्ति टाइम्स,135741.0,GUJGUJ/2015/63186,JIGAR ASHOK KUMAR VYAS,GUJ,SURAT,D
GUJENG01032,NAVBHARAT TIMES,नवभारत टाइम्स,108526.0,GUJENG/2011/35969,MANOJKUMAR BAPUBHAI SHINDE,GUJ,SURAT,D
GUJGUJ09281,GAURAV SAMANA TIMES,गौरव सामना टाइम्स,77284.0,GUJGUJ/2001/04727,NATVARLAL GULABBHAI DESAI,GUJ,SURAT,D
GUJHIN00552,SAAMNA TIMES,nan,109856.0,GUJHIN/2011/37299,SHIV DARSHAN PRAKASHAN,GUJ,SURAT,D
GUJGUJ17151,SAMPRABHUTA TIMES,nan,150795.0,GUJGUJ/2019/78240,ROHTASH BALWANSINGH YADAV,GUJ,SURAT,D
GUJGUJ05286,NEW SURAT TIMES,nan,48945.0,48945/ 91,SHREE SAI PRAKASHAN PVT.LTD.,GUJ,SURAT,D
GUJGUJ16922,SATRAL TIMES,nan,147698.0,GUJGUJ/2017/75143,MANISH N.GHANTIWALA,GUJ,SURAT,D
GUJGUJ17104,VIDHATA TIMES,nan,149662.0,GUJGUJ/2018/77107,MANSURI ALLAUDIN VAJIR,GUJ,SURAT,D
GUJENG00627,THE SATYAM TIMES,nan,75085.0,GUJENG/2000/02528,SANKET MEDIA PVT.LTD,GUJ,SURAT,D
GUJGUJ16536,DHANDAYI TIMES,nan,,UR,SWATI HEMANT SONAR,GUJ,SURAT,D
GUJGUJ05272,NAVGUJARAT TIMES,nan,54951.0,54951/ 93,SHREE SAI PRAKASHAN PVT.LTD,GUJ,SURAT,D
GUJURD00056,NASHEMAN TIMES,nan,124661.0,GUJURD/2013/52106,KHALIK RAFIK KAJEE,GUJ,SURAT,D
GUJGUJ14144,VARACHHA TIMES,nan,116094.0,GUJGUJ/2012/43537,DIPAKBHAI PARSHOTAMBHAI DHAKAN,GUJ,SURAT,D
GUJHIN00760,SARATHI TIMES,nan,,UR,SWATI HEMANT SONAR,GUJ,SURAT,D
GUJGUJ18084,OJHHAL TIMES,nan,160389.0,GUJGUJ/2023/87834,JIVANBHAI JAGANBHAI PANPATIL,GUJ,SURAT,D
GUJGUJ17485,DIAMOND TIMES,nan,155379.0,GUJGUJ/2021/82824,ARJUN POPATBHAI VIRANI,GUJ,SURAT,F
GUJGUJ17920,AARADHYA DARPAN TIMES,nan,155897.0,UR,YADAV VINODKUMAR KAMLAPRASAD,GUJ,SURAT,F
GUJGUJ13770,MAYA TIMES,nan,113720.0,GUJGUJ/2011/41163,PANKAJ ARUNBHAI PATIL,GUJ,SURAT,F
GUJHIN00735,PATIL TIMES,पाटील टाईम्स,144363.0,GUJHIN/2016/71808,NITIN BHAGVAN PATEEL,GUJ,SURAT,F
GUJBIL01036,ARUNODAY TIMES,nan,141880.0,GUJBIL/2016/69325,TARACHAND SHIVBHAGWAN DHAKA,GUJ,SURAT,F
GUJHIN00811,BHUVAL MAJISHA TIMES,nan,153926.0,GUJHIN/2020/81371,JAIN CHAMPALAL PEERCHAND,GUJ,SURAT,F
GUJBIL01096,SENINDIA TIMES,nan,147279.0,GUJBIL/2017/74724,BHARAT RAMESH DEVDA,GUJ,SURAT,F
GUJGUJ15927,RUHANI TIMES,रूहानी टाइम्स,135958.0,GUJGUJ/2015/63403,RUBINA JABIR SHAIKH,GUJ,SURAT,M
GUJGUJ16979,PRAVITTI TIMES,nan,148515.0,GUJGUJ/2018/75960,AJAY RAKESH TIWARI,GUJ,SURAT,M
GUJHIN00834,VISHAL SANGAM TIMES,nan,154057.0,GUJHIN/2021/81502,SANGAM PRASAD SADANAND PANDEY,GUJ,SURAT,M
GUJGUJ17228,MULNIWASI TIMES,nan,151325.0,GUJGUJ/2019/78770,JADHAV KANHAIYALAL BABURAO,GUJ,SURAT,M
GUJHIN00737,NIKUNJ TIMES,nan,141259.0,GUJHIN/2016/68704,AJAY RAKESH TIWARI,GUJ,SURAT,M
GUJBIL00951,POSITIVE TIMES,nan,119100.0,GUJBIL/2012/46543,SHIRISH P. PAREKH,GUJ,SURAT,M
GUJHIN00744,ABHISHEK TIMES,nan,141798.0,GUJHIN/2016/69243,RAKESH VIMALKANT TIWARI,GUJ,SURAT,M
GUJGUJ11614,AAP TIMES,nan,93835.0,GUJGUJ/2007/21278,BHAVESH J. TAILOR,GUJ,SURAT,M
GUJHIN00741,PRATISTHA TIMES,nan,141319.0,GUJHIN/2016/68764,DINESH VIMALKANT TIWARI,GUJ,SURAT,Q
GUJGUJ16891,ABHISHEK TIMES,nan,147234.0,GUJGUJ/2017/74679,RAKESH VIMALKANT TIWARI,GUJ,SURAT,Q
GUJGUJ16983,VAJRA TIMES,वज्र टाइम्स,149084.0,GUJGUJ/2018/76529,PATIL VINOD BHIMARAO,GUJ,SURAT,W
GUJGUJ11768,SHRADDHA TIMES,श्रद्धा टाइमस्,92080.0,GUJGUJ/2006/19523,VIPULBHAI CHHOTUBHAI PATEL,GUJ,SURAT,W
GUJGUJ11791,REAL SURAT TIMES,nan,93416.0,GUJGUJ/2006/20859,KANIZA M.DODIYA,GUJ,SURAT,W
GUJGUJ14632,JANSEVAK TIMES,nan,123618.0,GUJGUJ/2013/51063,MANOJKUMAR RAJENDRAKUMAR BRAHMBHATT,GUJ,SURAT,W
GUJGUJ16554,MY CHETANA TIMES,nan,142181.0,GUJGUJ/2016/69626,ASHOKBHAI ZINABHAI BHALIYA,GUJ,SURAT,W
GUJGUJ16684,SATYA SAMRAT TIMES,nan,145048.0,GUJGUJ/2017/72493,HEMANGIBEN NILESHBHAI PATIL,GUJ,SURAT,W
GUJGUJ16072,SHITAL TIMES,nan,141914.0,GUJGUJ/2015/69359,RAJU FULCHAND BORADE,GUJ,SURAT,W
GUJGUJ16716,SOCIETY TIMES,nan,144092.0,GUJGUJ/2017/71537,SANDIP SHANTARAM MAHAJAN,GUJ,SURAT,W
GUJGUJ18046,VIDHEY TIMES,nan,157243.0,GUJGUJ/2023/84688,MANGALE VINAYKUMAR VIJAYBHAI,GUJ,SURAT,W
GUJGUJ13870,TIRUPATI TIMES,nan,111766.0,GUJGUJ/2011/39209,NARENDRAKUMAR M.MEHTA,GUJ,SURAT,W
GUJGUJ18285,TIMES CONNECT GUJARAT,nan,,nan,MILAN BUDHESHBHAI TRIVEDI,GUJ,SURAT,W
GUJHIN00592,GAURAV GUJARAT GAURAV TIMES,nan,121521.0,GUJHIN/2013/48966,ABHILOV HARISH ARORA,GUJ,SURAT,W
GUJGUJ16438,MUKADDAR TIMES,nan,147353.0,GUJGUJ/2016/74798,AFZAL MOHMED PATEL,GUJ,SURAT,W
GUJGUJ12660,SHIV SHAKTI TIMES,शिव शक्ति टाईम्स,128274.0,GUJGUJ/2014/55719,ARCHANA KARANSINH SOLANKI,GUJ,SURAT,W
GUJHIN00882,AARADHYA DARPAN TIMES,nan,157954.0,GUJHIN/2023/85399,YADAV VINODKUMAR KAMLAPRASAD,GUJ,SURAT,W
GUJGUJ18253,MOTISHREE TIMES,nan,,UR,GOHIL DEVENDRASINH NIRMALSINH,GUJ,SURAT,W
GUJGUJ16364,LOK NISHTH TIMES,nan,141323.0,GUJGUJ/2016/68768,RAGHUNATH BHILA PATIL,GUJ,SURAT,W
GUJHIN00642,MAYA TIMES,माया टाइम्स,130597.0,GUJHIN/2014/58042,PANKAJ ARUNBHAI PATIL,GUJ,SURAT,W
GUJBIL01137,SHILPA TIMES,nan,157190.0,GUJBIL/2021/84635,MANISH CHHAGANBHAI PARMAR,GUJ,SURAT,W
GUJHIN00866,AWTAR TIMES,अवतार टाइम्स,155648.0,GUJHIN/2022/83093,AMARJEET RAJENDRA PRASHAD NISHAD,GUJ,SURAT,W
GUJGUJ12631,THE SHOPPING TIMES,nan,69749.0,69749/ 98,TARAK RAJANIKANT SHETH,GUJ,SURAT,W
GUJGUJ18281,ADITYA TIMES,nan,,nan,GAUTAMKUMAR SURESHBHAI BIRADE,GUJ,SURAT,W
GUJGUJ16976,LOKTANTRA TIMES,लोकतंत्र टाइम्‍स,148920.0,GUJGUJ/2018/76365,JAYASHRI SANTOSH CHAUHAN,GUJ,SURAT,W
GUJHIN00356,OWN TIMES,nan,81792.0,GUJHIN/2003/09235,HARISH KR.V.ARORA,GUJ,SURAT,W
GUJHIN00837,THE FIRE TIMES,nan,153738.0,GUJHIN/2021/81183,RAJBHAR ARVIND RAMSHIKHAR,GUJ,SURAT,W
GUJGUJ13771,SURYANAGRI TIMES,nan,126191.0,GUJGUJ/2011/53636,YOGESH KISHORBHAI PARMAR,GUJ,SURAT,W
GUJGUJ16882,VIDHATA TIMES,nan,148481.0,GUJGUJ/2017/75926,MANSURI ALLAUDIN VAJIR,GUJ,SURAT,W
GUJGUJ05390,MULI TIMES,nan,71328.0,71328/ 99,DHARMRAJ SURESHBHAI,GUJ,SURENDER NAGER,OP
GUJGUJ15395,JORAVARNAGAR TIMES,जोरावरनगर टाइम्स,129296.0,GUJGUJ/2013/56741,VAIBHAV PRAVINBHAI SOLANKI,GUJ,SURENDRANAGAR,D
GUJGUJ04649,ZALAWAD WESTERN TIMES,nan,54893.0,54893/ 91,WESTERN TIMES PUBLICATION PVT. LTD.,GUJ,SURENDRANAGAR,D
GUJGUJ03431,SURENDRANAGAR TIMES,nan,11143.0,11143/ 67,ZALA KIRANBA CHHATRAPALSINH,GUJ,SURENDRANAGAR,D
GUJGUJ06852,LIMBDI TIMES,nan,63300.0,63300/ 96,DIPAKSINH GAMBHIR SINH VAGHELA,GUJ,SURENDRANAGAR,W
GUJGUJ05854,LAKHATAR TIMES,nan,55007.0,55007/ 93,DILUBHAI PRATAPSINGH JHALA,GUJ,SURENDRANAGAR,W
GUJGUJ06286,SAURASHTRA TIMES,nan,64845.0,64845/ 94,SOLANKI MAHESH KUMAR TRIKAMLAL,GUJ,SURENDRANAGAR,W
GUJGUJ05746,TOWN TIMES,nan,71416.0,71416/ 92,MINAKSHI BEN V.SHAH,GUJ,SURENDRANAGAR,W
GUJGUJ07893,JALAWAD TIMES,nan,71523.0,71523/ 99,ARVIND VASUDEV RAWAL,GUJ,SURENDRANAGAR,W
GUJGUJ13728,ADVENTURE TIMES,nan,112449.0,GUJGUJ/2011/39892,RANJITSINH RAGHURAJSINH JHALA,GUJ,SURENDRANAGAR,W
GUJGUJ15473,LOKSHAHI TIMES,लोकशाही टाइम्स,132516.0,GUJGUJ/2015/59961,BHAVSAR SURESHKUMAR MADHAVLAL,GUJ,SURENDRANAGAR,W
GUJGUJ06876,JORAVARNAGAR TIMES,nan,64342.0,64342/ 96,VAIBHAV PRAVINBHAI SOLANKI,GUJ,SURENDRANAGAR,W
GUJGUJ09002,MILLENNIUM TIMES,nan,78390.0,GUJGUJ/2000/05833,SAROJBEN S.DAVE,GUJ,SURENDRANAGAR,W
GUJGUJ06171,DHRANGADHRA TIMES,nan,62262.0,62262/ 94,KIRCHAND V.SHAH,GUJ,SURENDRANAGAR,W
GUJGUJ06591,JILLA TIMES,nan,65690.0,65690/ 95,BELIM SAJID BACHUBHAI,GUJ,SURENDRANAGAR,W
GUJGUJ06937,VATAN TIMES,nan,67035.0,67035/ 96,PARVEENBHAI SAMAJIBH,GUJ,SURENDRANAGAR,W
GUJGUJ09459,HALVAD TIMES,nan,80342.0,GUJGUJ/2002/07785,PARMAR KANTABEN BACHUBHAI,GUJ,SURENDRANAGAR,W
GUJGUJ08267,TAWAKKAL TIMES,nan,71023.0,71023/ 99,MOHD. HANIF AHMADBHAI CHAUHAN,GUJ,SURENDRANAGAR,W
GUJGUJ08603,SAYLA TIMES,nan,73017.0,GUJGUJ/1999/00460,RAVAL TUSHAR ANANTRAJ,GUJ,SURENDRANAGAR,W
GUJGUJ17796,TAPI GRAMIN TIMES,nan,,nan,SURESH DATTU DEORE,GUJ,TAPI,W
GUJGUJ08738,VADODARA WESTERN TIMES,वडोदरा वेस्टर्न टाइम्स,72811.0,GUJGUJ/1992/00254,WESTERN TIMES PUBLICATION PVT. LTD.,GUJ,VADODARA,D
GUJGUJ17783,YUG ABHIYAN TIMES,nan,155705.0,GUJGUJ/2022/83150,DARKMATTER ENTERTAINMENT LLP,GUJ,VADODARA,D
GUJGUJ17074,TIMEPASS TIMES,टाइमपास टाइम्स,149303.0,GUJGUJ/2018/76748,MOLAVI TAHERABANU,GUJ,VADODARA,F
GUJGUJ07429,TARSALI TIMES,nan,67345.0,67345/ 97,RAJESH P. SHAH,GUJ,VADODARA,F
GUJMUL00736,BHADOURIA TIMES,nan,,nan,YOGESH H BHADOURIA,GUJ,VADODARA,F
GUJGUJ17110,GLOBAL TIMES,nan,149960.0,GUJGUJ/2018/77405,VANZARA SURESHBHAI SHAMBHUBHAI,GUJ,VADODARA,F
GUJGUJ17889,MANAN TIMES,nan,,nan,BHAVSAR AESA RONAK,GUJ,VADODARA,F
GUJBIL01021,NIKIR HOMOEO TIMES,nan,131250.0,GUJBIL/2014/58695,DR. RAJESH K. SHAH,GUJ,VADODARA,M
GUJGUJ08895,KANSARA TIMES,nan,75769.0,GUJGUJ/2000/03212,PIYUSH JASUANTLAL KANSARA,GUJ,VADODARA,M
GUJGUJ17869,LEARN TIMES,nan,,nan,SAPAN ASHOKKUMAR UPADHYAY,GUJ,VADODARA,Q
GUJGUJ09718,KISAN TIMES,nan,78525.0,GUJGUJ/2002/05968,GAURANG PATEL,GUJ,VADODARA,TWW
GUJGUJ05887,PADRA TIMES,nan,62789.0,62789/ 93,VIJAYBHAI BHAILALBHAI PRAJAPATI,GUJ,VADODARA,W
GUJGUJ05642,GOTRI TIMES,nan,54919.0,54919/ 92,JAGDISHCHANDRA BHAILALBHAI PRAJAPATI,GUJ,VADODARA,W
GUJGUJ04320,VADODARA TIMES,वडोदरा टाइम्स,15114.0,15114/ 68,HARISH DINKRRAI SHUKLA,GUJ,VADODARA,W
GUJGUJ17674,LAXMIGHANSHYAM TIMES,nan,156201.0,GUJGUJ/2021/83646,HEMANT GHANSHYAMBHAI SHAH,GUJ,VADODARA,W
GUJGUJ11777,KARJAN TIMES,कर्जन टाइम्स,95384.0,GUJGUJ/2006/22827,NAYAN K.SHAH,GUJ,VADODARA,W
GUJGUJ11816,SAYAJI TIMES,क्ž,91037.0,GUJGUJ/2006/18480,DIVYA ENTERPRISE,GUJ,VADODARA,W
GUJGUJ00733,CHHOTA UDAIPUR TIMES,छोटा उदयपुर टाइम्स,46477.0,46477/ 86,MAHANT KAUSHIK CHANDRA JAYENDRAJI,GUJ,VADODARA,W
GUJGUJ13951,SAHARA TIMES,nan,119687.0,GUJGUJ/2012/47130,ASHOK SEVAKRAM KAHAR,GUJ,VADODARA,W
GUJGUJ17544,TRUE TIMES,nan,158563.0,GUJGUJ/2021/86008,KIRANKUMAR GUNVANTRAY KAPADIYA,GUJ,VADODARA,W
GUJGUJ05720,DAKSHIN GUJARAT WESTERN TIMES,nan,72808.0,GUJGUJ/1995/00251,WESTERN TIMES PUBLICATION PVT. LTD.,GUJ,VALSAD,D
GUJGUJ07571,DAMANGANGA TIMES,nan,72378.0,72378/ 99,SHEETAL PUBLICATIONS,GUJ,VALSAD,D
GUJGUJ05274,VALSAD TIMES,nan,54900.0,54900/ 92,SAI PRAKASHAN P. LTD,GUJ,VALSAD,D
GUJGUJ08756,PARDI TIMES,nan,74364.0,GUJGUJ/2000/01807,KALI MINOO PARDIWALA,GUJ,VALSAD,M
GUJGUJ09230,INDEPENDENT TIMES,nan,76429.0,GUJGUJ2000/03872,RASHIDABEN YUSUFBHAI PARDIWALA,GUJ,VALSAD,M
GUJGUJ11330,MOCHI TIMES,मोची टाइम्स,96968.0,GUJGUJ/2007/24411,DR. B.J. BHANDUTIYA,GUJ,VALSAD,Q
GUJGUJ12561,BHANU TIMES,nan,99784.0,GUJGUJ/2008/27227,JANAK KESHAV BHANUSHALI,GUJ,VALSAD,W
GUJMUL00743,YAZDAAN TIMES,यझदान टाइम्स,158726.0,GUJMUL/2022/86171,DEYAZAD HECTOR CHOTHIA,GUJ,VALSAD,W
GUJGUJ07190,DAKHAN TIMES,nan,70380.0,70380/ 97,AVISHKAR PUBLICATIONS PVT. LTD.,GUJ,VALSAD,W
GUJGUJ10824,DIVYA TIMES,nan,84853.0,GUJGUJ/2003/12296,BAROT DILIPKUMAR K,GUJ,VALSAD,W
GUJENG16147,SUSHILA TIMES,सुशीला टाइम्स,139428.0,GUJENG/2015/66873,RAJENDRA DINKAR CHAUDHARY,GUJ,VYARA,D
HARHIN05534,DAINIK SAVERA TIMES,nan,126608.0,HARHIN/2013/54053,SHITAL KUMAR VIJ,HAR,AMBALA,D
HARHIN01313,SAHU TIMES,nan,70334.0,70334/ 99,KISHORE JAIN,HAR,AMBALA,F
HARENG00736,GALAXY GLOBAL TIMES,गैलेक्सी ग्लोबल टाइम्स,108542.0,HARENG/2011/35985,GALAXY GLOBAL EDUCATIONAL TRUST'S GROUP OF INSTITUTIONS,HAR,AMBALA,Q
HARHIN10951,HAMARA HARYANA TIMES,nan,42318.0,42318/ 84,RAJNISH BHATNAGAR,HAR,AMBALA,W
HARHIN00085,AMBALA TIMES,अम्बाला टाइम्स,23209.0,23209/ 73,HIRANAND SHARMA,HAR,AMBALA,W
HARHIN03824,ITTAN TIMES,nan,80501.0,HARHIN/2002/07944,HARVINDER S.ITTAN,HAR,AMBALA,W
HARURD00008,AMBALA TIMES,अम्बाला टाइम्स,10136.0,10136/ 65,HIRA NAND SHARMA,HAR,AMBALA,W
HARENG01041,VATIKA TIMES,nan,157958.0,HARENG/2022/85403,RITU WALIA,HAR,BHIWANI,D
HARHIN01974,DELITE TIMES JAGAT,nan,51442.0,51442/ 92,BHARAT BHUSHAN,HAR,FARIDABAD,D
HARHIN05594,INSAAF TIMES,nan,123011.0,HARHIN/2013/50456,DHARAMVIR SHARMA,HAR,FARIDABAD,D
HARHIN05184,SATYAJAY TIMES,nan,116100.0,HARHIN/2012/43543,SUSHMA,HAR,FARIDABAD,D
HARBIL01743,AGS TIMES,एजीएस टाइम्स,139446.0,HARBIL/2016/66891,GAURAV SHARMA,HAR,FARIDABAD,D
HARENG00914,THE IMPRESSIVE TIMES,द इम्प्रेस्सिव न्यूज़,134491.0,HARENG/2015/61936,MANOJ KUMAR MANDAL,HAR,FARIDABAD,D
HARHIN02309,AASTHA TIMES,nan,51190.0,51190/ 94,N.D NAGPAL,HAR,FARIDABAD,D
HARENG00830,TIMES DAY,nan,118215.0,HARENG/2012/45658,MANISH SARAF,HAR,FARIDABAD,D
HARHIN00037,AADHAR TIMES,nan,46810.0,46810/ 89,SHYAM RAJ,HAR,FARIDABAD,D
HARHIN02671,FARIDABAD TIMES,फरीदाबाद टाइम्स,26487.0,26487/ 76,DARSHAN SINGH CHAWLA,HAR,FARIDABAD,F
HARHIN02233,DAIZAL TIMES,nan,51180.0,51180/ 94,BHUDUTT PARASHAR,HAR,FARIDABAD,F
HARHIN01512,TODAY TIMES,nan,34022.0,34022/ 81,M/S TODAY TIMES,HAR,FARIDABAD,F
HARHIN05997,HARYANA PRABHAT TIMES,हरियाणा प्रभात टाइम्स,137235.0,HARHIN/2015/64680,SUSHIL SINGH,HAR,FARIDABAD,F
HARBIL00142,HOMOEOPATHIC TIMES,nan,23125.0,23125/ 72,S. R. KUMAR,HAR,FARIDABAD,F
HARHIN03690,KIRTI TIMES,nan,78345.0,HARHIN/2001/05788,ANIL SRIVASTAV,HAR,FARIDABAD,M
HARHIN11560,PINAKA TIMES,nan,,nan,MANOJ SHARMA,HAR,FARIDABAD,M
HARBIL01162,ASMITA TIMES,अस्मिता टाइम्स,146475.0,HARBIL/2017/73920,RESOURCE INDIA FOUNDATION,HAR,FARIDABAD,Q
HARHIN02483,JUGNU TIMES,जुगनू टाइम्स,51194.0,51194/ 94,MAHESH CHAND,HAR,FARIDABAD,W
HARHIN05453,METRO CRIME TIMES,nan,123751.0,HARHIN/2013/51196,ANIL KUMAR,HAR,FARIDABAD,W
HARHIN04006,KIRTI TIMES,nan,83842.0,HARHIN/2003/11285,ANIL SRIVASTAV,HAR,FARIDABAD,W
HARHIN00870,LABANIYA TIMES,nan,51346.0,51346/ 90,L P LABANIYA,HAR,FARIDABAD,W
HARHIN04170,INSAAF TIMES,nan,86273.0,HARHIN/2004/13716,DHARAMVIR SHARMA,HAR,FARIDABAD,W
HARHIN02865,UJALA TIMES,उजाला टाइम्स,65719.0,65719/ 97,PARHLAD SAINI,HAR,FARIDABAD,W
HARBIL01848,SOKKA TIMES,nan,,nan,SOKKA CREATION PRIVATE LIMITED,HAR,FARIDABAD,W
HARHIN02527,AASMAN DEEP TIMES,आसमान दीप टाइम्स,62717.0,62717/ 95,PREMPAL SINGH SOLANKI,HAR,FARIDABAD,W
HARENG00603,ZEE NEXT TIMES,जी नैक्सट टाइम्स,93051.0,HARENG/2006/20494,NARENDER SHARMA,HAR,FARIDABAD,W
HARHIN03022,HARYANA JANADESH TIMES,nan,69859.0,69859/ 98,SUNIL SACHDEVA,HAR,FATEHABAD,D
HARHIN03916,TOHANA TIMES,टोहाना टाइम्स,89975.0,HARHIN/2003/17418,SONU MITTAL,HAR,FATEHABAD,DE
HARHIN11208,FATEHABAD TIMES,फतेहाबाद टाईम्स,152507.0,HARHIN/2020/79952,MUKESH,HAR,FATEHABAD,W
HARHIN05013,NAVDAUR TIMES,नवदौर टाईम्स,131655.0,HARHIN/2010/59100,BALDEV SINGH SAINI,HAR,FATEHABAD,W
HARHIN10939,SANSKAR TIMES,संस्कार टाईम्स,140214.0,HARHIN/2016/67659,KRISHAN KUMAR,HAR,GURUGRAM,BM
HARHIN03133,THE W.H.D.O. TIMES,nan,69300.0,69300/ 98,DR.A.M.MATHUR,HAR,GURUGRAM,D
HARHIN01567,VEER PARTH TIMES,nan,46743.0,46743/ 89,ANIL ARYA RAJ,HAR,GURUGRAM,F
HARHIN11214,GADAR TIMES,nan,,nan,SANKALP TRUST,HAR,GURUGRAM,F
HARHIN01179,PUSHPAK TIMES,nan,42339.0,42339/ 18,VIRENDRA KUMAR,HAR,GURUGRAM,M
HARENG00659,THE SOUTH ASIAN LIFE AND TIMES,द साऊथ एशियन लाईफ एण्ड टाईम्स,98563.0,HARENG/2008/26006,ROOPA BAKSHI,HAR,GURUGRAM,Q
HARBIL00959,AGARWAL VAISHYA TIMES,nan,116345.0,HARBIL/2011/43788,DIWAKER GUPTA,HAR,GURUGRAM,Q
HARHIN04106,GURGAON TIMES,ग़ुडगांव टाइम्स,91652.0,HARHIN/2006/19095,RAKESH GARG,HAR,GURUGRAM,W
HARHIN03311,JATIN TIMES,nan,70667.0,70667/ 99,SUNITA VASHISHT,HAR,GURUGRAM,W
HARHIN04658,OMKAR TIMES,ओंकार टाइम्‍स,99497.0,HARHIN/2008/26940,JATISH THUKRAL,HAR,GURUGRAM,W
HARHIN05305,DINCHARYA TIMES,nan,117690.0,HARHIN/2012/45133,DINESH KUMAR SINGH,HAR,GURUGRAM,W
HARHIN02068,AHIRWAL TIMES,nan,51556.0,51556/ 93,SAJAN SINGH,HAR,GURUGRAM,W
HARHIN04161,TAN MAN TIMES,तन मन टाइम्‍स,90446.0,HARHIN/2005/17889,RAJESH SHARMA,HAR,GURUGRAM,W
HARHIN02377,SKYLARK TIMES,nan,51179.0,51179/ 94,SAHID AMAR SINGH CHARITABLE TRUST,HAR,GURUGRAM,W
HARHIN01475,SOHNA TIMES,nan,42237.0,42237/ 82,RAM LAL VERMA,HAR,GURUGRAM,W
HARENG00507,NCR TIMES,nan,76749.0,HARENG2001/04192,SUSHMA BANSAL,HAR,GURUGRAM,W
HARHIN03584,DATTA TIMES,nan,76341.0,HARHIN/2000/03784,SURINDER KUMAR DUTTA,HAR,GURUGRAM,W
HARHIN03979,THE HALCYON TIMES,दी हलसियोन टाईम्स,91300.0,HARHIN/2004/18743,RAJENDRASINGH LAMBA,HAR,HISAR,F
HARHIN10857,CHIRAG TIMES,चिराग टाइम्स,147052.0,HARHIN/2016/74497,DINESH RANGA,HAR,HISAR,M
HARHIN00478,HANSI TIMES HANSI,nan,19519.0,19519/ 70,MEHTA SITA RAM,HAR,HISAR,M
HARHIN02827,BAJAJ TIMES,nan,66940.0,66940/ 96,BAAL KRISHNA,HAR,HISAR,W
HARHIN10982,AJMERA TIMES,अजमेरा टाइम्स,147740.0,HARHIN/2017/75185,PHOOL KUMAR,HAR,HISAR,W
HARHIN11434,YAMUNA TEERE TIMES,nan,,nan,SHINOY DEEP,HAR,HISAR,W
HARHIN04603,AADAMPUR TIMES,आदमपुर टाइम्स,101589.0,HARHIN/2008/29032,VINOD KUMAR,HAR,HISAR,W
HARMUL00465,SATYAPAKSH TIMES,nan,,UR,SURJEET SINGH,HAR,HISAR,W
HARBIL00808,UKLANA TIMES,उकलाना टाईम्स,94467.0,HARBIL/2007/21910,NARENDER GOYAL,HAR,HISAR,W
HARBIL00143,HISAR TIMES,हिसार टाइम्स,6752.0,6752/ 62,JAGAT CO-OPERATIVE PRINTING AND PUBLISHING SOCIETY,HAR,HISAR,W
HARHIN01768,NITYA SHAKTI TIMES,nan,51403.0,51403/ 92,AMAR KUMAR,HAR,HISSAR,D
HARHIN04773,JHAJJAR TIMES,झज्जर टाइम्स,81632.0,HARHIN/2001/09075,RAM PARKASH VERMA,HAR,JHAJJAR,W
HARHIN00990,MONDAY TIMES,nan,68631.0,68631/ 98,UDAYBHAN PUNIYA,HAR,JHAJJAR,W
HARHIN04584,GANGAPUTRA TIMES,गंगापुत्रा टाइम्स,95192.0,HARHIN/2005/22635,RAJENDRA GUPTA,HAR,JIND,D
HARHIN05108,RATISON TIMES,nan,116048.0,HARHIN/2011/43491,SOMNATH GOYAL,HAR,JIND,M
HARHIN03363,KNIT INDIA TIMES,nan,73937.0,HARHIN/1999/01380,DIVAKAR GUPTA,HAR,JIND,M
HARHIN05810,MERI PASAND TIMES,मेरी पसंद टाईम्स,134037.0,HARHIN/2014/61482,RAMDHAN JAIN,HAR,JIND,Q
HARHIN00734,JIND TIMES,nan,46602.0,46602/ 87,NARENDRA SINGH,HAR,JIND,W
HARHIN03941,GANGAPUTRA TIMES,nan,83769.0,HARHIN/2003/11212,RAJENDER GUPTA,HAR,JIND,W
HARHIN00770,KAITHAL TIMES,nan,26351.0,26351/ 74,RANDHIR SINGH,HAR,KAITHAL,F
HARHIN11307,GOPERA TIMES,nan,,nan,ISHWAR SINGH,HAR,KAITHAL,M
HARHIN02745,SURYA TIMES,nan,71281.0,71281/ 96,VINOD KUMAR,HAR,KAITHAL,M
HARHIN03056,KAILRUM TIMES,nan,68137.0,68137/ 98,PARMANAND GOEL,HAR,KAITHAL,W
HARHIN02565,SANYURI TIMES,nan,65717.0,65717/ 95,SANJAY KUMAR,HAR,KAITHAL,W
HARHIN11530,JANBHAWNA TIMES,nan,157741.0,HARHIN/2023/85186,ADITYA VASHISTHA,HAR,KARNAL,D
HARHIN04169,TIMES OF HARYANA,nan,88854.0,HARHIN/2005/16297,RAMESH CHANDER DANGI,HAR,KARNAL,F
HARHIN01048,NILOKHERI TIMES,nan,33875.0,33875/ 78,SURESH KUMAR MIDHA,HAR,KARNAL,F
HARHIN00377,FLORIDA TIMES,nan,46653.0,46653/ 88,DR. RAKESH SINGH VERMA,HAR,KARNAL,M
HARHIN03869,SOLANKI TIMES,nan,82353.0,HARHIN/2003/09796,RAJKUMAR SOLANKI,HAR,KARNAL,M
HARHIN02277,HARYANA HAPPY TIMES,nan,51595.0,51595/ 94,SHANKAR LAL,HAR,KARNAL,M
HARHIN05780,HARYANA MAITRI TIMES,हरियाणा मैत्री टाइम्स,136661.0,HARHIN/2014/64106,MOHINDER RATHEE,HAR,KARNAL,W
HARHIN02074,HARYANA VILLAGE TIMES,nan,51511.0,51511/ 92,RAMBHAJ PAITOLIYN,HAR,KARNAL,W
HARURD00141,KARNAL TIMES,करनाल टाइम्स,6727.0,6727/ 58,LALA RAM GUPTA,HAR,KARNAL,W
HARBIL00182,KARNAL TIMES,करनाल टाइम्स,51610.0,51610/ 58,VINOD KUMAR GUPTA,HAR,KARNAL,W
HARHIN05832,AB TAK TIMES,अब तक टाइम्स,137656.0,HARHIN/2014/65101,VIKAS SUKHIJA,HAR,KARNAL,W
HARHIN10874,KURUKSHETRA TIMES,nan,26313.0,26313/ 73,SHRI BHAGWATI PRASADBHAGWATI PRASAD KAUSHIK,HAR,KURUKSHETRA,F
HARHIN00949,MARKANDA TIMES,nan,38391.0,38391/ 82,R.K. GUPTA,HAR,KURUKSHETRA,F
HARHIN05301,DISCOVERY TIMES,nan,119642.0,HARHIN/2012/47085,ANIL KUMAR DHIMAN,HAR,KURUKSHETRA,F
HARHIN03602,INDIAN NATIONAL TIMES,इंडियन नेशनल टाइम्स,75198.0,HARHIN/2000/02641,HARJINDER SAPRA,HAR,KURUKSHETRA,W
HARHIN05218,SHAHABAD TIMES,nan,115318.0,HARHIN/2011/42761,DHEERAJ SETHI,HAR,KURUKSHETRA,W
HARHIN01683,HARYANA TIMES,nan,10116.0,10116/ 64,BISHAN DASS BHARDWAJ,HAR,MAHENDRAGARH,D
HARHIN01651,PALWAL TIMES,nan,51387.0,51387/ 91,PARKASH LAL,HAR,PALWAL,W
HARENG00761,GREAT MANGLA TIMES,nan,118351.0,HARENG/2011/45794,AJAY GUPTA,HAR,PANCHKULA,M
HARENG00696,THE TRIGON TIMES,nan,110609.0,HARENG/2011/38052,SANJAY KALRA,HAR,PANCHKULA,M
HARENG00905,TRICITY SHOPPING TIMES,ट्राईसिटी शौपिंग टाइम्स,144002.0,HARENG/2015/71447,RAJIV ARORA,HAR,PANCHKULA,M
HARBIL00235,PANCHKULA TIMES,nan,34128.0,34128/ 82,AJAY KUMAR BANGIA,HAR,PANCHKULA,W
HARBIL01037,ISHAN TIMES,nan,122653.0,HARBIL/2013/50098,SANJAY RAI,HAR,PANCHKULA,W
HARHIN02109,BHUCHAL TIMES,भूचाल टाइम्स,64119.0,64119/ 94,SATYENDRA SINGH & SUKHBIR CHHIKARA,HAR,PANIPAT,D
HARHIN11487,SAMALKHA TIMES,nan,,UR,RAKESH KUMAR,HAR,PANIPAT,F
HARHIN05114,SATKAR TIMES,सत्कार टाइम्स,108133.0,HARHIN/2010/35576,SURENDER SINGH,HAR,PANIPAT,F
HARHIN01776,BHARARA TIMES,भरारा टाइम्स,51495.0,51495/ 91,PARDEEP BHARARA,HAR,PANIPAT,F
HARHIN11299,SANIDHYA TIMES,सानिध्य टाइम्स,153277.0,HARHIN/2020/80722,SUDHIR SALUJA,HAR,PANIPAT,F
HARHIN11406,BAPOLI TIMES,nan,,UR,BALRAJ,HAR,PANIPAT,M
HARBIL00546,PANIPAT TIMES,पानीपत टाइम्स,7247.0,7247/ 63,VISHW NATH SUDHAKAR,HAR,PANIPAT,W
HARENG01043,LEGALFOXES LAW TIMES,nan,,nan,ATIN HANDUJA,HAR,REWARI,BNL
HARHIN03331,S.S.P.TIMES,nan,84215.0,HARHIN/2003/11658,PAWAN KUMAR,HAR,REWARI,M
HARHIN02196,ARAVALI TIMES,nan,68850.0,68850/ 98,BISHAMBAR DAYAL VERMA,HAR,REWARI,W
HARHIN01219,REWARI TIMES,nan,30729.0,30729/ 77,KHEM CHAND SHARMA,HAR,REWARI,W
HARHIN04926,VEER INDIAN TIMES,वीर इन्डियन टाइम्स,104415.0,HARHIN/2010/31858,AJIT SINGH,HAR,REWARI,W
HARHIN03870,BABYIAN TIMES,बबियाण टाइम्स,81553.0,HARHIN/2003/08996,MANJU GUPTA,HAR,ROHTAK,D
HARHIN00630,HIND TIMES,nan,51426.0,51426/ 91,VINOD KUMAR JAIN,HAR,ROHTAK,D
HARBIL01108,TRISHANKU TIMES,त्रिशंकु टाइम्स,134226.0,HARBIL/2015/61671,SURENDER KUMAR,HAR,ROHTAK,D
HARHIN04596,GARIMA TIMES,गरिमा टाइम्žस,100190.0,HARHIN/2008/27633,PARVEEN BATRA,HAR,ROHTAK,D
HARHIN04357,KAPISH TIMES,कपीश टाइम्‍स,90062.0,HARHIN/2006/17505,HARDEEP PAL,HAR,ROHTAK,D
HARHIN00132,ARYAN TIMES,nan,23132.0,23132/ 72,MAHA SINGH,HAR,ROHTAK,F
HARHIN03013,CALSON TIMES,nan,67429.0,67429/ 97,RAJENDRA KUMAR,HAR,ROHTAK,F
HARBIL00857,THE TIMES OF NET,दि टाइम्स ऑफ नेट,101301.0,HARBIL/2009/28744,VIJENDER SINGH NARWAL,HAR,ROHTAK,M
HARHIN03095,KIRSAN TIMES,nan,68835.0,68835/ 98,MANMOHAN KATHURIA,HAR,ROHTAK,M
HARENG00332,PUNJAB LAW TIMES,nan,68614.0,68614/ 98,SUNIL KUMAR,HAR,ROHTAK,M
HARHIN03195,S.D.G.TIMES,nan,70827.0,70827/ 99,SANJAY DEEP GOEL,HAR,ROHTAK,OP
HARHIN03716,JHAJJAR TIMES,झज्जर टाइम्स,81532.0,HARHIN/2001/08975,RAM PRAKASH VERMA,HAR,ROHTAK,W
HARHIN00629,HIND TIMES,nan,33858.0,33858/ 78,COMRADE VINOD KUMAR JAIN,HAR,ROHTAK,W
HARHIN01234,ROHTAS GARH TIMES,nan,46728.0,46728/ 89,NARESH CHANDER JAIN,HAR,ROHTAK,W
HARHIN10832,ROHTAK TIMES,nan,10022.0,10022/ 64,BALBIR SINGH SAWHNEY,HAR,ROHTAK,W
HARMUL00478,THE FAITH TIMES,nan,,nan,RAVI KUMAR,HAR,SIRSA,BM
HARHIN01194,RAMA TIMES,रामा टाइम्स,46695.0,46695/ 85,R.K. BHARDWAJ,HAR,SIRSA,DE
HARHIN01508,TIMES OF DABWALI,nan,42326.0,42326/ 84,GURDEV SINGH SHANT,HAR,SIRSA,F
HARHIN04316,BHUPESH TIMES,भूपेश टाइम्स,92386.0,HARHIN/2006/19829,SANJAY KUMAR,HAR,SIRSA,M
HARBIL00293,SIRSA TIMES,सिरसा टाइम्स,26328.0,26328/ 74,RAJINDER SHARMA,HAR,SIRSA,W
HARHIN00580,HARYANA PRIYA DESHAM TIMES SAMACHAR,nan,46735.0,46735/ 89,DR. SATYAPAL KAPOOR,HAR,SONEPAT,M
HARHIN04845,ASHWANI TIMES,अश्žवनी टाईम्स,100616.0,HARHIN/2009/28059,SUNITA MALHOTRA,HAR,SONEPAT,W
HARHIN04713,TYAGI TIMES,त्‍यागी टाइम्‍स,98819.0,HARHIN/2008/26262,DHARAMPAL TYAGI,HAR,SONIPAT,D
HARHIN00765,KAILASH DARSHAN TIMES,nan,46713.0,46713/ 89,KAILASH CHANDRA SHARMA,HAR,SONIPAT,F
HARHIN00405,GOHANA TIMES,nan,22955.0,22955/ 72,MANOHAR LAL BHATIA,HAR,SONIPAT,F
HARBIL00248,RAI TIMES,nan,35776.0,35776/ 79,MOTILAL NEHRU SCHOOL OF SPORTS,HAR,SONIPAT,M
HARBIL01903,AGRI COMMODITY TIMES,एग्री कोमोडिटी टाइम्स,160847.0,HARBIL/2023/88292,NAGENDER SINGH,HAR,SONIPAT,Q
HARHIN02394,DEEPAK JYOTI TIMES,दीपक ज्योति टाइम्स,51163.0,51163/ 94,SHARDANAND VERMA,HAR,SONIPAT,W
HARHIN02733,COMPERE TIMES,nan,64739.0,64739/ 96,JITENDER SINGH,HAR,SONIPATH,W
HARHIN11131,RADAUR TIMES,रादौर टाइम्स,149916.0,HARHIN/2018/77361,KULDEEP SINGH,HAR,YAMUNANAGAR,F
HARHIN03217,SANYASI TIMES,nan,76089.0,HARHIN/1999/03532,AMAR SINGH,HAR,YAMUNANAGAR,F
HARURD00154,JAGADHRI TIMES,nan,22998.0,22998/ 72,M B RANA,HAR,YAMUNANAGAR,F
HARMUL00395,RANA TIMES,nan,10078.0,10078/ 63,M.B. KANWAR,HAR,YAMUNANAGAR,M
HARHIN11384,NAVDESH TIMES,नवदेश टाइम्स,160727.0,HARHIN/2021/88172,KULDEEP SAINI,HAR,YAMUNANAGAR,Q
HARBIL01731,RANA TIMES,nan,6839.0,6839/ 62,M. B. KANWAR,HAR,YAMUNANAGAR,W
HARHAR00030,JAGA DHARI TIMES,nan,35810.0,35810/ 80,MADAN LAL VASIN RANA,HAR,YAMUNANAGAR/ JAGADHARI,M
HPENG00219,INFOAGE TIMES,इंफोएज टाइम्स,107425.0,HPENG/2010/34868,RAM PAL,HP,KANGRA,W
HPENG00224,DHARAMSHALA TIMES,धर्मशाला टाइम्स,104340.0,HPENG/2009/31783,VIKRAM CHAUDHARY,HP,KANGRA,W
HPENG00117,TRIGART TIMES,त्रिगर्त टाइम्स,63171.0,63171/ 95,P.C. GULERIA,HP,KANGRA,W
HPBIL00332,ADIVA TIMES,nan,,nan,AKSHAY BHATIA,HP,KANGRA/ DHARAMSHALA,W
HPHIN00440,MANDAVYA TIMES,मांडव्य टाइम्स,68989.0,68989/ 98,SANJIV KUMAR SHARMA,HP,MANDI,W
HPHIN00189,SUKET TIMES,सुकेत टाइम्स,26032.0,26032/ 70,MOHAN SINGH SODHI,HP,MANDI,W
HPHIN00479,NURPUR TIMES,नूरपुर टाइम्स,81674.0,HPHIN/2001/09117,D.K. TULI,HP,NURPUR,W
HPHIN00663,THE HIMACHAL TIMES,द हिमाचल टाइम्स,96325.0,HPHIN/2007/23768,PETROLEUM & ENERGY PUBLICATIONS PVT. LTD.,HP,SHIMLA,D
HPHIN00436,JAN PRIYA TIMES,जनप्रिय टाइम्स,66870.0,66870/ 97,PRAMOD SHARMA,HP,SHIMLA,D
HPENG00196,THE HIMACHAL TIMES,द हिमाचल टाइम्स,96326.0,HPENG/2007/23769,PETROLEUM & ENERGY PUBLICATIONS PVT. LTD.,HP,SHIMLA,D
HPENG00211,IMPARTIAL TIMES,इम्पार्शल टाइम्स,100331.0,HPENG/2008/27774,USHA SHARMA,HP,SHIMLA,D
HPHIN00879,DAINIK SAVERA TIMES,दैनिक सवेरा टाइम्स,124836.0,HPHIN/2013/52281,SHITAL KUMAR VIJ,HP,SHIMLA,D
HPHIN00859,MAHANAGAR TIMES,महानगर टाइम्स,118242.0,HPHIN/2012/45685,GOPAL SHARMA,HP,SHIMLA,D
HPHIN00508,FRIDAY TIMES,फ्राइडे टाइम्स,75196.0,HPHIN/2000/02639,NEELKANTH THAKUR,HP,SHIMLA,F
HPBIL00313,THE RIEV TIMES,nan,,nan,INSTITUTE FOR INTEGRATED RURAL DEVELOPMENT,HP,SHIMLA,F
HPHIN00794,ROYAL TIMES,रॉयल टाइम्स,119355.0,HPHIN/2011/46798,RAJESH KUMAR SHARMA,HP,SHIMLA,Q
HPHIN00974,SIMLA TIMES,nan,7341.0,7341/ 63,DEV RAJ PURI,HP,SHIMLA,W
HPBIL00065,SHIMLA TIMES,शिमला टाइम्स,51343.0,51343/ 86,VIJAY PURI,HP,SHIMLA,W
HPHIN00118,HIMALAYA TIMES,हिमालय टाइम्स,18161.0,18161/ 69,HIMALAYA PRAKASHAN SAMITI,HP,SHIMLA,W
HPHIN00660,MONAL TIMES,मोनाल टाइम्स,46775.0,46775/ 89,GANESH DATT,HP,SHIMLA,W
HPHIN00996,THE HINDI HIMACHAL TIMES,nan,31220.0,31220/ 74,PETROLEUM & ENERGY PUBLICATIONS PVT. LTD.,HP,SHIMLA,W
HPHIN01028,SHIVALIK TIMES,शिवालिक टाइम्स,146352.0,HPHIN/2017/73797,KULDEEP SINGH KANWAR,HP,SHIMLA,W
HPMUL00025,SIMLA TIMES WEEKLY,शिमला टाइम्स वीकली,25783.0,25783/ 72,D R PURI,HP,SHIMLA,W
HPMUL00105,GIRI GANGA TIMES,nan,,nan,VEENA DEVI,HP,SIRMAUR,F
HPHIN00799,AKASH GANGA TIMES,आकाश गंगा टाइम्स,110256.0,HPHIN/2011/37699,SUNIL KUMAR,HP,SIRMAUR,M
HPHIN00893,MAHANAGAR TIMES,महानगर टाइम्स,123401.0,HPHIN/2013/50846,GOPAL SHARMA,HP,SOLAN,D
HPBIL00329,THE SHIRGUL TIMES,nan,156291.0,HPBIL/2022/83736,KAVI RAJ,HP,SOLAN,W
HPHIN00679,SATLUJ TIMES,सतलुज टाइम्žस,100289.0,HPHIN/2008/27732,SATISH KUMAR JOSHI,HP,UNA,W
HPBIL00290,STAR TIMES,nan,18178.0,18178/ 70,SANSARI DEVI CHAUDHURY,HP,UNA,W
JHAHIN00932,NAV BIHAR TIMES,नव बिहार टाइम्स,145210.0,JHAHIN/2017/72655,KAMAL KISHOR,JHA,BOKARO,D
JHAHIN01051,DEOGHAR TIMES,nan,,nan,SUNIL KUMAR JHA,JHA,DEOGHAR,W
JHABIL00177,SANTHAL TIMES,nan,,UR,SAURABH KUMAR,JHA,DEOGHAR,W
JHAHIN00776,CHOTANAGPUR TIMES,nan,70680.0,70680/ 96,MOHD. ZAKIR KHAN,JHA,DHANBAD,D
JHAHIN00794,JHARIA TIMES,nan,31050.0,31050/ 77,B.P. SINHA,JHA,DHANBAD,F
JHAENG00095,MINERAL TIMES,nan,22191.0,22191/ 71,INDIAN MINES MANAGER'S ASSOCIATION,JHA,DHANBAD,W
JHAENG00074,THE COALFIELD TIMES,nan,3502.0,3502/ 57,HIRENDRA NATH CHATTERJEE,JHA,DHANBAD,W
JHAHIN00926,OSH TIMES,nan,,UR,OM PRAKASH RAMAN,JHA,GIRIDIH,W
JHAHIN00861,GODDA TIMES,nan,52421.0,52421/ 89,SHYAMANAND VATS,JHA,GODDA,F
JHAHIN00827,RANCHI TIMES,nan,39557.0,39557/ 82,DILIP KUMAR DARAD,JHA,HAZARIBAG,W
JHAENG00042,HINDUSTAN TIMES,हिंदुस्तान टाइम्स,114145.0,JHAENG/2011/41588,HT MEDIA LTD,JHA,JAMSHEDPUR,D
JHAMUL00085,TATANAGAR TIMES,nan,3763.0,3763/ 58,BHAWANI SHANKAR PRASAD,JHA,JAMSHEDPUR,F
JHAHIN00307,JHARKHAND VANANCHAL TIMES,झारखण्ड वनांचल टाइम्स,70037.0,70037/ 98,KIRAN BAJPAYI,JHA,JAMSHEDPUR,F
JHAENG00050,SUNDAY HINDUSTAN TIMES,संडे हिंदुस्तान टाइम्स,117556.0,JHAENG/2011/44999,HT MEDIA LTD,JHA,JAMSHEDPUR,W
JHAENG00082,CHOTANAGPUR TIMES,छोटानागपुर टाइम्स,3824.0,3824/ 57,DEBENDRA NATH DEB,JHA,JAMSHEDPUR/ PURBI SINGHBHUM,W
JHAURD00134,WAQT TIMES,nan,,nan,ADITYA TULSYAN,JHA,PAKAUR,D
JHAHIN00789,PALAMAU TIMES,nan,26153.0,26153/ 74,RAJENDRA PRASAD,JHA,PALAMU,W
JHAHIN01060,SWARNIK TIMES,nan,,nan,RAKESH KUMAR VERMA,JHA,PALAMU,W
JHAHIN00317,RADH TIMES,राढ़ टाइम्स,101815.0,JHAHIN/2009/29258,RUPA DEVI,JHA,PURBI SINGHBHUM/ JAMSHEDPUR,F
JHAHIN00731,TATANAGAR TIMES,nan,30954.0,30954/ 75,BHAWANI SHANKAR PRASAD,JHA,PURBI SINGHBHUM/ JAMSHEDPUR,F
JHAENG00152,THE TIMES OF VISUAL MEDIA,nan,,nan,NEWSCITY MEDIA PRIVATE LIMITED,JHA,RANCHI,D
JHAHIN00358,SEARCH TIMES,सर्च टाइम्स,104702.0,JHAHIN/2010/32145,RAM PRAKASH TIWARI,JHA,RANCHI,D
JHAENG00006,HINDUSTAN TIMES,हिंदुस्तान टाइम्स,84956.0,JHAENG/2004/12399,HT MEDIA LTD,JHA,RANCHI,D
JHAHIN00304,BIRSA TIMES,nan,44375.0,44375/ 86,SAROJ CHOUDHARY,JHA,RANCHI,D
JHAHIN01011,MAJOR TIMES,मेजर टाइम्स,155880.0,JHAHIN/2021/83325,MOHAMMAD QURBAN,JHA,RANCHI,D
JHABIL00064,JAMHURIAT TIMES,जम्हूरियत टाइम्स,124881.0,JHABIL/2013/52326,SHAHID PERWEZ,JHA,RANCHI,D
JHAENG00145,TIMES DAY,nan,158346.0,JHAENG/2023/85791,MANISH SARAF,JHA,RANCHI,D
JHAURD00092,AL WATAN TIMES,अल वतन टाइम्स,145671.0,JHAURD/2016/73116,MOHAMMAD IQBAL SABA,JHA,RANCHI,D
JHAURD00012,JAMHURIYAT TIMES,जम्हूरियत टाइम्स,106428.0,JHAURD/2009/33871,DIGVIJAY SINGH,JHA,RANCHI,D
JHAENG00071,CHOICE TIMES,च्‍वाइस टाइम्‍स,139300.0,JHAENG/2016/66745,SANJEEV KUMAR MISHRA,JHA,RANCHI,D
JHAENG00062,THE ECONOMIC TIMES,दि इकनोमिक टाइम्स,128811.0,JHAENG/2014/56256,"BENNETT, COLEMAN & CO.LTD",JHA,RANCHI,D
JHAENG00060,THE TIMES OF INDIA,द टाइम्स ऑफ़ इंडिया,127991.0,JHAENG/2014/55436,"BENNETT, COLEMAN & CO.LTD",JHA,RANCHI,DS
JHAHIN00285,SEARCH TIMES,सर्च टाइम्‍स,98318.0,JHAHIN/2008/25761,RAM PRAKASH TIWARI,JHA,RANCHI,F
JHAHIN00771,CHHOTA NAGPUR TIMES,nan,13148.0,13148/ 67,JHANKARDAN TIGA & BINKAS ECKA,JHA,RANCHI,F
JHAHIN00027,THE NEW GENERATION OPINION TIMES,nan,79216.0,JHAHIN/2002/06659,DR GOPAL SANKAR,JHA,RANCHI,OP
JHAENG00057,RANCHI TIMES OF INDIA,रांची टाइम्स ऑफ़ इंडिया,129450.0,JHAENG/2013/56895,"BENNETT, COLEMAN & CO.LTD",JHA,RANCHI,THW
JHAHIN00769,JHARKHAND TIMES,झारखंड टाइम्स,17368.0,17368/ 70,NIRMAL ENEM HORA,JHA,RANCHI,W
JHAHIN00759,RANCHI TIMES,nan,4243.0,4243/ 63,DILIP KUMAR DARAD,JHA,RANCHI,W
JHAENG00005,SUNDAY HINDUSTAN TIMES,संडे हिंदुस्तान टाइम्स,84955.0,JHAENG/2004/12398,HT MEDIA LTD,JHA,RANCHI,W
JHAENG00059,THE ECONOMIC TIMES MAGAZINE,द इकनोमिक टाइम्स मैगज़ीन,127933.0,JHAENG/2014/55378,"BENNETT, COLEMAN & CO.LTD",JHA,RANCHI,W
JHAENG00154,JUNCTION TIMES,nan,,nan,SOMDUTT TRIPATHI,JHA,RANCHI,W
JHAHIN00821,BIRSA TIMES,nan,38336.0,38336/ 80,SAROJ CHOUDHARY,JHA,RANCHI,W
JHAURD00067,DABANG URDU TIMES,दबंग उर्दू टाइम्स,137806.0,JHAURD/2015/65251,GHULAM MUSTAFA,JHA,RANCHI,W
JHAENG00061,THE ECONOMIC TIMES ON SATURDAY,द इकोनोमिक टाइम्स ऑन सैटरडे,128531.0,JHAENG/2014/55976,"BENNETT, COLEMAN & CO.LTD",JHA,RANCHI,W
JHAHIN00869,HAJARI BAGH TIMES,nan,52512.0,52512/ 94,SUBODH SINGH SHIVGEET,JHA,RANCHI,W
JHAENG00058,THE SUNDAY TIMES OF INDIA,द संडे टाइम्स ऑफ़ इंडिया,128839.0,JHAENG/2014/56284,"BENNETT, COLEMAN & CO.LTD",JHA,RANCHI,W
JKURD01068,SHEESHNAG TIMES,nan,116159.0,JKURD/2011/43602,BILAL AHMAD WANI,JK,ANANTNAG,W
JKURD01101,THE ANANTNAG TIMES,nan,124547.0,JKURD/2013/51992,MUKHTAR AHMAD LONE,JK,ANANTNAG,W
JKURD01185,HIMALAYA TIMES,हिमालय टाइम्स,138857.0,JKURD/2015/66302,BEIG SHAMIM AHMED,JK,ANANTNAG,W
JKBIL00265,KASHUR TIMES,nan,110035.0,JKBIL/2011/37478,MOHD ISMAIL WANI,JK,BANDIPORA,D
JKURD01098,SHAHARBEEN TIMES,nan,120202.0,JKURD/2012/47645,ABDUAL HAMID SHEIKH,JK,BARAMULA,D
JKURD00955,UNITED TIMES,यूनाइटेड टाइम्स,104333.0,JKURD/2006/31776,IFTIKHAR RASHID,JK,BARAMULLA,D
JKURD00834,SOPORE TIMES,nan,21789.0,21789/ 71,GHULAM RASOOL KAR,JK,BARAMULLA,W
JKURD00827,PULWAMA TIMES,nan,52448.0,52448/ 90,NOT GIVEN,JK,BIHAR,W
JKENG01276,THE BUDGAM TIMES,nan,150641.0,JKENG/2019/78086,QISAR BASHIR,JK,BUDGAM,W
JKURD00145,EVEREST TIMES,nan,23946.0,23946/ 72,RANBIR SINGH MANHAS,JK,DODA,W
JKBIL00187,TIMES OF GANDERBAL,टाइम्स ऑफ गान्धरबल,96833.0,JKBIL/2008/24276,FAROOQ AHMAD DAR,JK,GANDERBAL,D
JKURD01207,GLACIER TIMES,nan,148346.0,JKURD/2018/75791,UMER NABI RAINA,JK,GANDERBAL,W
JKENG01144,TIMES OF KANGAN,nan,139000.0,JKENG/2016/66445,MUDASIR AHMAD RATHER,JK,GANDERBAL,W
JKENG00925,TEMPLE CITY TIMES,nan,119249.0,JKENG/2012/46692,PRASHANT SHARMA,JK,JAMMU,D
JKENG00948,MAXIMUM TIMES,nan,119370.0,JKENG/2012/46813,JAGDISH RAJ,JK,JAMMU,D
JKENG00704,DHARTI TIMES,धरती टाइम्स,96673.0,JKENG/2008/24116,RAJESH DATTA,JK,JAMMU,D
JKHIN00274,JUMBO TIMES,जम्बो टाइम्स,95439.0,JKHIN/2007/22882,SHAM LAL MEHRA,JK,JAMMU,D
JKURD00948,NORTHERN TIMES,नॉर्दरन टाइम्स,89089.0,JKURD/2006/16532,ASHOK KUMAR RAINA,JK,JAMMU,D
JKHIN00305,NORTHERN TIMES,नॉर्थर्न टाइम्स,103722.0,JKHIN/2010/31165,ASHOK KUMAR RAINA,JK,JAMMU,D
JKURD00021,AIRPORT TIMES,nan,52260.0,52260/ 89,MOHD. HUSSAIN BHAT,JK,JAMMU,D
JKENG00242,KASHMIR TIMES,nan,19858.0,19858/ 65,KASHMIR TIMES PUBLICATIONS,JK,JAMMU,D
JKENG00705,KOTLI TIMES,nan,98131.0,JKENG/2008/25574,MUKESH SHARMA,JK,JAMMU,D
JKURD00592,KISHTWAR TIMES,nan,52489.0,52489/ 93,RACHNA SHARMA,JK,JAMMU,D
JKENG00395,STATE TIMES,nan,66908.0,66908/ 96,RAJ DALUJA,JK,JAMMU,D
JKENG00538,PUBLIC TIMES,nan,82891.0,JKENG/2003/10334,RAVINDER KUMAR,JK,JAMMU,D
JKENG01075,THE PERENNIAL TIMES,nan,136492.0,JKENG/2015/63937,PARNEESH MAHAJAN,JK,JAMMU,D
JKENG00597,TRULY TIMES,nan,89180.0,JKENG/2005/16623,VINOD KUMAR,JK,JAMMU,D
JKHIN00277,STATE TIMES,nan,93519.0,JKHIN/2007/20962,RAJ DALUJA,JK,JAMMU,D
JKENG00209,TIMES OF CARTOONS,nan,43882.0,43882/ 85,JANG BHADUR CHOPRA,JK,JAMMU,D
JKENG00252,SHIV TIMES,nan,76622.0,JKENG/2000/04065,YOGESH GUPTA,JK,JAMMU,D
JKHIN00212,SHIV TIMES,nan,83678.0,JKHIN/1998/11121,RAVINDER GUPTA,JK,JAMMU,D
JKURD00885,TRIKUTA TIMES,nan,79859.0,JKURD/2002/07302,CHANCHAL,JK,JAMMU,D
JKENG01082,THE MOVING TIMES,nan,135446.0,JKENG/2015/62891,PARDEEP KUMAR,JK,JAMMU,D
JKENG00693,EARLY TIMES,nan,80372.0,JKENG/2002/7815,MUNISH GUPTA,JK,JAMMU,D
JKENG00905,ACTION TIMES BULLETIN,nan,114608.0,JKENG/2012/42051,AMAN CHIB,JK,JAMMU,D
JKENG00954,MERCURY TIMES,nan,118643.0,JKENG/2012/46086,NAGENDER SINGH,JK,JAMMU,D
JKENG00952,BAHU TIMES,nan,119128.0,JKENG/2012/46571,JAMSHED AKHTAR,JK,JAMMU,D
JKENG01128,THE DAYSTAR TIMES,nan,144811.0,JKENG/2016/72256,BHARAT BHUSHAN BARGOTRA,JK,JAMMU,D
JKHIN00370,DAINIK SAVERA TIMES,nan,131053.0,JKHIN/2014/58498,SHITAL KUMAR VIJ,JK,JAMMU,D
JKURD00818,INDIAN TIMES,nan,26931.0,26931/ 74,SYED FAROOQ ANDRABI,JK,JAMMU,D
JKENG00666,THE SREE TIMES,nan,95666.0,JKENG/2007/23109,TARUN BAHL,JK,JAMMU,D
JKENG00979,BHARAT TIMES,nan,124040.0,JKENG/2013/51485,KANCHAN KUMARI,JK,JAMMU,D
JKENG01095,MILAN TIMES,मिलन टाइम्स,138359.0,JKENG/2015/65804,SURJEET SINGH,JK,JAMMU,D
JKURD01082,THE CHATHRO TIMES,nan,116556.0,JKURD/2012/43999,NEK RAM,JK,JAMMU,D
JKHIN00052,KASHMIR TIMES,nan,49115.0,49115/ 89,KASHMIR TIMES PUBLICATIONS,JK,JAMMU,D
JKENG01154,JAMBU LOCHAN TIMES,जम्बू लोचन टाइम्स,137975.0,JKENG/2015/65420,GULAM ALI,JK,JAMMU,D
JKMUL00063,NOWSHERA TIMES,nan,,nan,NOWSHERA TIMES OPC PRIVATE LIMITED,JK,JAMMU,D
JKENG00464,VAISHNAV TIMES,nan,78442.0,JKENG/2001/05885,ASHWANI KUMAR,JK,JAMMU,F
JKHIN00299,RAJWANSH TIMES,राजवंश टाइम्स,103340.0,JKHIN/2009/30783,RAJESH MANCHANDA,JK,JAMMU,F
JKHIN00120,SAMPARK TIMES,nan,63194.0,63194/ 96,SANJEEV KUMAR VERMA,JK,JAMMU,F
JKENG00186,STUDENT TIMES,nan,17668.0,17668/ 69,ALL INDIA STUDENT CONGRESS,JK,JAMMU,F
JKENG00746,JAGRATI TIMES,nan,111568.0,JKENG/2009/39011,VIPAN SHARMA,JK,JAMMU,M
JKENG00493,DALPATIAN TIMES,nan,77942.0,JKENG/2001/05385,BHUPINDER SINGH RAINA,JK,JAMMU,M
JKURD00359,PARISTAN TIMES,nan,34133.0,34133/ 78,ABDUL REHMAN ROUNYAL,JK,JAMMU,M
JKENG01298,DOGRA TIMES,nan,152933.0,JKENG/2020/80378,RAHUL DEV,JK,JAMMU,W
JKENG00848,AMAR MAHEE TIMES,nan,113896.0,JKENG/2011/41339,AMAN CHIB,JK,JAMMU,W
JKENG00291,THE PEOPLE TIMES,nan,58990.0,58990/ 93,MEHBOOB ALI KHAN,JK,JAMMU,W
JKHIN00381,DIPAKSHAR TIMES,दीपाक्षर टाईम्स,140274.0,JKHIN/2016/67719,DEEPAK AGGARWAL,JK,JAMMU,W
JKBIL00043,RAJOURI TIMES,nan,39965.0,39965/ 84,JIA LAL,JK,JAMMU,W
JKENG00321,THE JEHLAM TIMES,द जेहलम टाइम्स,61843.0,61843/ 94,YASHPAL KHAJURIA,JK,JAMMU,W
JKENG00536,SHABROZ TIMES,nan,82419.0,JKENG/2003/09862,FAROOQ AHMAD GANAI,JK,JAMMU,W
JKENG00818,JK FRIDAY TIMES,जेके फ्राइडे टाइम्स,106630.0,JKENG/2010/34073,RAJESH SHARMA,JK,JAMMU,W
JKENG00856,THE DHAR TIMES,nan,120871.0,JKENG/2011/48315,VISHAL DHAR,JK,JAMMU,W
JKURD00671,ZODIAC TIMES,nan,67807.0,67807/ 97,DAUD IQBAL,JK,JAMMU,W
JKENG00521,THE YOUNG TIMES,nan,82342.0,JKENG/2002/09785,BANU LANGER,JK,JAMMU,W
JKENG01162,THE IMMORTAL TIMES,nan,140647.0,JKENG/2015/68092,HARI KRISHAN SHARMA,JK,JAMMU,W
JKENG01286,ARNORA TIMES,nan,,nan,SHAKTI KUMARI,JK,JAMMU,W
JKHIN00165,BARAMULA TIMES,बारामुला टाइम्स,72182.0,72182/ 99,M.K.MAHARAJA,JK,JAMMU,W
JKURD00921,BANIHAL TIMES,बनिहाल टाइम्स,84945.0,JKURD/2004/12388,MOHD.AYOUB MALIK,JK,JAMMU,W
JKBIL00077,BAHU TIMES,बहू टाइम्स,76944.0,JKBIL/1995/04387,JAMSHED AKHTAR,JK,JAMMU,W
JKENG00204,TAWI TIMES,तवी टाइम्स,32432.0,32432/ 78,SUNIL SARAF,JK,JAMMU,W
JKENG00657,THE TRANSPARENT TIMES,THE TRANSPARENT TIMES,91864.0,JKENG/2007/19307,DR. REHMATULLAH KHORA,JK,JAMMU,W
JKURD00954,BHADERWAH TIMES,भद्रवाह टाइम्स,96600.0,JKURD/2006/24043,NUSRAT BASHIR,JK,JAMMU,W
JKHIN00322,BAHUBALI TIMES,nan,115299.0,JKHIN/2012/42742,SANJEEV MAHAJAN,JK,JAMMU,W
JKBIL00256,SAMACHAR TRACK TIMES,समाचार ट्रैक टाइम्स,106632.0,JKBIL/2010/34075,NEHA SHARMA,JK,JAMMU,W
JKHIN00117,TAWI TIMES,nan,48955.0,48955/ 87,PREM SARAF,JK,JAMMU,W
JKENG00101,JAMMU TIMES,nan,23909.0,23909/ 72,S.K.SHARMA,JK,JAMMU,W
JKURD00923,KATHUA TIMES,कठुवा टाइम्स,90550.0,JKURD/2005/17993,GOPAL AJRAWAT,JK,JAMMU,W
JKENG00293,THE SAHAYOGI TIMES,nan,62287.0,62287/ 94,RATNA MUJU,JK,JAMMU,W
JKENG00966,OCEAN TIMES,nan,122170.0,JKENG/2012/49615,KUNAL KAPOOR,JK,JAMMU,W
JKENG00878,SPECIAL TIMES,nan,113179.0,JKENG/2011/40622,SHEETAL SAINI,JK,JAMMU,W
JKENG00917,PERISCOPE TIMES,nan,115780.0,JKENG/2012/43223,TAHIR NASEEM MANHAS,JK,JAMMU,W
JKURD00368,POLITICAL TIMES,nan,21773.0,21773/ 71,TAHIR MUZTIR,JK,KASHMIR,W
JKBIL00333,KULGAM TIMES,nan,157733.0,JKBIL/2020/85178,KHURSHEED AHMAD MIR,JK,KULGAM,M
JKBIL00353,KUPWARA TIMES,nan,,nan,WASIM MAJNOON MIR,JK,KUPWARA,M
JKURD01100,PEACE TIMES KASHMIR,nan,121902.0,JKURD/2012/49347,MOHD YAHYA WAR,JK,KUPWARA,W
JKENG01279,KUPWARA TIMES,nan,157731.0,JKENG/2019/85176,WASIM MAJNOON MIR,JK,KUPWARA,W
JKURD01110,SUHARA TIMES,nan,123214.0,JKURD/2013/50659,AYAZ AHAMD BHAT,JK,PULWAMA,D
JKURD01140,MASHAL TIMES,मशाल टाइम्स,126089.0,JKURD/2013/53534,FAYAZ AHMAD GANAIE,JK,PULWAMA,W
JKURD01156,GEO TIMES,nan,133115.0,JKURD/2014/60560,KHURSHEED AHMAD WANI,JK,PULWAMA,W
JKENG01303,THE PIR PANJAL TIMES,nan,,nan,AKASH MAHAJAN,JK,RAJAURI,F
JKENG01292,THE TIMES OF ASIA,nan,,nan,LABHU RAM SEHGAL,JK,RAJAURI,M
JKENG00859,HIGHWAY TIMES,nan,116585.0,JKENG/2011/44028,FARID AHMED ZARGAR,JK,RAMBAN,W
JKHIN00423,THE NAVDEVI TIMES,nan,,nan,VIKAS BHARTI,JK,REASI,F
JKURD00744,SALAL TIMES,nan,62810.0,62810/ 95,SAT PAUL KHAJURIA,JK,REASI,F
JKHIN00316,JAMMU KASHMIR VAISHNODEVI TIMES,nan,113208.0,JKHIN/2011/40651,PAWAN KUMAR PANDIT,JK,REASI,W
JKENG01056,TIMES EXPRESSIONS,nan,135657.0,JKENG/2014/63102,SAPNA DOGRA,JK,SAMBA,D
JKBIL00189,J AND K TIMES,जे एंड के टाइम्स,91562.0,JKBIL/2007/19005,NAVEEN SINGH SAMBYAL,JK,SAMBA,D
JKENG01271,VIJAYPUR TIMES,nan,151423.0,JKENG/2018/78868,RAVINDER THAKUR,JK,SAMBA,M
JKENG01347,SHOPIAN TIMES,nan,154498.0,JKENG/2021/81943,SHAHID MANZOOR,JK,SHOPIAN,D
JKBIL00268,ZABARWAN TIMES,ज़बरवान टाइम्स,112321.0,JKBIL/2011/39764,BASHIR ATHAR MALIK,JK,SRINAGAR,D
JKURD01074,AZAD TIMES,आज़ाद टाइम्स,113752.0,JKURD/2011/41195,ZAHOOR AHMAD BHAT,JK,SRINAGAR,D
JKURD00418,SRINAGAR TIMES,nan,17647.0,17647/ 69,M/S TIMES PRESS,JK,SRINAGAR,D
JKBIL00288,LAKE CITY TIMES,लेक सिटी टाइम्स,121991.0,JKBIL/2012/49436,AAMIR HUSSAIN DEDMARI,JK,SRINAGAR,D
JKENG00699,LEH TIMES,लेह टाइम्स,99419.0,JKENG/2008/26862,DILSHADA HAZARI,JK,SRINAGAR,D
JKURD01078,KASHMIR URDU TIMES,कश्मीर उर्दू टाइम्स,116158.0,JKURD/2012/43601,HAJI HAYAT MOHAMMAD BHAT,JK,SRINAGAR,D
JKENG01006,GULMARG TIMES,nan,120659.0,JKENG/2013/48103,AJAZ AHMAD MOHIND,JK,SRINAGAR,D
JKURD00304,THE MORNING TIMES,द मॉर्निंग टाइम्स,39016.0,39016/ 77,SYED BASHIR AHMED NOWSHAD,JK,SRINAGAR,D
JKENG00777,KASHMIR TIMES,कश्मीर टाइम्स,101699.0,JKENG/2009/29142,KASHMIR TIMES PUBLICATIONS,JK,SRINAGAR,D
JKENG01259,TIMES OF CHINAR VALLEY,nan,149416.0,JKENG/2018/76861,SYED ARSHAD HUSSAIN KASHANI,JK,SRINAGAR,M
JKURD00773,HOMOEO MEDICAL TIMES,nan,67170.0,67170/ 97,DR.FARIDA RESHI,JK,SRINAGAR,Q
JKENG00949,HEAVEN TIMES,nan,120109.0,JKENG/2012/47552,MOHD TAHIR PIR,JK,SRINAGAR,W
JKBIL00145,VITASTA TIMES,nan,85696.0,JKBIL/2004/13139,PARVEENA AKHTAR,JK,SRINAGAR,W
JKENG00836,STREET TIMES,स्ट्रीट टाइम्स,110948.0,JKENG/2011/38391,MOHAMMAD SHAHID DAR,JK,SRINAGAR,W
JKURD01000,LAL CHOWK TIMES,nan,49050.0,49050/ 89,VIJAY JULSHI,JK,SRINAGAR,W
JKURD01115,TAKHLEEQ TIMES,तख़लीक़ टाइम्स,123129.0,JKURD/2013/50574,MOHD. NADEEM MUGLOO,JK,SRINAGAR,W
JKURD01108,WADI TIMES,वादी टाइम्स,124039.0,JKURD/2013/51484,SHAHNAWAZ MAHARAZA,JK,SRINAGAR,W
JKURD00510,VALLEY TIMES,nan,26800.0,26800/ 74,GHULAM MOHAMMAD KHAN,JK,SRINAGAR,W
JKBIL00305,WILAYAT TIMES,विलायत टाइम्स,135982.0,JKBIL/2015/63427,WASEEM RAJA,JK,SRINAGAR,W
JKENG00119,KASHMIR SAFFRON TIMES,कश्मीर सैफरन टाइम्स,46966.0,46966/ 86,G. R. SHEIKH AZAD,JK,SRINAGAR,W
JKBIL00331,KOUNSARNAG TIMES,nan,151296.0,JKBIL/2019/78741,IRFAN REHMAN NAIK,JK,SRINAGAR,W
JKURD01206,JADEED TIMES,nan,,UR,MOHD SHAFI MALIK,JK,SRINAGAR,W
JKBIL00323,ZIRAAT TIMES,nan,150309.0,JKBIL/2019/77754,ARJIMAND HUSSAIN WANI,JK,SRINAGAR,W
JKURD01046,QAUMI TIMES,nan,111851.0,JKURD/2011/39294,FAYAZ BHAT,JK,SRINAGAR,W
KARKAN15600,SUPER TIMES,nan,87265.0,KARKAN/2004/14708,M.L.SARAKAWAS,KAR,BAGALKOT,D
KARKAN27710,THE LOCAL TIMES,nan,,nan,MANJUNATH MANNUR,KAR,BAGALKOT,D
KARENG03032,VIJAY TIMES,nan,84673.0,KARENG/2004/12116,VIJAYANAND PRINTERS LTD.,KAR,BAGALKOT,D
KARKAN27522,ILAKAL TIMES,nan,,nan,SUVARNA CHANDRAGIRI,KAR,BAGALKOT,D
KARKAN27817,CITIZEN TIMES,nan,,nan,YOUSUFAHMED MULLA,KAR,BAGALKOT,D
KARENG03031,VIJAY TIMES,nan,84674.0,KARENG/2004/12117,VIJAYANAND PRINTERS LTD,KAR,BAGALKOT,D
KARKAN22250,HUBLI TIMES,nan,122301.0,KARKAN/2012/49746,SIDDAPPA,KAR,BAGALKOT,M
KARKAN28463,MADAKARI TIMES,nan,,nan,MANJUNATH RAMAPPA JALAGERI,KAR,BAGALKOT,M
KARENG03030,SUNDAY VIJAY TIMES,nan,84682.0,KARENG/2004/12125,VIJAYANAND PRINTERS LTD,KAR,BAGALKOT,W
KARKAN26848,PENDARI TIMES,nan,152421.0,KARKAN/2020/79866,ARIF MEHABOOB PENDARI,KAR,BAGALKOT,W
KARENG04581,THE KADAMBA TIMES,द कदम्बा टाइम्स,130829.0,UR,VENKATESH S.,KAR,BANGALORE,D
KARURD00216,NISHU TIMES,nan,50375.0,50375/ 87,KHALID NISHU,KAR,BANGALORE,D
KARENG03219,BANGALORE TIMES,nan,93356.0,KARENG/2007/20799,"BENNETT, COLEMAN & CO.LTD",KAR,BANGALORE,D
KARENG00328,THE FINANCIAL TIMES,nan,50386.0,50386/ 90,TIMES PUBLISHING HOUSE LTD.,KAR,BANGALORE,D
KARURD00129,IQBAL TIMES,nan,50470.0,50470/ 89,SYED FEROZE,KAR,BANGALORE,D
KARURD00252,SADAF TIMES,nan,50546.0,50546/ 92,KHALID ANJUM,KAR,BANGALORE,D
KARENG03128,EVENING TIMES,nan,95303.0,KARENG/2005/22746,SHAHEEDA BEGUM,KAR,BANGALORE,DE
KARENG00150,THE BUGLE TIMES,nan,50367.0,50367/ 90,H M ANANTHARAM,KAR,BANGALORE,F
KARENG02544,TIMES OFFSPRING,nan,76532.0,KARENG/2001/03975,"BENNETT, COLEMAN & CO.LTD",KAR,BANGALORE,F
KARENG02661,HIT TIMES,nan,78749.0,KARENG/2002/06192,BALCHDANI N.,KAR,BANGALORE,F
KARBIL00550,TRACTOR TIMES,ट्रेक्टर टाइम्स,3788.0,3788/ 57,MASSEY HARRIS FERGUSON (INDIA) LTD.,KAR,BANGALORE,M
KARENG02552,SILICON TIMES,nan,76628.0,KARENG/2001/04071,S.P.SREE HARSHA,KAR,BANGALORE,M
KARKAN15668,NIMMA SAHAKARI TIMES,nan,87194.0,KARKAN/2004/14637,MOHAN K.,KAR,BANGALORE,M
KARENG03852,TRACTOR TIMES,ट्रेक्टर टाइम्स,3781.0,3781/ 57,MASSEY HARRIS FERGUSON (INDIA) LTD.,KAR,BANGALORE,Q
KARURD00139,JAVEED TIMES,nan,50355.0,50355/ 89,KHAJA SHARFUDDIN JAVEED,KAR,BANGALORE,W
KARENG01451,THE SUNDAY TIMES OF INDIA,द संडे टाइम्स ऑफ़ इंडिया,50523.0,50523/ 91,"BENNETT, COLEMAN & CO.LTD",KAR,BANGALORE,W
KARURD00156,KHADARWALI TIMES,nan,50437.0,50437/ 90,MASOOD AHMED,KAR,BANGALORE,W
KARKAN04859,TIMES OF KARNATAKA,nan,24925.0,24925/ 72,K. S. BHASKAR,KAR,BANGALORE,W
KARENG02566,EDUCATION TIMES,nan,76592.0,KARENG/2001/04035,"BENNETT, COLEMAN & CO.LTD",KAR,BANGALORE,W
KARENG04507,THE ECONOMIC TIMES MAGAZINE,nan,128435.0,KARENG/2014/55880,"BENNETT, COLEMAN & CO.LTD",KAR,BANGALORE,W
KARURD00410,SANJ E TIMES FILMS NEWS,nan,50547.0,50547/ 92,CHAND PASHA,KAR,BANGALORE,W
KARKAN08874,EE VARA TIMES,nan,65217.0,65217/ 96,B.C.PARAMASHIVAIAH,KAR,BANGALORE,W
KARENG00912,REPUBLICAN TIMES,nan,7565.0,7565/ 63,R.VINODH DASS,KAR,BANGALORE,W
KARURD00170,KHALEEG TIMES,nan,50427.0,50427/ 89,SYED SHAKEEL AHMED,KAR,BANGALORE,W
KARENG04216,NEW PARAMOUNT TIMES,nan,112403.0,KARENG/2011/39846,MOHSIN SHARIFE,KAR,BANGALORE,W
KARHIN00064,KHAJA TIMES,nan,50362.0,50362/ 89,KHAJA AZEEMUDDIN,KAR,BANGALORE,W
KARENG04506,THE ECONOMIC TIMES WEALTH,nan,128437.0,KARENG/2014/55882,"BENNETT, COLEMAN & CO.LTD",KAR,BANGALORE,W
KARKAN21546,SUVARNA TIMES OF KARNATAKA,nan,112826.0,KARKAN/2011/40269,K.S. BHASKAR,KAR,BANGALORE (NORTH),D
KARKAN21957,HUCHHAMMA TIMES,nan,117330.0,KARKAN/2012/44773,VENUGOPAL,KAR,BANGALORE (NORTH),M
KARKAN21515,METROPOLIS TIMES,nan,119838.0,KARKAN/2012/47281,INAYATHULLA KHAN,KAR,BANGALORE (NORTH),W
KARENG04222,SADBHAVANA TIMES,nan,112395.0,KARENG/2011/39838,K. SADIQ PASHA,KAR,BANGALORE (NORTH),W
KARKAN22223,AGNI TIMES,nan,119185.0,KARKAN/2012/46628,K.VENKATESH,KAR,BANGALORE (SOUTH),M
KARENG03062,MARTHA'S VILLAGE TIMES,nan,86313.0,KARENG/2004/13756,S.VISWANATHAN,KAR,BANGALORE NORTH,F
KARKAN23754,SANDALWOOD TIMES,nan,132709.0,KARKAN/2014/60154,V. SUBRAMANI,KAR,BANGALORE NORTH,F
KARKAN15160,ISHU KSHANA KSHANADHA SATHYA TIMES OF BANGALORE,nan,87117.0,KARKAN/2004/14560,P.VENKATESH,KAR,BANGALORE NORTH,M
KARENG03519,TIMES PROPERTY,टाइम्स प्रॉपर्टी,94375.0,KARENG/2007/21818,"BENNETT, COLEMAN & CO.LTD",KAR,BANGALORE NORTH,W
KARENG03674,THE ECONOMIC TIMES ON SATURDAY,दी इक्नॉमिक्स टाईम्स आन सटरडे,96926.0,KARENG/2008/24369,"BENNETT, COLEMAN & CO.LTD",KAR,BANGALORE NORTH,W
KARENG03932,LAYOUT TIMES,लेआउट टाइम्स,105078.0,KARENG/2009/32521,K. KALYANA SUNDARAM,KAR,BANGALORE NORTH,W
KARKAN17655,THE JOURNALIST TIMES,nan,94377.0,KARKAN/2007/21820,N.S. DHARWADKAR,KAR,BANGALORE NORTH,W
KARKAN21566,VIJAYAPURA TIMES,nan,115181.0,KARKAN/2011/42624,K. MUNIRAJA,KAR,BANGALORE RURAL,M
KARKAN17917,CHANDRU TIMES,चंद्रू टाइम्स,101459.0,KARKAN/2007/28902,D.J. CHANDRAMOHAN,KAR,BANGALORE SOUTH,W
KARENG04292,KGTA TIMES,nan,120697.0,KARENG/2012/48141,KARNATAKA GOODS TRANSPORTERS ASSOCIATION,KAR,BANGALORE(NORTH),BM
KARENG04273,UTHISTA TIMES,nan,117528.0,KARENG/2012/44971,B. JAYAPRAKASH,KAR,BANGALORE(NORTH),BM
KARHIN00304,SAAMNA TIMES,सामना टाइम्स,128202.0,KARHIN/2013/55647,SHIV DARSHAN PRAKASHAN,KAR,BANGALORE(NORTH),D
KARKAN25053,THE TIMES OF KOLAR,दि टाइम्स ऑफ़ कोलार,136615.0,KARKAN/2015/64060,GOPINATH V N,KAR,BANGALORE(NORTH),D
KARKAN22793,TIMES OF DUNIYA,nan,120006.0,KARKAN/2012/47449,B. SIDDEGOWDA,KAR,BANGALORE(NORTH),D
KARHIN00296,DESH BHAKT TIMES,nan,119933.0,KARHIN/2012/47376,K.SATYANARAYANA,KAR,BANGALORE(NORTH),D
KARENG04298,THE SOUTH INDIA TIMES,nan,115810.0,KARENG/2012/43253,BUCHI BABU VUPPALA,KAR,BANGALORE(NORTH),D
KARENG04678,PHYSICS TIMES,फिजिक्स टाइम्स,135845.0,KARENG/2015/63290,ESWAR REDDY ALLA,KAR,BANGALORE(NORTH),M
KARENG04683,BIOLOGY TIMES,बायोलॉजी टाइम्स,135825.0,KARENG/2015/63270,ESWAR REDDY ALLA,KAR,BANGALORE(NORTH),M
KARENG04685,MATHEMATICS TIMES,मैथमेटिक्स टाइम्स,135848.0,KARENG/2015/63293,ESWAR REDDY ALLA,KAR,BANGALORE(NORTH),M
KARENG04334,CHEER TIMES,चीयर टाइम्स,136362.0,KARENG/2013/63807,M.S. SIDDIQHI,KAR,BANGALORE(NORTH),M
KARENG04307,THE SPIRIT FIT TIMES,nan,118927.0,KARENG/2012/46370,RAVI R.,KAR,BANGALORE(NORTH),M
KARENG04680,CHEMISTRY TIMES,केमिस्ट्री टाइम्स,135849.0,KARENG/2015/63294,ESWAR REDDY ALLA,KAR,BANGALORE(NORTH),M
KARKAN24817,TIMES OF YUDHISTHIRA,टाइम्स ऑफ़ युधिष्ठिर,136208.0,KARKAN/2015/63653,YUDHISTIRA G.S.,KAR,BANGALORE(NORTH),W
KARENG04359,METRO TIMES,nan,120407.0,KARENG/2012/47850,ANUM MEDIA (INDIA) PVT. LTD.,KAR,BANGALORE(NORTH),W
KARENG04327,SME INDIA TIMES,nan,119986.0,KARENG/2012/47429,M. MURUGESH KUMAR,KAR,BANGALORE(SOUTH),M
KARENG04995,ARTLIT TIMES,nan,,nan,GUBBI BOO VENTURES PRIVATE LIMITED,KAR,BELAGAVI,BNL
KARKAN26156,CHIKKODI TIMES,nan,144845.0,KARKAN/2017/72290,POOJA PRAVEEN MAVARKAR,KAR,BELAGAVI,D
KARKAN28247,VIVA TIMES,nan,,nan,SARIKA BASAVARAJ RANAKHAMBE,KAR,BELAGAVI,D
KARKAN00497,BELGAUM TIMES,nan,24957.0,24957/ 74,PRABHAKAR DEMANNA ANIGOL,KAR,BELAGAVI,D
KARKAN28064,SAMYUKTA TIMES,nan,156391.0,KARKAN/2023/83836,BASAVANNI LAXMAN TIGADI,KAR,BELAGAVI,M
KARKAN26400,RAMDURG TIMES,nan,,UR,SHIVALINGAYYA R HIREMATH,KAR,BELAGAVI,M
KARKAN27601,SAMAYA TIMES,nan,154904.0,UR,YASHIN H JAMADAR,KAR,BELAGAVI,M
KARKAN14634,KIRAN TIMES,nan,85261.0,KARKAN/2004/12704,ANNAPPA,KAR,BELAGAVI,W
KARKAN26677,SHIRAGUPPI TIMES,nan,,nan,VINAYAK ADAPPA KAMBLE,KAR,BELAGAVI,W
KARKAN27235,BHARAT TIMES,nan,154962.0,KARKAN/2022/82407,KAMALAPPA DODASHYANATTI,KAR,BELAGAVI,W
KARKAN01286,KARNATAKA TIMES,nan,65464.0,65464/ 88,BHIMASHI JARAKIHOLI,KAR,BELGAUM,D
KARBIL01862,BELAGAVI TIMES,बेलगावी टाइम्स,136112.0,KARBIL/2015/63557,ISHWAR MARUTI GUDAJ,KAR,BELGAUM,M
KARURD00857,JISARAT TIMES,जिसारत टाइम्स,134629.0,KARURD/2015/62074,MOHAMMAD ASHFAQUE SIDDIQUI,KAR,BELGAUM,W
KARKAN24412,MAHILA TIMES,महिला टाइम्स,136044.0,KARKAN/2015/63489,LAKSHMI LOKARAM DHADAKE,KAR,BELGAUM,W
KARKAN22129,ATHANI TIMES,nan,117365.0,KARKAN/2012/44808,MAHINDRA NIRMALA RAJANGALE,KAR,BELGAUM,W
KARKAN01611,HOSPET TIMES,nan,36769.0,36769/ 83,K.M. REKHA,KAR,BELLARY,D
KARKAN27911,HAMPI TIMES,nan,160610.0,KARKAN/2023/88055,A.SHUBHA,KAR,BELLARY,D
KARBIL02339,TIMES OF BALLARY,nan,,nan,N KALAVATHI,KAR,BELLARY,F
KARENG02268,FASTIMES,nan,72995.0,KARENG/1999/00438,AJAY JAIN,KAR,BENGALURU RURAL,BM
KARHIN00214,KHETESHWAR TIMES,nan,84359.0,KARHIN/2003/11802,MANGILAL RAJ PUROHIT,KAR,BENGALURU RURAL,F
KARKAN13174,RAJU TIMES,nan,85898.0,KARKAN/2001/13341,N.RAJU,KAR,BENGALURU RURAL,M
KARKAN01248,GANGANAGARA TIMES,गंगानगर टाइम्स,63708.0,63708/ 90,G.S.MURUGAN,KAR,BENGALURU RURAL,M
KARENG04740,THE UNION TIMES,nan,143787.0,KARENG/2017/71232,HARISH M,KAR,BENGALURU RURAL,M
KARKAN26506,NANDAGUDI TIMES,nan,149324.0,KARKAN/2018/76769,M RAMEGOWDA,KAR,BENGALURU RURAL,M
KARKAN07758,DEVANAHALLI TIMES,nan,65215.0,65215/ 94,V. PARVATHRAJA,KAR,BENGALURU RURAL,W
KARENG02992,SUNDAY VIJAY TIMES,nan,84174.0,KARENG/2002/11617,VIJAYANAND PRINTERS LTD,KAR,BENGALURU RURAL,W
KARKAN18170,BENGALOORU TIMES,बेंगलूरू टाईम्‍स,95040.0,KARKAN/2007/22483,"BENNETT, COLEMAN & CO.LTD",KAR,BENGALURU URBAN,D
KARKAN28568,THE KARNATAKA PUBLIC TIMES,nan,,nan,M MALLINATHA,KAR,BENGALURU URBAN,D
KARENG02941,VIJAY TIMES,nan,83688.0,KARENG/2002/11131,VIJAYANAND PRINTERS LIMITED,KAR,BENGALURU URBAN,D
KARKAN10959,CITY TIMES,nan,36765.0,36765/ 81,K.S.JAYARAMAN,KAR,BENGALURU URBAN,D
KARENG01084,THE TIMES,nan,36724.0,36724/ 84,THE TIMES PUBLISHING HOUSE LTD.,KAR,BENGALURU URBAN,D
KARKAN17225,THE TIMES OF INDIA,द टाइम्स आफ इण्डिया,95814.0,KARKAN/2007/23257,"BENNETT, COLEMAN & CO.LTD",KAR,BENGALURU URBAN,D
KARENG03815,TIMES CHRONICLE,टाइम्स क्रॉनिकल,102499.0,KARENG/2009/29942,BHARATH KUMAR MUNOTH,KAR,BENGALURU URBAN,D
KARKAN27501,BHAMAJE TIMES,nan,,nan,SRINIVASA RAO T L,KAR,BENGALURU URBAN,D
KARURD00495,SAFDAR TIMES,nan,61389.0,61389/ 95,SAMEEULLA,KAR,BENGALURU URBAN,D
KARENG02630,BANGALORE TIMES OF INDIA,बैंगलोर टाइम्स ऑफ़ इंडिया,78323.0,KARENG/2001/05766,"BENNETT, COLEMAN & CO.LTD",KAR,BENGALURU URBAN,D
KARENG01085,THE TIMES OF DECCAN,nan,36654.0,36654/ 81,M/S KARNATAKA JOURNALS (P) LTD,KAR,BENGALURU URBAN,D
KARENG01086,THE TIMES OF INDIA,द टाइम्स ऑफ़ इंडिया,45466.0,45466/ 85,"BENNETT, COLEMAN & CO.LTD",KAR,BENGALURU URBAN,DS
KARKAN19083,THEHALKA TIMES,तेहलका टाइम्स,101834.0,KARKAN/2009/29277,SURESH S.,KAR,BENGALURU URBAN,F
KARKAN16180,ANEKAL TIMES,nan,88377.0,KARKAN/2005/15820,N.SRINIVASA,KAR,BENGALURU URBAN,F
KARKAN14852,VINIVINC TIMES,nan,85713.0,KARKAN/2003/13156,K.N.SRINIVAS,KAR,BENGALURU URBAN,F
KARBIL01738,UDAY TIMES,उदय टाइम्स,104372.0,KARBIL/2009/31815,D. UDAYASIMHA,KAR,BENGALURU URBAN,F
KARENG00135,BHAKTI VEDANTA TIMES,nan,29822.0,29822/ 78,INTERNATIONAL SOCIETY FOR KRISHNA CONSCIOUSNESS,KAR,BENGALURU URBAN,M
KARENG00979,SWEN TIMES,nan,29913.0,29913/ 79,V S SHASTRI MUTT,KAR,BENGALURU URBAN,M
KARKAN12621,DODDABALLAPUR TIMES,nan,76126.0,KARKAN/2000/03569,M.DEVARAJ,KAR,BENGALURU URBAN,M
KARENG02485,TIMES OF BAHUJAN,nan,75586.0,KARKAN/2001/03029,M GOPINATH,KAR,BENGALURU URBAN,M
KARENG00900,READERS TIMES & QUOTES,nan,36660.0,36660/ 82,P M JOHN,KAR,BENGALURU URBAN,M
KARENG04971,SUITSWELL TIMES,nan,,UR,MAYANK KUMAR SHARMA,KAR,BENGALURU URBAN,M
KARKAN14851,TIMES OF VOICE,nan,84914.0,KARKAN/2003/12357,K.MAHADEVA SETTY,KAR,BENGALURU URBAN,M
KARENG02726,SHIFAA TIMES,nan,80957.0,KARENG/2002/08400,DR.ZAMEER AHMED,KAR,BENGALURU URBAN,M
KARKAN18329,THE ARAKSHAKA TIMES,दि आरक्षक टाइम्स,104097.0,KARKAN/2008/31540,R. CHANDRASEKHAR,KAR,BENGALURU URBAN,M
KARENG04003,SOUTHERN TIMES,सदर्न टाइम्स,106453.0,KARENG/2010/33896,G.S. RAVI,KAR,BENGALURU URBAN,M
KARENG04862,CREDAI TIMES,nan,150272.0,KARENG/2019/77717,CREDAI BENGALURU,KAR,BENGALURU URBAN,M
KARKAN26049,VAJRAYUDHA TIMES,nan,148629.0,KARKAN/2018/76074,S RAJA,KAR,BENGALURU URBAN,M
KARENG04728,LEGAL TIMES,nan,22635.0,22635/ 72,B G THIMMAPPAIAH,KAR,BENGALURU URBAN,M
KARKAN27057,TIMES OF MAHANAGARA,nan,153603.0,KARKAN/2020/81048,SUKUMAR G K,KAR,BENGALURU URBAN,M
KARKAN26174,TIMES OF PULE,nan,,UR,SAMPANGI M,KAR,BENGALURU URBAN,Q
KARENG04117,KARNATAKA STATE INDUSTRIAL TIMES,nan,108961.0,KARENG/2011/36404,S. MANIGANDAN,KAR,BENGALURU URBAN,W
KARENG01640,THE ECONOMIC TIMES ON SUNDAY,nan,58114.0,58114/ 94,"BENNETT, COLEMAN & CO.LTD",KAR,BENGALURU URBAN,W
KARBIL00956,TIMES OF SOUTH,nan,27238.0,27238/ 74,SHRI.C.RAMU,KAR,BENGALURU URBAN,W
KARKAN01218,GANDHI NAGARA TIMES,nan,45640.0,45640/ 89,B.S.VIJAYA KUMARI,KAR,BENGALURU URBAN,W
KARURD00313,TIPPU TIMES,nan,27273.0,27273/ 74,MD ABDUL QYYOUM QURESHI,KAR,BENGALURU URBAN,W
KARENG03529,TIMES ASCENT,टाइम्‍स एसेन्‍ट,93656.0,KARENG/2007/21099,"BENNETT, COLEMAN & CO.LTD",KAR,BENGALURU URBAN,W
KARKAN18361,SUNDAY TIMES OF INDIA,संडे टाईम्स ऑफ इण्डिया,96188.0,KARKAN/2008/23631,"BENNETT, COLEMAN & CO.LTD",KAR,BENGALURU URBAN,W
KARKAN17977,TIMES PROPERTY,टाईम्स प्रोपर्टी,96198.0,KARKAN/2008/23641,"BENNETT, COLEMAN & CO.LTD",KAR,BENGALURU URBAN,W
KARBIL01332,GARUDA TIMES,GARUDA TIMES,91755.0,KARBIL/2004/19198,M.SRINIVAS,KAR,BENGALURU URBAN,W
KARKAN12198,TIMES OF JANATHA PARIVARA,nan,74576.0,KARKAN/2000/02019,A N MUNEESWARACHARI,KAR,BENGALURU URBAN,W
KARENG00419,HOSUR TIMES,nan,61382.0,61382/ 95,N VENKATASAMY REDDY,KAR,BENGALURU URBAN,W
KARBIL01255,FRAZER TIMES,फ़्रेज़र टाइम्स,84942.0,KARBIL/2003/12385,JYOTHI GANESH,KAR,BENGALURU URBAN,W
KARKAN25510,CHARLIE TIMES,nan,139288.0,KARKAN/2016/66733,V.RAVI KUMAR,KAR,BENGALURU URBAN,W
KARBIL02205,THE ANCIENT TIMES,nan,143080.0,KARBIL/2016/70525,U STAR IMAGINE ENTERTAINMENT (P) LTD.,KAR,BENGALURU URBAN,W
KARENG02774,CONTONMENT TIMES,nan,80899.0,KARENG/2002/08342,MOYEED IQBAL A.V.,KAR,BENGALURU URBAN,W
KARENG01712,INDIRA NAGAR TIMES,nan,62791.0,62791/ 95,M.SOMA,KAR,BENGALURU URBAN,W
KARBIL02131,MARKET TIMES,nan,24805.0,24805/ 73,BHAGAT RAM & J L GOSWAMI,KAR,BENGALURU URBAN,W
KARHIN00212,NANAK TIMES,nan,81949.0,KARHIN/2002/09392,S.MANPREET SINGH,KAR,BIDAR,D
KARKAN11905,BIDAR TIMES,nan,79091.0,KARKAN/2001/06534,GEORGE FERNANDIS,KAR,BIDAR,D
KARKAN24626,SULTAN TIMES,सुलतान टाइम्स,132877.0,KARKAN/2015/60322,JAVEED,KAR,BIJAPUR,F
KARKAN21510,JOGUR TIMES,nan,112393.0,KARKAN/2011/39836,BENAKARAJ BASAPPA JOGUR,KAR,BIJAPUR,M
KARKAN15351,RISALDAR TIMES,रिžसालदार टाइम्žस,89621.0,KARKAN/2005/17064,K.M.RISALDAR,KAR,BIJAPUR,W
KARKAN24760,VAIBHAVA TIMES,वैभव टाइम्स,138261.0,KARKAN/2015/65706,BALARAM SANGOPANTRAO PATIL,KAR,BIJAPUR,W
KARKAN27775,CHAMARAJA NAGAR TIMES,nan,,nan,REKHA E,KAR,CHAMARAJANAGAR,D
KARKAN28281,CHIKKAMAGALURU TIMES,nan,,nan,PRAJWAL B.B.,KAR,CHIKKAMAGALURU,D
KARKAN27518,SHIVANI TIMES,nan,,nan,RAVI B G,KAR,CHIKKAMAGALURU,W
KARKAN19743,MALNADU TIMES,MALNADU TIMES,105141.0,KARKAN/2009/32584,G.NAGENDRAPPA,KAR,CHIKKAMAGALURU,W
KARKAN27520,SHIVANI TIMES,nan,,nan,RAVI B G,KAR,CHIKKAMAGALURU,W
KARKAN26869,CHITRADURGA TIMES,nan,151703.0,KARKAN/2020/79148,D.R SURENDRANATH,KAR,CHITRADURGA,D
KARENG03029,SUNDAY VIJAY TIMES,nan,84683.0,KARENG/2004/12126,VIJAYANAND PRINTERS LTD,KAR,CHITRADURGA,W
KARKAN24596,HIRIYUR TIMES,हीरीयूर टाइम्स,137338.0,KARKAN/2015/64783,H.C.RUDRAMUNI,KAR,CHITRADURGA,W
KARENG03255,THE ECONOMIC TIMES,nan,45467.0,45467/ 85,"BENNETT, COLEMAN & CO.LTD",KAR,DAKSHIN KANNADA/ MANGALURU,D
KARENG02944,VIJAY TIMES,nan,83687.0,KARENG/2002/11130,VIJAYANAND PRINTERS LIMITED,KAR,DAKSHIN KANNADA/ MANGALURU,D
KARENG00177,THE CANARA TIMES,nan,50354.0,50354/ 89,"B V SEETARAM,",KAR,DAKSHIN KANNADA/ MANGALURU,D
KARENG02994,SUNDAY VIJAY TIMES,nan,84159.0,KARENG/2002/11602,VIJAYANAND PRINTERS LTD.,KAR,DAKSHIN KANNADA/ MANGALURU,W
KARKAN23897,KARAVALI TIMES,करावली टाइम्स,137828.0,KARKAN/2015/65273,MOHAMMAD ASHRAF P.,KAR,DAKSHINA KANNADA,F
KARBIL01691,COASTAL PROPERTY TIMES,nan,110116.0,KARBIL/2009/37559,ROHAN MONTEIRO,KAR,DAKSHINA KANNADA,M
KARENG03781,THE COASTAL TIMES,दि कोस्टल टाइम्स,101570.0,KARENG/2009/29013,IQBAL KUTTAR,KAR,DAKSHINA KANNADA,M
KARENG03575,TIMES ASCENT,टाईम्स असेन्ट,96954.0,KARENG/2008/24397,"BENNETT, COLEMAN & CO.LTD",KAR,DAKSHINA KANNADA,W
KARENG03882,THE TIMES OF MANGALORE,दि टाइम्स ऑफ़ मंगलौर,102636.0,KARENG/2009/30079,"BENNETT, COLEMAN & CO.LTD",KAR,DAKSHINA KANNADA (MANGALORE),F
KARKAN22850,HARIHARA TIMES,nan,120934.0,KARKAN/2013/48378,SUDHAKARA .H.,KAR,DAVANGERE,D
KARKAN01007,DAVANGERE TIMES,nan,29774.0,29774/ 77,J.S. VEERESH,KAR,DAVANGERE,D
KARURD00627,INDO TIMES,nan,75780.0,KARURD/2000/03223,MD.TARIQ NAKAASH,KAR,DAVANGERE,W
KARKAN18698,MANJU TIMES,मंजू टाइम्स,100407.0,KARKAN/2009/27850,K.H. MANJESHI,KAR,DAVANGERE,W
KARKAN26199,HARAPANAHALLI TIMES,nan,145644.0,KARKAN/2017/73089,NEMAYA NAIK,KAR,DAVANGERE,W
KARBIL01523,SRUSHTI RAJ TIMES,सृष्‍टि‍ राज टाईम्‍स,95387.0,KARBIL/2007/22830,SRUSHATI RAJ ENTERPRISES (INDIA) LTD.,KAR,DHARWAD,D
KARENG04433,HUBLI TIMES OF INDIA,हुबली टाइम्स ऑफ़ इंडिया,124100.0,KARENG/2013/51545,"BENNETT, COLEMAN & CO.LTD",KAR,DHARWAD,DS
KARBIL00130,FAMILY PLANNING NEW TIMES,nan,27375.0,27375/ 75,FAMILY PANNING NEW TIMES,KAR,DHARWAD,F
KARKAN21346,SAI KRUSHI TIMES,nan,115847.0,KARKAN/2012/43290,NARAYAN L. NIRANJAN,KAR,DHARWAD,M
KARENG02832,VIJAY TIMES,nan,83063.0,KARENG/2002/10506,VIJAYANAND PRINTERS,KAR,DHARWAD/ HUBLI,D
KARKAN07247,COMMERCIAL TIMES,nan,58233.0,58233/ 93,R.G.MUGALI,KAR,DHARWAD/ HUBLI,F
KARBIL01055,GRAPHIC TIMES,nan,74727.0,KARBIL/2000/02170,ASHOK M JAIN,KAR,DHARWAD/ HUBLI,M
KARENG02856,SUNDAY VIJAY TIMES,nan,83691.0,KARENG/2002/11134,VIJAYANAND PRINTERS LIMITED,KAR,DHARWAD/ HUBLI,W
KARENG04551,SAHASRARJUN SOMUVANSH KSHATRIYA TIMES,nan,130165.0,KARENG/2014/57610,DEEPAK M. KALBURGI,KAR,GADAG,M
KARKAN00589,BHAVASAR TIMES,nan,19989.0,19989/ 70,P.R. HAMCHATE,KAR,GADAG,M
KARKAN25168,TIMES OF PUBLIC,nan,141523.0,KARKAN/2016/68968,DHARMAPPA A. ITAGI,KAR,GADAG,M
KARKAN28106,THE FRIDAY TIMES,nan,,UR,KHRUSHEED AHMED F DHALAYAT,KAR,GADAG,W
KARURD00748,KBN TIMES,के. बी. एन. टाईम्स,96174.0,KARURD/2007/23617,SYED SHAH TAQIULLAH HUSSAINI,KAR,GULBARGA,D
KARBIL01956,AMAN TIMES,nan,132175.0,KARBIL/2014/59620,AKBAR AHMED,KAR,GULBARGA,W
KARENG03334,VIJAY TIMES,विजय करनतक,89890.0,KARENG/2005/17333,"VIJAYANAND PRINTERS LTD,",KAR,HASSAN,D
KARENG03335,SUNDAY VIJAY TIMES,शंडे विजय करनतक,89886.0,KARENG/2005/17329,"VIJAYANAND PRINTERS LTD,",KAR,HASSAN,W
KARKAN22646,HASSAN TIMES,nan,121107.0,KARKAN/2012/48552,JAYARAM P.,KAR,HASSAN,W
KARKAN27085,TIMES OF HAVERI,nan,,nan,MANTESH BANGI,KAR,HAVERI,D
KARENG04413,THE TIMES OF INDIA,द टाइम्स ऑफ़ इंडिया,120298.0,KARENG/2012/47741,"BENNETT, COLEMAN & CO.LTD",KAR,HUBLI,DS
KARENG04432,BELGAUM TIMES OF INDIA,बेलगाम टाइम्स ऑफ़ इंडिया,124099.0,KARENG/2013/51544,"BENNETT, COLEMAN & CO.LTD",KAR,HUBLI,DS
KARENG04410,THE SUNDAY TIMES OF INDIA,द संडे टाइम्स ऑफ़ इंडिया,120217.0,KARENG/2012/47660,"BENNETT, COLEMAN & CO.LTD",KAR,HUBLI,W
KARENG02943,VIJAY TIMES,nan,83692.0,KARENG/2003/11135,VIJAYANAND PRINTERS LIMITED,KAR,KALABURAGI,D
KARKAN09140,JANATA TIMES,जनता टाइम्स,68739.0,68739/ 96,SHARANABASAPPA,KAR,KALABURAGI,D
KARURD00105,GULBARGA TIMES,nan,20040.0,20040/ 70,SYED ABDUL GAFFAR JAMHOOR,KAR,KALABURAGI,W
KARENG02993,SUNDAY VIJAY TIMES,nan,84160.0,KARENG/2002/11603,VIJAYANAND PRINTERS,KAR,KALABURAGI,W
KARKAN24337,CAUVERY TIMES,nan,147614.0,KARKAN/2016/75059,BOLLAJIRA AIYAPPA,KAR,KODAGU,D
KARKAN25625,THE TIMES OF KOLAR,nan,147615.0,KARKAN/2018/75060,GOPINATH V N,KAR,KOLAR,D
KARKAN28709,SHAHEEN TIMES,nan,,nan,MOHAMMED AKHIL UDEVU,KAR,KOPPAL,D
KARKAN27830,RAJADHANI TIMES,nan,,nan,NAGARAJ S/O GAVISIDDAPPA BELLAD,KAR,KOPPAL,D
KARKAN26776,KOPPALA TIMES,nan,150729.0,KARKAN/2019/78174,VEERANNA KALLIMANI,KAR,KOPPAL,D
KARENG02939,VIJAY TIMES,nan,83690.0,KARENG/2002/11133,VIJAYANAND PRINTERS LIMITED,KAR,KOPPAL,D
KARKAN20635,ANMOL TIMES,nan,107850.0,KARKAN/2010/35293,M.A. WALISAHEB,KAR,KOPPAL,D
KARENG04210,ANMOL TIMES,nan,111502.0,KARENG/2011/38945,M.A. WALISAHEB,KAR,KOPPAL,D
KARENG02991,SUNDAY VIJAY TIMES,nan,84178.0,KARENG/2002/11621,VIJAYANAND PRINTERS LTD,KAR,KOPPAL,W
KARKAN27716,MANDYA TIMES,nan,153822.0,KARKAN/2021/81267,KUMARASWAMY SM,KAR,MANDYA,W
KARENG03672,THE TIMES OF INDIA,द टाइम्स ऑफ इंडिया,95372.0,KARENG/2004/22815,"BENNETT, COLEMAN & CO.LTD",KAR,MANGALORE,DS
KARENG04347,MANGALORE TIMES,nan,118940.0,KARENG/2012/46383,"BENNETT, COLEMAN & CO.LTD",KAR,MANGALORE,THW
KARENG03198,SUNDAY TIMES OF INDIA,संडे टाइम्स ऑफ़ इंडिया,95251.0,KARENG/2004/22694,"BENNETT, COLEMAN & CO.LTD",KAR,MANGALORE,W
KARTUL00017,TIMES OF KUDLA,nan,124629.0,KARTUL/2013/52074,SHASHIRAJ,KAR,MANGALORE,W
KARKAN23002,TIMES OF BEDRA,nan,125611.0,KARKAN/2013/53056,JAISON MARSHAL SOARES,KAR,MANGALORE,W
KARENG03675,THE TIMES OF INDIA,द टाइम्स ऑफ इण्डिया,96017.0,KARENG/2005/23460,"BENNETT, COLEMAN & CO.LTD",KAR,MYSORE,D
KARENG04456,MYSORE TIMES OF INDIA,मैसूर टाइम्स ऑफ़ इंडिया,125310.0,KARENG/2013/52755,"BENNETT, COLEMAN & CO.LTD",KAR,MYSORE,THW
KARENG02996,SUNDAY VIJAY TIMES,nan,84225.0,KARENG/2002/11668,SRI SAI SATYA KRISHNA DEENAJANA SEVASRAMAM,KAR,MYSORE,W
KARENG03738,THE SUNDAY TIMES OF INDIA,द सन्डे टाइम्स ऑफ इण्डिया,96148.0,KARENG/2005/23591,"BENNETT, COLEMAN & CO.LTD",KAR,MYSORE,W
KARKAN26742,TIMES OF NANJANGUDU,nan,,nan,"M,S.SATYANARAYANA",KAR,MYSURU,D
KARENG02940,VIJAY TIMES,nan,83689.0,KARENG/2002/11132,VIJAYANAND PRINTERS LIMITED,KAR,MYSURU,D
KARBIL02262,HUMOUR TIMES,nan,149969.0,KARBIL/2018/77414,MUKTA KHANDELWAL GUPTA,KAR,MYSURU,M
KARENG04828,EDEXCEL TIMES,nan,143965.0,KARENG/2017/71410,AYUB KHAN,KAR,MYSURU,W
KARENG03610,TIMES ASCENT,nan,98728.0,KARENG/2008/26171,"BENNETT, COLEMAN & CO.LTD",KAR,MYSURU,W
KARURD00892,MUNAWWAR TIMES,nan,,nan,MOHAMMED FAIYAZ AHMED,KAR,RAICHUR,D
KARKAN16798,ESHANYA TIMES,इशान्‍या टाईम्‍स,95236.0,KARKAN/2006/22679,N. NAGARAJA,KAR,RAICHUR,D
KARKAN26694,JANABALA TIMES,nan,151184.0,KARKAN/2019/78629,AMBANNA AROLIKAR,KAR,RAICHUR,D
KARURD00880,MEEZAN TIMES,nan,,nan,ANWAR WAHEED,KAR,RAICHUR,D
KARKAN22272,TIMES OF RAICHUR,nan,124824.0,KARKAN/2013/52269,PAMPAYYA MATH,KAR,RAICHUR,F
KARKAN28654,ADITHYA TIMES,nan,,nan,NAGARATHNA.V,KAR,RAMANAGARA,D
KARKAN03775,RAMANAGARAM TIMES,nan,58107.0,58107/ 88,PRAKASHA M.H,KAR,RAMANAGARA,W
KARKAN16866,ARKAVATHY TIMES,अर्कावथी टाईम्स,97701.0,KARKAN/2006/25144,M.C. GIRISH,KAR,RAMANAGARA,W
KARKAN26960,CHANNAPATNA TIMES,nan,151648.0,KARKAN/2020/79093,L VARADARAJU,KAR,RAMANAGARA,W
KARKAN24583,KIRANA TIMES,किराना टाइम्स,132871.0,KARKAN/2015/60316,K.RUDRESHA,KAR,RAMANAGARAM,D
KARKAN21421,TIMES OF DEENABANDU,nan,115177.0,KARKAN/2011/42620,B. ROOPA,KAR,SHIMOGA,F
KARKAN22428,KANNADA TIMES,nan,118700.0,KARKAN/2012/46143,CHINMAYA M RAO,KAR,SHIMOGA,Q
KARENG02995,SUNDAY VIJAY TIMES,nan,84175.0,KARENG/2002/11618,VIJAYANAND PRINTERS LTD,KAR,SHIMOGA,W
KARKAN11152,SHIMOGA TIMES,nan,27240.0,27240/ 74,S. CHANDRAKANTH,KAR,SHIVAMOGGA,D
KARENG02942,VIJAY TIMES,nan,83686.0,KARENG/2002/11129,VIJAYANAND PRINTERS LIMITED,KAR,SHIVAMOGGA,D
KARKAN28121,STEEL TOWN TIMES,nan,159470.0,KARKAN/2023/86915,B RAMESH,KAR,SHIVAMOGGA,F
KARKAN27586,TIMES OF SAGAR,nan,158116.0,KARKAN/2021/85561,IMRAN,KAR,SHIVAMOGGA,W
KARKAN28489,DASHA TIMES,nan,,UR,DASHARATHA,KAR,TUMAKURU,D
KARKAN19202,MADHOGIRI TIMES,nan,45567.0,45567/ 88,P M UMESH,KAR,TUMAKURU,M
KARKAN04902,TUMKUR TIMES,nan,22524.0,22524/ 72,C N BHASKARAPPA,KAR,TUMAKURU,W
KARKAN22843,TURUVEKERE TIMES,nan,129447.0,KARKAN/2013/56892,GIRISH K.,KAR,TUMKUR,W
KARKAN27430,SWADESHI TIMES,nan,158118.0,UR,GANESH K,KAR,UDUPI,NDO
KARKAN27212,KOOJALLI TIMES,nan,,nan,N.P.PRAJOT,KAR,UTTARA KANNADA,M
KARKAN27883,KARWAR TIMES,nan,154953.0,KARKAN/2022/82398,RAGHAVENDRA SUBRAY NAIK,KAR,UTTARA KANNADA,W
KARKAN28143,VIJAYANAGARA TIMES,nan,160643.0,KARKAN/2023/88088,VEERESHWARA .M.B,KAR,VIJAYANAGARA,D
KARKAN16973,MUDDEBIHAL TIMES,HFG,91461.0,KARKAN/2006/18904,K.M. RISALDAR,KAR,VIJAYAPURA,D
KARKAN28060,AMAR TIMES,nan,156368.0,KARKAN/2022/83813,JAYASHRI KULKARNI,KAR,VIJAYAPURA,D
KARKAN20683,AKASH TIMES,आकाश टाइम्स,106197.0,KARKAN/2010/33640,UMESH KALINGAPPA AKASHI,KAR,VIJAYAPURA,F
KARKAN25786,SHAHNOOR QUADRIYA TIMES,nan,141987.0,KARKAN/2016/69432,SAYED RAHIMAN QUADRI INAMDAR,KAR,VIJAYAPURA,F
KARKAN17382,VALLYAPUR TIMES,वलयापुर टाईम्‍स,93548.0,KARKAN/2007/20991,DR. RAVI (RAJESH) Y. VALLYAPUR,KAR,VIJAYAPURA,F
KARKAN18347,BENAK TIMES,बेनाक टाईम्स,95976.0,KARKAN/2008/23419,SAYABANNA SIDDAPPA BENAKANAHALLI,KAR,VIJAYAPURA,M
KARKAN17236,TALIKOTI TIMES,TT,91731.0,KARKAN/2007/19174,PRAVEEN G. GHORPADE,KAR,VIJAYAPURA,W
KARKAN08163,DALIT TIMES,nan,58178.0,58178/ 94,SUNIL JI GOVINDJI .GAIKWAD,KAR,VIJAYAPURA,W
KARKAN18176,BIJAPUR TIMES,बीजापुर टाईम्स,95644.0,KARKAN/2008/23087,MIRMAHAMMADAYAJ HUSENSAB ROJEWALE,KAR,VIJAYAPURA,W
KARKAN24070,YADGIRI TIMES,nan,145820.0,KARKAN/2016/73265,ARUNA KUMARI,KAR,YADGIRI,D
KERMAL13054,JEWEL TIMES,ज्वेल टाइम्स,96584.0,KERMAL/2008/24027,GOLD & SILVER MERCHANTS' ASSOCIATION,KER,ALAPPUZHA,F
KERBIL02216,CHRISTIAN TIMES,nan,29359.0,29359/ 76,P K KURIAN,KER,ALAPPUZHA,F
KERMUL00620,THE TIMES OF LITARARY QUIZ,nan,,nan,KUTTANPILLAI SASIDHARAN,KER,ALAPPUZHA,M
KERMAL06300,ISLAMIC TIMES,nan,7976.0,7976/ 66,P MUHAMMED ALI MOULAVI,KER,ALAPPUZHA,M
KERMAL07969,FULL GOSPET TIMES,nan,61741.0,61741/ 95,K.G.RAJU,KER,ALAPPUZHA,TWW
KERMAL10098,FRIDAY TIMES,nan,77325.0,KERMAL2001/04768,A.M.M.RAHMATHULLA,KER,ALAPPUZHA,W
KERENG02402,SUNDAY TIMES OF INDIA,संडे टाइम्स ऑफ़ इंडिया,119728.0,KERENG/2012/47171,"BENNETT, COLEMAN & CO.LTD",KER,CALICUT,W
KERMAL10190,SNEHA TIMES,nan,77178.0,KERMAL/2001/04621,SHEENA SADASIVAN,KER,ERNAKULAM,A
KERMAL00430,BIS TIMES,nan,44751.0,44751/ 90,K G VADHYAR,KER,ERNAKULAM,D
KERENG02298,TRIVANDRUM TIMES OF INDIA,त्रिवेंद्रम टाइम्स ऑफ़ इंडिया,118388.0,KERENG/2012/45831,"BENNETT, COLEMAN & CO.LTD",KER,ERNAKULAM,D
KERMAL00582,KERALA TIMES,केरला टाइम्स,3090.0,3090/ 57,THE KERALA CULTURAL SOCIETY LTD.,KER,ERNAKULAM,D
KERENG02455,THE ECONOMIC TIMES,nan,127939.0,KERENG/2014/55384,"BENNETT, COLEMAN & CO.LTD",KER,ERNAKULAM,D
KERENG02526,ORIENT TIMES,nan,5877.0,5877/ 62,DARIS S. LUIS,KER,ERNAKULAM,D
KERMAL15786,STERLING TIMES,nan,143571.0,KERMAL/2016/71016,STERLING PRINT HOUSE(P).LTD,KER,ERNAKULAM,D
KERENG02285,THE TIMES OF INDIA,द टाइम्स ऑफ़ इंडिया,118387.0,KERENG/2012/45830,"BENNETT, COLEMAN & CO.LTD",KER,ERNAKULAM,D
KERENG00624,SHIPPING TIMES,nan,29603.0,29603/ 79,NIKHIL N MODI,KER,ERNAKULAM,D
KERENG02290,KOCHI TIMES,nan,118484.0,KERENG/2012/45927,"BENNETT, COLEMAN & CO.LTD",KER,ERNAKULAM,D
KERMAL14671,JEEVAN TIMES,nan,112952.0,KERMAL/2011/40395,BABY MATHEW,KER,ERNAKULAM,F
KERENG02033,THE TIMES OF ISLAND,nan,96900.0,KERENG/2007/24343,K.N. MUKUNDA PANICKAR,KER,ERNAKULAM,M
KERMAL14761,INFINITY TIMES,इनफिनिटी टाइम्स,125088.0,KERMAL/2012/52533,V.V. DOMINIC,KER,ERNAKULAM,M
KERENG01324,NARCOTICS LAW TIMES,nan,55171.0,55171/ 94,NOT GIVEN,KER,ERNAKULAM,M
KERENG02340,UNIQUE TIMES,nan,115190.0,KERENG/2011/42633,AJIT RAVI,KER,ERNAKULAM,M
KERMAL15359,UNIQUE TIMES,nan,133543.0,KERMAL/2013/60988,AJIT RAVI,KER,ERNAKULAM,M
KERMAL14589,GILAYADU TIMES,nan,118787.0,KERMAL/2011/46230,FR. ALIAS JOHN,KER,ERNAKULAM,Q
KERENG02299,MALABAR TIMES,nan,118427.0,KERENG/2012/45870,BENNETT COLEMAN & CO. LTD.,KER,ERNAKULAM,THW
KERMAL07028,JOBTIMES,nan,55119.0,55119/ 92,WILSON VADACKHUMCHERY,KER,ERNAKULAM,TWW
KERENG02300,SUNDAY TIMES OF INDIA,संडे टाइम्स ऑफ़ इंडिया,118389.0,KERENG/2012/45832,"BENNETT, COLEMAN & CO.LTD",KER,ERNAKULAM,W
KERENG02310,EDUCATION TIMES,nan,118980.0,KERENG/2012/46423,"BENNETT, COLEMAN & CO.LTD",KER,ERNAKULAM,W
KERENG02454,THE ECONOMIC TIMES ON SATURDAY,nan,132668.0,KERENG/2014/60113,"BENNETT, COLEMAN & CO.LTD",KER,ERNAKULAM,W
KERMAL09146,JAMA ATH TIMES,nan,7909.0,7909/ 65,SHRI K.H SULAIMAN,KER,ERNAKULAM,W
KERMAL12429,KERALA MIDDAY TIMES,nan,88419.0,KERMAL/2005/15862,SABU THOMAS VADAKEKUT,KER,ERNAKULAM/ KOCHI,D
KERMAL01316,EZHIKKARA TIMES,nan,44574.0,44574/ 86,K N MUKUNDAPANICKAR,KER,ERNAKULAM/ KOCHI,D
KERMAL08766,TIMES ADS,nan,70820.0,70820/ 98,E.S.JOSE,KER,ERNAKULAM/ KOCHI,W
KERMAL00644,CANNANORE TIMES,nan,24969.0,24969/ 74,K V K NAIR,KER,KANNUR,D
KERMAL03694,PAYYANUR TIMES,nan,44735.0,44735/ 89,VALASMMA RAJ,KER,KANNUR,D
KERBIL01007,KARATE TIMES,nan,63264.0,63264/ 94,K.V.MANOHARAN,KER,KANNUR,M
KERENG02561,MAINLAND TIMES,nan,147892.0,KERENG/2018/75337,PRAMOD KUMAR C V,KER,KANNUR,M
KERENG02427,COCONUT TIMES,nan,131759.0,KERENG/2014/59204,SIVAKUMAR V.,KER,KASARAGOD,D
KERENG00359,KERALA LAW TIMES,केरला लॉ टाइम्स,3057.0,3057/ 57,KERALA LAW TIMES,KER,KOCHI,W
KERMAL00851,CITIZEN TIMES,nan,55150.0,55150/ 89,KILIKOLLOOR GOPALAKRISHNAN NAIR,KER,KOLLAM,D
KERBIL00163,THE FISHING TIMES,nan,27422.0,27422/ 75,M PUIS FERNANDEZ,KER,KOLLAM,M
KERMAL12566,HAVIOS TIMES,हेविžयस टाइम्žस,90476.0,KERMAL/2006/17919,TITUS SAMUEL S.,KER,KOLLAM,M
KERENG00527,PLEASANT TIMES,nan,35967.0,35967/ 79,MABLE VARIATH,KER,KOLLAM,M
KERMAL16005,PUNALUR TIMES,nan,148318.0,KERMAL/2018/75763,MUHAMMED SHAFI P,KER,KOLLAM,W
KERMAL02486,KOTTAYAM TIMES,nan,27463.0,27463/ 75,A C CHACKO,KER,KOTTAYAM,D
KERMAL02544,KUTTANAD TIMES,nan,29487.0,29487/ 78,K B PILLAI,KER,KOTTAYAM,D
KERMAL11011,ANICKAD TIMES,nan,84772.0,KERMAL/2003/12215,"MG.DIR.,THE ANICKAD",KER,KOTTAYAM,F
KERMUL00622,JOYFUL LIVING TIMES,nan,,nan,PRAKASH ANAND,KER,KOTTAYAM,M
KERMAL15733,VAIGA TIMES,वैगा टाइम्स,138073.0,KERMAL/2015/65518,K.S.REMESH,KER,KOTTAYAM,M
KERMAL15686,MARIYAN TIMES,मारियन टाइम्स,137978.0,KERMAL/2015/65423,TWINKLE MARTIN,KER,KOTTAYAM,M
KERMAL14634,PALA TIMES,nan,114318.0,KERMAL/2012/41761,EBY J. JOSE,KER,KOTTAYAM,Q
KERMAL14857,BABIL TIMES,nan,121440.0,KERMAL/2012/48885,VARGHESE ULAHANNAN,KER,KOTTAYAM,Q
KERMAL00637,CALICUT TIMES,nan,29544.0,29544/ 79,M. JOY VARGHESE,KER,KOZHIKODE,D
KERENG02393,THE TIMES OF INDIA,द टाइम्स ऑफ़ इंडिया,119248.0,KERENG/2012/46691,"BENNETT, COLEMAN & CO.LTD",KER,KOZHIKODE,D
KERMAL12409,CHALIYAR TIMES,nan,89047.0,KERMAL/2006/16490,SATHEESH PONNAMPARAMBATH,KER,KOZHIKODE,F
KERMAL06331,MANAPPURAM TIMES,nan,5841.0,5841/ 61,V S KARALEEYAN,KER,KOZHIKODE,M
KERMAL02054,KADATHANAD TIMES,nan,7815.0,7815/ 65,NANU MAYYANNUR,KER,KOZHIKODE,M
KERENG02388,SHALOM TIMES,nan,120203.0,KERENG/2012/47646,SHALOM TRUST,KER,KOZHIKODE,M
KERMAL14756,THEKKEPURAM TIMES,nan,120569.0,KERMAL/2011/48013,SALEEM C.A.,KER,KOZHIKODE,M
KERMAL15750,SOPHIA TIMES,nan,147572.0,KERMAL/2017/75017,SOPHIA PRINTERS AND PUBLISHERS PVT.LTD,KER,KOZHIKODE,M
KERMAL07678,SHALOM TIMES,nan,55196.0,55196/ 94,SHALOM TRUST,KER,KOZHIKODE,M
KERTAM00100,SHALOM TIMES,nan,120204.0,KERTAM/2012/47647,SHALOM TRUST,KER,KOZHIKODE,M
KERMAL04407,SUNNY TIMES,nan,7908.0,7908/ 64,"SAMASTHA KERALA, SUNNY YUVAJANA",KER,KOZHIKODE,W
KERMAL09189,MALAPPURAM TIMES,nan,24763.0,24763/ 72,P K ALANI KUTTY,KER,MALAPPURAM,D
KERMAL16387,PONNANI TIMES,nan,,nan,ABDUL NAZAR KARUPPAM VEETTIL,KER,MALAPPURAM,DE
KERMAL13580,ALATHUR TIMES,nan,98255.0,KERMAL/2007/25698,A. RAMACHANDRAN,KER,PALAKKAD,D
KERMAL14794,PALAKKAD TIMES,nan,118560.0,KERMAL/2012/46003,ABUBACKAR K.S,KER,PALAKKAD,D
KERMAL16166,JANAPRAKASAM TIMES,nan,149623.0,KERMAL/2019/77068,JANAPRAKASAM CHARITABLE TRUST,KER,PALAKKAD,M
KERMAL16423,VALLUVANAD TIMES,nan,,nan,MANOJKUMAR Y.N,KER,PALAKKAD,NDO
KERMAL11172,BHARAT TIMES,nan,83624.0,KERMAL/2003/11067,T. ABDUL KHADIR,KER,PATHANAMTHITTA,D
KERMAL16376,GOSPEL TIMES,nan,,UR,GIRIJAKUMARI A,KER,THIRUVANANTHAPURAM,BM
KERMAL11063,TRIVANDRUM TIMES,nan,85052.0,KERMAL/2003/12495,THOMAS KAITHAPARAMBIL,KER,THIRUVANANTHAPURAM,D
KERMAL05392,TRAVANCORE TIMES,nan,44756.0,44756/ 90,P S BHAGILALROY,KER,THIRUVANANTHAPURAM,D
KERBIL02276,NAUTICAL TIMES KERALA,nan,149946.0,KERBIL/2018/77391,YESUDAS WILLIAM,KER,THIRUVANANTHAPURAM,D
KERENG02394,THE TIMES OF INDIA,द टाइम्स ऑफ़ इंडिया,119247.0,KERENG/2012/46690,"BENNETT, COLEMAN & CO.LTD",KER,THIRUVANANTHAPURAM,D
KERMAL07745,INDIAN TIMES,nan,55206.0,55206/ 94,M ABDUL VAHEED,KER,THIRUVANANTHAPURAM,M
KERMAL10154,ANANTHAPURI TIMES,nan,77884.0,KERMAL/2001/05327,ANISH J.KARINAD,KER,THIRUVANANTHAPURAM,M
KERMAL11238,CITY TIMES,nan,86578.0,KERMAL/2004/14021,K.THANKAMANY,KER,THIRUVANANTHAPURAM,M
KERMAL12202,ASIAN TIMES,nan,87561.0,KERMAL/2005/15004,N.SASI KUMAR,KER,THIRUVANANTHAPURAM,M
KERMAL15528,POLITICAL TIMES,nan,132847.0,KERMAL/2014/60292,B. P. SHIBU,KER,THIRUVANANTHAPURAM,M
KERMAL13296,JOE TIMES,जो टाइम्‍स,94861.0,KERMAL/2007/22304,L. JOHN,KER,THIRUVANANTHAPURAM,M
KERENG02403,SUNDAY TIMES OF INDIA,संडे टाइम्स ऑफ़ इंडिया,119729.0,KERENG/2012/47172,"BENNETT, COLEMAN & CO.LTD",KER,THIRUVANANTHAPURAM,W
KERMAL05359,TIMES OF TRICHUR,nan,28170.0,28170/ 76,M. G. NATH,KER,THRISSUR,D
KERBIL01028,NEW INDIA TIMES,nan,66926.0,66926/ 96,THOLOOR SASIDHARAN,KER,THRISSUR,M
KERMAL06510,REVIVAL TIMES,nan,44799.0,44799/ 91,MRS. ANNAMMA GEORGE,KER,THRISSUR,M
KERENG02615,QUADSEN TIMES,nan,147946.0,KERENG/2018/75391,RAMDAS VISWANATH MENON,KER,THRISSUR,M
KERMAL16352,KAIRALI TIMES NEWS,nan,,nan,LITTY GEORGE,KER,THRISSUR,TWW
KERMAL16220,IRINJALAKUDA TIMES,nan,,nan,OUR IJK CHARITABLE TRUST,KER,THRISSUR,W
KERMAL11255,TRICHUR TIMES,nan,13310.0,13310/ 67,C L B MENON,KER,THRISSUR,W
LAKMAL00005,DWEEP TIMES,द्वीप टाइम्स,77486.0,LAKMAL/2001/04929,P AMEER,LAK,LAKSHADWEEP,W
LDENG00002,LEH TIMES,nan,,nan,PRADEEP KUMAR,LD,LEH (LADAKH),D
JKBIL00315,TIMES OF LADAKH,nan,143473.0,JKBIL/2016/70918,YOUNG DRUKPA ASSOCIATION,LD,LEH (LADAKH),D
LDHIN00003,YETHU TIMES,nan,,nan,PANKAJ SINGH,LD,LEH (LADAKH),D
MAHURD02096,THE IONDIAN MUSHIM TIMES,nan,57080.0,57080/ 93,nan,MAH,nan,W
MAHMAR50169,JANPATH TIMES,nan,151834.0,MAHMAR/2020/79279,BALASAHEB JAGANNATH BOTHEPATIL,MAH,AHMADNAGAR,D
MAHMAR48394,MULNIVASI TIMES,nan,,UR,SANTOSH BHAUSAHEB VAGHMARE,MAH,AHMADNAGAR,D
MAHMAR51210,IDEAL TIMES,nan,160463.0,MAHMAR/2021/87908,SACHIN TARACHAND RANDIVE,MAH,AHMADNAGAR,D
MAHMAR45849,LOKVEER TIMES,लोकवीर टाईम्स,133851.0,MAHMAR/2015/61296,SUDHAKAR AMBA DAS HONDE,MAH,AHMADNAGAR,D
MAHMAR43775,SARWAMAT TIMES,nan,126992.0,MAHMAR/2014/54437,PRADIP JAGANNATH DEOKAR,MAH,AHMADNAGAR,DE
MAHMAR43447,NAVYUVAK TIMES,nan,129443.0,MAHMAR/2014/56888,IMRAN RAFIK PATHAN,MAH,AHMADNAGAR,M
MAHMAR41392,SAYYAD TIMES,nan,122436.0,MAHMAR/2012/49881,WAHID KADAR SAYYAD,MAH,AHMADNAGAR,M
MAHMAR41406,JANSHAKTI TIMES,nan,120318.0,MAHMAR/2012/47761,AFROZ SALIM SHAIKH,MAH,AHMADNAGAR,M
MAHMAR40034,NIRNAYAK TIMES,nan,123001.0,MAHMAR/2011/50446,FIROZ SALIM SHAIKH,MAH,AHMADNAGAR,M
MAHMAR30424,KHARE SHINGNAPUR TIMES,खरे शिंगणापुर टाइम्स,94125.0,MAHMAR/2007/21568,SHAH AYYUB SAJJAN,MAH,AHMADNAGAR,M
MAHMAR36329,RATION TIMES,रेशन टाइम्स,129762.0,MAHMAR/2010/57207,SHAMA MOHMAD SHAIKH,MAH,AHMADNAGAR,M
MAHMAR43111,HALONAGAR TIMES,हॅलोनगर टाईम्स,129308.0,MAHMAR/2014/56753,GALIB SHAHABUDIN SHAIKH,MAH,AHMADNAGAR,M
MAHMAR44275,SCHOOL TIMES,स्कूल टाईम्स,128797.0,MAHMAR/2014/56242,NANDKUMAR SADASHIV HAMBARDE,MAH,AHMADNAGAR,M
MAHMAR48308,SAHAKAR DAIRY TIMES,nan,,UR,RANJEETSINH VIJAYSINH DESHMUKH,MAH,AHMADNAGAR,M
MAHMAR25383,VIKRAM TIMES,nan,85663.0,MAHMAR/2004/13106,BHAVESHBHAI RAMESHBHAI PATEL,MAH,AHMADNAGAR,OP
MAHMAR15657,A.C.TIMES,nan,74751.0,MAHMAR/2000/02194,FIROJ RASUL PATEL,MAH,AHMADNAGAR,W
MAHMAR15691,ST. LUKE TIMES,nan,67641.0,67641/ 97,ANANT MOHAN PATEKAR,MAH,AHMADNAGAR,W
MAHMAR39383,DAKSHATA TIMES,nan,122319.0,MAHMAR/2011/49764,BANGARE NILESH KANHAIYALAL,MAH,AHMADNAGAR,W
MAHMAR10429,DAKSHA POLICE TIMES,nan,69166.0,69166/ 98,RITESH HUKUMCHAND SURANA,MAH,AHMADNAGAR,W
MAHMAR35314,FAUJADAR TIMES,फौजदार टाइम्स,104064.0,MAHMAR/2009/31507,SANJAY UTTAM KHARAT,MAH,AHMADNAGAR,W
MAHMAR31791,SHEVGAON TALUKA TIMES,शेवगाव तालुका टाईम्स,96054.0,MAHMAR/2008/23497,JAWALE RATNAKAR JANARDAN,MAH,AHMADNAGAR,W
MAHMAR36530,NEWS NINE TIMES,न्यूज़ नाइन टाइम्स,105365.0,MAHMAR/2010/32808,YASH MADUKARRAO THOMBRE,MAH,AHMADNAGAR,W
MAHMAR44164,AGNI BHRASHTACHAR TIMES,अग्नि भ्रष्टाचार टाइम्स,132164.0,MAHMAR/2014/59609,SALIM BABUBHAI PATHAN,MAH,AHMADNAGAR,W
MAHMAR45030,TIMES OF DUNIYADARI,टाइम्स ऑफ़ दुनियादारी,131638.0,MAHMAR/2014/59083,VIKRAM RAGHUNATH GADHE,MAH,AHMADNAGAR,W
MAHMAR08414,SANAGMNER TIMES,nan,66740.0,66740/ 91,KISHOR RADHA KISHAN KALRA,MAH,AHMADNAGAR,W
MAHMAR45484,NILA PRAKASH TIMES,निला प्रकाश टाइम्स,136742.0,MAHMAR/2015/64187,NAJMUDDIN JAINUDDIN SAYYAD,MAH,AHMADNAGAR,W
MAHMAR39577,VEER LAHUJI TIMES,nan,113148.0,MAHMAR/2011/40591,SANJAY HIRAMAN JADHAV,MAH,AHMADNAGAR,W
MAHMAR40530,SANGAMNER TIMES,nan,116942.0,MAHMAR/2012/44385,SURYABHAN NIVRUTTI JAYBHAYE,MAH,AHMADNAGAR,W
MAHMAR06229,SHEVGAON TIMES,nan,35637.0,35637/ 79,PRATIBHA PRAMOD KUMAR CHHAJED,MAH,AHMADNAGAR,W
MAHMAR47324,KHIWARI TIMES,nan,141153.0,MAHMAR/2016/68598,SANTOSH SOPAN SHINDE,MAH,AHMADNAGAR,W
MAHMAR32899,SANT NAGAR TIMES,nan,103141.0,MAHMAR/2009/30584,NISHANT VASANT DATIR,MAH,AHMADNAGAR,W
MAHMAR43432,KOHINOOR TIMES,nan,126451.0,MAHMAR/2013/53896,ABDUL SAMAD ABDUL RAHEMAN CHAUDHARI,MAH,AHMADNAGAR,W
MAHMAR48842,SAMRADAY MAULI TIMES,nan,148496.0,MAHMAR/2017/75941,DATTATRAYA SHANKARRAO AMBILWADE,MAH,AHMADNAGAR,W
MAHMAR45284,NIKHIL TIMES,निखिल टाईम्स,133871.0,MAHMAR/2015/61316,RAVINDRA DINKAR BHOSALE,MAH,AHMADNAGAR,W
MAHMAR34152,EXECUTIVE ANTICORRUPTION TIMES,एक्झीक्युटीव्ह अॅन्टीकरप्शन टाईम्स,129311.0,MAHMAR/2014/56756,DHARMRAJ MURLIDHAR BHARASKAR,MAH,AHMADNAGAR,W
MAHMAR41787,AHMEDNAGAR CITY TIMES,nan,122318.0,MAHMAR/2012/49763,SATANKAR RAJESH SADASHIV,MAH,AHMADNAGAR,W
MAHMAR18822,JAGRUTI TIMES,nan,72577.0,MAHMAR/1999/00020,SK.NASIR GAFOOR,MAH,AHMADNAGAR,W
MAHMAR19851,BHAGAWATI TIMES,nan,75626.0,MAHMAR/2000/03069,SHIVKUMAR VITHAL J.,MAH,AHMADNAGAR,W
MAHMAR34517,SUPER SARKAR TIMES,nan,108754.0,MAHMAR/2009/36197,AYYUB SAJJAN SHAH,MAH,AHMADNAGAR,W
MAHMAR24326,SHEETAL TIMES,nan,85739.0,MAHMAR/2003/13182,NARENDRA MADHUKAR LACHAKE,MAH,AHMADNAGAR,W
MAHMAR42713,S B N TIMES,nan,123268.0,MAHMAR/2013/50713,DEEPAK PANDITRAO NIKAM,MAH,AHMANDNAGAR,D
MAHMAR43067,GONDHAWANI TIMES,nan,125322.0,MAHMAR/2013/52767,VANDANA DATTATRAY KANDE,MAH,AHMANDNAGAR,W
MAHMAR07853,NAGAR TIMES,nan,11457.0,11457/ 65,POPATLAL JASRAJ MUNOT,MAH,AHMED NAGAR,D
MAHMAR46102,MAHARASHTRA TIMES,महाराष्ट्र टाईम्स,133844.0,MAHMAR/2013/61289,"BENNETT, COLEMAN & CO.LTD",MAH,AHMEDNAGAR,D
MAHMAR13184,HIND ABHIYANTA TIMES,nan,69720.0,69720/ 98,SHERKHANBHAI L. PATHAN,MAH,AHMEDNAGAR,F
MAHMAR08270,SHIRDI TIMES,nan,54770.0,54770/ 92,BABASAHEB GANGADHAR,MAH,AHMEDNAGAR,F
MAHMAR49198,SAIKIRAN TIMES,nan,148226.0,MAHMAR/2018/75671,RAJESH ARVIND BORUDE,MAH,AHMEDNAGAR,M
MAHMAR52280,FOREST TIMES,nan,,nan,ALTAF BABAMIYA SHAIKH,MAH,AHMEDNAGAR,M
MAHMAR46101,RAVIVAR MAHARASHTRA TIMES,रविवार महाराष्ट्र टाईम्स,133846.0,MAHMAR/2013/61291,"BENNETT, COLEMAN & CO.LTD",MAH,AHMEDNAGAR,W
MAHMAR10544,SUPER TIMES,nan,69525.0,69525/ 98,CHOUDHARY HAMID LAL,MAH,AHMEDNAGAR,W
MAHMAR24792,SAMARTHA TIMES,nan,86803.0,MAHMAR/2003/14246,GHODKE SUSHANT PRAKASH,MAH,AHMEDNAGAR,W
MAHMAR51874,PATRAKAR TIMES,nan,156825.0,MAHMAR/2022/84270,PATHAN JAMIRKHA GULAB,MAH,AHMEDNAGAR,W
MAHMAR33771,SAPTAHIK SEEMA TIMES,nan,70064.0,70064/ 97,SEEMA ZUMBARLAL KUNKULAL JAIN,MAH,AHMEDNAGAR,W
MAHMAR17600,SHRIRAMPUR TIMES,nan,18756.0,18756/ 69,GOVINDRAO WAMANRAO ADIK,MAH,AHMEDNAGAR,W
MAHMAR38572,LALKAR TIMES,ललकार टाइम्स,111738.0,MAHMAR/2011/39181,VARSHA KAMAL RAPARTIWAR,MAH,AKOLA,W
MAHBIL00041,AKOLA TIMES,अकोला टाइम्स,16750.0,16750/ 67,PREMADEVI GANESH PRASAD PANDE,MAH,AKOLA,W
MAHHIN11384,MAHARASHTRA SHAHEER TIMES,nan,,nan,MOHD NATIQUE AHMAD MOHD SHAFIQUE,MAH,AKOLA,W
MAHMAR32529,VIDHARBHA TIMES,विदर्भ टाईम्स,97267.0,MAHMAR/2008/24710,GAJANAN VIRBHAN MESHRA,MAH,AKOLA,W
MAHMAR42219,MATRA BHOOMI TIMES,nan,123154.0,MAHMAR/2013/50599,PRAKASH TATYA DHANDE,MAH,AKOLA,W
MAHHIN09918,RIZWAN TIMES,nan,143824.0,MAHHIN/2016/71269,MOEEZ NASIRODDIN SHAIKH,MAH,AKOLA,W
MAHHIN11363,YOUNG BOYS TIMES SAPTAHIK,nan,,UR,SHAIKH USMAN SHAIKH MALANG,MAH,AKOLA,W
MAHMAR45021,VIVEK TIMES,विवेक टाइम्स,133200.0,MAHMAR/2015/60645,SATISH SARANGDHAR HARNE,MAH,AMRAVATI,D
MAHMAR51051,TIMES NINE,nan,,nan,YOGESH DNYANESHWAR KAWARE,MAH,AMRAVATI,D
MAHENG14641,THE VICTORIA TIMES,nan,154855.0,MAHENG/2022/82300,ANAND KASHINATH INGLE,MAH,AMRAVATI,D
MAHENG13142,MELGHAT TIMES,nan,118526.0,MAHENG/2012/45969,MAROTI HAGRUJI RODGE,MAH,AMRAVATI,M
MAHENG13882,SUPREMO TIMES,nan,140896.0,MAHENG/2016/68341,YOGESH SUKJDEORAO DEOKE,MAH,AMRAVATI,W
MAHBIL02266,KURHA TIMES,nan,70716.0,70716/ 98,K.B.SUNIL,MAH,AMRAVATI,W
MAHMAR51465,SATPUDA TIMES,nan,159640.0,MAHMAR/2021/87085,SANJAY DIGAMBAR KHASBAGE,MAH,AMRAVATI,W
MAHMAR46120,BODHI TIMES,बोधी टाइम्स,135588.0,MAHMAR/2015/63033,SHARDA MANGESH TAYADE,MAH,AMRAVATI,W
MAHMAR43010,ADESH TIMES,आदेश टाईम्‍स,133864.0,MAHMAR/2014/61309,ARCHANA NAGESH UMBARKAR,MAH,AMRAVATI,W
MAHMAR47227,MAMATA TIMES,ममता टाइम्स,142336.0,MAHMAR/2016/69781,SANTOSH SUBHASHRAO KIRNAKE,MAH,AMRAVATI,W
MAHBIL10536,CHANDUR TIMES,nan,,nan,SHAHAJAD YUSUF KHAN,MAH,AMRAVATI,W
MAHMUR00002,DHARNI TIMES,nan,46927.0,46927/ 87,BARKAT SINGH RANDHAWA,MAH,AMRAVATI,W
MAHMAR19807,AMRAVATI EXCISE TIMES,nan,74919.0,MAHMAR/2000/02362,RAJENDRA S. PATIL,MAH,AMRAVATI,W
MAHHIN08533,CHANDIKA TIMES,nan,118210.0,MAHHIN/2012/45653,DIPAK VISHWANATH GADVE,MAH,AMRAVATI,W
MAHURD00076,AMRAVATI TIMES,nan,6225.0,6225/ 61,M.G. BAIG,MAH,AMRAVATI,W
MAHMAR40260,MRUNAL TIMES,nan,115329.0,MAHMAR/2012/42772,RAVINDRA BABANRAO THAKARE,MAH,AMRAVATI,W
MAHHIN10051,BADNERA TIMES,बडनेरा टाइम्स,150420.0,MAHHIN/2018/77865,MOHAMMAD SHOEBUDDIN,MAH,AMRAVATI,W
MAHMAR46933,IRRIGATION TIMES,इरिगेशन टाइम्स,138651.0,MAHMAR/2015/66096,DIPAK GONDUJI INGALE,MAH,AMRAVATI,W
MAHHIN09945,ACHALPUR TIMES,nan,,UR,MOIN SARFUDDIN CHAVHAN,MAH,AMRAVATI,W
MAHBIL10183,TALWEL TIMES,nan,152908.0,MAHBIL/2020/80353,SAGAR RAJENDRA MOHOD,MAH,AMRAVATI,W
MAHMAR49866,WARUD TIMES,nan,151999.0,MAHMAR/2020/79444,MANJUSHRI CHANDRAKANT BHAD,MAH,AMRAVATI,W
MAHBIL06370,CALIFORNIA TIMES,nan,70749.0,70749/ 88,GIRIDHAR BHIMRAOJI DESHMUKH,MAH,AMRAVATI,W
MAHBIL10075,PARATWADA TIMES,nan,153299.0,MAHBIL/2018/80744,NARESH TAYWADE,MAH,AMRAVATI,W
MAHBIL10102,TIWASA TIMES,तिवसा टाइम्स,152562.0,MAHBIL/2019/80007,RAJENDRA SURYABHAN BHURE,MAH,AMRAVATI,W
MAHURD01235,AL SAYEED TIMES,nan,61783.0,61783/ 95,ABDUL RAHIM KHAN,MAH,AURAMGANAD,W
MAHMAR41807,RHOKTHOK VRUTTA TIMES,nan,120017.0,MAHMAR/2012/47460,ANNAPURNE KALYAN PRABHAKAR,MAH,AURANGABAD,D
MAHMAR43484,JANRAJ TIMES,nan,126016.0,MAHMAR/2013/53461,Y. K. NARAYANPURKAR,MAH,AURANGABAD,D
MAHMAR23828,AAPLA SANJ SAHAYADRI TIMES,nan,83272.0,MAHMAR/2003/10715,S.B.KALE,MAH,AURANGABAD,D
MAHENG13455,THE TIMES OF INDIA,द टाइम्स ऑफ़ इंडिया,122577.0,MAHENG/2012/50022,"BENNETT, COLEMAN & CO.LTD",MAH,AURANGABAD,D
MAHENG10826,LOKMAT TIMES,लोकमत टाइम्स,43903.0,43903/ 87,M/S LOMAT MEDIA PVT. LTD.,MAH,AURANGABAD,D
MAHURD00113,AURANGABAD TIMES,nan,16872.0,16872/ 68,RAFIA AZIZ,MAH,AURANGABAD,D
MAHMAR40918,MAHARASHTRA TIMES,nan,114602.0,MAHMAR/2011/42045,"BENNETT, COLEMAN & CO.LTD",MAH,AURANGABAD,D
MAHMAR33446,YUVA TIMES,युवा टाइम्स,101393.0,MAHMAR/2009/28836,QURESHI ASEF QURESHI NIZAM,MAH,AURANGABAD,D
MAHMUL01946,NATIONAL CONTEST TIMES,nan,96813.0,MAHMUL/2004/24256,R.S.RAHANE,MAH,AURANGABAD,M
MAHMUL02671,NATIONAL TALENT TIMES,नेशनल टैलेंट टाइम्स,104382.0,MAHMUL/2009/31825,GANESH SHESHRAO RAHANE,MAH,AURANGABAD,M
MAHMAR30951,GHABRAT TIMES,घबराट टाइम्स,98402.0,MAHMAR/2008/25845,SHABANA FEROZ PATEL SHAIKH,MAH,AURANGABAD,M
MAHMUL01878,CHILDRENS TIMES,चिल्ड्रेन्स टाइम्स,95941.0,MAHMUL/2004/23384,GANESH S.RAHANE,MAH,AURANGABAD,M
MAHMUL02668,QUALITY BRAND TIMES,क्वालिटी ब्रांड टाइम्स,103667.0,MAHMUL/2009/31110,GANESH RAHANE,MAH,AURANGABAD,Q
MAHMUL02669,NATIONAL ECONOMIC GROWTH TIMES,नेशनल इकनोमिक ग्रोथ टाइम्स,105556.0,MAHMUL/2009/32999,GANESH RAHANE,MAH,AURANGABAD,Q
MAHMAR39488,LOKARPAN TIMES,nan,113091.0,MAHMAR/2011/40534,DEEPANKAR MURLIDHAR DHIWAR,MAH,AURANGABAD,W
MAHMAR48883,VITARA TIMES,nan,,UR,VYAWAHARE MAYUR GANGADHAR,MAH,AURANGABAD,W
MAHMAR49294,PHULAMBRI TIMES,फुलंब्री टाइम्स,149044.0,MAHMAR/2018/76489,ISMAILKHAN SIKANDARKHAN PATHAN,MAH,AURANGABAD,W
MAHURD02589,PARWAAZ TIMES,nan,,UR,SYED FARHAN ALI,MAH,AURANGABAD,W
MAHMAR51011,SAMTA TIMES,nan,,nan,UMESH MADHAVRAO KHADSE,MAH,AURANGABAD,W
MAHMUL03423,VINKARE TIMES,विनकरे टाइम्स,139997.0,MAHMUL/2015/67442,NANDA KISAN MOKALE,MAH,AURANGABAD,W
MAHMAR52231,JAMTHI TIMES,nan,,nan,PRAKASH MISHRILAL JADHAV,MAH,AURANGABAD,W
MAHMAR52023,FAROLA TIMES,nan,157152.0,MAHMAR/2022/84597,DINESH SHEKU RATHOD,MAH,AURANGABAD,W
MAHENG13454,THE SUNDAY TIMES OF INDIA,द संडे टाइम्स ऑफ़ इंडिया,123737.0,MAHENG/2012/51182,"BENNETT, COLEMAN & CO.LTD",MAH,AURANGABAD,W
MAHMAR17663,VICHAR TIMES,nan,31831.0,31831/ 77,K.S.GAUD,MAH,AURANGABAD,W
MAHMAR47496,VIKRAND TIMES,विक्रांद टाइम्स,139686.0,MAHMAR/2016/67131,ARUN KUMAR SOMNATH MUNDADA,MAH,AURANGABAD,W
MAHMAR49517,SAMBHAJINAGAR TIMES,संभाजीनगर टाइम्स,149898.0,MAHMAR/2018/77343,GANESH DADARAO JADHAV,MAH,AURANGABAD,W
MAHMAR40917,RAVIVAR MAHARASHTRA TIMES,nan,114601.0,MAHMAR/2011/42044,"BENNETT, COLEMAN & CO.LTD",MAH,AURANGABAD,W
MAHMAR01690,ELLORA TIMES,nan,18823.0,18823/ 69,M.A.SAMI,MAH,AURANGABAD,W
MAHMAR09732,POLKHOL TIMES SAPTAHIK,nan,84288.0,MAHMAR/1995/11731,BHAGWAN NAGARAO SHAHANE,MAH,AURANGABAD,W
MAHMAR41613,ANANDVAN TIMES,आनंदवन टाइम्स,128842.0,MAHMAR/2014/56287,SUNITA PRAKASH JAGDALE,MAH,AURANGABAD,W
MAHMAR11339,MARATHWADA POLICE TIMES,nan,63353.0,63353/ 94,Y.K.NARAYANPURKAR,MAH,AURANGABAD,W
MAHBIL05835,AL-BASHIR TIMES,nan,112413.0,MAHBIL/2009/39856,QUAZI ZUHURUDDIN RAHIMODDIN,MAH,AURANGABAD,W
MAHMAR49164,SHLOK TIMES,nan,147288.0,MAHMAR/2016/74733,AMIT RAJENDRAKUMAR ANAND,MAH,AURANGABAD,W
MAHBIL02930,MARATHWADA TIMES,nan,16837.0,16837/ 68,PRATAPSINGH K NAGADKAR,MAH,AURANGABAD,W
MAHURD02271,KOHETOOR TIMES,nan,115904.0,MAHURD/2011/43347,MOHD. AYUB SHAIKH HABIB,MAH,AURANGABAD,W
MAHURD01419,ALAMGEER TIMES,nan,38965.0,38965/ 78,FAHIMMUDDIN,MAH,AURANGABAD,W
MAHMAR48082,RHOKTHOK VRUTTA TIMES,nan,140580.0,MAHMAR/2015/68025,ANNAPURNE KALYAN PRABHAKAR,MAH,AURANGABAD,W
MAHBIL06160,KHASDAR TIMES,nan,109913.0,MAHBIL/2011/37356,KHAN AEJAZ AHMAD,MAH,AURANGABAD,W
MAHMAR53129,DIVYA LOK TIMES,nan,,nan,SAYYAD AHTESHAM-UL-HAQ,MAH,AURANGABAD,W
MAHURD01981,SHAKAR TIMES,nan,94007.0,MAHURD/2007/21450,SHAIKH MD. ISHAQUDDIN MD. ZAHIRUDDIN,MAH,AURANGABAD,W
MAHENG12727,THE LABBAIK TIMES,nan,110327.0,MAHENG/2011/37770,SYED ALEEM SYED KAREEM SAUDAGAR,MAH,AURANGABAD,W
MAHMAR46909,AGRASEN TIMES,अग्रसेन टाइम्स,138323.0,MAHMAR/2015/65768,ARUN KUMAR SOMNATH MUNDADA,MAH,AURANGABAD,W
MAHMAR48064,JAFRABAD TIMES,nan,,UR,IRFAN KHA BUDHAN KHA PATHAN,MAH,AURANGABAD,W
MAHMAR29395,AJANTA TIMES,अजंता टाइम्‍स,94137.0,MAHMAR/2006/21580,RAVI SHRIRAM SHEGAONKAR,MAH,AURANGABAD,W
MAHMAR40242,PANGA TIMES,nan,117386.0,MAHMAR/2012/44829,CHENTANPANDIT GAIKWAD,MAH,AURANGABAD,W
MAHMAR41018,JAN VIKAS TIMES,nan,117568.0,MAHMAR/2012/45011,SIDDIQUE SALEMMUDDIN SIDDIQUE SHUJAUDDIN,MAH,AURANGABAD,W
MAHMAR38461,BHIMYODHA TIMES,nan,110583.0,MAHMAR/2011/38026,KAILAS PANDURANG PAWAR,MAH,AURANGABAD,W
MAHMAR46080,MAHAVITRAN TIMES,महावितरण टाइम्स,136653.0,MAHMAR/2015/64098,PARMESHWAR (NANA) VISHNU PALVADE,MAH,AURANGABAD,W
MAHHIN11346,KANNAD TIMES,nan,,nan,MUKHTAR KHAN JABBAR KHAN PATHAN,MAH,AURANGABAD,W
MAHMAR43352,YASHWANT TIMES,nan,126317.0,MAHMAR/2013/53762,SANDEEP ASARAM GHUGARE,MAH,AURANGABAD,W
MAHMAR52691,SAMRUDDHI TIMES,nan,,UR,QAISARUDDIN ZAHIRUDDIN SHAIKH,MAH,AURANGABAD,W
MAHMAR03600,MANJLEGAON TIMES,nan,35744.0,35744/ 79,PRABHAKAR EKNATHRAO KULTHE,MAH,BEED,D
MAHMAR18872,AMBAJOGAI TIMES,अंबेजोगाई टाइम्स,39816.0,39816/ 79,UMESH ISHWARCHAND GUPTA,MAH,BEED,D
MAHMAR41911,NYAY TIMES,न्याय टाईम्स,127466.0,MAHMAR/2013/54911,SONI BALKISHAN SHRIRAMGI,MAH,BEED,D
MAHURD02303,ALHILAL TIMES,nan,121265.0,MAHURD/2012/48710,QAMAR UL EMAN KHAN ZAFARNAZ,MAH,BEED,D
MAHHIN08845,AL MARKAZ TIMES,nan,123493.0,MAHHIN/2013/50938,SHAIKH TAREQUE SHATTIG,MAH,BEED,W
MAHMAR19325,LOKSAUBAT TIMES,nan,73817.0,MAHMAR/2000/01260,ANIL R.JAGTAP,MAH,BEED,W
MAHMAR51501,MOTI TIMES,nan,,nan,MOTIRAM DHONDIBA KHATKE,MAH,BEED,W
MAHHIN09050,TIMES OF SIYASAT,टाईम्स ऑफ सियासत,127417.0,MAHHIN/2014/54862,SADDAM MUSTAQ KHATIB,MAH,BEED,W
MAHMAR33700,KHINDRE TIMES,nan,145395.0,MAHMAR/2017/72840,SADANAND RAGHUNATHRAO KHINDRE,MAH,BEED,W
MAHMAR48430,JAYWANTI TIMES,nan,145197.0,MAHMAR/2017/72642,SWATI SHANKAR CHAVAN,MAH,BEED,W
MAHMAR06993,VAIDYANATH TIMES,nan,35894.0,35894/ 78,RAJMALI REVANSIDHA ANKALKOTE,MAH,BEED,W
MAHURD00150,BEED TIMES,nan,57069.0,57069/ 93,KHALED SALEEM,MAH,BEED,W
MAHMAR33767,SINDPHANA TIMES,nan,69832.0,69832/ 95,SUDHIR RAMRAO NAGAPURE,MAH,BEED,W
MAHMAR21209,PARLI TIMES,nan,77656.0,MAHMAR/2001/05099,RADHAKISHAN VITTALRAO GITTE,MAH,BEED,W
MAHMAR51017,GEVRAI TIMES,nan,155095.0,MAHMAR/2021/82540,SHAIKH SALMAN MANNU,MAH,BEED,W
MAHMAR47659,NATUROPATHY TIMES,nan,,UR,FATAH UI MUBIN USMAN,MAH,BEED,W
MAHMAR30351,DEVGIRI TIMES,देवगिरी टाइम्स,95281.0,MAHMAR/2007/22724,NAVNATH KISHANRAO MANE,MAH,BEED,W
MAHHIN08739,BHAWANI TIMES,nan,118280.0,MAHHIN/2012/45723,CHANDRAKANT KHANDELWAL,MAH,BHANDARA,D
MAHBIL09674,BHANDARA TIMES,nan,11468.0,11468/ 64,SHARAD SHRIDHAR HARDIKAR,MAH,BHANDARA,W
MAHMAR05619,SAKOLI TIMES,साकोली टाइम्स,43827.0,43827/ 86,A. M. CHETULE,MAH,BHANDARA,W
MAHMAR37765,METRO TIMES,nan,119600.0,MAHMAR/2010/47043,VIJAYKUMAR FHOGALJI DAHAT,MAH,BHANDARA,W
MAHMAR15498,PAUNI TIMES,nan,67704.0,67704/ 97,JYOTI,MAH,BHANDARA,W
MAHBIL02062,MAHARANA TIMES,nan,82404.0,MAHBIL/1994/09847,THAKUR LALITKUMAR J.BACHHIL,MAH,BHANDARA,W
MAHHIN09737,AMGAON TIMES,nan,27755.0,27755/ 74,B.V.SHAHARE,MAH,BHANDARA,W
MAHMAR52107,DAINIK SEVASHAKTI TIMES,nan,160439.0,MAHMAR/2022/87884,ANKOSH JANU RATHOD,MAH,BULDANA,D
MAHBIL10163,THE MATADAR TIMES,दि मतदार टाइम्स,154796.0,MAHBIL/2020/82241,GAJANAN UKHARDA BAWANE,MAH,BULDANA,DE
MAHBIL10087,MEHKAR TIMES,मेहकार टाईम्स,154526.0,MAHBIL/2019/81971,SAYYED MOIN SAYYED HAROON,MAH,BULDANA,DE
MAHMAR01057,BULDANA TIMES,nan,27965.0,27965/ 76,KM. SHOBHA NIVRUTTI KHARCHE,MAH,BULDANA,W
MAHMAR52050,VAKALAT TIMES,nan,156908.0,MAHMAR/2022/84353,DONGARDIVE BHIMRAO SUKHDEO,MAH,BULDANA,W
MAHBIL10301,MALKAPUR TIMES,nan,,nan,MOHAMMAD IRFAN ABDUL AZIZ,MAH,BULDANA,W
MAHBIL09912,DONGAON TIMES,nan,145910.0,MAHBIL/2016/73355,SHAIKH YASEEN SHAIKH NASEEM,MAH,BULDANA,W
MAHBIL07172,JANEPHAL TIMES,जानेफल टाइम्स,138130.0,MAHBIL/2015/65575,SAYYAD JABIR SAYYAD MEHEBUB,MAH,BULDANA,W
MAHBIL10529,BULDHANA CITY TIMES,nan,,UR,SHAIKH YUSUF SHAIKH AKBAR,MAH,BULDANA,W
MAHMAR44459,KHAMGAON TIMES,खामगांव टाईम्स,135970.0,MAHMAR/2014/63415,SUNIL BABULAL AGRAWAL,MAH,BULDANA,W
MAHMAR09320,DISTRICT TIMES,nan,54789.0,54789/ 92,JUSBIR SINGH WADHAWAN,MAH,CHANDERPUR,W
MAHENG13783,PROMPT TIMES,nan,132162.0,MAHENG/2014/59607,SATYA DEV TIWARI,MAH,CHANDRAPUR,D
MAHMAR51068,MAZDOOR TIMES,nan,158507.0,MAHMAR/2023/85952,HARCHARAN SINGH PRITAM SINGH DHUNNA,MAH,CHANDRAPUR,D
MAHURD01002,MAZDOOR TIMES,nan,22787.0,22787/ 73,HARCHARAN SINGH PRITAM SINGH DHUNNA,MAH,CHANDRAPUR,D
MAHHIN03135,BALLARPUR TIMES,nan,24080.0,24080/ 73,KALPANA PRADEEPRAO PALIKUNDWAR,MAH,CHANDRAPUR,D
MAHMAR39498,RAJURA TIMES,nan,112683.0,MAHMAR/2011/40126,TASLIN PARVIN SHABBIR SAYYED,MAH,CHANDRAPUR,W
MAHHIN09943,GREEN GONDWANA TIMES,nan,,UR,RAKESH SITARAM SOMANI,MAH,CHANDRAPUR,W
MAHHIN00512,INDIAN REPORTER TIMES,nan,24061.0,24061/ 73,SHANKUNTALA,MAH,CHANDRAPUR,W
MAHMAR39737,CHANDA TIMES,nan,113543.0,MAHMAR/2011/40986,KU. SANDHYA NARAYAN MESHRAM,MAH,CHANDRAPUR,W
MAHHIN03167,INDIAN REPORTER TIMES,nan,24114.0,24114/ 73,SHAKUNTALA,MAH,CHANDRAPUR,W
MAHENG08759,DEMOCRATIC TIMES,nan,79955.0,MAHENG/2002/07398,MUSTAFA A.LAKKARSHA,MAH,CHANDRAPUR,W
MAHMAR43211,THE MUKTIWAD TIMES,nan,126458.0,MAHMAR/2013/53903,AJAY DEORAOJI GANVIR,MAH,CHANDRAPUR,W
MAHBIL05391,THE CHANDRAPUR TIMES,दि चंद्रपुर टाइम्स,97380.0,MAHBIL/2008/24823,RAJESH SANMOHAN SOLAPAN,MAH,CHANDRAPUR,W
MAHMAR34030,WARORA TIMES,WARORA TIMES,100716.0,MAHMAR/2009/28159,SUNIL RAYBHAN SHIRSAT,MAH,CHANDRAPUR,W
MAHMAR47845,GONDPIPRI TIMES,nan,,UR,SACHITA SUNIL DONGRE,MAH,CHANDRAPUR,W
MAHMAR37763,SANDESH TIMES,सन्देश टाइम्स,107935.0,MAHMAR/2010/35378,DINESH BABULAL MALI,MAH,DHULE,D
MAHMAR16330,RAJRANG TIMES,nan,72271.0,72271/ 98,NARENDRA BARKU CHAUDHARY,MAH,DHULE,F
MAHMAR33359,NASHIK POLICE TIMES,nan,99418.0,MAHMAR/2008/26861,TUSHAR DAGDULAL BAFNA,MAH,DHULE,F
MAHMAR41023,LOKRATH TIMES,nan,118395.0,MAHMAR/2012/45838,RAMESH SHANKAR KARANKAL,MAH,DHULE,W
MAHMAR43645,KHANDESH SHINDKHEDA TIMES,खान्देश शिंदखेडा टाईम्स,127421.0,MAHMAR/2014/54866,KISHOR SHRAWAN WANI,MAH,DHULE,W
MAHMAR36726,EAKVIRA TIMES,EAKVIRA TIMES,105360.0,MAHMAR/2010/32803,GAURAV MOHANLAL SHARMA,MAH,DHULE,W
MAHMAR36458,DHULE TIMES,धुले टाइम्स,105134.0,MAHMAR/2010/32577,SANDEEP PRABHAKAR SONWANE,MAH,DHULE,W
MAHMAR21714,GOLDEN TIMES,nan,83684.0,MAHMAR/2002/11127,VISPUTE MADHAV RAO LAXMAN,MAH,DHULE,W
MAHMAR45807,SHIVRANA TIMES,शिवराणा टाइम्स,134094.0,MAHMAR/2015/61539,DIGAMBAR RAJESING RAJPUT,MAH,DHULE,W
MAHMAR49643,KHALANE TIMES,nan,150529.0,MAHMAR/2019/77974,JITENDRA BHAGWAN WALHE,MAH,DHULE,W
MAHMAR08571,DHULIA TIMES,nan,20861.0,20861/ 71,RAMESH NIMBA KHAIRNAR,MAH,DHULE,W
MAHMAR36827,SANVIDHAN TIMES,संविधान टाइम्स,106839.0,MAHMAR/2010/34282,CHANDRAMANI KASHINATH WAGH,MAH,DHULE,W
MAHBIL06703,LOKMANYA TIMES,लोकमान्य टाइम्स,132530.0,MAHBIL/2013/59975,SANJAY K. KHOPADE,MAH,DHULE,W
MAHMAR52571,GADCHIROLI TIMES,nan,,nan,NANDU NAJUKRAO NAROTE,MAH,GADCHIROLI,W
MAHHIN02037,YUVA HINDUSTHAN TIMES,nan,70777.0,70777/ 94,FARHAT NAZNIN YASINI,MAH,GADCHIROLI,W
MAHHIN08738,BHAWANI TIMES,nan,39851.0,39851/ 81,CHANDRAKANT KHANDELWAL,MAH,GONDIA,D
MAHHIN00418,GONDIA TIMES,nan,19079.0,19079/ 70,BABULAL KATRE (SAILAB),MAH,GONDIA,F
MAHHIN05924,ASHIRWAD TIMES,आशीर्वाद टाईम्स,96913.0,MAHHIN/2006/24356,RAVIBABU HARICHANDRA AGARWAL,MAH,GONDIA,W
MAHBIL01496,TIRORA TIMES,nan,11414.0,11414/ 66,RADHESHYAM NANDLAL TIWARI,MAH,GONDIA,W
MAHMAR39789,SHAINA TIMES,शायना टाइम्स,132608.0,MAHMAR/2013/60053,RATNADEEP SUKHADEOKUMAR DAHIWALE,MAH,GONDIYA,W
MAHHIN09541,RAKSHA TIMES,रक्षा टाइम्स,144944.0,MAHHIN/2017/72389,KULDEEP SINGH NARENDRA SINGH RATHOD,MAH,GONDIYA,W
MAHMAR39979,BERAR TIMES,nan,119067.0,MAHMAR/2011/46510,KHEMENDRA HIRDILAL KATRE,MAH,GONDIYA,W
MAHHIN01939,GONDIA UPNO DATE TIMES,nan,57092.0,57092/ 93,MAHESH GOPILAL AGRAW,MAH,GONDVE,W
MAHMAR52729,HINGOLI TIMES,nan,,nan,ADINATH UDHAVRAO DASHRATHE,MAH,HINGOLI,BM
MAHMAR27902,KARWAI TIMES,nan,98847.0,MAHMAR/2005/26290,SHAIKH SAJEED S.K. KASIM,MAH,HINGOLI,W
MAHMAR52469,MARATHWADA KARWAI TIMES,मराठवाड़ा कारवाई टाइम्स,160473.0,MAHMAR/2023/87918,SHAIKH NAVEED AHEMAD SHAIKH DAWOOD,MAH,HINGOLI,W
MAHMAR48544,PARTUR TIMES,nan,144860.0,MAHMAR/2017/72305,DEEPAK RAMAJI HIWALE,MAH,JALAUN,W
MAHMAR51454,SWAMITIMES,nan,156796.0,MAHMAR/2021/84241,YOGESH RAMESH CHAUDHARI,MAH,JALGAON,A
MAHMAR25973,DARPAN TIMES,nan,88210.0,MAHMAR/2004/15653,JAGRUTI VIJAY NAVARKAR,MAH,JALGAON,D
MAHMAR47048,JAGRAN TIMES,जागरण टाइम्स,139820.0,MAHMAR/2015/67265,PRAKASH RAMDAS TELI,MAH,JALGAON,D
MAHMAR44015,MAHARASHTRA TIMES,nan,126972.0,MAHMAR/2013/54417,"BENNETT, COLEMAN & CO.LTD",MAH,JALGAON,DS
MAHMAR41722,SARDAR TIMES,nan,120503.0,MAHMAR/2013/47947,PRAKASH YASHWANT SARDAR,MAH,JALGAON,F
MAHMAR47777,MAHER TIMES,nan,145298.0,UR,JAWAN FOUNDATION,MAH,JALGAON,M
MAHMAR48519,KARTVYADAKSH TIMES,nan,148412.0,MAHMAR/2018/75857,DIPAK SUDHAKAR MAHAJAN,MAH,JALGAON,M
MAHMAR41436,UDIT TIMES,nan,123812.0,MAHMAR/2013/51257,RAJENDRA PUNDALIK THORAT,MAH,JALGAON,M
MAHMAR29249,DHANWANTARI TIMES,धन्‍वंतरी टाईम्‍स,92363.0,MAHMAR/2006/19806,DR.VINAYAK K.MAHAJAN,MAH,JALGAON,Q
MAHMAR49421,SHRIKRISHNA SWADHARM TIMES,nan,149229.0,MAHMAR/2018/76674,PREM KUMAR SHARMA,MAH,JALGAON,W
MAHHIN10031,NADVI TIMES,नदवी टाइम्‍स,145917.0,MAHHIN/2017/73362,MOHD. HAROON A. QADEER KHATIK,MAH,JALGAON,W
MAHMAR52897,NIRBHID RAKSHAK TIMES,nan,,nan,JITENDRA SANTOSH CHAUDHARI,MAH,JALGAON,W
MAHMAR14566,AMALNER TIMES,nan,64840.0,64840/ 96,JAYANTALAL BANSILAL WANKHEDE,MAH,JALGAON,W
MAHMAR48463,ADALAT TIMES,nan,147728.0,MAHMAR/2017/75173,PRAKASH RAMDAS LINGAYAT,MAH,JALGAON,W
MAHMAR49061,VIHAN TIMES,nan,147879.0,MAHMAR/2017/75324,VILAS GAJANANRAO BORIKAR,MAH,JALGAON,W
MAHMAR51173,LOKSHAKTI TIMES,nan,155754.0,MAHMAR/2021/83199,DEVISING BHIKA RAJPUT,MAH,JALGAON,W
MAHMAR52160,THAMMAT TIMES,nan,,nan,NAYAN PRAVIN BAVISKAR,MAH,JALGAON,W
MAHMAR44957,RAVER TIMES,रावेर टाइम्स,130722.0,MAHMAR/2014/58167,SANJAY TOLAN BHAT,MAH,JALGAON,W
MAHBIL00492,JALGAON TIMES,nan,32008.0,32008/ 78,SYED KARIM HAJI SYED HUSSAN,MAH,JALGAON,W
MAHBIL05969,PAKHARU TIMES,nan,114600.0,MAHBIL/2012/42043,PANDE PRAKASH BASVANT,MAH,JALGAON,W
MAHMAR47673,BULAND POLICE TIMES,nan,,UR,SUNIL SHIVDAS PATIL,MAH,JALGAON,W
MAHMAR47414,AAGAZ TIMES,आगाज टाइम्स,139393.0,MAHMAR/2016/66838,AASHA SUNIL PATIL,MAH,JALGAON,W
MAHMAR44014,RAVIVAR MAHARASHTRA TIMES,nan,126973.0,MAHMAR/2013/54418,"BENNETT, COLEMAN & CO.LTD",MAH,JALGAON,W
MAHHIN08988,CHALISGAON TIMES,nan,124974.0,MAHHIN/2013/52419,SHAIKH GAYASODDIN CHIRAGODDIN,MAH,JALGAON,W
MAHMAR44493,COURT TIMES,nan,129439.0,MAHMAR/2014/56884,SHAHEBAZ ABDUL NABI SHAIKH,MAH,JALGAON,W
MAHURD01444,JALGAON TIMES,nan,16754.0,16754/ 67,SYED KASIM HAJI AYED HUSSAIN,MAH,JALGAON,W
MAHMAR04315,PACHORA TIMES,nan,49747.0,49747/ 89,VIKRANT RAMESH VARMA,MAH,JALGAON,W
MAHMAR43002,KING MAKERS TIMES,nan,126025.0,MAHMAR/2013/53470,SYED MAHEBOOB,MAH,JALNA,M
MAHMAR18306,PAWNAR TIMES,nan,71040.0,71040/ 93,NANDLAL GURDASMAL BADEJA,MAH,JALNA,W
MAHMAR39725,SHLOK TIMES,nan,114138.0,MAHMAR/2011/41581,AMIT RAJENDRAKUMAR ANAND,MAH,JALNA,W
MAHBIL05682,HANUMAN TIMES,nan,70493.0,70493/ 99,NANDLAL GURUDASMAL BATHEJA,MAH,JALNA,W
MAHENG13182,KING MAKERS TIMES,nan,118380.0,MAHENG/2012/45823,SYED MAHEBOOB,MAH,JALNA,W
MAHHIN09197,RAHGEER TIMES,राहगीर टाइम्स,132289.0,MAHHIN/2014/59734,MOHAMAD IMRAN MOHAMAD RAISE,MAH,JALNA,W
MAHBIL10054,GADEER TIMES,गदीर टाइम्स,150890.0,MAHBIL/2019/78335,KHALILKHAN,MAH,JALNA,W
MAHMAR19982,JALNA TIMES,nan,85477.0,MAHMAR/2000/12920,SHAIKH RAZAK BAGBAN,MAH,JALNA,W
MAHMAR42243,RAVIVAR MAHARASHTRA TIMES,nan,120846.0,MAHMAR/2012/48290,"BENNETT, COLEMAN & CO.LTD",MAH,KOHLAPUR,W
MAHMAR47517,RATNAGIRI TIMES,रत्नागिरी टाइम्स,138487.0,MAHMAR/2015/65932,ULHAS PUBLICATIONS PVT. LTD.,MAH,KOLHAPUR,D
MAHENG13433,THE TIMES OF INDIA,द टाइम्स ऑफ़ इंडिया,121817.0,MAHENG/2013/49262,"BENNETT, COLEMAN & CO.LTD",MAH,KOLHAPUR,D
MAHMAR17324,KOLHAPUR TIMES,कोल्हापुर टाइम्स,18863.0,18863/ 70,B J PATOLE,MAH,KOLHAPUR,D
MAHENG13342,KOLHAPUR TIMES OF INDIA,कोल्हापुर टाइम्स ऑफ़ इंडिया,121658.0,MAHENG/2013/49103,"BENNETT, COLEMAN & CO.LTD",MAH,KOLHAPUR,D
MAHMAR41966,KOLHAPUR TIMES OF INDIA,कोल्हापुर टाइम्स ऑफ इंडिया,123736.0,MAHMAR/2013/51181,"BENNETT, COLEMAN & CO.LTD",MAH,KOLHAPUR,D
MAHMAR42258,MAHARASHTRA TIMES,nan,120887.0,MAHMAR/2012/48331,"BENNETT, COLEMAN & CO.LTD",MAH,KOLHAPUR,DS
MAHMAR42144,BHOGAVATI TIMES,भोगावती टाइम्स,131666.0,MAHMAR/2013/59111,KIRULKAR YUVRAJ SHAMRAO,MAH,KOLHAPUR,M
MAHMAR48822,KAGAD TIMES,nan,,UR,GOVARDHAN KRUSHNAHARI DIKONDA,MAH,KOLHAPUR,M
MAHMAR40495,JYOTIBA TIMES,nan,117252.0,MAHMAR/2012/44695,LEENA ANIL SALOKHE,MAH,KOLHAPUR,M
MAHMAR46011,PRADNYA TIMES,प्रज्ञा टाइम्स,139761.0,MAHMAR/2015/67206,PRADNYA FOUNDATION,MAH,KOLHAPUR,M
MAHMAR19964,SHRI PUDHARI BAVADA TIMES,श्री पुढारी बावड़ा टाइम्स,84207.0,MAHMAR/2000/11650,AVINASH VASANTRAO SHELAR,MAH,KOLHAPUR,M
MAHMAR49606,KUSTI TIMES,nan,,nan,AMITKUMAR MAHAVIR GAT,MAH,KOLHAPUR,M
MAHMAR28167,SHANTI TIMES,शांति‍ टाइम्‍स,92650.0,MAHMAR/2006/20093,BABASO TATOBA JADHAV,MAH,KOLHAPUR,W
MAHMAR32097,SANIDHY TIMES,सानिध्य टाइम्स,97737.0,MAHMAR/2008/25180,MALAVE SUJATA SARADAR,MAH,KOLHAPUR,W
MAHMAR49059,THE NARSINHWADI TIMES,nan,147673.0,MAHMAR/2017/75118,RAMESH PRAKASH SUTAR,MAH,KOLHAPUR,W
MAHMAR42891,ICHALKARANJI TIMES,इचलकरंजी टाइम्स,132950.0,MAHMAR/2013/60395,SHAILENDRA RAJARAM CHAVAN,MAH,KOLHAPUR,W
MAHMAR43410,KARVEER TIMES,nan,125654.0,MAHMAR/2013/53099,GOVIND APPA JOSHI,MAH,KOLHAPUR,W
MAHMAR49339,TIMES OF BHUDARGAD,nan,159905.0,MAHMAR/2022/87350,SUBHASH GANAPATI MANE.,MAH,KOLHAPUR,W
MAHENG13434,THE SUNDAY TIMES OF INDIA,द संडे टाइम्स ऑफ़ इंडिया,121816.0,MAHENG/2013/49261,"BENNETT, COLEMAN & CO.LTD",MAH,KOLHAPUR,W
MAHMAR51925,THE KASABA SANGAON TIMES,nan,,nan,ANIL ARJUN PUJARI,MAH,KOLHAPUR,W
MAHURD02571,VAZIR TIMES,nan,146790.0,MAHURD/2017/74235,MANSOOR QAMRUDDIN BUKHARI,MAH,KOLHAPUR,W
MAHMAR37318,JAYSINGPUR TIMES,nan,110345.0,MAHMAR/2011/37788,BALASAHEB YASHVANT MALI,MAH,KOLHAPUR,W
MAHMAR23216,PASCHIM TIMES,nan,80468.0,MAHMAR/2002/07911,ASHWIN KUMAR PRASANNA TENDULKAR,MAH,KOLHAPUR,W
MAHMAR49689,SAPTAGANGA TIMES,nan,,nan,MALOJI NAMDEV KERKAR,MAH,KOLHAPUR,W
MAHMAR51928,THE KASABA SANGAON TIMES,nan,,nan,ANIL ARJUN PUJARI,MAH,KOLHAPUR,W
MAHMAR33067,GADHINGLAJ TIMES,GADHINGLAJ TIMES,101892.0,MAHMAR/2008/29335,BHAIRU ALIAS SAGAR BASWANT MAKSHI,MAH,KOLHAPUR,W
MAHMAR47274,MAHALAXMI TIMES,nan,141263.0,MAHMAR/2016/68708,FIROZ KACHRUDDIN SHAIKH,MAH,KOLHAPUR,W
MAHMAR36940,CHANDGAD TIMES,CHANDGAD TIMES,106667.0,MAHMAR/2010/34110,SANTOSH VASANTRAO SAWANT BHOSALE,MAH,KOLHAPUR,W
MAHMAR16630,SHAHUWADI TIMES,nan,72317.0,72317/ 99,MUKUND CHANDRAKANI PAWAR,MAH,KOLHAPUR,W
MAHMAR04576,POLICE TIMES,nan,74633.0,MAHMAR/1988/02076,ANANT JAGDISH SARNAIK,MAH,KOLHAPUR,W
MAHMAR49518,THE KOTHALI TIMES,nan,,nan,JAMIR NABISAHEB MUJAWAR,MAH,KOLHAPUR,W
MAHMAR49650,HUPARI TIMES,nan,,nan,RANJEET DAYANAND PATIL,MAH,KOLHAPUR,W
MAHMAR22696,TEMBHURNI TIMES,nan,82823.0,MAHMAR/2002/10266,SURESH POPATRAO BARV,MAH,KURDUWADI,W
MAHMAR39948,LATUR TIMES,nan,120336.0,MAHMAR/2012/47779,AMBEKAR PORNIMA GANGADHAR,MAH,LATUR,D
MAHMAR51782,BATMI TIMES,nan,,nan,SHAIKH HAMID NIJAMUDDIN,MAH,LATUR,D
MAHMAR37127,LONG LIFE TIMES,nan,111729.0,MAHMAR/2011/39172,PATIL SAMBHAJI DAGDU,MAH,LATUR,D
MAHMAR01496,DHARASHIV TIMES,nan,49843.0,49843/ 78,SHENDGE NARSHING BABURAO,MAH,LATUR,D
MAHMUL03308,EKMAT TIMES,एकमत टाईम्स,134085.0,MAHMUL/2015/61530,PATHAN MASUMKHAN ISMAIL KHAN,MAH,LATUR,W
MAHMAR27411,SIDDESHWAR TIMES,nan,87997.0,MAHMAR/2005/15440,GADEKAR BALAJI GANPATRAO,MAH,LATUR,W
MAHMAR45955,AJINTHA TIMES,nan,135382.0,MAHMAR/2015/62827,WAGHMARE KISHOR VISHWANATH,MAH,LATUR,W
MAHMAR48948,SEEMAWARTA TIMES,nan,,UR,RAM MAROTI JADHAV,MAH,LATUR,W
MAHMAR51860,CHAKUR TIMES,nan,,nan,SANGMESHWAR MADHAVRAO JANGAWE,MAH,LATUR,W
MAHMAR38582,PRATIBANDH TIMES,nan,114836.0,MAHMAR/2012/42279,MOGLE RAJKUMAR VENKATRAO,MAH,LATUR,W
MAHMAR45027,JANTECHA MAHASANGRAM TIMES,nan,131231.0,MAHMAR/2014/58676,RAJKUMAR MANOHAR SURYAWANSHI,MAH,LATUR,W
MAHMAR42934,KALYUG TIMES,कलयुग टाइम्स,133096.0,MAHMAR/2014/60541,SHINDE BALAJI VITTHALRAO,MAH,LATUR,W
MAHMAR35453,MANJARA TIMES,मांजरा टाइम्स,103716.0,MAHMAR/2009/31159,PATHAN SHOEB MOJJAM KHAN,MAH,LATUR,W
MAHMAR52713,BEING HUMAN TIMES,nan,,nan,MASUMKHAN ISMAILKHAN PATHAN,MAH,LATUR,W
MAHMAR13285,SHIV TIMES,nan,73037.0,MAHMAR/2000/00480,JADHAV HARISHCHANDRA DHONDIRAM,MAH,LATUR,W
MAHHIN09987,LATUR AZAD TIMES,nan,,UR,SAYED SHAHABAZ NOOR,MAH,LATUR,W
MAHMAR12538,AUSA TIMES,nan,76158.0,MAHMAR/1994/03601,SHAM DHONDO KULKARNI,MAH,LATUR,W
MAHMAR35212,VIKAS TIMES,विकास टाइम्स,107353.0,MAHMAR/2010/34796,SHAIKH SHOEBUDDIN AINUDDIN,MAH,LATUR,W
MAHBIL02924,MAHABALESHWAR TIMES,nan,4474.0,4474/ 68,OMPRAKASH RAMLAL SARDA,MAH,MAHABALESHWAR,M
MAHBIL00725,MOHADI TIMES,nan,67116.0,67116/ 86,SITARAM R SHARMA,MAH,MOHADI,W
MAHBIL06826,KALAKARI TIMES,nan,129678.0,MAHBIL/2014/57123,FOURTH DIMENSION CONNOISSEUR OF ART,MAH,MUMABAI,M
MAHURD02377,MIM TIMES,nan,127050.0,MAHURD/2014/54495,RAEES AHMED AHMED NABI ANSARI,MAH,MUMABAI,W
MAHENG00646,CHEMICAL TIMES,nan,31840.0,31840/ 75,COLOUR PUBLICATIONS PVT. LTD.,MAH,MUMBAI,A
MAHENG07416,THE TIMES OF IND. DIR. & YEAR BOOK (INC WHO'S WHO),nan,14188.0,14188/ 67,"BENNETT, COLEMAN & PUBLIC LTD.",MAH,MUMBAI,A
MAHENG11306,THE TIMES OF INDIA ANNUAL,टाइम्स ऑफ़ इंडिया एनुअल,14189.0,14189/ 67,THE TIMES OF INDIA PRESS,MAH,MUMBAI,A
MAHMAR44881,JAGARUK POLICE TIMES,nan,141502.0,MAHMAR/2016/68947,KAVYA SAWANT,MAH,MUMBAI,A
MAHENG01124,ECONOMIC TIMES ANNUAL,nan,31913.0,31913/ 72,BENNETT COLEMAN & CO. LTD.,MAH,MUMBAI,A
MAHMAR17373,MAHARASHTRA TIMES ANNUAL,nan,27741.0,27741/ 73,"BENNETT, COLEMAN & CO.LTD",MAH,MUMBAI,A
MAHHIN09312,RASHTRIYA MANAVADHIKAR TIMES,राष्ट्रीय मानवाधिकार टाइम्स,141797.0,MAHHIN/2016/69242,KAVYA SAWANT,MAH,MUMBAI,A
MAHENG14261,IBJA TIMES,nan,144541.0,MAHENG/2017/71986,INDIA BULLION AND JEWELLERS ASSOCIATION LIMITED,MAH,MUMBAI,BM
MAHENG13550,TIMES FASHIONISTIQUE,nan,129393.0,MAHENG/2014/56838,"BENNETT, COLEMAN & CO.LTD",MAH,MUMBAI,BM
MAHENG09783,THE APPAREL TIMES,nan,88136.0,MAHENG/2005/15579,PRAKASH HARISCHANDRA KINNY,MAH,MUMBAI,BM
MAHENG07421,TOURIST TIMES,nan,11296.0,11296/ 66,INDO-FOREIGN PUBLICATIONS & PUBLICITY PVT LTD,MAH,MUMBAI,BM
MAHBIL07260,ZBF TIMES,nan,137420.0,MAHBIL/2015/64865,ANOOPCHAND K.SHAH,MAH,MUMBAI,BM
MAHENG12545,OCULAR TIMES,nan,111638.0,MAHENG/2010/39081,RAJESH DAVE,MAH,MUMBAI,BM
MAHMAR46048,JAGALYA POLICE TIMES,nan,143948.0,MAHMAR/2017/71393,RAKESH MANOHAR KHANVILKAR,MAH,MUMBAI,BM
MAHENG08319,TIMES AGRICULTURE JOURNAL,nan,80469.0,MAHENG/2001/07912,"BENNETT, COLEMAN & CO.LTD",MAH,MUMBAI,BM
MAHMAR47518,RATNAGIRI TIMES,रत्नागिरी टाइम्स,138489.0,MAHMAR/2015/65934,ULHAS PUBLICATIONS PVT. LTD.,MAH,MUMBAI,D
MAHMAR29643,MALHAR TIMES,मल्हार टाइम्स,91412.0,MAHMAR/2007/18855,MAHADEO JAGANNATH JANKAR,MAH,MUMBAI,D
MAHMAR39312,MAHARASHTRA NIRMAN TIMES,nan,113554.0,MAHMAR/2011/40997,YOGESH PANDURANG KUPEKAR,MAH,MUMBAI,D
MAHENG07383,DAILY SHIPPING TIMES,nan,6425.0,6425/ 60,KALPESH NAGINDAS MODI,MAH,MUMBAI,D
MAHMAR39482,THE GLOBAL TIMES,nan,117178.0,MAHMAR/2012/44621,MANALI TUSHAR KHANVILKAR,MAH,MUMBAI,D
MAHENG08134,BOMBAY TIMES,nan,74737.0,MAHENG/2000/02180,"BENNETT, COLEMAN & CO. LTD",MAH,MUMBAI,D
MAHMAR45423,NIRBHAY POLICE TIMES,निर्भय पुलिस टाईम्स,132790.0,MAHMAR/2015/60235,DAYANAND NAMDEV MALVE,MAH,MUMBAI,D
MAHURD02349,HUDA TIMES,nan,134531.0,MAHURD/2014/61976,ABDUL QAYYUM SHAIKH(MUSTAQEEM MAKKI),MAH,MUMBAI,D
MAHBIL06825,MAHAN BHARAT TIMES,महान भारत टाइम्स,136294.0,MAHBIL/2014/63739,REHANA A. KHAN,MAH,MUMBAI,D
MAHHIN00786,NAVBHARAT TIMES,नवभारत टाइम्स,1613.0,1613/ 57,"BENNETT, COLEMAN & CO.LTD",MAH,MUMBAI,D
MAHENG03721,THE TIMES OF INDIA,द टाइम्स ऑफ़ इंडिया,1547.0,1547/ 57,"BENNETT, COLEMAN & CO. LTD",MAH,MUMBAI,D
MAHHIN10300,NEW UPNAGAR TIMES,nan,154321.0,MAHHIN/2021/81766,DAYASHANKAR RAMLAKHAN MISHRA,MAH,MUMBAI,D
MAHENG13667,TIMES DAY,nan,131540.0,MAHENG/2014/58985,MANISH SARAF,MAH,MUMBAI,D
MAHHIN06691,MUMBAI KESARI TIMES,मुंबई केसरी टाइम्स,97719.0,MAHHIN/2008/25162,VISHWAPRATAP SINGH,MAH,MUMBAI,D
MAHMAR23500,JANATA CRIME TIMES,nan,80513.0,MAHMAR/2002/07956,AMOL VASUDEO KADAM,MAH,MUMBAI,D
MAHHIN09893,SHETTY TIMES,nan,147852.0,MAHHIN/2018/75297,SURESH MANI SHETTY,MAH,MUMBAI,D
MAHMAR44412,MUMBAI TIMES,मुंबई टाईम्स,133489.0,MAHMAR/2014/60934,"BENNETT, COLEMAN & CO.LTD",MAH,MUMBAI,D
MAHHIN10366,LOKBHOOMI TIMES,nan,,UR,DIPALI BIRAJI KAMBLE,MAH,MUMBAI,D
MAHHIN09178,SAAMNA TIMES,सामना टाइम्स,129677.0,MAHHIN/2014/57122,SHIV DARSHAN PRAKASHAN,MAH,MUMBAI,D
MAHHIN05127,JAGRUK TIMES,nan,86312.0,MAHHIN/2004/13755,NARAYAN PUBLICATION PVT. LTD.,MAH,MUMBAI,D
MAHHIN05897,MUMBAI HINDMATA TIMES,nan,92904.0,MAHHIN/2006/20347,VIJAY RAMNAGINA SINGH,MAH,MUMBAI,D
MAHMAR23780,NIRBHAY MANTRALAYA TIMES,नि्भय,82647.0,MAHMAR/2003/10090,VIJAYSINH SHAHAJIRAO DESMUKH,MAH,MUMBAI,D
MAHHIN09232,TIRTHRAJ TIMES,तीर्थराज टाइम्‍स,147002.0,MAHHIN/2017/74447,G. P. TIWARI,MAH,MUMBAI,D
MAHENG13842,ACTIVE TIMES,nan,135615.0,MAHENG/2015/63060,M.S. MEDIA & PUBLICATIONS PRIVATE LIMITED,MAH,MUMBAI,D
MAHMAR31359,AAPLA SANJ SAHAYADRI TIMES,आपला सांज सह्याद्री टाइम्‍स,93496.0,MAHMAR/2007/20939,S.B.KALE,MAH,MUMBAI,D
MAHHIN04606,MUMBAI VISHWA PRAHARI TIMES,मुंबई विश्व प्रहरी टाइम्स,83197.0,MAHHIN/2003/10640,HIND MEDIA PUBLICATION,MAH,MUMBAI,D
MAHTAM00079,MUMBAI TAMIL TIMES,nan,65866.0,65866/ 96,SHREE AMBIKA PRINTERS & PUBLICATIONS,MAH,MUMBAI,D
MAHENG06573,PUNE TIMES OF INDIA,पुणे टाइम्स ऑफ़ इंडिया,72796.0,MAHENG/1999/00239,"BENNETT, COLEMAN & CO.LTD.",MAH,MUMBAI,D
MAHHIN02515,EAGLE TIMES,nan,64020.0,64020/ 96,SMT.SHAHEEN S.ANSARI,MAH,MUMBAI,D
MAHENG11730,THE TIMES OF NAVI MUMBAI,दि टाइम्स ऑफ़ नवी मुंबई,100648.0,MAHENG/2008/28091,"BENNETT, COLEMAN & CO.LTD",MAH,MUMBAI,D
MAHENG10005,HINDUSTAN TIMES,हिंदुस्तान टाइम्स,87743.0,MAHENG/2005/15186,HT MEDIA LTD,MAH,MUMBAI,D
MAHMAR25458,MAHANAGRI TIMES,nan,84432.0,MAHMAR/2004/11875,SADASHIV BHIWA KERKAR,MAH,MUMBAI,D
MAHMAR37777,THE MHASLA TIMES,nan,124878.0,MAHMAR/2012/52323,SHUBHADA RAMESH POTLE,MAH,MUMBAI,D
MAHURD00812,URDU TIMES,nan,6187.0,6187/ 60,"M/S. URDU TIMES DAILY (PARTNERSHIP FIRM), MUMBAI",MAH,MUMBAI,D
MAHMAR03442,MAHARASHTRA TIMES,nan,9249.0,9249/ 62,"BENNETT, COLEMAN & CO.LTD",MAH,MUMBAI,D
MAHGUJ01887,THE ECONOMIC TIMES,nan,95735.0,MAHGUJ/2008/23178,"BENNETT, COLEMAN & CO.LTD",MAH,MUMBAI,DF
MAHBIL05179,THE ECONOMIC TIMES,nan,96682.0,MAHBIL/2007/24125,"BENNETT, COLEMAN & CO.LTD",MAH,MUMBAI,DF
MAHENG01125,THE ECONOMIC TIMES,nan,6252.0,6252/ 61,"BENNETT, COLEMAN & CO. LTD.",MAH,MUMBAI,DS
MAHHIN08336,SUPRIYA TIMES,nan,125863.0,MAHHIN/2011/53308,MOHD. SAJID QURESHI,MAH,MUMBAI,F
MAHENG05024,BOMBAY URBAN TIMES,nan,39810.0,39810/ 81,RANJIT KUMAR DESHMUKH,MAH,MUMBAI,F
MAHENG05705,ARIAN INDUSTRIAL TIMES,nan,59854.0,59854/ 94,MALVINDRA JIT SINGH,MAH,MUMBAI,F
MAHENG08910,REALTY TIMES,nan,83344.0,MAHENG/2003/10787,DINESH KUMAR JOSHI,MAH,MUMBAI,F
MAHMAR35524,SUVICHAR TIMES,nan,108884.0,MAHMAR/2010/36327,SURESH BHAJAN JAGTAP,MAH,MUMBAI,F
MAHMAR16781,ALLROUNDER CRICKET TIMES,nan,70316.0,70316/ 98,SUNIL GOPINATH GHARKAR,MAH,MUMBAI,F
MAHENG06072,THE COURIER AND CARGO TIMES,nan,64763.0,64763/ 96,VISHWAJEET KSHIRSAGAR,MAH,MUMBAI,F
MAHMAR39214,HIMALAYA TIMES,हिमालय टाइम्स,113043.0,MAHMAR/2011/40486,RAJU MANIK BAJINOR,MAH,MUMBAI,F
MAHBIL02023,TIMES PARIVAR,nan,57051.0,57051/ 93,"BENNETT, COLEMAN & CO.LTD",MAH,MUMBAI,F
MAHHIN03190,MAHANAGAR NAGIK MASHOOR TIMES,महानगर नगीक मसहूर टाइम्स,49900.0,49900/ 90,RAFIQ ALI BAJARIA,MAH,MUMBAI,F
MAHENG13927,SATYA KIRAN TIMES,सत्य किरण टाईम्स,139099.0,MAHENG/2015/66544,KRISHNAN SADANANDAN EDUCATIONAL TRUST,MAH,MUMBAI,F
MAHHIN07011,GODWAD TIMES,nan,99566.0,MAHHIN/2008/27009,RAJESH MALVIYA,MAH,MUMBAI,F
MAHHIN04531,YASH TIMES,nan,84852.0,MAHHIN/2003/12295,SHRAWAN KR.CHAUBAY,MAH,MUMBAI,F
MAHHIN09742,MASTAN TIMES,nan,27782.0,27782/ 74,KHAN ABDUL BASIT,MAH,MUMBAI,F
MAHHIN09787,PUNJAB SHAKTI TIMES,पंजाब शक्ति टाइम्स,144861.0,MAHHIN/2016/72306,HARMEET SINGH GURNAM SINGH CHOUDHARY,MAH,MUMBAI,F
MAHMUL01928,BANDARAJI TIMES,nan,86802.0,MAHMUL/2004/14245,PRAFUL MULJI DHARAMSHI,MAH,MUMBAI,F
MAHMAR40349,UDGIR TIMES,nan,114924.0,MAHMAR/2012/42367,RAVI SITARAM GAIKWAD,MAH,MUMBAI,F
MAHHIN09519,SION TIMES,सायन टाईम्स,134498.0,MAHHIN/2015/61943,ARUN VERMA,MAH,MUMBAI,F
MAHMAR36648,MEE SWABHIMANI TIMES,nan,109857.0,MAHMAR/2010/37300,PUSHPA ROHIDAS SHINDE,MAH,MUMBAI,F
MAHMAR46428,SAKSHAM POLICE TIMES,nan,144700.0,MAHMAR/2016/72145,VISHAL BHAUSAHEB ZAMBARE,MAH,MUMBAI,F
MAHURD00478,MOVIE TIMES,nan,20700.0,20700/ 70,SYED MEHBOOBALI 'BARQUE' AND BEENA RANI NAAZ\,MAH,MUMBAI,F
MAHENG00023,ACCOMMODATION TIMES,nan,20830.0,20830/ 71,ACCOMMODATION TIMES PVT.LTD,MAH,MUMBAI,F
MAHENG12417,MY TIMES,माय टाइम्स,107263.0,MAHENG/2010/34706,"BENNETT, COLEMAN & CO.LTD",MAH,MUMBAI,F
MAHENG04314,INDUSTRIAL TIMES,nan,6077.0,6077/ 59,"EVE'S WEEKLY PVT LTD, MUMBAI",MAH,MUMBAI,F
MAHHIN00827,OSHO TIMES INTERNATIONAL,ओशो टाइम्स इंटरनेशनल,46950.0,46950/ 88,TAO PUBLISHING PVT. LTD.,MAH,MUMBAI,F
MAHMAR41100,GUNHE POLICE TIMES,nan,119631.0,MAHMAR/2012/47074,ASHOK GANPAT INGAWALE,MAH,MUMBAI,F
MAHENG12439,MUMBAI ESTATE TIMES,nan,107824.0,MAHENG/2010/35267,JAYESH HANSRAJ SHAH,MAH,MUMBAI,F
MAHENG14064,SUBURBAN TIMES,nan,27770.0,27770/ 74,"A.J.PIMENTA, (2) H.S.KRISHNA PRASAD",MAH,MUMBAI,F
MAHGUJ01297,YOUR TIMES VALUE,nan,59914.0,59914/ 94,VINOD K. BHAGAT,MAH,MUMBAI,F
MAHENG07455,YOUTH TIMES,nan,23766.0,23766/ 72,"BENNETT, COLEMAN & CO.LTD",MAH,MUMBAI,F
MAHMAR32387,RAJDHANI TIMES,nan,99487.0,MAHMAR/2009/26930,MOHAN GYANBA GUJAR,MAH,MUMBAI,F
MAHHIN08446,SARAL SAMWAD TIMES,nan,113869.0,MAHHIN/2011/41312,SANJAY KUMAR TRIBHUWAN SINGH,MAH,MUMBAI,F
MAHENG02425,THE MARINE TIMES,nan,16795.0,16795/ 68,M/S MARINE TIMES PUBLICATION PVT. LTD.,MAH,MUMBAI,F
MAHENG04122,THE INDEPENDENT NEWS TIMES,nan,49992.0,49992/ 91,RAM GOPALRAO KUKADE,MAH,MUMBAI,F
MAHENG01376,FUNDAY TIMES,nan,49756.0,49756/ 88,KIDSTAFF COMMUNICATION PVT. LTD.,MAH,MUMBAI,F
MAHHIN07694,AMARDEEP TIMES,अमरदीप टाइम्स,106130.0,MAHHIN/2010/33573,ARUN V. SINGH,MAH,MUMBAI,F
MAHMUL00302,LOTTERY TIMES,nan,18765.0,18765/ 69,MAHENDRA BAKLIWAL,MAH,MUMBAI,F
MAHENG09924,THE INFORMATION TIMES,दी इनफारमेशन टाईम्स,89402.0,MAHENG/2006/16845,ABDUL HAFIZ KHAN,MAH,MUMBAI,F
MAHENG09619,THE IDA TIMES,nan,88285.0,MAHENG/2004/15728,INDIAN DENTAL ASSOCIATION,MAH,MUMBAI,M
MAHENG10639,MAHARASHTRA CO-OPERATIVE HOUSING SOCIETY TIMES,महा,92030.0,MAHENG/2006/19473,SANJAY MURARI CHATURVEDI,MAH,MUMBAI,M
MAHENG10877,SEZ TIMES,सैज़,93086.0,MAHENG/2007/20529,ROMMEL RODRIGUES,MAH,MUMBAI,M
MAHENG14274,THE MEDLEGAL TIMES,nan,146195.0,MAHENG/2017/73640,INSTITUTE OF MEDICINE AND LAW,MAH,MUMBAI,M
MAHGUJ00707,VAHORA TIMES,nan,9109.0,9109/ 61,GULAMNABI ABDUL KARIM VAHORA,MAH,MUMBAI,M
MAHMAR15062,COMMUNITY TIMES,nan,66840.0,66840/ 97,YASHWANT BANSODE,MAH,MUMBAI,M
MAHMAR40490,CORPORATE TIMES,nan,120287.0,MAHMAR/2013/47730,DEEPAK KONDIBA KAMBLE,MAH,MUMBAI,M
MAHMUL03570,MEMON TIMES,nan,145164.0,MAHMUL/2017/72609,MEMON FOUNDATION,MAH,MUMBAI,M
MAHHIN08200,HUMAN RIGHTS TIMES,nan,113849.0,MAHHIN/2011/41292,VINOD KUMAR SINGH,MAH,MUMBAI,M
MAHMAR34005,BHAGIRATHI TIMES,भागीरथी टाइम्स,100866.0,MAHMAR/2009/28309,LAXMAN BHIVA PAVASKAR,MAH,MUMBAI,M
MAHBIL03576,DIOTEK TIMES,nan,80038.0,MAHBIL/2001/07481,K.G.K. NAIR,MAH,MUMBAI,M
MAHENG01933,INDUSTRIAL SECURITY TIMES,nan,9433.0,9433/ 64,SECURITY ORGANISATION AND METHODS COUSULTANTS,MAH,MUMBAI,M
MAHENG04969,MEDICAL TIMES,nan,19149.0,19149/ 71,SANDOZ (INDIA) LTD,MAH,MUMBAI,M
MAHURD01973,THE REVOLUTION TIMES,द रेवोलुशन टाइम्स,93781.0,MAHURD/2007/21224,HAFIZULLA SHEIKH,MAH,MUMBAI,M
MAHMAR39876,SAMYAK TIMES,nan,114881.0,MAHMAR/2011/42324,DEEPAK LAXMAN JADHAV,MAH,MUMBAI,M
MAHENG07408,TEA TIMES,nan,37563.0,37563/ 80,SANDOZ INDIA LTD.,MAH,MUMBAI,M
MAHURD01460,NAONIHAL TIMES,nan,11522.0,11522/ 65,HUSAIN JAVED,MAH,MUMBAI,M
MAHURD02298,AWAMI TIMES,nan,116128.0,MAHURD/2012/43571,M.D.SABIR,MAH,MUMBAI,M
MAHURD00665,STUDENT TIMES,nan,22786.0,22786/ 73,ANDOLAN PRAKASHAN,MAH,MUMBAI,M
MAHENG12226,AIFTP TIMES,AIFTP TIMES,105467.0,MAHENG/2010/32910,ALL INDIA FEDERATION OF TAX PRACTITIONERS,MAH,MUMBAI,M
MAHMAR42104,JAN BHARAT TIMES,जन भारत टाइम्स,131921.0,MAHMAR/2013/59366,DEVENDRA RAU PATIL,MAH,MUMBAI,M
MAHMAR31496,RANVI TIMES,रानवी टाइम्स,96961.0,MAHMAR/2007/24404,VIJAYA SANTOSH KADAM,MAH,MUMBAI,M
MAHENG13519,TRADE FAIR TIMES,nan,129132.0,MAHENG/2014/56577,SYED MOHAMMAD QUAIM,MAH,MUMBAI,M
MAHENG13622,EQUIPMENT TIMES,nan,128377.0,MAHENG/2014/55822,RAMAMURTHY T. MAYAVAN,MAH,MUMBAI,M
MAHHIN09200,SITARA TIMES,सितारा टाइम्स,132954.0,MAHHIN/2014/60399,ABUL HASAN KHAN,MAH,MUMBAI,M
MAHENG02877,PHARMA TIMES,nan,18943.0,18943/ 69,THE INDIAN PHAMACEUTICAL ASSOCIATION,MAH,MUMBAI,M
MAHENG03107,RADIO TIMES OF INDIA,रेडियो टाइम्स ऑफ़ इंडिया,1709.0,1709/ 57,AJAI KODAKHAN PAL,MAH,MUMBAI,M
MAHENG13381,WEDDING TIMES,nan,126740.0,MAHENG/2013/54185,"BENNETT, COLEMAN & CO.LTD",MAH,MUMBAI,M
MAHMAR38619,SAVALI TIMES,nan,110447.0,MAHMAR/2011/37890,SANJAY GANGARAM SALGAONKAR,MAH,MUMBAI,M
MAHHIN06135,VILE PARLE TIMES,वि‍लेपार्ले टाइम्‍स,93761.0,MAHHIN/2007/21204,RAKESH S. SINGH,MAH,MUMBAI,M
MAHHIN08854,INDIA CRIME TIMES,इंडिया क्राईम टाईम्स,129013.0,MAHHIN/2013/56458,CHANDRAKANT (ALIAS NANDU) HANUMAN CHAVAN,MAH,MUMBAI,M
MAHMUL01563,NOVELTY TIMES,nan,76738.0,MAHMUL2001/04181,HEMA N. RANA,MAH,MUMBAI,M
MAHENG08236,TIMES FOOD PROCESSING JOURNAL,nan,78611.0,MAHENG/2001/06084,"BENNETT, COLEMAN & CO.LTD",MAH,MUMBAI,M
MAHENG12725,BANDRA TIMES,nan,118075.0,MAHENG/2011/45518,CLARENCE AMBROSE GOMES,MAH,MUMBAI,M
MAHBIL04389,PRASHASKIY YOJANA TIMES,nan,89019.0,MAHBIL/2006/16462,BALU APPA PANDIT,MAH,MUMBAI,M
MAHMAR45470,PALAK TIMES,पलक टाइम्स,134794.0,MAHMAR/2015/62239,ANIL NANASAHEB PATIL,MAH,MUMBAI,M
MAHMAR47876,MAHARASHTRA CRIME TIMES,nan,144124.0,MAHMAR/2016/71569,RAKESH SHANKAR GORE,MAH,MUMBAI,M
MAHENG02355,MAIL ORDER TIMES,मेल आर्डर टाइम्स,22857.0,22857/ 75,MAIL ORDER SALES PVT. LTD.,MAH,MUMBAI,M
MAHMAL00267,SOUL INDIA TIMES,nan,68252.0,68252/ 97,SOUL INDIA FARMS PVT LTD,MAH,MUMBAI,M
MAHENG09212,WOCKHARDT MEDICAL TIMES,nan,85062.0,MAHENG/2003/12505,WORKHARD PTD.,MAH,MUMBAI,M
MAHURD02048,HUDA TIMES,हुडा टाइम्स,100474.0,MAHURD/2008/27917,ABDUL QAYYUM SHAIKH (MUSTAQEEM MAKKI),MAH,MUMBAI,M
MAHENG01201,EXTRUSION TIMES,nan,19060.0,19060/ 70,EXTRUSION PROCESSES PVT LTD.,MAH,MUMBAI,M
MAHHIN08372,CHALAK TIMES,nan,117187.0,MAHHIN/2012/44630,SHASHIKANT TUKARAM KAWALE,MAH,MUMBAI,M
MAHHIN07588,PAHEL JAIHIND TIMES,PAHEL JAIHIND TIMES,106045.0,MAHHIN/2010/33488,DRIGESH SHRIPATI YADAV,MAH,MUMBAI,M
MAHHIN07731,NAVIK TIMES,नाविक टाइम्स,104626.0,MAHHIN/2010/32069,GANESH GOPAL NAIK,MAH,MUMBAI,M
MAHENG13800,FEMINA WEDDING TIMES,nan,139974.0,MAHENG/2015/67419,"BENNETT, COLEMAN & CO.LTD",MAH,MUMBAI,M
MAHBIL01158,SHOBANA TIMES,nan,22888.0,22888/ 75,"SHOBANA SERVICES COMMERCIAL MENOR, MUMBAI",MAH,MUMBAI,M
MAHENG02708,NEWS TIMES,nan,14599.0,14599/ 67,PREM PUBLICATIONS,MAH,MUMBAI,M
MAHBIL07007,THE DIAPER TIMES,दी डायपर टाईम्‍स,132285.0,MAHBIL/2014/59730,MAHENDRA RAMRATAN SHARMA,MAH,MUMBAI,M
MAHMAR52028,KARMACHARI TIMES,nan,160057.0,MAHMAR/2023/87502,RAJYA SARKARI GAT D KARMACHARI MADHYAVARTI SANGHATANA,MAH,MUMBAI,M
MAHENG13729,DALAL TIMES MAGAZINE,nan,131419.0,MAHENG/2014/58864,TECHNICAL OUTLOOK PVT. LTD.,MAH,MUMBAI,M
MAHENG08348,TIMES SHIPPING JOURNAL,nan,76710.0,MAHENG2001/04183,M/S WORLDWIDE MEDIA LTD,MAH,MUMBAI,M
MAHENG13272,TIMES OF DHARAVI,टाइम्स ऑफ़ धरावी,129398.0,MAHENG/2014/56843,RAJENDRA DATTARAM KORDE,MAH,MUMBAI,M
MAHENG13560,TIMES FOODISTA,nan,130900.0,MAHENG/2014/58345,"BENNETT, COLEMAN & CO.LTD",MAH,MUMBAI,M
MAHHIN05909,KHANDELWAL TIMES,nan,97855.0,MAHHIN/2008/25298,NEEL ANANT,MAH,MUMBAI,M
MAHMAR43149,SATARK POLICE TIMES,nan,131187.0,MAHMAR/2014/58632,RAJU GANPAT JADHAV,MAH,MUMBAI,M
MAHHIN03072,BOLLYWOOD TIMES,nan,71430.0,71430/ 99,ASHWANI KUMAR SHARMA,MAH,MUMBAI,M
MAHENG08192,THE TIMES JOURNAL OF PHOTOGRAPHY,nan,77047.0,MAHENG/2000/04490,M/S WORLDWIDE MEDIA LTD,MAH,MUMBAI,M
MAHENG09696,HARVEST TIMES FOR YOUR FAMILY,nan,86780.0,MAHENG/2004/14223,GOSPEL LITERATURE SERVICE,MAH,MUMBAI,M
MAHENG09827,ULTRA ENTERTAINMENT TIMES,nan,87463.0,MAHENG/2005/14906,SUSHILKUMAR AGRAWAL,MAH,MUMBAI,M
MAHENG11887,ANIMAL TIMES,एनिमल टाइम्स,100804.0,MAHENG/2009/28247,ABDUL KARIM RAOF KHAN,MAH,MUMBAI,M
MAHENG02095,JOHNSONS TIMES,nan,47084.0,47084/ 87,JOHNSON & JOHNSON LTD.,MAH,MUMBAI,M
MAHENG03264,THE STAT TRADE TIMES,nan,43778.0,43778/ 86,RUPAJ KUMAR PATRA,MAH,MUMBAI,M
MAHHIN09398,MAHANAGAR PALIKA TIMES,महानगर पालिका टाईम्स,134635.0,MAHHIN/2015/62080,SARITA R. SINGH,MAH,MUMBAI,M
MAHGUJ00331,KUTCH TIMES,nan,31596.0,31596/ 76,MAGAN LAL M SHAH,MAH,MUMBAI,M
MAHENG12894,DOCTOR TIMES,nan,113426.0,MAHENG/2011/40869,DR. MAHABALI ADHYASHANKAR SINGH,MAH,MUMBAI,M
MAHMAR20873,PRATI PRAHAR TIMES,nan,76600.0,MAHMAR/2001/04043,SANGITA VASANT POL,MAH,MUMBAI,M
MAHURD02146,UNANI TIMES,यूनानी टाइम्स,103300.0,MAHURD/2009/30743,DR. MOHAMMED AZEEM BAIG,MAH,MUMBAI,M
MAHMUL03188,GRAHAKHACHI MAHADHIKAR TIMES,ग्राहकांची महाधिकार टाइम्स,134719.0,MAHMUL/2015/62164,BAVACHAN KOLANKANNY VARGHESE,MAH,MUMBAI,M
MAHSIN00222,SAHYOG TIMES INTERNATIONAL,nan,63232.0,63232/ 95,RAM JAWHRANI,MAH,MUMBAI,M
MAHENG07298,MEDI BOOK TIMES,nan,37682.0,37682/ 81,BHAWANI BOOK DEPOT,MAH,MUMBAI,M
MAHMAR44169,SHAKTISHALI TIMES,शक्तिशाली टाइम्स,136291.0,MAHMAR/2015/63736,SITA RADHESHYAM SONAR,MAH,MUMBAI,M
MAHHIN08575,MEMON TIMES,nan,116402.0,MAHHIN/2012/43845,MEMON FOUNDATION,MAH,MUMBAI,M
MAHHIN08634,PANDIAN TIMES,nan,125118.0,MAHHIN/2012/52563,MICHIAL P. NADAR,MAH,MUMBAI,M
MAHHIN06849,ABHUSHAN TIMES,आभूषण टाईम्स,97531.0,MAHHIN/2008/24974,LODHA SIDHRAJ SOHANRAJJI,MAH,MUMBAI,M
MAHMAR20868,DEWOO TIMES,nan,77266.0,MAHMAR2001/04709,DEVENDRA RAMCHANDRA PATIL,MAH,MUMBAI,M
MAHHIN02847,UPHAR TIMES,nan,72137.0,72137/ 97,PIYUSH KUMAR,MAH,MUMBAI,M
MAHENG12511,ONE DAY SURGERY TIMES,nan,121208.0,MAHENG/2012/48653,T. NARESH ROW,MAH,MUMBAI,M
MAHENG12609,NAVIK TIMES,नाविक टाइम्स,112092.0,MAHENG/2011/39535,GANESH GOPAL NAIK,MAH,MUMBAI,M
MAHENG13623,CONSTRUCTION TIMES,nan,128419.0,MAHENG/2014/55864,M/S. ARK EVENTS AND MEDIA PVT. LTD.,MAH,MUMBAI,M
MAHENG05814,SAHYOG TIMES INTERNATIONAL,nan,62474.0,62474/ 94,RAM JAWHRANI,MAH,MUMBAI,M
MAHENG07767,INTERNATIONAL MARTIAL ARTS TIMES,nan,74079.0,MAHENG/2000/01522,SADANAND RAMLOO PADMA,MAH,MUMBAI,M
MAHENG03788,TRANS AIR TIMES,nan,11611.0,11611/ 66,D.B. GHANDAT,MAH,MUMBAI,M
MAHBIL05961,THE DAS TIMES,nan,107789.0,MAHBIL/2010/35232,KULWANT SINGH,MAH,MUMBAI,M
MAHHIN08258,SAHLAB TIMES,nan,114091.0,MAHHIN/2011/41534,BASHIR AHMAD SAYYED,MAH,MUMBAI,M
MAHHIN05655,RAIBARELEY AMETHI TIMES,रायबरेली अमेठी टाइम्स,94571.0,MAHHIN/2007/22014,DAYASHANKAR MISHRA,MAH,MUMBAI,M
MAHBIL00440,THE HOUSING TIMES,nan,39837.0,39837/ 82,THE MUMBAI DISTRICT CO.OPERATIVE HOUSING FEDERATION LTD.,MAH,MUMBAI,M
MAHBIL02916,KHOJA TIMES,nan,9122.0,9122/ 63,CHHOTABHAI M. BATTIWALA,MAH,MUMBAI,M
MAHENG07460,THE SMILE TIMES,nan,71930.0,71930/ 99,SMILE CARE CLINIC(P) LIMITED,MAH,MUMBAI,Q
MAHENG04860,CANTIMES,nan,50032.0,50032/ 91,CANBANK MUTUAL FUND,MAH,MUMBAI,Q
MAHENG07348,PROREYVON TIMES,nan,39861.0,39861/ 83,WOCK HARDT PVT. LTD.,MAH,MUMBAI,Q
MAHMUL00233,THE ISLAMIC TIMES,nan,54717.0,54717/ 91,ISLAMIC CULTURAL CENTER (INDIA),MAH,MUMBAI,Q
MAHENG14557,SOLAR TIMES,nan,,nan,SAPTAKALA MEDIA PRIVATE LIMITED,MAH,MUMBAI,Q
MAHENG14058,MESCO TIMES,nan,27749.0,27749/ 74,"MODERN EDUCATIONAL, SOCIAL AND CULTURAL ORGANISATION",MAH,MUMBAI,Q
MAHHIN03133,AYAKA TIMES,nan,14076.0,14076/ 67,AKHIL BHARAT TAKNIKI HINDI PARISHAD,MAH,MUMBAI,Q
MAHENG14556,FUN AND FROLIC HOLIDAY TIMES,nan,,nan,SAPTAKALA MEDIA PRIVATE LIMITED,MAH,MUMBAI,Q
MAHENG11732,THE TIMES OF SOUTH MUMBAI,दि टाइम्स ऑफ़ साउथ मुंबई,100708.0,MAHENG/2008/28151,"BENNETT, COLEMAN & CO.LTD",MAH,MUMBAI,THW
MAHENG05210,ASSIGNMENTS ABROAD TIMES,nan,56969.0,56969/ 93,AISHWARYA PUB (P)LTD,MAH,MUMBAI,TWW
MAHHIN07236,POWAI TIMES,पोवई टाइम्स,108522.0,MAHHIN/2010/35965,KAMALJEET BINNIE DALVI,MAH,MUMBAI,W
MAHHIN08003,MUMBAI NOBLE TIMES,nan,109212.0,MAHHIN/2010/36655,FAKHRULHUSAIN AMIRHASAN RIZVI,MAH,MUMBAI,W
MAHHIN08266,HAR PAL TIMES,nan,114931.0,MAHHIN/2011/42374,WASEEM JAMEEL KHAN,MAH,MUMBAI,W
MAHHIN09090,RAKEEB TIMES,राकिब टाईम्स,127261.0,MAHHIN/2013/54706,MOHD.RAZZAQ GHANI KHAN ALI,MAH,MUMBAI,W
MAHMAR38724,MAHARASHTRA TIMES SAMVAD,महाराष्ट्र टाइम्स संवाद,115317.0,MAHMAR/2011/42760,"BENNETT, COLEMAN & CO.LTD",MAH,MUMBAI,W
MAHMAR45749,SHIV SAI TIMES,शिव साई टाइम्स,137419.0,MAHMAR/2015/64864,UMESH RAMESH GAIKWAD,MAH,MUMBAI,W
MAHMAR46498,AUTO TIMES,ऑटो टाइम्स,140047.0,MAHMAR/2016/67492,SATISH ANAND KARKATE,MAH,MUMBAI,W
MAHMAR37343,JAN PRAKASH TIMES,nan,114880.0,MAHMAR/2011/42323,NARESH PRAKASH THAKUR,MAH,MUMBAI,W
MAHMAR42700,RASHTRIYA LOK PRATINIDHI TIMES,nan,122698.0,MAHMAR/2013/50143,RAJU GANPAT JADHAV,MAH,MUMBAI,W
MAHMAR34149,RAJARSHI TIMES,राजर्षि टाइम्स,107360.0,MAHMAR/2010/34803,SANJIVAN SHAMRAO DHERE,MAH,MUMBAI,W
MAHBIL03082,INDIA INSAF TIMES,nan,72355.0,72355/ 99,RAMESH KUMAR SHRIVASTAVA,MAH,MUMBAI,W
MAHMAR31326,ARUNODAY TIMES,अरूणोदय टाइम्स,94948.0,MAHMAR/2007/22391,ASHOK SHANKAR PARAB,MAH,MUMBAI,W
MAHHIN09362,GUNAH TIMES,गुनाह टाइम्स,131671.0,MAHHIN/2014/59116,MOHD. QUAMUDDIN ILIYAS KHAN,MAH,MUMBAI,W
MAHENG09801,TIMES LIFE,nan,95451.0,MAHENG/2008/22894,"BENNETT, COLEMAN & CO.LTD",MAH,MUMBAI,W
MAHENG14737,TIMES OF NATIONALISM,nan,,nan,INTERNATIONAL NEWS NETWORK BROADCASTING,MAH,MUMBAI,W
MAHKON00021,THE GOA TIMES,द गोवा टाइम्स,1670.0,1670/ 57,HELEN FERNANDES,MAH,MUMBAI,W
MAHENG05387,EAST WEST ANDHERI TIMES,nan,56972.0,56972/ 93,GAYLORDS PUBLICATIONS PVT LTD,MAH,MUMBAI,W
MAHENG04947,FILM LAND TIMES,nan,43791.0,43791/ 86,M/S NARMADA PRAKASHAN,MAH,MUMBAI,W
MAHENG03317,SUNDAY TIMES OF INDIA,द संडे टाइम्स ऑफ़ इंडिया,49904.0,49904/ 90,"BENNETT, COLEMAN & CO. LTD.",MAH,MUMBAI,W
MAHHIN03691,KEER TIMES,nan,75118.0,MAHHIN/2000/02561,BIRAMSINGH KEER,MAH,MUMBAI,W
MAHHIN05974,MEHFOOZ TIMES,मेहफूज टाईम्स,91220.0,MAHHIN/2006/18663,MOHAMMAD MEHFOOZ SHAIKH,MAH,MUMBAI,W
MAHHIN06805,ANUBHAVI TIMES,अनुभवी टाइम्स,97893.0,MAHHIN/2008/25336,DINESH MISHRA (BAISWARI),MAH,MUMBAI,W
MAHHIN09108,PUBLIC AFFAIR TIMES,पब्लिक अफेयर टाइम्स,132088.0,MAHHIN/2014/59533,SHAHID SAYYED GANI,MAH,MUMBAI,W
MAHHIN08435,KANDIVALI TIMES,nan,121392.0,MAHHIN/2013/48837,ASHISH LAL SAHEB SINGH,MAH,MUMBAI,W
MAHHIN08035,RASSAZ TIMES,रस्साज टाइम्स,107346.0,MAHHIN/2010/34789,RAIS AHMED BISMIL,MAH,MUMBAI,W
MAHMAR46056,SEVA LAKSHA TIMES,सेवा लक्ष टाइम्स,136152.0,MAHMAR/2015/63597,VILAS LAXMAN ADE,MAH,MUMBAI,W
MAHENG09390,COMPU-TIMES,nan,84096.0,MAHENG/2003/11539,KARUNA OFFSET PRINTERS PATNERSHIP FIRM,MAH,MUMBAI,W
MAHENG10257,THE AGNI TIMES,nan,88089.0,MAHENG/2005/15532,FAIYAZ SARFARAZ PATHAN,MAH,MUMBAI,W
MAHENG08414,TIMES PROPERTY,टाइम्स प्रॉपर्टी,76736.0,MAHENG2001/04179,"BENNETT, COLEMAN & CO.LTD",MAH,MUMBAI,W
MAHHIN02898,MADHYA MALAD TIMES,nan,68259.0,68259/ 98,RAJESH SURESH SHIRKE,MAH,MUMBAI,W
MAHHIN01876,EAST WEST UPNAGAR TIMES,nan,68267.0,68267/ 94,SHIVAJI D. GUPTA,MAH,MUMBAI,W
MAHMAR25966,MUMBAI TIMES SAMVAD,मुंबई टाइम्स संवाद,89173.0,MAHMAR/2005/16616,"BENNETT, COLEMAN & CO.LTD",MAH,MUMBAI,W
MAHHIN09941,HOME TIMES,होम टाइम्स,148524.0,MAHHIN/2016/75969,HEMANSHU GIRISH KOTHARI,MAH,MUMBAI,W
MAHHIN09567,DIVYA KAMAL TIMES,दिव्य कमल टाईम्स,135991.0,MAHHIN/2015/63436,NILESH HARGOVIND PANDYA,MAH,MUMBAI,W
MAHURD01113,THE INDIAN MUSLIM TIMES,nan,57110.0,57110/ 93,ABDUL GAFFAR HUSSAIN RIZVI,MAH,MUMBAI,W
MAHMUL03436,RAZAK TIMES,nan,18716.0,18716/ 68,ABDUL RAZAK MOHD ISHAQUE,MAH,MUMBAI,W
MAHMAR42259,RAVIVAR MAHARASHTRA TIMES,nan,120888.0,MAHMAR/2009/48332,"BENNETT, COLEMAN & CO.LTD",MAH,MUMBAI,W
MAHMAR42604,NIRBHAY POLICE TIMES,nan,122633.0,MAHMAR/2013/50078,DAYANAND NAMDEV MALVE,MAH,MUMBAI,W
MAHURD00158,BHIMDI TIMES,nan,18715.0,18715/ 69,YUNUS MUNEERI,MAH,MUMBAI,W
MAHMAR44643,YASHOBHARAT TIMES,यशोभारत टाइम्स,129730.0,MAHMAR/2014/57175,KALYAN VIJAY KAMBLI,MAH,MUMBAI,W
MAHGUJ01463,GHATKOPAR TIMES,nan,9126.0,9126/ 61,MATHURADAS KOOVERJI PATEL,MAH,MUMBAI,W
MAHMAR52829,UDYACHA BULAND TIMES,nan,,nan,BHAGYASHREE SANDEEP JADHAV,MAH,MUMBAI,W
MAHMAR48805,SINDHUDURGA TIMES,nan,146600.0,MAHMAR/2017/74045,SANTOSH GAJANAN SHIVGAN,MAH,MUMBAI,W
MAHHIN00098,ARTHIK TIMES,nan,16764.0,16764/ 68,UNITED PRESS (PARTNERSHIP FIRM),MAH,MUMBAI,W
MAHMAR31139,NIHAR TIMES,nan,99559.0,MAHMAR/2008/27002,SANJAY J. VARDAM,MAH,MUMBAI,W
MAHENG13559,THE ECONOMIC TIMES MAGAZINE,nan,129397.0,MAHENG/2014/56842,"BENNETT, COLEMAN & CO.LTD",MAH,MUMBAI,W
MAHHIN07791,INDIAN TIMES REVIEW,nan,110161.0,MAHHIN/2010/37604,AFZAL HUSSIAN ANSARI,MAH,MUMBAI,W
MAHHIN07807,SIYASHAT TIMES,nan,113939.0,MAHHIN/2011/41382,MISHRA MANJUDEVI S.,MAH,MUMBAI,W
MAHMAR18732,TWO WHEELAR TIMES,nan,77261.0,MAHMAR/2001/04704,MIT KISHORE SHINDE,MAH,MUMBAI,W
MAHHIN08456,SUBHANA TIMES,nan,118155.0,MAHHIN/2012/45598,NIYAJ IJAJ KHAN,MAH,MUMBAI,W
MAHENG14205,THE AVENUE TIMES,nan,144836.0,MAHENG/2017/72281,SHREYAN SANDESH GANDHI,MAH,MUMBAI,W
MAHMAR46429,HOME TIMES,होम टाइम्स,139427.0,MAHMAR/2016/66872,HEMANSHU GIRISH KOTHARI,MAH,MUMBAI,W
MAHGUJ01265,MONEY TIMES,nan,63585.0,63585/ 92,TIME COMMUNICATIONS LTD.,MAH,MUMBAI,W
MAHMAR17009,MANDANGAD TIMES,nan,77872.0,MAHMAR/2000/05315,DNYANDEV RAMCHANDRA KHAMBE,MAH,MUMBAI,W
MAHMAR07210,VIDYARTHI TIMES,nan,24104.0,24104/ 73,GHOGHARI VISA OSWAL SHUBHECHHA MANDAL,MAH,MUMBAI,W
MAHMAR40597,SHIKSHAN TIMES,nan,120156.0,MAHMAR/2012/47599,ASHOK YASHWANT KAMBLE,MAH,MUMBAI,W
MAHENG05753,E TIMES,nan,57137.0,57137/ 94,"BENNETT, COLEMAN & CO.LTD",MAH,MUMBAI,W
MAHENG07417,TIMES WEEKLY,nan,18923.0,18923/ 70,"BENNETT, COLEMAN & CO. LTD",MAH,MUMBAI,W
MAHENG13476,RIGHT WAY TIMES,nan,125767.0,MAHENG/2013/53212,MOHAMMED SHAFIQ KHAN,MAH,MUMBAI,W
MAHENG12078,INDO-GULF TIMES,इंडो-गल्फ टाइम्स,102166.0,MAHENG/2009/29609,ABDUL SAMI BUBERE,MAH,MUMBAI,W
MAHENG12724,NEIGHBOURHOOD TIMES,nan,113428.0,MAHENG/2011/40871,ARUN ALPHONSO D'SOUZA,MAH,MUMBAI,W
MAHENG11134,ZEAL TIMES,ज़ील टाइम्स,100175.0,MAHENG/2007/27618,PARVEEN NOOR MOHD. SHAIKH,MAH,MUMBAI,W
MAHENG11179,TIMES ASCENT,टाइम्žस,93265.0,MAHENG/2007/20708,"BENNETT, COLEMAN & CO.LTD",MAH,MUMBAI,W
MAHENG11728,THE TIMES OF MULUND-POWAI,nan,100004.0,MAHENG/2008/27447,"BENNETT, COLEMAN & CO.LTD",MAH,MUMBAI,W
MAHENG11731,THE TIMES OF WEST MUMBAI,दि टाइम्स ऑफ़ वेस्ट मुंबई,100020.0,MAHENG/2008/27463,"BENNETT, COLEMAN & CO.LTD",MAH,MUMBAI,W
MAHGUJ02108,HOME TIMES,nan,139408.0,MAHGUJ/2016/66853,HEMANSHU GIRISH KOTHARI,MAH,MUMBAI,W
MAHHIN02850,MAHARASHTRA MANAV TIMES,nan,70641.0,70641/ 98,KARAN PUBLICATIONS,MAH,MUMBAI,W
MAHMAR10751,EAST WEST ANDHERI TIMES,nan,68510.0,68510/ 98,GAYLORD PUBLICATION PRIVATE LIMITED,MAH,MUMBAI,W
MAHHIN06159,MUMBAI AAINA TIMES,मुंबई आईना टाइम्स,95579.0,MAHHIN/2007/23022,DEVENDRA KUMAR ABROL,MAH,MUMBAI,W
MAHMAR23845,MAHARASHTRA MANAV TIMES,nan,82239.0,MAHMAR/2003/09682,KARAN PUBLICATIONS,MAH,MUMBAI,W
MAHMAR47574,GLOBAL POLICE TIMES,ग्लोबल पुलिस टाइम्स,140045.0,MAHMAR/2016/67490,RAJESH CHANDRAKANT JADHAV,MAH,MUMBAI,W
MAHHIN04552,MUMBAI SUNNI MUSLIM TIMES,nan,83400.0,MAHHIN/2003/10843,MOHD.ASIF SHAIKH,MAH,MUMBAI,W
MAHURD01482,SHAHENSHAN TIMES,nan,24048.0,24048/ 72,S.M. AKHTAR,MAH,MUMBAI,W
MAHGUJ01686,MAHARASHTRA MANAV TIMES,nan,82240.0,MAHGUJ/2003/09683,KARAN PUBLICATIONS,MAH,MUMBAI,W
MAHGUJ01814,OPERA HOUSE TIMES,ओपेरा हाउस टाइम्‍स,92122.0,MAHGUJ/2006/19565,NARESH DESAI,MAH,MUMBAI,W
MAHBIL05180,THE ECONOMIC TIMES ON SATURDAY,nan,96623.0,MAHBIL/2007/24066,"BENNETT, COLEMAN & CO.LTD",MAH,MUMBAI,W
MAHHIN03359,HANDICAPPED TIMES,nan,76182.0,MAHHIN/2001/03625,JOSEPH BAPTIS RODRIG,MAH,MUMBAI,W
MAHURD00805,URDU PRAJA TIMES,nan,31981.0,31981/ 78,SAYED ABDUL SAMAD HASANALI & SYED MOHAMMED ALI FARZANDALI,MAH,MUMBAI,W
MAHMUL02778,MALABAR HILL TIMES,nan,113592.0,MAHMUL/2011/41035,SANJAY R. SHIRKE,MAH,MUMBAI,W
MAHMAR47968,JAN AADHAR SAMAJIK TIMES,nan,144608.0,MAHMAR/2016/72053,NILESH HARICHANDRA DHURI,MAH,MUMBAI,W
MAHMAR41195,BHARAT BHOOMI TIMES,nan,119108.0,MAHMAR/2012/46551,SUBAHSH NEMI PUTHRAN,MAH,MUMBAI,W
MAHGUJ01285,EAST WEST ANDHERI TIMES,nan,68508.0,68508/ 98,GAYLORDS PUBLICATION PVT. LTD.,MAH,MUMBAI,W
MAHENG14040,ANDHERI TIMES,nan,20883.0,20883/ 71,SAGAR PUBLICATION,MAH,MUMBAI,W
MAHMAR44077,GRAMIN TIMES,ग्रामीण टाईम्स,139585.0,MAHMAR/2016/67030,DEEPAK KONDIBA KAMBLE,MAH,MUMBAI,W
MAHENG13571,THE WORLD PEACEKEEPERS HAPPY TIMES,nan,127429.0,MAHENG/2014/54874,THE WORLD PEACEKEEPERS MOVEMENT,MAH,MUMBAI,W
MAHMAR19820,JANATA CRIME TIMES,nan,79881.0,MAHMAR/2002/07324,AMOL V KADAM,MAH,MUMBAI,W
MAHMAR34675,DAKSHA POLICE TIMES,दक्ष पुलिस टाइम्स,100799.0,MAHMAR/2009/28242,RITESH HUKUMCHAND SURANA,MAH,MUMBAI,W
MAHHIN07897,NAVJEET TIMES,nan,117527.0,MAHHIN/2012/44970,SHAMINA MOHD. SHAFI VARODAN,MAH,MUMBAI,W
MAHHIN06732,MALANG TIMES,मलंग टाईम्स,96427.0,MAHHIN/2008/23870,NASIR HUSSAIN SHAIKH,MAH,MUMBAI,W
MAHHIN03411,MUMBA DEVI TIMES,nan,48818.0,48818/ 90,AZIZBHAI ALIBAKSH SHEIKH,MAH,MUMBAI,W
MAHHIN05156,MUMBAI NETRA TIMES,nan,87329.0,MAHHIN/2005/14772,UMARALI YAKUB SHAIKH,MAH,MUMBAI,W
MAHENG02957,POULTRY TIMES,nan,31916.0,31916/ 77,RAVI CHAWALA,MAH,MUMBAI,W
MAHMUL00680,WORLI TIMES,nan,16752.0,16752/ 67,A. N. SHAIKH,MAH,MUMBAI,W
MAHSIN00169,SINDHI TIMES,nan,6372.0,6372/ 62,SINDH TIMES PUBLICATATIONS,MAH,MUMBAI,W
MAHHIN02234,POISAR TIMES,nan,62165.0,62165/ 95,GRAMIN VIKAS SANGATHAN,MAH,MUMBAI,W
MAHHIN02773,PARADISE OF MUMBAI TIMES,nan,72643.0,MAHHIN/1999/00086,NAZEER SHAIKH,MAH,MUMBAI,W
MAHGUJ02035,AADHAR TIMES,nan,116764.0,MAHGUJ/2011/44207,LALJIBHAI J. PATEL,MAH,MUMBAI,W
MAHBIL05464,ASHIVA TIMES,आशिवा टाईम्स,97877.0,MAHBIL/2008/25320,ANIL KUMAR GULAB CHAND GUPTA,MAH,MUMBAI,W
MAHENG13572,THE ECONOMIC TIMES WEALTH,nan,129601.0,MAHENG/2014/57046,"BENNETT, COLEMAN & CO.LTD",MAH,MUMBAI,W
MAHENG05118,RACING TIMES,nan,6480.0,6480/ 57,G.B. RELVANI,MAH,MUMBAI,W
MAHENG07479,TIMES COMPUTING,nan,71181.0,71181/ 99,"BENNETT, COLEMAN & CO.LTD",MAH,MUMBAI,W
MAHKON00020,CINE TIMES,nan,14021.0,14021/ 63,ENCLIDAS DE ELLY,MAH,MUMBAI,W
MAHMAR37160,MAHARASHTRA CIVIL TIMES,nan,113093.0,MAHMAR/2011/40536,JALINDAR BABURAO KAMBLE,MAH,MUMBAI,W
MAHMAR35262,MUMBAI GUNHE TIMES,मुंबई गुन्हे टाइम्स,104272.0,MAHMAR/2010/31715,RAVINDRA NIVRUTTI ADHAV,MAH,MUMBAI,W
MAHENG04821,THE FINANCIAL TIMES,nan,57045.0,57045/ 93,TIMES PUBLISHING HOUSE LTD.,MAH,MUMBAI,W
MAHHIN08492,THE SAPNA TIMES,nan,115968.0,MAHHIN/2012/43411,GULAM WARIS SHAIKH,MAH,MUMBAI,W
MAHHIN07169,MUMBAI HEY DOSH TIMES,nan,63812.0,63812/ 96,DHANANJAY TIWARI,MAH,MUMBAI,W
MAHHIN04855,PHOTOGRAPHER TIMES,nan,86836.0,MAHHIN/2004/14279,KIRAN CHANDRAKANT MANJREKAR,MAH,MUMBAI,W
MAHHIN05371,PAWAN TIMES,पवन टाइम्स,89773.0,MAHHIN/2005/17216,DIWAKAR R. DUBEY,MAH,MUMBAI,W
MAHURD02616,NAGPADA TIMES,nan,151022.0,MAHURD/2019/78467,SHAKEEL AHMED ANSARI,MAH,MUMBAI,W
MAHENG10076,THE ECONOMIC TIMES ON SATURDAY,nan,96995.0,MAHENG/2007/24438,"BENNETT, COLEMAN & CO.LTD",MAH,MUMBAI,W
MAHURD01495,LUCKY TIMES,nan,37649.0,37649/ 80,KHAN ABDUL BASIT,MAH,MUMBAI,W
MAHURD02080,JADEED MUMBAI TIMES,जदीद मुंबई टाइम्स,106802.0,MAHURD/2010/34245,MOHAMMED AZAM SHAHAB,MAH,MUMBAI,W
MAHENG05243,MODERN FINANCIAL TIMES,nan,54784.0,54784/ 92,PRAYOSHA MARKETING PVT.LTD.,MAH,MUMBAI,W
MAHENG05697,THE ECONOMIC TIMES ON SUNDAY,nan,57120.0,57120/ 94,"BENNETT, COLEMAN & CO.LTD",MAH,MUMBAI,W
MAHENG06066,CAREERS AND BUSINESS TIMES,nan,63827.0,63827/ 95,GLOBAL PUBLICATIONS,MAH,MUMBAI,W
MAHHIN09892,MUMBAI RAIBARELI AMETHI TIMES,nan,143511.0,MAHHIN/2016/70956,DAYASHANKAR MISHRA,MAH,MUMBAI,W
MAHHIN09256,RASHTRIYA JANACHETANA TIMES,nan,130975.0,MAHHIN/2014/58420,RAMESH GUPTA,MAH,MUMBAI,W
MAHHIN07692,PRAVASHIJAN TIMES,nan,112146.0,MAHHIN/2010/39589,PARSURAM RAJPUROHIT,MAH,MUMBAI,W
MAHHIN08443,SUCHNA KA ADHIKAR TIMES,सूचना का अधिकार टाइम्स,113796.0,MAHHIN/2011/41239,ISTIYAQUE B. JAGIRDAR,MAH,MUMBAI,W
MAHMAR32471,VARTAHAR TIMES,वार्ताहर टाइम्स,98175.0,MAHMAR/2008/25618,SHASHANK KRISHNA AHIRE,MAH,MUMBAI,W
MAHMAR37155,MAHARASHTRA GUNHE TIMES,महाराष्ट्र गुन्हे टाइम्स,105853.0,MAHMAR/2010/33296,NAVANATH VITHAL SALUNKE,MAH,MUMBAI,W
MAHMAR37156,MAHARASHTRA CRIME TIMES,महाराष्ट्र क्राइम टाइम्स,105858.0,MAHMAR/2010/33301,RAKESH SHANKAR GORE,MAH,MUMBAI,W
MAHMAR35031,SURVI TIMES,सुरवी टाइम्स,104215.0,MAHMAR/2010/31658,RIYAZ SAYEED SHAIKH,MAH,MUMBAI,W
MAHMAR46052,LAKSH POLICE TIMES,लक्ष पुलिस टाईम्स,136821.0,MAHMAR/2015/64266,NILESH HARISHCHANDRA JADHAV,MAH,MUMBAI,W
MAHENG13902,HOME TIMES,nan,139404.0,UR,HEMANSHU GIRISH KOTHARI,MAH,MUMBAI,W
MAHMAR19532,AYUKT TIMES,nan,75220.0,MAHMAR/2000/02663,CHANDRAKANT KAMBLE,MAH,MUMBAI,W
MAHBIL06369,PARSI TIMES,nan,111930.0,MAHBIL/2011/39373,PARSI TIMES MULTIMEDIA PVT. LTD.,MAH,MUMBAI,W
MAHURD00259,GENERAL TIMES,nan,14060.0,14060/ 67,HAMID ANDALEEB,MAH,MUMBAI,W
MAHMAR40770,MUMBAI JUGNU TIMES,nan,129374.0,MAHMAR/2014/56819,SITARAM VITHAL KAMBLE,MAH,MUMBAI,W
MAHHIN05200,SAQIB TIMES,nan,87927.0,MAHHIN/2004/15370,RIZWAN AHMAD SIDDIQUI,MAH,MUMBAI,W
MAHHIN05313,AAZAD PRAHARI TIMES,आज़ाद प्रहरी टाइम्‍स,93922.0,MAHHIN/2007/21365,MEHBOOB S. FAROOQUI,MAH,MUMBAI,W
MAHHIN06220,SUNDAY NAVBHARAT TIMES,संडे नवभारत टाइम्स,100119.0,MAHHIN/2009/27562,"BENNETT, COLEMAN & CO.LTD",MAH,MUMBAI,W
MAHHIN06915,NITYANAND TIMES,नित्यानंद टाइम्स,98006.0,MAHHIN/2008/25449,NITYANANAD HARNARAYAN MISHRA,MAH,MUMBAI,W
MAHURD00494,MUSLIM TIMES,nan,16822.0,16822/ 68,HAJI NOORMOHAMMED AHMED,MAH,MUMBAI,W
MAHENG09999,SUNDAY HINDUSTAN TIMES,संडे हिंदुस्तान टाइम्स,87744.0,MAHENG/2005/15187,HT MEDIA LTD,MAH,MUMBAI,W
MAHENG14103,UNIVERSAL ASSIGNMENT TIMES,nan,141541.0,MAHENG/2016/68986,RAVI RAJAN PANDAYAN,MAH,MUMBAI,W
MAHHIN06518,DAHISAR SATTA TIMES,दहिसर सत्ता टाइम्स,98979.0,MAHHIN/2008/26422,AZIZ MOHAMMAD SHAIKH,MAH,MUMBAI,W
MAHHIN07549,PADAM TIMES,पदम टाइम्स,108597.0,MAHHIN/2010/36040,MAHENDRA NATH TRIPATHI,MAH,MUMBAI,W
MAHENG04824,MONEY TIMES,nan,63312.0,63312/ 91,TIME COMMUNICATIONS (I) LTD,MAH,MUMBAI,W
MAHENG05965,CREATIVE CAREER TIMES,nan,64511.0,64511/ 95,JINEN RAMNIKLAL VADHAR,MAH,MUMBAI,W
MAHENG03791,TRANSTIMES,nan,6261.0,6261/ 62,L.P. GOEL,MAH,MUMBAI,W
MAHENG03831,THE TWIN CITY TIMES,nan,54695.0,54695/ 92,PEN WORK PRINTERS & PUBLISHERS PVT. LTD.,MAH,MUMBAI,W
MAHHIN01687,EAST WEST ANDHERI TIMES,nan,54763.0,54763/ 92,GAYLORDS PUB PVT LTD,MAH,MUMBAI,W
MAHMAR29000,CHEMBUR TIMES,nan,97522.0,MAHMAR/2008/24965,DNYANESHWAR RAMKISAN THOMBARE,MAH,MUMBAI,W
MAHMAR52789,APLA MARATHI TIMES,nan,,nan,ANIL RAJARAM PAWAR,MAH,MUMBAI,W
MAHMAR53136,VANITA TIMES,nan,,nan,ATUL BALU JADHAV,MAH,MUMBAI,W
MAHMAR41440,MAHARASHTRA TIMES,nan,117897.0,MAHMAR/2012/45340,"BENNETT, COLEMAN & CO.LTD",MAH,NAGPUR,D
MAHBIL00084,ARVI TIMES,आर्वी टाइम्स,16735.0,16735/ 67,DR. PRAKASH MOTILALJI RATHI,MAH,NAGPUR,D
MAHHIN06530,HAKIKAT TIMES,हकीकत टाइम्स,103268.0,MAHHIN/2008/30711,POONAM K. SONI,MAH,NAGPUR,D
MAHENG13238,ALMIR TIMES,nan,118439.0,MAHENG/2012/45882,ABDUL GHAFOOR PASHA,MAH,NAGPUR,D
MAHENG04269,NAGPUR TIMES,नागपुर टाइम्स,1549.0,1549/ 57,NAVA SAMAJ LTD (PUBLIC LTD COMPANY),MAH,NAGPUR,D
MAHBIL05414,ARVI TIMES,आर्वी टाईम्स,20725.0,20725/ 70,PRAKASH MOTILALJI RATHI,MAH,NAGPUR,D
MAHMUL03312,AVINASH TIMES,nan,145340.0,MAHMUL/2017/72785,AVINASH BABURAO CHIMURKAR,MAH,NAGPUR,D
MAHENG11094,THE TIMES OF INDIA,द टाइम्स ऑफ़ इंडिया,92258.0,MAHENG/2007/19701,"BENNETT, COLEMAN & CO.LTD.",MAH,NAGPUR,D
MAHENG12720,THE ECONOMIC TIMES,nan,107722.0,MAHENG/2010/35165,"BENNETT, COLEMAN & CO.LTD",MAH,NAGPUR,D
MAHENG02311,LOKMAT TIMES,nan,56945.0,56945/ 92,LOKMAT MEDIA PVT. LTD,MAH,NAGPUR,D
MAHMAR00681,BAHUJAN TIMES,nan,40045.0,40045/ 84,KANSHI RAM,MAH,NAGPUR,D
MAHMAR41388,AGRO TIMES,एग्रो टाइम्स,130366.0,MAHMAR/2014/57811,VIJAY MAHADEO WARFADE,MAH,NAGPUR,F
MAHHIN00441,GURJAR GAUR TIMES,nan,31717.0,31717/ 76,RATTAN SHARMA GAUTAM,MAH,NAGPUR,M
MAHURD00217,EDUCATIONAL TIMES,nan,31864.0,31864/ 76,ANJUMAN ADAB E HIND,MAH,NAGPUR,Q
MAHHIN09718,KATOL TIMES,nan,20893.0,20893/ 72,S.M. LADDAHAD,MAH,NAGPUR,W
MAHHIN08406,KAMPTEE TIMES,nan,113680.0,MAHHIN/2011/41123,ZAFAR ABBAS,MAH,NAGPUR,W
MAHENG12276,THE SUNDAY TIMES OF INDIA,दि संडे टाइम्स ऑफ़ इंडिया,104042.0,MAHENG/2007/31485,"BENNETT, COLEMAN & CO.LTD",MAH,NAGPUR,W
MAHBIL07138,SANTRANAGARI TIMES,nan,146976.0,MAHBIL/2015/74421,SHAILA GHANSHYAM PAUNIKAR,MAH,NAGPUR,W
MAHENG13552,THE ECONOMIC TIMES MAGAZINE,nan,128415.0,MAHENG/2014/55860,"BENNETT, COLEMAN & CO.LTD",MAH,NAGPUR,W
MAHBIL02430,BAUDDHA MAHASABHA TIMES,बौद्ध महासभा टाइम्स,65343.0,65343/ 96,BHIMRAO N.MHAISKAR,MAH,NAGPUR,W
MAHBIL05773,PHARMACIST TIMES,फार्मासिस्ट टाइम्स,102005.0,MAHBIL/2009/29448,AJAY BADRINARAYAN SONI,MAH,NAGPUR,W
MAHENG12722,THE ECONOMIC TIMES ON SATURDAY,nan,107723.0,MAHENG/2010/35166,"BENNETT, COLEMAN & CO.LTD",MAH,NAGPUR,W
MAHMAR43794,RAVIVAR MAHARASHTRA TIMES,nan,126356.0,MAHMAR/2013/53801,"BENNETT, COLEMAN & CO.LTD",MAH,NAGPUR,W
MAHENG12721,THE ECONOMIC TIMES ON SUNDAY,nan,107872.0,MAHENG/2010/35315,"BENNETT, COLEMAN & CO.LTD",MAH,NAGPUR,W
MAHHIN01419,JANHIT TIMES,nan,11241.0,11241/ 63,PRADIP HARIKISAN RATHI,MAH,NAGPUR,W
MAHENG02974,PRECISION TIMES,nan,46985.0,46985/ 87,SHARAD MAHADEORAO,MAH,NAGPUR,W
MAHMAR52536,TIMES OF ORANGE CITY,nan,,UR,CHANDRABHAN DHONDERAO KOLTE,MAH,NAGPUR,W
MAHENG13534,SAPTSHRUNGI TIMES,nan,126577.0,MAHENG/2013/54022,NANDKUMAR MANIKRAO KOTHE,MAH,NAGPUR,W
MAHMAR17505,REPUBLICAN TIMES,nan,9185.0,9185/ 63,BHAURAO DENAJI KHOBRAGADE,MAH,NAGPUR,W
MAHENG11630,TIMES ASCENT,nan,99791.0,MAHENG/2008/27234,"BENNETT, COLEMAN & CO.LTD",MAH,NAGPUR,W
MAHBIL04750,BLUE GUARDS TIMES,ब्लू गार्ड्स टाइम्स,101271.0,MAHBIL/2009/28714,KAILASH K. SONI,MAH,NAGPUR,W
MAHHIN03582,TIMES OF PEOPLE,nan,78136.0,MAHHIN/2000/05579,ARUNKUMAR K.BALPANDE,MAH,NAGPUR,W
MAHHIN08880,VIDARBHA TIMES,nan,63958.0,63958/ 82,NILKANTH BHIWAJI KOLTE,MAH,NAGPUR,W
MAHHIN06546,LIGHT TIMES,लाइट टाइम्स,95183.0,MAHHIN/2007/22626,MUKHTYAR SHAIKH,MAH,NAGPUR,W
MAHHIN08792,GUMASTA TIMES,nan,121394.0,MAHHIN/2013/48839,SUKHDEO N. DHEKLE,MAH,NAGPUR,W
MAHHIN07500,SHIFA TIMES,शिफ़ा टाइम्स,103164.0,MAHHIN/2009/30607,SHAKEEL AHMED,MAH,NAGPUR,W
MAHMAR28792,KAMGAR TIMES,कामगार टाईम्स,92042.0,MAHMAR/2006/19485,MAHENDRA MOTIRAMJI SHENDE,MAH,NAGPUR,W
MAHMUL02569,RASTRAWADI GRAHAK TIMES,राष्ट्रवादी ग्राहक टाइम्स,103169.0,MAHMUL/2009/30612,GAJANAN BHAURAO KURHADKAR,MAH,NAGPUR,W
MAHMAR43095,SAMARPAN TIMES,समर्पण टाइम्स,136644.0,MAHMAR/2015/64089,VIJAY BHUJBAL,MAH,NANDED,D
MAHBIL09780,GULSHAN E AFFAN TIMES,nan,145470.0,MAHBIL/2016/72915,SIDHI ATHIKH AHMED,MAH,NANDED,D
MAHHIN09730,NANDIGRAM TIMES,nan,142298.0,MAHHIN/2016/69743,SHAIKH JAHUR SHAIKH AHEMAD,MAH,NANDED,D
MAHMAR09262,TIMES OF GAURAV,nan,54769.0,54769/ 92,VILAS WAMANRAO MAHAJAN,MAH,NANDED,D
MAHURD02182,NANDED TIMES,नांदेड टाइम्स,106389.0,MAHURD/2010/33832,MUNTAJIBUDDIN MUNEER UDDIN,MAH,NANDED,D
MAHBIL06094,ADAA TIMES,अदा टाइम्स,107270.0,MAHBIL/2010/34713,SABERA BEGUM MOHD. YOUSUF,MAH,NANDED,D
MAHMAR52776,PRAPTI TIMES,nan,,nan,PANDURANG GANGADHAR KOTURWAR,MAH,NANDED,D
MAHMAR01875,GODAVARI TIMES,nan,37595.0,37595/ 77,S J PATIL,MAH,NANDED,D
MAHMAR28872,TARUN MOOKNAYAK TIMES,तरूण मूकनायक टाईम्स,97447.0,MAHMAR/2008/24890,RAJEEV BRAHMAJI BHOKRE,MAH,NANDED,D
MAHURD01487,TAHALKA TIMES,nan,62166.0,62166/ 95,MOHAMMED TAHER SAUDAGAR,MAH,NANDED,D
MAHMAR39483,DHARMABAD TIMES,nan,114134.0,MAHMAR/2011/41577,YAHAYAKHAN BISMILLAHKHAN,MAH,NANDED,W
MAHHIN00788,NAVNADIGRAM TIMES,nan,47062.0,47062/ 87,MOHAMED JABIHULLAH KHAN,MAH,NANDED,W
MAHHIN00821,NUTAN GODAVARI TIMES,nan,18867.0,18867/ 70,AMAR SINGH,MAH,NANDED,W
MAHURD01114,TAHALKA TIMES,nan,57101.0,57101/ 93,MOHAMMED TAHER SAUDAGAR,MAH,NANDED,W
MAHMAR40353,NANDED TIMES,nan,116793.0,MAHMAR/2012/44236,MUNTAJIBUDDIN MUNEERUDDIN,MAH,NANDED,W
MAHENG13804,SHOLEY TIMES,शोले टाईम्स,143626.0,MAHENG/2016/71071,MOHAMMED AHSAN MOHAMMED YASIN,MAH,NANDED,W
MAHHIN10015,ABCAHALNAGAR TIMES,अबचलनगर टाईम्‍स,146880.0,MAHHIN/2017/74325,PARAMJOT SINGH GURDEEP SINGH FAUJI,MAH,NANDED,W
MAHMAR52674,DEGLOOR TIMES,nan,,UR,GAJANAN SHESHERAO TEKALE,MAH,NANDED,W
MAHMAR48736,LOKVISHWAS TIMES,nan,145376.0,MAHMAR/2017/72821,LAXMAN TRYAMBAK PATIL,MAH,NANDURBAR,D
MAHMAR37567,BADSHAH NAUKARI TIMES,nan,112478.0,MAHMAR/2011/39921,IMRAN YAKUB PINJARI,MAH,NANDURBAR,W
MAHMAR18641,NANDURBAR TIMES,nan,71779.0,71779/ 99,MUKESH PANDIT SOMVANSHI,MAH,NANDURBAR,W
MAHMAR44869,LOKRASHTRA TIMES,लोकराष्ट्र टाइम्स,139357.0,MAHMAR/2014/66802,CHETAN NANA MAHAJAN,MAH,NASHIK,D
MAHMAR48837,LOK TIMES,nan,,UR,RAJENDRA EAKNATH DANKE,MAH,NASHIK,D
MAHENG13492,LOKMAT TIMES,लोकमत टाइम्स,125841.0,MAHENG/2013/53286,M/S LOMAT MEDIA PVT. LTD.,MAH,NASHIK,D
MAHENG06660,DESHDOOT TIMES,nan,69097.0,69097/ 98,SHRIRANG PRAKASHAN PVT.LTD.,MAH,NASHIK,D
MAHMAR17277,JANAT TIMES,nan,18843.0,18843/ 69,GOVIND MAHADEO SONAJE,MAH,NASHIK,D
MAHMAR19039,NASHIK TIMES,nan,73653.0,MAHMAR/2000/01096,SANTOSH R. DEOKUTE,MAH,NASHIK,D
MAHMAR41663,MAHARASHTRA TIMES,nan,119065.0,MAHMAR/2012/46508,"BENNETT, COLEMAN & CO.LTD",MAH,NASHIK,DS
MAHENG13502,THE TIMES OF INDIA,द टाइम्स ऑफ़ इंडिया,124205.0,MAHENG/2013/51650,"BENNETT, COLEMAN & CO.LTD",MAH,NASHIK,DS
MAHURD01557,AL-FAIZ TIMES,nan,73764.0,MAHURD/2000/01207,KAZI N. HUSNUDDIN,MAH,NASHIK,F
MAHURD02467,MUALLIM TIMES,nan,142303.0,MAHURD/2015/69748,MOHAMMED HUSAIN MOHAMMED BASHIR SHAIDA,MAH,NASHIK,M
MAHMAR20241,KASAMADI TIMES,nan,75998.0,MAHMAR/2001/03441,BHARAT PANDURANG PAWAR,MAH,NASHIK,W
MAHURD01899,SHARP TIMES,शार्प टाइम्स,94160.0,MAHURD/2006/21603,ABDUL MALIK MOHAMMED SHAREEF,MAH,NASHIK,W
MAHMAR03608,MANMAD TIMES,nan,49932.0,49932/ 90,MURALIDHAR MEGHRAJ VADHWANI,MAH,NASHIK,W
MAHMAR37010,HIND MARATHA TIMES,हिन्द मराठा टाइम्स,107393.0,MAHMAR/2010/34836,RESHMA MAHESH OGALE,MAH,NASHIK,W
MAHMAR52049,SHETKARI TIMES,nan,,nan,RAJENDRA SHRAVAN TALEKAR,MAH,NASHIK,W
MAHMAR52570,ENGINEERS TIMES,nan,,nan,PRATIK DILIPRAO DESHMUKH,MAH,NASHIK,W
MAHMAR36566,IGATPURI TIMES,nan,145195.0,MAHMAR/2017/72640,SHIVNATH HARISHCHANDRA DAWKHAR,MAH,NASHIK,W
MAHMAR47980,NILI UDAAN TIMES,nan,141288.0,MAHMAR/2016/68733,ANIL BABAN JADHAV,MAH,NASHIK,W
MAHURD00717,SARWAR TIMES,nan,18717.0,18717/ 69,A.M ANSARI,MAH,NASHIK,W
MAHMAR47198,KALAMGIRI TIMES,कलमगिरी टाइम्स,139750.0,MAHMAR/2016/67195,ASHOK NIVRUTTI WAGH,MAH,NASHIK,W
MAHMAR36567,MAHANAGAR TIMES,nan,141200.0,MAHMAR/2015/68645,HANSRAJ SHANKARRAO WADGHULE,MAH,NASHIK,W
MAHMAR44864,ITTEHAD TIMES,इत्तेहाद टाइम्स,130393.0,MAHMAR/2014/57838,KHAN HASSHAM ZAHOOR KHAN,MAH,NASHIK,W
MAHMAR17408,MOSAM TIMES,nan,40038.0,40038/ 84,DADAJI DHUNDU MALI,MAH,NASHIK,W
MAHURD02364,CORPORATION TIMES,nan,126386.0,MAHURD/2013/53831,SHAIKH SHAKIL SHAIKH HASAN (HAKEEM WARSI),MAH,NASHIK,W
MAHMAR41664,RAVIVAR MAHARASHTRA TIMES,nan,119915.0,MAHMAR/2011/47358,"BENNETT, COLEMAN & CO.LTD",MAH,NASHIK,W
MAHMAR47938,MONDAY TIMES,मंडे टाइम्स,141655.0,MAHMAR/2016/69100,SIDDHARTH MOTIRAM SHEJWAL,MAH,NASHIK,W
MAHMAR02418,JANATA TIMES,nan,18845.0,18845/ 68,GOVIND MAHADEO SONAJE,MAH,NASHIK,W
MAHURD01432,CITIZEN TIMES,nan,37699.0,37699/ 80,SHABBIR AHMAD HAZI GULAM RASUL,MAH,NASHIK,W
MAHMAR50539,PARISAR TIMES,nan,157468.0,MAHMAR/2021/84913,SAHEBRAO DASHARATH SALUNKE,MAH,NASHIK,W
MAHMAR42028,SHIVSHAKTI TIMES,nan,124805.0,MAHMAR/2013/52250,JAYESH RANGNATH SONAR (DABHADE),MAH,NASHIK,W
MAHURD02464,ITTEHAD TIMES,nan,135997.0,MAHURD/2015/63442,KHAN HASSHAM ZAHOOR KHAN,MAH,NASHIK,W
MAHURD01354,AL-SALIK TIMES,nan,68255.0,68255/ 98,ESRAR AHMED FAYYAZ HUSSEN,MAH,NASHIK,W
MAHBIL06440,BK TIMES,nan,122198.0,MAHBIL/2012/49643,BHAGWAN NIVRUTTI ELMAME,MAH,NASHIK,W
MAHMAR47533,CRIME SPECIAL TIMES,nan,,UR,GIRME MAHESH SURENDRA,MAH,NASHIK,W
MAHURD00047,AKBAR TIMES,nan,13961.0,13961/ 66,MOHAMMED ISMAIL AKBAR,MAH,NASHIK,W
MAHMUL03788,FAKHR TIMES,nan,,nan,MUSTAQUEEM SHAH FATEH MOHAMMED SHAH,MAH,NASHIK,W
MAHMAR49438,NIPHAD TIMES,nan,150882.0,MAHMAR/2019/78327,SURESH ANTU AHIRE,MAH,NASHIK,W
MAHENG13618,THE SUNDAY TIMES OF INDIA,द संडे टाइम्स ऑफ इंडिया,127428.0,MAHENG/2013/54873,"BENNETT, COLEMAN & CO.LTD",MAH,NASHIK,W
MAHMAR30044,TRYAMBAK TIMES,त्र्यंबक टाइम्स,92540.0,MAHMAR/2007/19983,SWAPNIL ASHOK PATIL,MAH,NASHIK,W
MAHURD00425,MALEGAON URDU TIMES,nan,16791.0,16791/ 68,AHMED SUBRATI,MAH,NASIK,W
MAHMAR15436,RASAYANI TIMES,nan,66970.0,66970/ 97,ANIL RAMESH BHOLE,MAH,NEW PANVEL,W
MAHMAR33759,AAM SANGHARSH TIMES,nan,67575.0,67575/ 96,SALUNKE SHAHURAJ AMBAJI,MAH,OSMANABAD,D
MAHMAR04302,OSMANABAD TIMES,nan,84170.0,MAHMAR/2003/11613,SUDHIR KESHAVRAO PATIL,MAH,OSMANABAD,D
MAHMAR10655,AAM SANGHARSHSA TIMES,nan,66356.0,66356/ 93,SALUNKE SHAHURAJ AMBAJIROA,MAH,OSMANABAD,W
MAHMAR44241,OMERGA TIMES,उमरगा टाइम्स,130825.0,MAHMAR/2014/58270,MAHIBUB DASTGIR PATHAN,MAH,OSMANABAD,W
MAHMAR52066,NALDURG TIMES,nan,,nan,DADASAHEB DUSHYANT BANSODE,MAH,OSMANABAD,W
MAHMAR43834,LOHARA TIMES,लोहारा टाइम्स,133660.0,MAHMAR/2014/61105,MORE LAXMAN HANMANTRAO,MAH,OSMANABAD,W
MAHMAR38246,SOUTH SANATHI TIMES,nan,111796.0,MAHMAR/2010/39239,PUSHPA DAMODHAR OHAL,MAH,OSMANABAD,W
MAHMAR17045,DATA TIMES,nan,71912.0,71912/ 99,VIDHYASAGAR PANDHARINATH GODBHARAIE.,MAH,OSMANABAD,W
MAHMAR37852,TULJAPUR TIMES,nan,117258.0,MAHMAR/2012/44701,DATTU KISAN SHENDGE,MAH,OSMANABAD,W
MAHMAR47161,TERNA TIMES,nan,27745.0,27745/ 76,S.J.INDAPURKAR,MAH,OSMANABAD,W
MAHMAR33811,KANSHIRAMJI TIMES,nan,109960.0,MAHMAR/2009/37403,BANSODE VIJAY ASHOK,MAH,OSMANABAD,W
MAHMAR52412,THE GLOBAL TIMES,nan,156581.0,MAHMAR/2021/84026,MANALI TUSHAR KHANVILKAR,MAH,PALBHAR,D
MAHMAR47163,ADIVASI TIMES,nan,27747.0,27747/ 73,M.G.LOTLIKAR,MAH,PALGHAR,F
MAHMAR52401,SARSENAPATI TIMES,nan,160545.0,MAHMAR/2023/87990,BHAGWAN RAJARAM SHINDE,MAH,PALGHAR,W
MAHMAR48893,PARAS NEWS TIMES,nan,146601.0,MAHMAR/2017/74046,MADHURI VISHNU GOVALKAR,MAH,PALGHAR,W
MAHBIL10568,SALAM VASAI TIMES,nan,,nan,VINAY KAILASH TIWARI,MAH,PALGHAR,W
MAHENG14145,SKIN & HAIR TIMES,nan,141287.0,MAHENG/2016/68732,DINESH GOVERDHANDAS BHUTADA,MAH,PARBHANI,M
MAHMAR47746,SHAMBHU TIMES,nan,140758.0,MAHMAR/2016/68203,BHOSLE BALASAHEB KASHINATH,MAH,PARBHANI,W
MAHMAR44915,NAAZ TIMES,नाज़ टाइम्स,131920.0,MAHMAR/2014/59365,SK. JAMEEL SK. JILANI,MAH,PARBHANI,W
MAHMAR45157,SONPETH TIMES,सोनपेठ टाइम्स,131797.0,MAHMAR/2014/59242,AWAD HANUMAN DNYANOBA,MAH,PARBHANI,W
MAHMAR39379,JAG TIMES,nan,113337.0,MAHMAR/2011/40780,AZMAL SIDDIQUI JAMEEL AHMED,MAH,PARBHANI,W
MAHMAR42923,JANSABHA TIMES,जनसभा टाइम्स,126177.0,MAHMAR/2013/53622,AVINASH VISHNURAO CHOUDHARI,MAH,PARBHANI,W
MAHMAR26437,PRABHAVATI TIMES,प्रभावती टाइम्‍स,90204.0,MAHMAR/2006/17647,NEMINATH JAIKUMAR JAIN,MAH,PARBHANI,W
MAHHIN09096,VIQAR TIMES,विख़ार टाईम्स,130207.0,MAHHIN/2014/57652,MATEEN ALI KHAN,MAH,PARBHANI,W
MAHMAR48535,MANWAT TIMES,nan,144298.0,MAHMAR/2017/71743,LAD GOPAL TATERAO,MAH,PARBHANI,W
MAHURD00565,PARBHANI TIMES,nan,39001.0,39001/ 79,SARWATH PARVES HASHAN,MAH,PARBHANI,W
MAHENG12640,KOTHRUD TIMES,कोथरूड टाइम्स,108548.0,MAHENG/2011/35991,KOTHRUD MITRA NEWSPAPERS PVT. LTD.,MAH,PUNE,A
MAHENG04432,OUR TIMES,nan,13995.0,13995/ 59,ORIENTAL WATCHMAN PUBLISHING HOUSE,MAH,PUNE,BM
MAHENG07910,THE TIMES OF INDIA,द टाइम्स ऑफ़ इंडिया,77665.0,MAHENG/2000/05108,"BENNETT, COLEMAN & CO.LTD",MAH,PUNE,D
MAHMAR49167,MAHARASHTRA TIMES PUNE PLUS,nan,148189.0,MAHMAR/2018/75634,"BENNETT, COLEMAN & CO LTD",MAH,PUNE,D
MAHMAR07625,MAHARASHTRACHE EKMAV VICHARPATRA LOMANYA TIMES,nan,49979.0,49979/ 91,PRADIP SANTOSH BADODEKAR,MAH,PUNE,D
MAHENG09238,THE ECONOMIC TIMES,nan,84741.0,MAHENG/2003/12184,"BENNETT, COLEMAN & CO.LTD",MAH,PUNE,D
MAHENG09482,PUNE TIMES,nan,84738.0,MAHENG/2004/12181,"BENNETT, COLEMAN & CO.LTD",MAH,PUNE,D
MAHMAR35785,TIMES OF NAYAK,टाइम्स ऑफ़ नायक,108552.0,MAHMAR/2009/35995,ARCHANA DATTATARY BAGADE,MAH,PUNE,D
MAHMAR17374,MAHARASHTRACHA BULAND AVAJ LOKSHAHI TIMES,nan,49978.0,49978/ 91,PRADIP SANTOSH BARDO,MAH,PUNE,D
MAHHIN09091,TIRTHRAJ TIMES,तीर्थराज टाइम्स,136527.0,MAHHIN/2015/63972,G. P. TIWARI,MAH,PUNE,D
MAHBIL10444,UJJANI TIMES,nan,,nan,SUDHAKAR TUKARAM BORATE,MAH,PUNE,D
MAHENG14362,HINDUSTAN TIMES,nan,145566.0,MAHENG/2017/73011,HT MEDIA LTD,MAH,PUNE,D
MAHENG13189,PROMPT TIMES,nan,116422.0,MAHENG/2012/43865,SATYA DEV TIWARI,MAH,PUNE,D
MAHMAR38160,PUNE TIMES,nan,111333.0,MAHMAR/2011/38776,"BENNETT, COLEMAN & CO.LTD",MAH,PUNE,D
MAHMAR52756,VISHWAVEDH TIMES,nan,,nan,SHUBHAM SAMBHAJI GARUD,MAH,PUNE,D
MAHENG13569,PUNE TIMES MIRROR,nan,128085.0,MAHENG/2014/55530,LEXICON MEDIA PVT. LTD.,MAH,PUNE,D
MAHBIL01962,MERA BHARAT TIMES,nan,71505.0,71505/ 93,SHAIKH AYUB M. KADRI,MAH,PUNE,D
MAHENG10426,SAKAAL TIMES,nan,97241.0,MAHENG/2008/24684,SAKAL MEDIA PVT. LTD.,MAH,PUNE,D
MAHMAR25307,LOK TIMES,nan,86591.0,MAHMAR/2003/14034,RAJENDRA EAKNATH DANKE,MAH,PUNE,D
MAHMAR40759,MAHARASHTRA TIMES,nan,114126.0,MAHMAR/2011/41569,"BENNETT, COLEMAN & CO.LTD",MAH,PUNE,D
MAHMAR49221,WAGHOLI TIMES,वाघोली टाइम्स,149000.0,MAHMAR/2018/76445,CHETAN NARAYAN DIGHE,MAH,PUNE,DE
MAHBIL06577,NAGAR ROAD TIMES,nan,120243.0,MAHBIL/2012/47686,DUBEY HARI OM BHAJAN LAL,MAH,PUNE,DE
MAHMAR20504,MARATHI VYASPITH INDIAN TIMES,nan,77004.0,MAHMAR/2001/04447,MOTISINGH H.THAKUR,MAH,PUNE,F
MAHBIL02952,RAJNEESH TIMES,nan,39956.0,39956/ 83,SHRI RAJNEESHDHAM TRUST,MAH,PUNE,F
MAHMAR43596,NAGARSEWA TIMES,नगरसेवा टाइम्स,132448.0,MAHMAR/2014/59893,SHIVRAM IRAPPA KAMBLE,MAH,PUNE,F
MAHBIL09775,HINJAWADI TIMES,nan,140037.0,MAHBIL/2016/67482,VIJAY BABANRAO VARKHADE,MAH,PUNE,F
MAHENG02765,OSHO TIMES INTERNATIONAL,nan,46951.0,46951/ 88,TAO PUBLISHING PVT. LTD.,MAH,PUNE,F
MAHITA00001,OSHO TIMES INTERNATIONAL,nan,66695.0,66695/ 95,TAO PUBLISHING PVT LTD.,MAH,PUNE,F
MAHMUL01615,HEALTH-AWARENESS TIMES,nan,78549.0,nan,RESPI CARE PVT.LTD.,MAH,PUNE,F
MAHMAR47031,TEJ NEWS TIMES,तेज न्यूज़ टाइम्स,143729.0,MAHMAR/2016/71174,SARIPUT DHANANJAY KAMBALE,MAH,PUNE,M
MAHMAR43574,PRASAR TIMES,प्रसार टाइम्स,131939.0,MAHMAR/2014/59384,KANADE VAIJANATH SHIVLING,MAH,PUNE,M
MAHMAR45716,BAVDHAN TIMES,बावधन टाईम्स,134518.0,MAHMAR/2015/61963,GORKH RAOSAHEB DAGADE,MAH,PUNE,M
MAHMAR17947,THE VAISHNO TIMES,nan,71544.0,71544/ 99,BALASAHEB D.JAMDAR,MAH,PUNE,M
MAHMAR12475,SHIKSHAH TIMES,nan,59901.0,59901/ 95,NARAIN SHRIPAD VAIDYA,MAH,PUNE,M
MAHMAR46443,RAJPATH CAREER TIMES,राजपथ करिअर टाईम्स,137012.0,MAHMAR/2015/64457,MEETA CHAUDHARI,MAH,PUNE,M
MAHENG07019,OSHO TIMES,nan,73240.0,MAHENG/1999/00683,TAO PUBLISHING PVT LTD.,MAH,PUNE,M
MAHBIL07196,THE HOLA MOHALLA TIMES,nan,141463.0,MAHBIL/2016/68908,JASPAL SINGH AIDHEN,MAH,PUNE,M
MAHBIL03084,SUPER JUNIOR TIMES,nan,72617.0,MAHBIL/1999/00060,SANTOSH YESHWANT PAI,MAH,PUNE,M
MAHMAR42691,BHARAT MALI TIMES,भारत माली टाइम्स,136443.0,MAHMAR/2015/63888,AKHIL BHARTIYA MALI SHIKSHAN SANSTHA,MAH,PUNE,M
MAHMAR48072,SAJAG TIMES NEWS,nan,,UR,YUVA SHAKTI FOUNDATION,MAH,PUNE,OP
MAHMAR40238,PARVATI TIMES,nan,113288.0,MAHMAR/2011/40731,SHINDE SAJAY LAXMAN,MAH,PUNE,W
MAHMAR37548,PUNE CANTONMENT TIMES,पुणे कैंटोनमेंट टाइम्स,107034.0,MAHMAR/2010/34477,ARUN NARAYAN BHALERAO,MAH,PUNE,W
MAHENG13653,SUNDAY PUNE TIMES MIRROR,nan,129774.0,MAHENG/2014/57219,LEXICON MEDIA PVT. LTD.,MAH,PUNE,W
MAHMAR17362,LONAVLA TIMES,nan,35786.0,35786/ 79,VASUDEV MOTIRAM BANDEKAR,MAH,PUNE,W
MAHMAR52188,INDAPUR TIMES,nan,,nan,RAKESH SUBHASH KAMBALE,MAH,PUNE,W
MAHENG14363,SUNDAY HINDUSTAN TIMES,nan,145567.0,MAHENG/2017/73012,HT MEDIA LTD,MAH,PUNE,W
MAHMAR19920,SHIRUR TIMES,nan,78112.0,MAHMAR/2001/05555,PRASHANT NARAYAN THORAT,MAH,PUNE,W
MAHMAR20517,DAKSHA POLICE TIMES,nan,74888.0,MAHMAR/2000/02331,RITESH HUKUMCHAND SURANA,MAH,PUNE,W
MAHENG13120,AAGYA TIMES,nan,119216.0,MAHENG/2012/46659,INDERJIT SINGH AIDHEN,MAH,PUNE,W
MAHMAR41262,SANGEET-KALA TIMES,nan,120770.0,MAHMAR/2012/48214,ATUL GAJANAN KULKARNI,MAH,PUNE,W
MAHMAR47138,BHIGWAN TIMES,nan,139374.0,MAHMAR/2016/66819,FIROZ GULABUSEEN KHAN,MAH,PUNE,W
MAHBIL09812,SAJAG NAGRIK TIMES,सजग नागरिक टाइम्स,142319.0,MAHBIL/2016/69764,KHAN MAZHAR NASIR,MAH,PUNE,W
MAHMAR52771,ABHIMAN TIMES,nan,,nan,MADHAVI VISHWAS JOSHI,MAH,PUNE,W
MAHMAR52767,SWABHIMANI REPUBLICAN TIMES,nan,,nan,RAHUL RAMESH BHALERAO,MAH,PUNE,W
MAHMAR51020,NIRMALA TIMES,nan,,UR,NIRMALA PRALHAD JOGDAND,MAH,PUNE,W
MAHMAR42875,SAMIKSHA TIMES,nan,124355.0,MAHMAR/2013/51800,MANISHA SUHAS BANSODE,MAH,PUNE,W
MAHMUL03895,ALFAAZ TIMES,nan,,UR,RAJEKHAN SHAUKAT PATEL,MAH,PUNE,W
MAHBIL09933,DEHU TIMES,nan,,UR,KULDEEP DILIP CHAVAN,MAH,PUNE,W
MAHENG14639,AIZAH TIMES,nan,,nan,ASHFAQ ISAQ SHAIKH,MAH,PUNE,W
MAHMAR52025,FARM TIMES,nan,,nan,RIDDHIMA MEDIA PRIVATE LIMITED,MAH,PUNE,W
MAHMAR51406,JAGTARA TIMES,nan,155219.0,MAHMAR/2021/82664,AHIRESHWAR JAGANNATH JAGTAP,MAH,PUNE,W
MAHMAR41156,LOK DEEP TIMES,लोक दीप टाइम्स,119937.0,MAHMAR/2012/47380,KOMAL SURESH BHINDE,MAH,PUNE,W
MAHMAR10645,RAYAT TIMES,nan,67393.0,67393/ 94,MOHAMMED RASHIK SULTAN AHMED,MAH,PUNE,W
MAHMAR47525,THE SHIVAJI TIMES,nan,141946.0,MAHMAR/2016/69391,KAILASHNIVRUTTIJOGDAND,MAH,PUNE,W
MAHMAR49287,DAUND TIMES,nan,,UR,SACHIN BABAN ATOLE,MAH,PUNE,W
MAHMAR38831,MAHARAJYA TIMES,महाराज्य टाइम्स,134643.0,MAHMAR/2015/62088,ANAND NARAYAN DHONGADE,MAH,PUNE,W
MAHBIL00715,MILLAT TIMES,nan,14186.0,14186/ 67,MAJLISE-FALAHA MILLAT,MAH,PUNE,W
MAHENG07881,THE SUNDAY TIMES OF INDIA,द संडे टाइम्स ऑफ़ इंडिया,72797.0,MAHENG/2000/00240,BENNETT COLEMAN & CO.LTD,MAH,PUNE,W
MAHMAR45133,AHILYA TIMES,अहिल्या टाईम्स,134073.0,MAHMAR/2015/61518,SONVALKAR RAJENDRA MANOHAR,MAH,PUNE,W
MAHMAR48231,RASHTRA LEKH TIMES,nan,,UR,SOMNATH PRAKASH TIKOLE,MAH,PUNE,W
MAHENG14672,PRESS INSIDER TIMES,nan,,nan,KARTIK ANAND,MAH,PUNE,W
MAHMAR53033,RASHTRAHIT TIMES,nan,,nan,ANAND SHIVAJI VAIRAT,MAH,PUNE,W
MAHMAR51425,BEDHADAK TIMES,nan,160324.0,MAHMAR/2021/87769,KAILAS SHRIHARI SALVE,MAH,PUNE,W
MAHENG13563,THE ECONOMIC TIMES MAGAZINE,nan,129528.0,MAHENG/2014/56973,"BENNETT, COLEMAN & CO.LTD",MAH,PUNE,W
MAHHIN01235,TOOFAN HINDI TIMES,nan,16804.0,16804/ 68,PARMANAND LEKHRAJ KISHNANI,MAH,PUNE,W
MAHMAR27333,BARAMATI TIMES,बारामती टाईम्स,92194.0,MAHMAR/2005/19637,SALIM GULAMALI SHAIKH,MAH,PUNE,W
MAHBIL06622,MAHAZ TIMES,nan,121733.0,MAHBIL/2013/49178,SHAIKH MUNAF ABDUL MAJID,MAH,PUNE,W
MAHMAR51982,RATIONAL TIMES,nan,,nan,SUNIL CHANDRAKANT SHEVARE,MAH,PUNE,W
MAHMAR52361,JANHAK TIMES,nan,,nan,MS ARATI MUKUND BABAR,MAH,PUNE,W
MAHMAR51279,SUYOG TIMES,nan,155354.0,MAHMAR/2021/82799,ROHAN VASANT GAIKWAD,MAH,PUNE,W
MAHENG12199,DNA TIMES,डीएनए टाइम्स,105059.0,MAHENG/2009/32502,HARI HARDAS GURUSEVADAS BAIRAGI,MAH,PUNE,W
MAHMAR22195,MAVAL TIMES,nan,79193.0,MAHMAR/2002/06636,CHANDRAKANT BALKRISHNA JOSHI,MAH,PUNE,W
MAHMAR27536,APOLO TIMES,अपोलो टाइम्स,90800.0,MAHMAR/2005/18243,SAMEER PRABHAKAR KHIRID,MAH,PUNE,W
MAHBIL10542,APEX BUSINESS TIMES,nan,,nan,RAJESH KISHANCHAND AGARWAL,MAH,PUNE,W
MAHMAR37038,KHED TIMES,KHED TIMES,106890.0,MAHMAR/2010/34333,HOLE ROHIDAS DHAKU,MAH,PUNE,W
MAHENG11305,POONA TIMES,nan,14046.0,14046/ 67,SHRI PARWANI TEJ,MAH,PUNE,W
MAHENG13860,THE ECONOMIC TIMES ON SATURDAY,nan,133630.0,MAHENG/2014/61075,"BENNETT, COLEMAN & CO.LTD",MAH,PUNE,W
MAHMAR35035,RAVIVAR MAHARASHTRA TIMES,nan,109398.0,MAHMAR/2011/36841,"BENNETT, COLEMAN & CO.LTD",MAH,PUNE,W
MAHMAR48510,NATHPANTHI TIMES,nan,,UR,SHINDE ANKUSH MARUTI,MAH,PUNE,W
MAHMAR52911,PUNRI LOK TIMES,nan,,nan,RAHUL ASHOK BANGUDE,MAH,PUNE,W
MAHMAR33163,RAIGAD TIMES,nan,108818.0,MAHMAR/2010/36261,RAJAN SHANTARAM VELKAR,MAH,RAIGAD,D
MAHMAR47515,RATNAGIRI TIMES,रत्नागिरी टाइम्स,138490.0,MAHMAR/2015/65935,ULHAS PUBLICATIONS PVT. LTD.,MAH,RAIGAD,D
MAHMAR40054,RTI TIMES,nan,114801.0,MAHMAR/2012/42244,RAJESH SHANKARDAYAL KALWAR,MAH,RAIGAD,F
MAHMAR53155,MAHARASHTRA PUBLIC TIMES,nan,,nan,SATISH GEMA RATHOD,MAH,RAIGAD,M
MAHMAR49137,KUNDALIKA TIMES,nan,,UR,AMOL MADHUKAR PENAKR,MAH,RAIGAD,W
MAHMAR38455,ROHA TIMES,nan,118525.0,MAHMAR/2012/45968,MANOJ ANANTRAO GHOSALKAR,MAH,RAIGAD,W
MAHMAR51339,KUNDALIKA TIMES,nan,,nan,AMOL MADHUKAR PENKAR,MAH,RAIGAD,W
MAHMAR20053,SHREEVARDHAN KRANTI TIMES,श्रीवर्धन क्रांति टाइम्स,77291.0,MAHMAR2000/04734,UDAY VITHAL KALAS,MAH,RAIGAD,W
MAHMAR45946,KHARGHAR GREENCITY TIMES,खारघर ग्रीनसिटी टाइम्स,139661.0,MAHMAR/2016/67106,SHEKHAR PICHHAYYA SAPANI,MAH,RAIGAD,W
MAHMAR45958,ALFA TIMES,अल्फा टाइम्स,135461.0,MAHMAR/2015/62906,ASHA D. TAWDE,MAH,RAIGAD,W
MAHMAR48119,SUDHAGAD TIMES,nan,156993.0,MAHMAR/2023/84438,RAVINDRANATH NIVRUTTIOVHAL,MAH,RAIGAD,W
MAHMAR49320,KONDHANA TIMES,nan,148537.0,MAHMAR/2018/75982,RAMAKANT BHIKAJI JADHAV,MAH,RAIGAD,W
MAHMAR32734,PEN TIMES,पेन टाइम्स,100626.0,MAHMAR/2009/28069,AJAY MADHUKAR SONAWANE,MAH,RAIGAD,W
MAHMAR43912,PARIVARTAN TIMES,परिवर्तन टाइम्स,132263.0,MAHMAR/2014/59708,SWAPNIL SATISH KADAM,MAH,RAIGAD,W
MAHMAR49973,SARTHAK TIMES,nan,152102.0,MAHMAR/2020/79547,NITIN KISHOR JOSHI,MAH,RAIGAD,W
MAHMAR51858,PATALGANGA TIMES,nan,155049.0,MAHMAR/2022/82494,GAUTAM DHONDIBA SONAVANE,MAH,RAIGAD,W
MAHMAR48048,RAJANIWAMAN TIMES,nan,,UR,SACHIN WAMAN SALUNKE,MAH,RAIGAD,W
MAHBIL10124,VARTMAN TIMES,nan,,nan,GULABRAV NAMDEV MOHITE,MAH,RAIGAD,W
MAHMAR50623,DESH VIDESH TIMES,nan,,nan,SACHIN WAMAN SALUNKE,MAH,RAIGAD,W
MAHMAR50823,WEEKLY KHOPOLI TIMES,nan,,nan,AMIT NARAYAN BHOPATRAO,MAH,RAIGAD,W
MAHMAR19826,PANVEL TIMES,पनवेल टाइम्स,75288.0,MAHMAR/2000/02731,GANESH KOLI,MAH,RAIGAD-ALIBAG,TWW
MAHMAR34494,MAHAD POLADPUR TIMES,महाड पोलादपुर टाइम्स,108305.0,MAHMAR/2009/35748,SEEMA PRAMOD MORE,MAH,RAIGAD-ALIBAG,W
MAHMAR46535,JAMBU DWEEP TIMES,जम्बूद्वीप टाईम्स,150302.0,MAHMAR/2016/77747,SUBHASH RAMCHANDRA GAIKWAD,MAH,RAIGARH,W
MAHMAR46465,AKSHAR BHARAT TIMES,nan,147471.0,MAHMAR/2017/74916,SHILPA SITARAM THETE,MAH,RAIGARH,W
MAHMAR31101,PANVEL TIMES,पनवेल टाइम्स,95499.0,MAHMAR/2007/22942,GANESH SAKHARAM KOLI,MAH,RAIGARH,W
MAHMAR20263,BHAIRAO TIMES,nan,76161.0,MAHMAR/2001/03604,BHABUTMAL HIRACHANDJI SHAHA,MAH,RATNAGIRI,D
MAHMAR16907,RASHTRIYA VICHARANCHE DAINIK GOA TIMES,nan,70101.0,70101/ 98,ULHAS PUBLICATIONS PVT. LTD.,MAH,RATNAGIRI,D
MAHMAR05050,RATNAGIRI TIMES,nan,37534.0,37534/ 80,ULHAS PUBLICATIONS PVT. LTD.,MAH,RATNAGIRI,D
MAHMUL03900,RATNADURG TIMES,nan,,nan,ANKUSH ASHOK KADAM,MAH,RATNAGIRI,DE
MAHMAR29247,KOKAN TIMES,कोकण टाइम्स,90905.0,MAHMAR/2006/18348,RAKESH PRABHAKAR DESAI,MAH,RATNAGIRI,W
MAHMAR38483,PRAGATI TIMES,nan,112905.0,MAHMAR/2011/40348,SHRIKRISHNA TUKARAM DEORUKHKAR,MAH,RATNAGIRI,W
MAHMAR08348,CONTROL ROOM TIMES,nan,54715.0,54715/ 91,RAJESH BHIMASHA MUGALE,MAH,SANGALI,W
MAHMAR45822,SANKET TIMES,संकेत टाइम्स,138577.0,MAHMAR/2015/66022,RAJU TUKARAM MALI (KORE),MAH,SANGLI,D
MAHMAR09414,REMOTE CONTROL TIMES,nan,54737.0,54737/ 92,RAJESH BHIMASHA MUGALE,MAH,SANGLI,D
MAHMAR47988,SANGLI TIMES,nan,145093.0,MAHMAR/2016/72538,BARUDWALE SAMIR ILAHI,MAH,SANGLI,F
MAHMAR16227,SUBORDINATE ENGINEERS' TIMES (M.S.E.B.),nan,68271.0,68271/ 98,SUBORDINATE ENGINEERS ASSOCIATION,MAH,SANGLI,M
MAHMAR24994,J.K.TIMES,nan,83975.0,MAHMAR/2003/11418,VITHAL BAPU KHOT,MAH,SANGLI,OP
MAHMAR41579,NAVDISHA TIMES,nan,124232.0,MAHMAR/2012/51677,VITTHALRAJ SOMLING JAKUNE,MAH,SANGLI,W
MAHMAR52398,IRWIN TIMES,nan,158895.0,MAHMAR/2023/86340,ASAWARI MACCHINDRA AINAPURE,MAH,SANGLI,W
MAHMAR15803,ESPREE TIMES,nan,67571.0,67571/ 97,SANTOSH MADHUKAR POKARNIKAR,MAH,SANGLI,W
MAHMAR33354,NAVCHAITANYA TIMES,नवचैतन्य टाइम्स,106702.0,MAHMAR/2009/34145,SADASHIV SHIVAPPA MALI,MAH,SANGLI,W
MAHMAR13066,WALWA TIMES,nan,61812.0,61812/ 95,SANJAY JAGANNATH PATIL,MAH,SANGLI,W
MAHMAR52750,VITA TIMES,nan,,nan,OMPRAKASH SAHEBRAO YADAV,MAH,SANGLI,W
MAHMAR08346,INSPECTOR TIMES,nan,54716.0,54716/ 91,RAJESH BHIMASHA MUGALE,MAH,SANGLI,W
MAHMAR19922,TIRANGA TIMES,nan,75930.0,MAHMAR/2000/03373,SHIVAJI NARAYAN BHOSLE,MAH,SATARA,D
MAHMAR53055,BANGANGA TIMES,nan,,nan,SAVITA VIJAY BHISE,MAH,SATARA,DE
MAHMAR48651,PRADNYADEEP TIMES,nan,150356.0,MAHMAR/2017/77801,NAGESH VITTHAL NARALE,MAH,SATARA,M
MAHMAR40859,KARAD TIMES,कराड टाइम्स,128994.0,MAHMAR/2013/56439,SHEELA SANJAY PATIL,MAH,SATARA,M
MAHMAR38467,AAPAL DHAIRYA TIMES,nan,121201.0,MAHMAR/2011/48646,SACHIN SAMPATRAO MORE,MAH,SATARA,W
MAHMAR18412,SHAHUNAGARI TIMES,nan,74034.0,MAHMAR/1999/01477,SHIVAJI NARAYAN BHOSALE,MAH,SATARA,W
MAHMAR18151,NAV NOKARI TIMES,नव नोकरी टाइम्स,71681.0,71681/ 99,DATTATRAY D. KUMBHAR,MAH,SATARA,W
MAHMAR27269,MASUR TIMES,nan,87979.0,MAHMAR/2005/15422,ANIL ALIAS ANAND TANAJI JAGDALE (PATIL),MAH,SATARA,W
MAHMAR50530,SATARA TIMES,nan,152372.0,MAHMAR/2021/79817,SATYANARAYAN HANMANT SHEDGE,MAH,SATARA,W
MAHMAR52194,SEVAGIRI TIMES,nan,,UR,NITIN VILAS KACHARE,MAH,SATARA,W
MAHMAR40829,ASTHA TIMES,nan,119520.0,MAHMAR/2012/46963,CHORMALE VAISHALI KRISHANATH,MAH,SATARA,W
MAHMAR45061,NGO TIMES,एनजीओ टाइम्स,132171.0,MAHMAR/2014/59616,KUMBHAR DATTATRAY DHONDIRAM,MAH,SATARA,W
MAHMAR33295,JAVALI TIMES,जवाली टाइम्स,101932.0,MAHMAR/2008/29375,SACHIN RAGHUNATH WARAGADE,MAH,SATARA,W
MAHMAR47516,RATNAGIRI TIMES,रत्नागिरी टाइम्स,138488.0,MAHMAR/2015/65933,ULHAS PUBLICATIONS PVT. LTD.,MAH,SINDHUDURG,D
MAHMAR20334,AKLUJ TIMES,nan,77264.0,MAHMAR2001/04707,RAJENDRA VITTHAL SURYAVANSHI,MAH,SOLAPUR,D
MAHMAR40889,BURAK TIMES,nan,117255.0,MAHMAR/2012/44698,IQBAL FAKRODDIN SHAIKH,MAH,SOLAPUR,D
MAHMAR14593,PANDHARPUR TIMES,nan,66174.0,66174/ 96,BHARAT ANANT DESAI,MAH,SOLAPUR,D
MAHMAR51566,SINHASAN TIMES,nan,154404.0,MAHMAR/2022/81849,RAJASHREE ABHIRAJ UBALE,MAH,SOLAPUR,D
MAHMAR32417,SOLAPUR TIMES,सोलापूर टाइम्स,103832.0,MAHMAR/2009/31275,AMBADAS BHIVAJI GAIDHANKAR,MAH,SOLAPUR,DE
MAHMAR32903,SAHYADRI TIMES,सह्याद्रि टाइम्स,105102.0,MAHMAR/2010/32545,BATTUL SUDARSHAN RAJARAM,MAH,SOLAPUR,DE
MAHHIN05335,BAGBAN TIMES,बागबान टाइम्‍स,91842.0,MAHHIN/2005/19285,INAMDAR SAYYED GUFRAN,MAH,SOLAPUR,F
MAHBIL06427,TIMES OF ONENESS,nan,117325.0,MAHBIL/2012/44768,SARWADE JEEVAN SHIVACHARAN,MAH,SOLAPUR,M
MAHMAR45270,PRABUDDHA TIMES,प्रबुद्ध टाइम्स,133251.0,MAHMAR/2015/60696,VISHNU GORAKHNATH GAIKWAD,MAH,SOLAPUR,W
MAHMAR19972,VITHAL TIMES,nan,77982.0,MAHMAR/2001/05425,GAUTAM MAHADEV JADHAV,MAH,SOLAPUR,W
MAHMAR35931,KARMALA TIMES,nan,108829.0,MAHMAR/2010/36272,AMAR VIJAY GADIYA,MAH,SOLAPUR,W
MAHMAR35350,AASIF TIMES,nan,109455.0,MAHMAR/2011/36898,AASIF SALIM SHAIKH,MAH,SOLAPUR,W
MAHMAR26441,CHHATRAPATI TIMES,nan,97671.0,MAHMAR/2004/25114,SAUDAGAR BALBHIM-,MAH,SOLAPUR,W
MAHMAR24139,AKKALKOT TIMES,nan,85749.0,MAHMAR/2003/13192,MAHIBOOB YUSUF PATHAN,MAH,SOLAPUR,W
MAHMAR48705,SHEKHAGAURI TIMES,nan,146741.0,MAHMAR/2017/74186,SHIVAJI KASHINATH NARUTE,MAH,SOLAPUR,W
MAHMAR05823,SANGOLA TIMES,nan,37572.0,37572/ 77,MARUTI SADHU MALI,MAH,SOLAPUR,W
MAHMAR52959,VADAR TIMES,nan,,nan,DEEPALI DEEPAK NANGARE,MAH,SOLAPUR,W
MAHMAR46582,MANGALWEDHA TIMES,nan,144803.0,MAHMAR/2016/72248,SAMADHAN ASHOK FUGARE,MAH,SOLAPUR,W
MAHMAR49596,MALSHIRAS TIMES,nan,,nan,SUJIT DIGAMBAR SATPUTE,MAH,SOLAPUR,W
MAHMAR43544,KARMYOGI TIMES,कर्मयोगी टाईम्‍स,127497.0,MAHMAR/2013/54942,SANJAY HARISHCHANDRA PAWAR,MAH,SOLAPUR,W
MAHMAR44874,PATIL TIMES,पाटील टाइम्स,138126.0,MAHMAR/2015/65571,NAVNATH RAGHUNATH PATIL,MAH,SOLAPUR,W
MAHMAR34164,JOSHABA TIMES,JOSHABA TIMES,103748.0,MAHMAR/2009/31191,SHRIKANT ROHIDAS KASBE,MAH,SOLAPUR,W
MAHMAR39848,CHANAKYA TIMES,चाणक्य टाइम्स,114133.0,MAHMAR/2011/41576,DHANANJAY DAGADU WAGHMODE,MAH,SOLAPUR,W
MAHMAR41247,VITHAI TIMES,nan,119307.0,MAHMAR/2012/46750,MAULI RAJABHU DANGE,MAH,SOLAPUR,W
MAHMAR41536,CHAUPAD TIMES,nan,125769.0,MAHMAR/2013/53214,YASHWANT SOPAN KOLEKAR,MAH,SOLAPUR,W
MAHMAR38371,JANSAGAR TIMES,nan,111724.0,MAHMAR/2011/39167,RAFIK APPA PATEL,MAH,SOLAPUR,W
MAHMAR35686,KASHILINGESHWAR TIMES,कशीलिंगेश्वर टाइम्स,105506.0,MAHMAR/2010/32949,SAU. SAVITA MOHAN RATHOD,MAH,SOLAPUR,W
MAHMAR24839,NATE PUTE TIMES,nan,88881.0,MAHMAR/2004/16324,LATIB BABAN NADAF,MAH,SOLAPUR,W
MAHMAR50292,SIDDHANAGARI TIMES,nan,151954.0,MAHMAR/2020/79399,VIJAY RAJARAM VADANE,MAH,SOLAPUR,W
MAHMAR51561,SANKALP HINDU TIMES,nan,154116.0,MAHMAR/2021/81561,ANIKET NISHIKANT KULKARNI,MAH,SOLAPUR,W
MAHMAR51911,DHANGAR TIMES,nan,156811.0,MAHMAR/2022/84256,BAPU SANJAY MASAL,MAH,SOLAPUR,W
MAHKAN00183,BASAV TIMES,nan,145033.0,MAHKAN/2012/72478,REVANSIDHA ALIES BABURAO MANIKRAO GADMIRE,MAH,SOLAPUR,W
MAHMAR38934,BARLONI TIMES,nan,116440.0,MAHMAR/2012/43883,ATKAR ANKUSH DNYANDEV,MAH,SOLAPUR,W
MAHMAR40835,DANKA TIMES,nan,117590.0,MAHMAR/2012/45033,VISHVANATH VITTHAL VHANKORE,MAH,SOLAPUR,W
MAHMAR11921,SIDHESHWAR TIMES,nan,70197.0,70197/ 94,CHANDRASHEKHAR L.GAI,MAH,SOLAPUR,W
MAHMAR43209,MAHASATTA TIMES,nan,127048.0,MAHMAR/2013/54493,GANGADHAR DATTATRAY AHIRE,MAH,SOLAPUR,W
MAHMAR41707,TIMES OF VINAYAK,nan,120690.0,MAHMAR/2013/48134,AMOL YASHWANT AJABE,MAH,SOLAPUR,W
MAHMAR50654,YUG TIMES,nan,,nan,AMBIKA SHRINIWAS MADGUNDI,MAH,SOLAPUR,W
MAHMAR51542,MATA TULJABHAVANI TIMES,nan,,nan,RUSHIKESH BALIRAM DHERE,MAH,SOLAPUR,W
MAHMAR48846,DAMAJI TIMES,nan,146586.0,MAHMAR/2017/74031,VILAS EKNATH MASAL,MAH,SOLAPUR,W
MAHMAR40944,PANTNAGARI TIMES,nan,119306.0,MAHMAR/2012/46749,MADARSAB JAINUDDIN SAYYAD (MULANI),MAH,SOLAPUR,W
MAHMAR20279,REPORTER TIMES,रिपोर्टर टाइम्स,75331.0,MAHMAR/2000/02774,LIYAKAT RASUL BAGWAN,MAH,SOLAPUR,W
MAHMAR27062,JANSEVA TIMES,nan,88129.0,MAHMAR/2005/15572,SACHIN NETAJI HAJARE,MAH,SOLAPUR,W
MAHMAR35948,DEEPCHAND TIMES,दीपचंद टाइम्स,106582.0,MAHMAR/2010/34025,SATISH DEEPCHAND KHABE,MAH,SOLAPUR,W
MAHMAR38912,SHREE BIROBA TIMES,श्री बिरोबा टाइम्स,112262.0,MAHMAR/2011/39705,MADARSAB JAINUDDIN SAYYAD (MULANI),MAH,SOLAPUR,W
MAHMAR39309,LOKSEVA TIMES,nan,113121.0,MAHMAR/2011/40564,SUNIL BABURAO JAGTAP,MAH,SOLAPUR,W
MAHMAR45562,YOUNG INDIAN TIMES,nan,143939.0,MAHMAR/2016/71384,ADITYA ARJUN MUDGUL,MAH,SOLAPUR,W
MAHMAR45680,SAHAKAR TIMES,सहकार टाईम्स,135492.0,MAHMAR/2015/62937,SARAWALE GANESH KRISHNA,MAH,SOLAPUR,W
MAHMAR52076,VISHWADHARA TIMES,nan,159880.0,MAHMAR/2023/87325,APARNA SHRINIVAS KONDABATTINI,MAH,SOLAPUR,W
MAHMAR40374,RANYUG TIMES,nan,121982.0,MAHMAR/2013/49427,PRAMOD DILIP BINWADE,MAH,SOLAPUR,W
MAHMAR20131,MOGARA TIMES,nan,76015.0,MAHMAR/2000/03458,ISMAIL MUSA PATHAN,MAH,SOLAPUR,W
MAHMAR12116,BARSHI JANATA TIMES,nan,70980.0,70980/ 98,SURYAWANSHI SANTOSH ARVIND,MAH,SOLAPUR,W
MAHHIN07172,PANDOULA TIMES,nan,69413.0,69413/ 98,MAHOODSO GALABSO TAMBELI,MAH,SOLAPUR,W
MAHBIL10312,TEZ AAWAZ TIMES,nan,,nan,ABUHZAIFA ABDUL SALAM ANSARI,MAH,THANE,BM
MAHMAR42780,AMBARNATH TIMES,nan,123263.0,MAHMAR/2013/50708,KAMALAKAR NAGORAO SURYAVANSHI,MAH,THANE,D
MAHMAR45137,LOKDHARA TIMES,लोकधारा टाइम्स,132282.0,MAHMAR/2014/59727,PRADEEP RANGOJI JAGTAP,MAH,THANE,D
MAHMAR40570,LOK RAJA TIMES,nan,117811.0,MAHMAR/2012/45254,PRAVIN NANA MALAVI,MAH,THANE,D
MAHMAR23939,MAHARASHTRA BULAND TIMES,nan,89511.0,MAHMAR/2003/16954,SONI ASHOK,MAH,THANE,D
MAHBIL03278,SHARE BAZAR TIMES,nan,76354.0,MAHBIL/2000/03797,MADHYAM PRAKASHAN,MAH,THANE,D
MAHENG14303,TIMES DAY,nan,143209.0,MAHENG/2016/70654,MANISH SARAF,MAH,THANE,D
MAHMAR40879,PRATISHTA THANE TIMES,nan,118991.0,MAHMAR/2012/46434,PRASHANT SATYAWAN KAMBLI,MAH,THANE,D
MAHHIN02472,KALYAN CLEAN TIMES,nan,73816.0,MAHHIN/2000/01259,SHAMIM F. AHMED,MAH,THANE,D
MAHHIN09176,CHARBHUJA TIMES,चारभुजा टाइम्स,130234.0,MAHHIN/2014/57679,HARI PRAKASH RAMDAYAL NEHARIA,MAH,THANE,D
MAHHIN09631,APRAHAN TIMES,अपराह्न टाइम्स,140187.0,MAHHIN/2016/67632,RAJESH RAJARAM YADAV,MAH,THANE,D
MAHMAR41745,TEJASWI TIMES,nan,121179.0,MAHMAR/2013/48624,PRASHANT SATYAWAN KAMBLI,MAH,THANE,D
MAHMAR44068,JILHA TIMES,जिल्हा टाईम्स,136987.0,MAHMAR/2015/64432,PRAMOD VITHAL DALVI,MAH,THANE,D
MAHMAR51252,THE GLOBAL TIMES,nan,152867.0,MAHMAR/2020/80312,MANALI TUSHAR KHANVILKAR,MAH,THANE,D
MAHHIN07660,SHIVDHAM TIMES,शिवधाम टाइम्स,104154.0,MAHHIN/2010/31597,DEEPAK SHAMDAS GIDWANI,MAH,THANE,F
MAHMAR51484,LOK PARSHURAM TIMES,nan,,nan,SHAHRUKH SULEMAN MULANI,MAH,THANE,F
MAHMAR48816,THE SAMRAS TIMES,द समरस टाईम्स,150167.0,MAHMAR/2017/77612,SANJAY G.MAKWANA,MAH,THANE,F
MAHBIL04976,REPUTE TIMES,रिपूट टाइम्स,93109.0,MAHBIL/2007/20552,MADHAV SUBBARAO,MAH,THANE,F
MAHMAR44381,KARTAVYA LOKHIT TIMES,कर्तव्य लोकहित टाइम्स,130303.0,MAHMAR/2014/57748,NANDU SAMPAT VARATE,MAH,THANE,F
MAHHIN03731,AGHOR TIMES,nan,76237.0,MAHHIN/2000/03680,AVADHOOT ALAKH RAM,MAH,THANE,F
MAHHIN09471,TRINETRA TIMES,त्रिनेत्र टाइम्स,134695.0,MAHHIN/2015/62140,VAHID FATEH ALI KHAN,MAH,THANE,F
MAHBIL06591,JANTA POLICE TIMES,nan,126455.0,MAHBIL/2013/53900,SHAMSHER JALIL ANSARI,MAH,THANE,F
MAHMAR42822,ADITYA TIMES,nan,125376.0,MAHMAR/2013/52821,SALONI SOMNATH THAKARE,MAH,THANE,F
MAHMAR10629,PALGHAR TIMES,nan,57127.0,57127/ 93,ASHOK NANA CHURI,MAH,THANE,F
MAHHIN07497,KALAM TIMES,कलम टाइम्स,102307.0,MAHHIN/2009/29750,DEEPAK JASWANT HARISINGHANI,MAH,THANE,F
MAHHIN08732,RAILWAY TIMES,nan,124090.0,MAHHIN/2013/51535,LAVLESH RAMSAJEEVAN SUTAR,MAH,THANE,F
MAHBIL05185,MUMBAI ROSHNI TIMES,मुंबई रोशनी टाईम्स,96116.0,MAHBIL/2008/23559,VINOD RAMRAO DESHAMUKH,MAH,THANE,F
MAHMUL03405,ULHAS TIMES,nan,14098.0,14098/ 67,JUGAL KISHORE,MAH,THANE,F
MAHMUL02582,LION TIMES,nan,99367.0,MAHMUL/2008/26810,TEKU RAMCHAND MANGTANI,MAH,THANE,M
MAHHIN09954,HARSH TIMES,हर्ष टाइम्स,145302.0,MAHHIN/2017/72747,SANIYA RAJESH HINDUJA,MAH,THANE,M
MAHBIL05965,MUMBAI CHIRISTIAN TIMES,nan,107444.0,MAHBIL/2010/34887,SIBI A PAILY,MAH,THANE,M
MAHENG14510,PRINT PLUS TIMES,nan,,nan,PRINT PLUS PRIVATE LIMITED,MAH,THANE,M
MAHMAR39313,SIKANDAR TIMES,nan,112727.0,MAHMAR/2011/40170,ULHAS SAMBHAJIRAO DHAGE,MAH,THANE,M
MAHHIN05642,RAJA TIMES,राजा टाईम्स,89595.0,MAHHIN/2006/17038,KAMLESH MURLIDHAR JETHANI,MAH,THANE,M
MAHBIL06984,GHODBUNDER TIMES,घोडबंदर टाइम्स,133383.0,MAHBIL/2014/60828,PRAVEEN SITARAM NAGARE,MAH,THANE,M
MAHMAR32800,ANURAG KALYAN TIMES,nan,99801.0,MAHMAR/2008/27244,MEGHAN SADASHIV GUPTE,MAH,THANE,M
MAHMAR17847,LOCAL CRIME TIMES,nan,79278.0,MAHMAR/1999/06721,VANDANA A. PALKAR,MAH,THANE,M
MAHHIN09374,V.K.TIMES,nan,138383.0,MAHHIN/2015/65828,VIRENDRA KUMAR KAMLASHANKAR MISHRA,MAH,THANE,M
MAHENG14307,THE GLAMOURFUL TIMES,nan,,UR,ALTAMASH ANISH QURESHI,MAH,THANE,M
MAHMAR07078,VASAI TIMES,nan,37522.0,37522/ 80,NOEL MANWEL DABRE,MAH,THANE,M
MAHMAR40790,SUPERFAST TIMES,nan,116693.0,MAHMAR/2012/44136,AVINASH SURESH JAGTAP,MAH,THANE,M
MAHMAR39704,BAAGI TIMES,nan,113318.0,MAHMAR/2011/40761,DIVYA NARENDRANATH SHETH,MAH,THANE,M
MAHMUL03544,OPEN AIR TIMES,nan,145186.0,MAHMUL/2017/72631,TAHERA AHSAN SHAIKH,MAH,THANE,M
MAHMAR35823,BELAPUR TIMES,बेलापुर टाइम्स,105239.0,MAHMAR/2010/32682,RAHUL SURESH BANSODE,MAH,THANE,W
MAHBIL05096,FASHION TIMES,फैशन टाइम्žस,93148.0,MAHBIL/2007/20591,KALESH NIMKAR,MAH,THANE,W
MAHHIN04153,KOMHARSH TIMES,nan,88485.0,MAHHIN/2002/15928,RAKESH SHARMA,MAH,THANE,W
MAHBIL06396,ULHAS DARPAN TIMES,उल्हास दर्पण टाइम्स,113373.0,MAHBIL/2011/40816,SUNIL G. AJWANI,MAH,THANE,W
MAHENG13392,SATHI COLLEGE TIMES,nan,133205.0,MAHENG/2015/60650,SHREENET GIRIRAJ SHANKAR SINGH,MAH,THANE,W
MAHHIN06986,SABURI TIMES,nan,99260.0,MAHHIN/2008/26703,AWDHESH KUMAR N. TIWARI,MAH,THANE,W
MAHHIN07083,KANOUJIA TIMES,कनौजिया टाइम्स,100872.0,MAHHIN/2009/28315,SHERBAHADUR C. KANOUJIA,MAH,THANE,W
MAHHIN08558,SINDHMATA TIMES,nan,117112.0,MAHHIN/2012/44555,RAM BAGHWANDAS PESWANI,MAH,THANE,W
MAHHIN08725,SHOOR VEER TIMES,nan,119636.0,MAHHIN/2012/47079,ANIL SHIVAJI BHOVAD,MAH,THANE,W
MAHHIN09392,ALANKAR TIMES,अलंकार टाइम्स,137601.0,MAHHIN/2015/65046,KAZIM MOHAMMAD SHAIKH,MAH,THANE,W
MAHMAL00288,SAI TIMES,nan,72548.0,72548/ 99,E.V.VASUDEVAN NAIR,MAH,THANE,W
MAHMAR29884,HAWALDAR TIMES,nan,98780.0,MAHMAR/2007/26223,ZAHEER HUSAIN HAWALDAR,MAH,THANE,W
MAHMAR41611,JAGRUK CRIME TIMES,nan,119634.0,MAHMAR/2012/47077,RAJENDRANATH PARASNATH PANDEY,MAH,THANE,W
MAHHIN09985,ADHINAYAK TIMES,nan,148211.0,MAHHIN/2017/75656,JAY RAJENDRA SINGH,MAH,THANE,W
MAHBIL07234,VISHWADEEP TIMES,विश्वदीप टाइम्स,138367.0,MAHBIL/2015/65812,VIJAY GAJANAN LELE,MAH,THANE,W
MAHMAR52047,DOMBIVALI TIMES,nan,,nan,PRADEEP VIJENDRA MASTAKAR,MAH,THANE,W
MAHMAR17002,LOK DIARY TIMES,nan,71137.0,71137/ 99,EKNATH BABU SHETTY,MAH,THANE,W
MAHENG09956,PRIME CITY TIMES,nan,92642.0,MAHENG/2005/20085,CHANDRAKANT GUJARAM CHOUDHARY,MAH,THANE,W
MAHENG11403,THE SIMPLE TIMES OF PUBLIC,nan,98606.0,MAHENG/2008/26049,BADDY HEMANTKUMAR GANGARAM,MAH,THANE,W
MAHMAR42024,SWARAJYA TIMES,स्वराज्य टाइम्स,129693.0,MAHMAR/2014/57138,RAHUL SURESH BANSODE,MAH,THANE,W
MAHMAR32189,SHAHAR TIMES,nan,98708.0,MAHMAR/2008/26151,PRAKASH PANDURANG NAGANE,MAH,THANE,W
MAHMAR38903,DANISH TIMES,nan,117469.0,MAHMAR/2011/44912,MOHAMMAD JAFFAR KHAN,MAH,THANE,W
MAHMAR01331,DAHANU TIMES,डहाणू टाइम्‍स,46935.0,46935/ 87,SANDEEP BHAGWANRAO KALE,MAH,THANE,W
MAHHIN09102,HIND BHUMI TIMES,nan,131021.0,MAHHIN/2014/58466,MANSURI M. YUSUF ABDUL HAMEED,MAH,THANE,W
MAHHIN08527,VEER VIRAT TIMES,nan,126064.0,MAHHIN/2013/53509,PRAKASH SHEWARAM KALWANI,MAH,THANE,W
MAHBIL00151,BHAYANDAR TIMES,भायंदर टाइम्स,47080.0,47080/ 88,M. R. JAIN,MAH,THANE,W
MAHBIL06376,MUMBAI MUMBRA TIMES,nan,121659.0,MAHBIL/2012/49104,ALTAF AFTAB KHAN,MAH,THANE,W
MAHBIL05953,SIHAI TIMES,SIHAI TIMES,104173.0,MAHBIL/2010/31616,MANISH ARJUNDAS ROCHANI,MAH,THANE,W
MAHHIN08167,CHINGARI TIMES,nan,109955.0,MAHHIN/2011/37398,HARESH RAMCHAND DUL,MAH,THANE,W
MAHHIN08225,SOPARA TIMES,nan,120022.0,MAHHIN/2011/47465,MOHAMMAD RIYAZ SHAFI. SK.,MAH,THANE,W
MAHHIN08938,SHAHAR PREMI TIMES,nan,127169.0,MAHHIN/2013/54614,SONU SUBHASH HATKAR,MAH,THANE,W
MAHMAR48582,SUKHI BHARAT TIMES,nan,144313.0,MAHMAR/2017/71758,HARDEEPKAUR BALDEVSINGH BHOEE,MAH,THANE,W
MAHMAR28835,PRABHODHAN TIMES,प्रबोधन टाइम्žस,90863.0,MAHMAR/2006/18306,GADE HINDURAO LAXMAN,MAH,THANE,W
MAHMAR17913,KUNBI TIMES,nan,71620.0,71620/ 99,SANTOSH KHANDU GAYKAR,MAH,THANE,W
MAHMAR28385,UTTAR MUMBAI BULAND TIMES,उत्‍तर मुंबई बुलंद टाइम्‍स,89837.0,MAHMAR/2006/17280,HEENA ASHOK SONI,MAH,THANE,W
MAHMUL02543,NEW EXPRESS TIMES,न्यू एक्सप्रेस टाइम्स,104386.0,MAHMUL/2009/31829,ASHAD BANE SHAIKH,MAH,THANE,W
MAHMAR43777,LOKHIT TIMES,लोकहित टाइम्स,127259.0,MAHMAR/2014/54704,RAVINDRA DEVCHAND MORE,MAH,THANE,W
MAHHIN07935,CHAUBAN TIMES,nan,109394.0,MAHHIN/2011/36837,BRIJESH KUMAR CHAUBEY,MAH,THANE,W
MAHHIN08307,OMKAR TIMES,nan,121741.0,MAHHIN/2013/49186,LATA DHANRAJ PANJWANI,MAH,THANE,W
MAHHIN07188,MUMBRA KAUSA TIMES,मुम्ब्रा कौसा टाइम्स,102464.0,MAHHIN/2009/29907,IRFAN YUSUF ANSARI,MAH,THANE,W
MAHBIL10305,KUTCHI LOHANA TIMES,nan,,nan,RAJESH M. CHAWDA,MAH,THANE,W
MAHMAR30602,LOK SHAURIA TIMES,nan,99188.0,MAHMAR/2008/26631,DAMYANTI DILIP JAGTAP,MAH,THANE,W
MAHHIN05397,TIMKY TIMES,nan,88016.0,MAHHIN/2005/15459,RAJESH SRICHAND LULLA,MAH,THANE,W
MAHMAR35635,BADLAPUR TIMES,nan,109256.0,MAHMAR/2010/36699,SAGAR SUBHASH KADAM,MAH,THANE,W
MAHMAR51101,TIMES OF SHAHAPUR,nan,,nan,OMKAR EKNATH PATKAR,MAH,THANE,W
MAHMUL02366,NEW VISION TIMES,न्यू विज़न टाइम्स,94618.0,MAHMUL/2007/22061,AKILA ABDUL RAZAK BALBALE,MAH,THANE,W
MAHHIN09882,BHARATDESH TIMES,nan,,UR,LAXMAN DEVISINGH BUNDELA,MAH,THANE,W
MAHHIN09605,POLICE FOCUS TIMES,पुलिस फोकस टाइम्स,137089.0,MAHHIN/2015/64534,SHADAB AHMED SHAMIM USMANI,MAH,THANE,W
MAHURD00882,POWERLOOM TIMES,nan,11283.0,11283/ 66,MANZOOR HUSSAIN BAHADURI,MAH,THANE,W
MAHHIN10348,SAMMAAN TIMES,सम्मान टाइम्स,155225.0,MAHHIN/2021/82670,ROHIT SAROJ THAKUR,MAH,THANE,W
MAHMAR52545,LONAR TIMES,nan,160649.0,MAHMAR/2023/88094,SAMADHAN TUKARAM MULE,MAH,THANE,W
MAHMAR43652,TITWALA TIMES,nan,127131.0,MAHMAR/2013/54576,SAMBHAJI ATMARAM MORE,MAH,THANE,W
MAHMAR42066,JIVDANI TIMES,जीवदानी टाइम्स,132163.0,MAHMAR/2014/59608,POURNIMA UMESH TARE,MAH,THANE,W
MAHMAR42137,MAHILA PRAGATI TIMES,nan,123807.0,MAHMAR/2013/51252,RANJANA ASHOK PATIL,MAH,THANE,W
MAHMUL02308,EKMEV TIMES,nan,97960.0,MAHMUL/2008/25403,MAHENDRA DATTARAM KANADE,MAH,THANE,W
MAHMAR38767,NIRBHAY TIMES,nan,112205.0,MAHMAR/2011/39648,PRAMOD SHRIRANG RANDIL,MAH,THANE,W
MAHMAR45425,RAKHANDAR TIMES,राखणदार टाइम्स,134501.0,MAHMAR/2015/61946,SAJID N. SHAIKH,MAH,THANE,W
MAHBIL07152,BAUDDHA NAYAK TIMES,बौद्ध नायक टाईम्स,135607.0,MAHBIL/2015/63052,BALASAHEB ZUMBERLAL NIKAM,MAH,THANE,W
MAHBIL07087,DESH HAMARA TIMES,देश हमारा टाइम्स,134831.0,MAHBIL/2015/62276,RAMACHHARYA RAMKISHOR SINGH,MAH,THANE,W
MAHHIN03472,SAMS TIMES,nan,75207.0,MAHHIN/2000/02650,MUNNA M.SABBAG,MAH,THANE,W
MAHMAR35917,DAY NIGHT TIMES,डे नाईट टाइम्स,105004.0,MAHMAR/2010/32447,SHANTARAM B. SHELKE,MAH,THANE,W
MAHHIN07975,MUMBAI MASS TIMES,मुंबई मास टाइम्स,133692.0,MAHHIN/2015/61137,RAVINDRA P. JAIN,MAH,THANE,W
MAHURD02088,BEBAK SABAT TIMES,nan,49796.0,49796/ 89,MOHAMMED RIYAZ POJEE,MAH,THANE,W
MAHBIL07095,KAL TAK TIMES,कल तक टाइम्स,134716.0,MAHBIL/2015/62161,ANIL GOPALDAS SADHWANI,MAH,THANE,W
MAHMAR40344,KHABARDAR TIMES,nan,142844.0,MAHMAR/2016/70289,SUDHIR BABAN HARCHEKAR,MAH,THANE,W
MAHHIN07938,SAHASI LAKSH TIMES,साहसी लक्ष टाइम्स,107275.0,MAHHIN/2010/34718,DEEPAK SADHURAM GABA,MAH,THANE,W
MAHHIN08165,KANTA TIMES,कांता टाइम्स,108127.0,MAHHIN/2011/35570,RAMKRISHNA MADHUKAR THORAT,MAH,THANE,W
MAHENG03886,VASHI TIMES,nan,69758.0,69758/ 86,NEW BOMBAY PUBLICATIONS PVT. LTD.,MAH,THANE,W
MAHENG10678,TIMES OF THANE,टाईम्‍स आफ ताने,90453.0,MAHENG/2006/17896,SANJAY.D.CHAUDHARI,MAH,THANE,W
MAHMAR43611,KALWA TIMES,nan,126551.0,MAHMAR/2013/53996,NARENDRA DAMODAR KASABE,MAH,THANE,W
MAHURD02430,KIRDAR TIMES,किरदार टाइम्स,132533.0,MAHURD/2015/59978,SHAIKH HUSSAIN SULTAN,MAH,THANE,W
MAHMAR51092,RAJMUDRA TIMES,nan,153356.0,MAHMAR/2021/80801,SARIKA AMAR SHINDE,MAH,THANE,W
MAHMUL01435,THE NEW AZADI TIMES,nan,71820.0,71820/ 98,VIMLA GULSHAN HARI SINGHANI,MAH,THANE,W
MAHBIL03542,PRITHVIRAJ BHARAT TIMES,nan,79499.0,MAHBIL/2001/06942,DR. RAJESH SINGH,MAH,THANE,W
MAHBIL05927,SUMITRA TIMES,सुमित्रा टाइम्स,104784.0,MAHBIL/2010/32227,RAM SITARE NANDURAM PASI,MAH,THANE,W
MAHBIL05565,KOKAN FAST TIMES,nan,99335.0,MAHBIL/2008/26778,ZAHEER HUSAIN A. GANI HAWALDAR,MAH,THANE,W
MAHBIL05566,JIGER TIMES,nan,99334.0,MAHBIL/2008/26777,ZAHEER HUSAIN A. GANI HAWALDAR,MAH,THANE,W
MAHMAR51596,JADHAV TIMES,nan,156773.0,MAHMAR/2021/84218,SANTOSH CHHAGAN JADHAV,MAH,THANE,W
MAHHIN09425,AAPKA PRAHAR TIMES,आपका प्रहार टाइम्स,133358.0,MAHHIN/2015/60803,MOHAMMED WASIM SYED,MAH,THANE,W
MAHMAR32227,HOMANJALI TIMES,होमांजली टाइम्स,97780.0,MAHMAR/2008/25223,YOGITA S. BHOKARE,MAH,THANE,W
MAHBIL07184,LIMRA TIMES,लिमरा टाइम्स,137602.0,MAHBIL/2015/65047,ABDUL KARIM DAWOOD,MAH,THANE,W
MAHMAR29729,AAMHI TIMES,आम्ही टाइम्स,91400.0,MAHMAR/2007/18843,PITALE VINOD VINAYAK,MAH,THANE,W
MAHMAR30615,LOK NIYANTRAN TIMES,nan,99208.0,MAHMAR/2008/26651,DAMYANTI DILIP JAGTAP,MAH,THANE,W
MAHMUL03449,JANTA POLICE TIMES,जनता पोलिस टाइम्स,144717.0,MAHMUL/2016/72162,SHAMSHER JALIL ANSARI,MAH,THANE,W
MAHMUL03328,SWAPNA JYOTI TIMES,स्वप्न ज्योति टाईम्स,135394.0,MAHMUL/2015/62839,GAURAV NAMDEV SHELAR,MAH,THANE,W
MAHBIL06485,AVIRAJ TIMES,अविराज टाइम्स,127287.0,MAHBIL/2014/54732,AVISHEK ABHIMANYU SHRIVASTAV,MAH,THANE,W
MAHENG14325,WELDFAB TECH TIMES,nan,147562.0,MAHENG/2017/75007,ELIZA AMOL BHALERAO,MAH,THANE/ ULHASNAGAR,BM
MAHSIN00013,THE BHARAT TIMES,nan,35745.0,35745/ 78,R.V.RAMCHANDANI,MAH,THANE/ ULHASNAGAR,M
MAHHIN11404,UNITED SIKH TIMES,nan,,nan,CHARAN SINGH ARJUN SINGH LABANA,MAH,THANE/ ULHASNAGAR,M
MAHMAR53074,MAHAKAL TIMES,nan,,nan,SURESH UMAJI HONKAMBLE,MAH,THANE/ ULHASNAGAR,W
MAHMUL01080,TRIDEV TIMES,nan,64520.0,64520/ 95,KISHIN ISSARDAR TECKWANI,MAH,THANE/ ULHASNAGAR,W
MAHBIL02310,HOSHIYAR TIMES,nan,64519.0,64519/ 95,RAJENDRA K. RAMCHANDANI,MAH,THANE/ ULHASNAGAR,W
MAHBIL09948,AGNI PARVA TIMES,अग्नि पर्व टाइम्स,145155.0,MAHBIL/2017/72600,KAMLESH S. DUBEY,MAH,THANE/ ULHASNAGAR,W
MAHHIN09843,SOMVEER TIMES,सोमवीर टाइम्‍स,147384.0,UR,SOMVEER MUKTIYAR BHAGWANE,MAH,THANE/ ULHASNAGAR,W
MAHMAR50700,JAN YASHOMADHU TIMES,nan,,nan,PRASHANT MARUTI JADHAV,MAH,THANE/ ULHASNAGAR,W
MAHHIN01780,CITY TIMES OF MAHARASHTRA,nan,57009.0,57009/ 92,GIRISH CHATURVEDI,MAH,THANE/ ULHASNAGAR,W
MAHMAR49097,THE NERLA TIMES,nan,148220.0,MAHMAR/2018/75665,SUHAS SHANKAR BANSODE,MAH,THANE/ ULHASNAGAR,W
MAHMUL02124,KHARGHAR TIMES,nan,88350.0,MAHMUL/2005/15793,DEEPAK SHIVAJI GUJAR,MAH,THANE/NAVI MUMBAI,W
MAHHIN06182,DURVENDRA TIMES,nan,99210.0,MAHHIN/2008/26653,VASUDEV SRICHAND VALECHA,MAH,ULHASNAGAR,F
MAHBIL02642,ULHAS REAL TIMES,nan,68723.0,68723/ 97,SUNIL G. AJWANI,MAH,ULHASNAGAR,W
MAHBIL10405,PULGAON TIMES,nan,158594.0,MAHBIL/2022/86039,ANUPKUMAR JAGDISHMOHAN BHARGAV,MAH,WARDHA,D
MAHBIL10448,SEWAGRAM TIMES,nan,,nan,KAMALAKAR WASDEVRAO KHONDE,MAH,WARDHA,W
MAHBIL02947,PULGAON TIMES,nan,27768.0,27768/ 74,ANUP KUMAR JAGDISH MOHAN BHARGAVA,MAH,WARDHA,W
MAHHIN01418,JANHIT TIMES,nan,9124.0,9124/ 63,PRADIP HARIKISAN RATHI,MAH,WARDHA,W
MAHMUL01391,WARDHA TIMES,nan,16708.0,16708/ 67,KAWAL KRISHNA SHARMA,MAH,WARDHA,W
MAHENG13241,CARMEL TIMES EXCLUSIVE,nan,118961.0,MAHENG/2012/46404,MOUNT CARMEL ENGLISH SCHOOL,MAH,WASHIM,M
MAHMAR42984,ROSHAN TIMES,nan,125424.0,MAHMAR/2013/52869,ANWAR JAMEEL SIDDIQUI,MAH,WASHIM,W
MAHMAR37220,WASHIM TIMES,वाशिम टाइम्स,105631.0,MAHMAR/2010/33074,PAWAN KANHAIYALALJI GATTANI,MAH,WASHIM,W
MAHMAR52234,RISOD TIMES,nan,160044.0,MAHMAR/2023/87489,ABHAYKUMAR BHARAT AUNDHEKAR,MAH,WASHIM,W
MAHMAR31924,SAMRAT TIMES,सम्राट टाईम्स,97516.0,MAHMAR/2008/24959,VINOD DYNYANDEO TAYDE,MAH,WASHIM,W
MAHMAR19053,KARANJA TIMES,nan,74964.0,MAHMA/2000/02407,V.R.MOTGHARE,MAH,WASIM,W
MAHMAR02219,INDIANTIMES,nan,35691.0,35691/ 78,AJAHRAO VISWANATH THAKARE,MAH,YAVATMAL,TWW
MAHMAR01413,DARWHA TIMES,nan,50014.0,50014/ 80,MANDHANA HARISH RAMESHWAR,MAH,YAVATMAL,W
MAHMAR33793,MAREGAON TIMES,nan,70540.0,70540/ 99,TULSHIRAM GULABRAO MAHAJAN,MAH,YAVATMAL,W
MAHMAR49676,VIRAR TIMES,nan,156020.0,MAHMAR/2021/83465,RAJU DATTA RATHOD,MAH,YAVATMAL,W
MAHMAR52224,MAHAGAON TIMES,nan,157795.0,MAHMAR/2023/85240,GAJANAN BHIMRAO PAIKRAO,MAH,YAVATMAL,W
MAHHIN09140,PUSAD TIMES,पुसद टाइम्स,130749.0,MAHHIN/2010/58194,MAJID AHMED SALAM AHMED,MAH,YAVATMAL,W
MAHBIL01790,NEW VARHAD TIMES,nan,65238.0,65238/ 92,RAJENDRA RAMSAMUJ MISHRA,MAH,YAVATMAL,W
MAHMAR44370,THE SCHOLAR TIMES,द स्कॉलर टाइम्स,132509.0,MAHMAR/2014/59954,RAVINDRA MADHUKAR RATHOD,MAH,YAVATMAL,W
MAHMAR01546,DIGRAS TIMES,nan,73357.0,MAHMAR/1992/00800,PUNDLIK SHIVRAMJI INGOLE,MAH,YAVATMAL,W
MAHMAR01730,FAMILY PLANING TIMES,nan,22791.0,22791/ 73,C R UTTARWAR,MAH,YAVATMAL,W
MANBIL00323,THE LAMKA TIMES,nan,,nan,THANGCHINLIAN LANGEL,MAN,CHURACHANDPUR,D
MANENG00034,MANIPUR TIMES,nan,7003.0,7003/ 61,MANIPUR STATE CONGRESS COMMITTEE,MAN,IMPHAL,W
MANBIL00291,EIMI TIMES,nan,122527.0,MANBIL/2012/49972,MOMOI KIPGEN,MAN,IMPHAL EAST,D
MANENG00106,IMPHAL TIMES,nan,123647.0,MANENG/2013/51092,"IBOYAIMA KHUMAN,HEI",MAN,IMPHAL WEST,D
MANMUL00250,LAMJINGBA TIMES,nan,,UR,SANASAM JACKY SINGH,MAN,IMPHAL WEST,D
MANENG00129,TIMES OF SENAPATI,nan,,nan,KIBAMBE FELIX,MAN,SENAPATI,D
MANBIL00316,THE TAMENGLONG TIMES,nan,149700.0,MANBIL/2019/77145,CHAM CHIU SOCIETY,MAN,TAMENGLONG,D
MEGHIN00007,CHOICE TIMES,चॉइस टाइम्स,104953.0,MEGHIN/2010/32396,SANJEEV KUMAR MISHRA,MEG,EAST KHASI HILLS,D
MEGENG00074,MEGHALAYA TIMES,मेघालय टाइम्स,103404.0,MEGENG/2009/30847,DONKUPAR KHARWANLANG,MEG,EAST KHASI HILLS,D
MEGENG00016,THE SHILLONG TIMES,दी शिलॉंग टाइम्स,13759.0,13759/ 57,SHILLONG TIMES PRIVATE LIMITED,MEG,EAST KHASI HILLS/ SHILLONG,D
MEGENG00091,THE FRONTIER TIMES,nan,1480.0,1480/ 58,GOPAL GIRI,MEG,SHILLONG,W
MEGENG00103,THE TURA TIMES,nan,144059.0,MEGENG/2016/71504,MITISON D SANGMA,MEG,WEST GARO HILLS/ TURA,D
MIZMIZ00747,THE ZOZAM TIMES,द जौरम टाइम्‍स,89406.0,MIZMIZ/2006/16849,TUIKHUAHTHANGA,MIZ,AIZAWL,D
MIZBIL00020,SAIHA TIMES,सइहा टाइम्स,46800.0,46800/ 89,H. LALLIANA,MIZ,CHAMPHAI,D
MIZMIZ01067,KOLASIB TIMES,nan,,UR,L.H.MALSAWMTLUANGA,MIZ,KOLASIB,D
MIZMIZ01076,THE CHAWNGTE TIMES,nan,,nan,OMEG LALRAMKINLOVA,MIZ,LAWNGTLAI,D
MIZMIZ00102,LUNGLEI TIMES,लुंगलेई टाइम्स,40944.0,40944/ 90,H. LALTHANSANGA,MIZ,LUNGLEI,TWW
MIZMIZ00534,MAMIT TIMES,मामित टाइम्स,72965.0,MIZMIZ/1999/00408,H LALRAMLIANA,MIZ,MAMIT,D
MIZMIZ01003,SERCHHIP TIMES,nan,130731.0,MIZMIZ/2014/58176,KAPLIANA PACHUAU,MIZ,SERCHHIP,D
MPHIN14677,LOKMUKH TIMES,nan,52001.0,52001/,NOT GIVEN,MP,nan,W
MPHIN36515,TELEGRAM TIMES,nan,,UR,ARVIND DUGARIYA,MP,AGAR-MALWA,D
MPHIN37778,JOHILA TIMES,जोहिला टाइम्स,155844.0,MPHIN/2022/83289,RAM CHARAN MISHRA,MP,ANUPPUR,D
MPHIN23963,KOYALANCHAL TIMES,कोयलांचल टाइम्स,103859.0,MPHIN/2009/31302,VIKRAMADITYA CHOURASIYA,MP,ANUPPUR,W
MPHIN34175,DAINIK YALGAR TIMES,दैनिक यलग़ार टाइम्स,143459.0,MPHIN/2016/70904,ARIF KHAN,MP,ASHOK NAGAR,D
MPHIN38747,QASMI TIMES,कासमी टाईम्स,158628.0,MPHIN/2022/86073,MOHD HAMEED KHAN,MP,Ashok Nagar,M
MPURD00435,QASMI TIMES,nan,157912.0,MPURD/2022/85357,MOHD. HAMEED KHAN,MP,ASHOK NAGAR,M
MPHIN28037,RAJVIR TIMES,nan,116195.0,MPHIN/2012/43638,SHAILENDRA SINGH THAKUR,MP,BAITUL,D
MPHIN28214,AKBAR TIMES,nan,117563.0,MPHIN/2012/45006,SMTI. IRAM HASAN,MP,BAITUL,W
MPHIN00518,BALAGHAT TIMES,nan,6413.0,6413/ 62,SH.SHANKER LAL KASAR,MP,BALAGHAT,D
MPHIN37386,DISCOVERY TIMES,nan,,nan,ANIL KUMAR DHIMAN,MP,BALAGHAT,M
MPHIN22450,NIRJA TIMES,nan,108762.0,MPHIN/2009/36205,RUPESH SRIVASTAVA,MP,BALAGHAT,M
MPHIN37509,THE FOREST TIMES,द फारेस्ट टाइम्स,160696.0,MPHIN/2023/88141,RATNDEEP BANGRE,MP,BALAGHAT,M
MPHIN27344,ABHINANDAN TIMES,nan,118965.0,MPHIN/2012/46408,KISHORE DANI,MP,BALAGHAT,M
MPHIN33744,JANMBHOOMI TIMES,जन्‍मभूमि टाईम्‍स,147536.0,MPHIN/2017/74981,SURENDRA GAJABHIYE,MP,BALAGHAT,M
MPHIN23789,KANHA JUNGLE TIMES,nan,109493.0,MPHIN/2010/36936,DARBU SINGH,MP,BALAGHAT,W
MPHIN12259,SHRI NANESH TIMES,श्री नानेश टाइम्स,65440.0,65440/ 96,PRAKASH CHAND DHOKA,MP,BALAGHAT,W
MPHIN25368,SURYANSH TIMES,nan,113015.0,MPHIN/2011/40458,SARITA SINGARE,MP,BALAGHAT,W
MPHIN19416,ASHA KI NAI UDAAN TIMES,आशा की नई उड़ान टाइम्स,91648.0,MPHIN/2005/19091,KALIRAM PATIL,MP,BETUL,F
MPHIN04783,PUKAR TIMES,पुकार टाइम्स,17201.0,17201/ 68,V.M JOSEPH,MP,BETUL,M
MPHIN05648,SAMPANA TIMES,nan,13047.0,13047/ 67,JAWAHARLAL PAGARIA,MP,BETUL,W
MPHIN01969,GONDWANA TIMES,nan,13189.0,13189/ 67,KRISHAN KUMAR JAISWAL,MP,BETUL,W
MPHIN33682,SACH TIMES,सच टाइम्स,141644.0,MPHIN/2016/69089,RAVINDRA SINGH NAVRANG,MP,BHIND,D
MPHIN11642,BHIND UTTHAN TIMES,भिंड उत्थान टाइम्स,62558.0,62558/ 95,VISHAMBHAR DAYAL SHARMA,MP,BHIND,OP
MPHIN00905,BHIND TIMES,भिंड टाइम्स,12974.0,12974/ 66,RAMESH CHANDRA JOHRI,MP,BHIND,W
MPHIN37492,JANTA YATHAVAT TIMES,nan,,nan,JAI PRAKASH VERMA,MP,BHOPAL,BM
MPHIN20455,RASHTRIYA MUSLIM VIKAS TIMES,राष्ट्रीय मुस्लिम विकास टाइम्स,91418.0,MPHIN/2006/18861,MOHD. MAHIR,MP,BHOPAL,BM
MPHIN37532,JAN PRAVARTAN TIMES,nan,,nan,DEVRAJ,MP,BHOPAL,BM
MPHIN37989,PASPUL TIMES,nan,,nan,NEETA PASPUL,MP,BHOPAL,BM
MPHIN38508,DILLOAD TIMES,दिल्लोद टाइम्स,160792.0,MPHIN/2023/88237,KESHAV BADONIYA,MP,BHOPAL,BM
MPHIN37296,HUZEFA TIMES,हुज़ैफा टाइम्स,158343.0,MPHIN/2021/85788,MOHD IMRAN KHAN,MP,BHOPAL,BM
MPHIN22925,NARI JAGRITI TIMES,nan,56639.0,56639/ 94,DHANESH KUMAR,MP,BHOPAL,BM
MPHIN29183,TIRTHRAJ TIMES,तीर्थराज टाइम्स,123470.0,MPHIN/2013/50915,G. P. TIWARI,MP,BHOPAL,D
MPHIN29228,SACH TIMES,nan,122845.0,MPHIN/2012/50290,RAVINDRA SINGH NAVRANG,MP,BHOPAL,D
MPHIN29287,JALAJ TIMES,nan,123935.0,MPHIN/2013/51380,MAMTA YADAV,MP,BHOPAL,D
MPHIN02303,IDEAL TIMES,nan,47472.0,47472/ 88,SOLEMAN PRASAD,MP,BHOPAL,D
MPHIN37331,SURESH TIMES,nan,,UR,MEENU GUPTA,MP,BHOPAL,D
MPHIN25628,BPN TIMES,बीपीएन टाइम्स,107996.0,MPHIN/2010/35439,B.S.BAGHEL,MP,BHOPAL,D
MPHIN35637,PIPLANI TIMES,nan,,nan,KIRAN SINGH PARIHAR,MP,BHOPAL,D
MPHIN35939,THE TIMES OF AWAM,nan,,UR,FAISAL KHAN,MP,BHOPAL,D
MPHIN12744,PRADESH TIMES,nan,64232.0,64232/ 96,HEERO GYANCHANDANI,MP,BHOPAL,D
MPHIN34910,TAPTI SANGAM TIMES,ताप्‍ती संगम टाइम्‍स,147819.0,MPHIN/2017/75264,MAHESH SEN,MP,BHOPAL,D
MPHIN32710,MUSHTAQ TIMES,मुशताक टाइम्स,140216.0,MPHIN/2016/67661,MUKUND SHARMA,MP,BHOPAL,D
MPHIN17931,YUVA SHANTI TIMES,nan,83120.0,MPHIN/2003/10563,DEVENDRA KUMAR VISHWAKARMA,MP,BHOPAL,D
MPHIN18371,MAAJ TIMES SANDHYA DAINIK,nan,83812.0,MPHIN/2003/11255,SHAMSHUL HASAN,MP,BHOPAL,D
MPHIN31555,TIMES OF LOCAL,nan,142513.0,MPHIN/2016/69958,MOHD.ARBAZ,MP,BHOPAL,D
MPENG01282,NAGAR MIRROR TIMES,नगर मिरर टाइम्स,136782.0,MPENG/2015/64227,PREETI SHARMA,MP,BHOPAL,D
MPHIN33194,LUCKY TIMES NEWS,लक्की टाइम्स न्यूज,143647.0,MPHIN/2016/71092,LOKESH HASWANI,MP,BHOPAL,D
MPHIN33816,RAHMANIA TIMES,रहमानिया टाइम्स,142486.0,MPHIN/2016/69931,ABDUR RAHMAN,MP,BHOPAL,D
MPHIN26846,SWASTIK TIMES,nan,115838.0,MPHIN/2011/43281,SAYED FAZAL MAHMOOD,MP,BHOPAL,D
MPHIN30489,RAJYA TIMES DAINIK,राज्य टाइम्स दैनिक,131566.0,MPHIN/2014/59011,SAYYED SOHAIL ALI,MP,BHOPAL,D
MPHIN34436,ROOPKALA TIMES,रूपकला टाइम्स,145539.0,MPHIN/2017/72984,MOHAMMED SHOAIB,MP,BHOPAL,D
MPHIN37217,DANIK ATHARVA TIMES,nan,,nan,ABHAY PATHAK,MP,BHOPAL,D
MPHIN31717,SAMPADA TIMES,संपदा टाइम्स,144655.0,MPHIN/2016/72100,AFREEN BEE,MP,BHOPAL,D
MPURD00344,RABTA TIMES,nan,123707.0,MPURD/2013/51152,AYAAN PUBLICATION PVT. LTD.,MP,BHOPAL,D
MPURD00360,HIDAYAT TIMES,हिदायत टाइम्स,132512.0,MPURD/2014/59957,ARIF MASOOD,MP,BHOPAL,D
MPHIN36689,GAZI TIMES,गाज़ी टाइम्स,152795.0,MPHIN/2021/80240,ABDUL SAMAD,MP,BHOPAL,D
MPURD00280,YALGAR TIMES,यलगार टाइम्स,107232.0,MPURD/2010/34675,ARIF KHAN,MP,BHOPAL,D
MPHIN33639,SONIYA TIMES,सोनिया टाइम्स,141832.0,MPHIN/2016/69277,PERVEEN JAHAN,MP,BHOPAL,D
MPENG01395,TIMES DAY,टाईम्स डे,150533.0,MPENG/2019/77978,MANISH SARAF,MP,BHOPAL,D
MPHIN19939,FINE TIMES,nan,90503.0,MPHIN/2006/17946,ASHOK GEHANI,MP,BHOPAL,D
MPHIN32221,JAGEER TIMES,जागीर टाइम्स,137641.0,MPHIN/2015/65086,AMAN SHAWAR,MP,BHOPAL,D
MPHIN22451,THE BHOPAL EXPRESS TIMES,द भोपाल एक्सप्रेस टाइम्स,98085.0,MPHIN/2008/25528,NIKHIL SHUKLA,MP,BHOPAL,D
MPHIN28332,WANTED TIMES,nan,118143.0,MPHIN/2012/45586,SANDEEP H. MANKAR,MP,BHOPAL,D
MPHIN23277,RELIABLE TIMES,रिलाएबल टाइम्स,103541.0,MPHIN/2010/30984,CHOITHRAM TOLANI,MP,BHOPAL,D
MPHIN29739,BALWAS TIMES,nan,126017.0,MPHIN/2013/53462,M/S. BALWAS TIMES AND PRINT MEDIA PVT. LTD.,MP,BHOPAL,D
MPHIN32283,UTPRERAK TIMES,उत्प्रेरक टाइम्स,137691.0,MPHIN/2015/65136,MANOJ PRAJAPATI,MP,BHOPAL,D
MPHIN25820,RAJVIR TIMES,nan,114018.0,MPHIN/2011/41461,SHAILENDRA SINGH THAKUR,MP,BHOPAL,D
MPHIN34663,ROZIL TIMES,रोज़िल टाइम्‍स,145863.0,MPHIN/2017/73308,ABDUL RAHEEM KHAN,MP,BHOPAL,D
MPHIN34714,GODIYA TIMES,गोदिया टाइम्‍स,146259.0,MPHIN/2017/73704,RAJKUMAR GODIYA,MP,BHOPAL,D
MPHIN32694,SONU TIMES,सोनू टाइम्स,140107.0,MPHIN/2016/67552,SONU AHIRWAR,MP,BHOPAL,D
MPHIN34296,SOMAN TIMES,nan,143739.0,MPHIN/2017/71184,SHARDA MALVIYA,MP,BHOPAL,D
MPHIN34580,TIMES OF DAWN,टाइम्स ऑफ डौन,145590.0,MPHIN/2017/73035,SYED PARVEZ KHALIL,MP,BHOPAL,D
MPHIN34581,TIMES OF RISING,टाइम्स ऑफ राइजिंग,145592.0,MPHIN/2017/73037,YESH MANGTANI,MP,BHOPAL,D
MPHIN30576,PT DEENDAYAL TIMES,पं. दीनदयाल टाईम्स,129295.0,MPHIN/2014/56740,HEERA,MP,BHOPAL,D
MPHIN28086,ALIS TIMES,nan,119951.0,MPHIN/2012/47394,S.M. ALI,MP,BHOPAL,D
MPHIN28817,PRATIKRIYA TIMES,nan,120812.0,MPHIN/2013/48256,PREMLATA MALVIYA,MP,BHOPAL,D
MPHIN29290,RATANGARH TIMES,nan,124410.0,MPHIN/2013/51855,DEEPA DOORWAR,MP,BHOPAL,D
MPHIN29353,SAAMNA TIMES,nan,126622.0,MPHIN/2013/54067,SHIV DARSHAN PRAKASHAN,MP,BHOPAL,D
MPHIN31615,JKB TIMES,nan,136087.0,MPHIN/2015/63532,MOHD.QURBAN,MP,BHOPAL,D
MPHIN34432,MAHANAGAR TIMES,महानगर टाइम्स,148699.0,MPHIN/2018/76144,GOPAL SHARMA,MP,BHOPAL,D
MPHIN04336,OJASH TIMES,nan,50203.0,50203/ 90,AKRAM ALI,MP,BHOPAL,D
MPHIN26398,SUDESH TIMES,nan,114653.0,MPHIN/2011/42096,RINKU RAI,MP,BHOPAL,D
MPHIN35017,VIDISHA TIMES,विदिशा टाइम्स,150471.0,MPHIN/2018/77916,LOVELESH NAMDEV,MP,BHOPAL,D
MPHIN35166,BHOPAL PEACE TIMES,भोपाल पीस टाइम्स,149426.0,MPHIN/2018/76871,HAROON KHAN,MP,BHOPAL,D
MPURD00375,HYAT TIMES,हयात टाइम्स,139388.0,MPURD/2016/66833,NAZMI BANO,MP,BHOPAL,D
MPHIN19061,DAINIK YALGAR TIMES,यलगार टाईम्‍स,64387.0,64387/ 96,ARIF KHAN,MP,BHOPAL,D
MPENG01037,HINDUSTAN TIMES,हिंदुस्तान टाइम्स,110102.0,MPENG/2010/37545,HT MEDIA LTD,MP,BHOPAL,D
MPHIN30871,TRIPURI TIMES,त्रिपुरी टाइम्स,132634.0,MPHIN/2014/60079,DR.RAJESH JAISWAL,MP,BHOPAL,D
MPHIN36696,SALEEM TIMES,सलीम टाइम्स,153287.0,MPHIN/2021/80732,SOHAIL MOHD,MP,BHOPAL,D
MPHIN35171,PRAKRUTI TIMES,प्रकृति टाइम्स,149443.0,MPHIN/2018/76888,TAJENDRA SINGH BAWAL,MP,BHOPAL,D
MPHIN34639,JUNED TIMES,जुनैद टाइम्‍स,145772.0,MPHIN/2017/73217,JUNED MANSUR,MP,BHOPAL,D
MPHIN35759,SHOURYA TIMES,शौर्य टाईम्स,151503.0,MPHIN/2020/78948,PRADEEP KUMAR NAGAR,MP,BHOPAL,D
MPHIN30282,MAJOR TIMES,मेजर टाइम्स,128764.0,MPHIN/2014/56209,MOHD QURBAN,MP,BHOPAL,D
MPHIN35854,RUDRANSH TIMES,nan,,nan,HARISH KUMAR SINGH,MP,BHOPAL,D
MPHIN29323,SHREYANSH TIMES,nan,125052.0,MPHIN/2013/52497,JITENDRA BHARGAV,MP,BHOPAL,D
MPBIL01698,CANON TIMES,कैनन टाइम्स,118784.0,MPBIL/2009/46227,I.R.VERMA,MP,BHOPAL,D
MPHIN24267,SAMARTH TIMES,nan,107643.0,MPHIN/2010/35086,RADHESHYAM RATHOR,MP,BHOPAL,D
MPHIN24364,TIMES OF FOLK,nan,123193.0,MPHIN/2013/50638,FIRDOS ANSARI,MP,BHOPAL,D
MPHIN23742,NEWS KOLAR TIMES,न्यूज़ कोलार टाइम्स,103522.0,MPHIN/2009/30965,MAMTA MISHRA,MP,BHOPAL,D
MPENG01137,THE TIMES OF INDIA,द टाइम्स ऑफ़ इंडिया,116586.0,MPENG/2012/44029,"BENNETT, COLEMAN & CO.LTD",MP,BHOPAL,D
MPENG01419,TIMES OF LOCAL,nan,,nan,MOHD ARBAZ,MP,BHOPAL,D
MPHIN34945,NITYA NAMAN TIMES,नित्य नमन टाइम्स,148624.0,MPHIN/2018/76069,NITIN KUMAR GUPTA,MP,BHOPAL,DE
MPHIN30488,SANJHVEER TIMES,सांझवीर टाइम्स,133598.0,MPHIN/2015/61043,PANKAJ SONI,MP,BHOPAL,DE
MPHIN21645,LOK BHARAT TIMES,लोक भारत टाइम्स,94173.0,MPHIN/2007/21616,AZAM KHAN,MP,BHOPAL,DE
MPHIN39282,LALARIYA TIMES,nan,,nan,MOHAMMAD ZUBER KHAN,MP,BHOPAL,DS
MPHIN34504,GOAL TIMES,गोल टाइम्‍स,145494.0,MPHIN/2017/72939,GAYATRI TIWARI,MP,BHOPAL,F
MPHIN20607,SWASTHYA TIMES,स्वास्थ्‍य टाइम्स,91673.0,MPHIN/2006/19116,TAPESH KUMAR CHOUBEY,MP,BHOPAL,F
MPHIN25313,WANTED TIMES,nan,110020.0,MPHIN/2011/37463,SANDEEP H. MANKAR,MP,BHOPAL,F
MPHIN26991,NAMRA TIMES,nan,115886.0,MPHIN/2012/43329,ASMA,MP,BHOPAL,F
MPHIN34726,SHEKHUKHERA TIMES,शेखूखेड़ा टाइम्‍स,146322.0,MPHIN/2017/73767,RAMESH PARMAR,MP,BHOPAL,F
MPHIN33960,SOMAN TIMES,सोमन टाइम्स,142831.0,MPHIN/2016/70276,SHARDA MALVIYA,MP,BHOPAL,F
MPHIN11097,JAN ABHILASHA TIMES,nan,58845.0,58845/ 94,ANIL SRIVASTAVA,MP,BHOPAL,F
MPHIN22083,MAA SANTOSHI TIMES,माँ संतोषी टाइम्स,97759.0,MPHIN/2008/25202,SANTOSH SINGH,MP,BHOPAL,F
MPHIN26362,ANJUM TIMES,nan,115816.0,MPHIN/2011/43259,FARHA KHAN,MP,BHOPAL,F
MPHIN10765,HARPAL PRAGATI TIMES,nan,58803.0,58803/ 94,DR.SANTOSH BAIRAGI,MP,BHOPAL,F
MPHIN12202,RASHTRIYA AKANDTA TIMES,nan,64084.0,64084/ 96,SHAKILA BEGUM,MP,BHOPAL,F
MPHIN23351,VISA CONNECTION TIMES,वीसा कनेक्शन टाइम्स,101665.0,MPHIN/2009/29108,NEELESH SHAVE,MP,BHOPAL,F
MPENG00537,SECULAR TIMES,nan,67352.0,67352/ 97,S.AZAM ANSARI,MP,BHOPAL,F
MPHIN35228,PRERNA SENIOR CITIZEN TIMES,प्रेरणा सीनियर सिटीजन टाइम्स,153043.0,MPHIN/2019/80488,ARUN TIWARI,MP,BHOPAL,F
MPHIN25132,BETUL TIMES,nan,111336.0,MPHIN/2010/38779,SHIVRAJI SAHU,MP,BHOPAL,F
MPHIN21774,JINGAR TIMES,जीनगर टाइम्स,97635.0,MPHIN/2008/25078,BHAGWAN DAS DABI,MP,BHOPAL,F
MPHIN23003,TIMES OF RAJDHANI,टाइम्स ऑफ़ राजधानी,101215.0,MPHIN/2009/28658,ASHOK NAGLE,MP,BHOPAL,F
MPHIN14734,NARI JAGRITI TIMES,nan,58835.0,58835/ 94,DHANESH KUMAR,MP,BHOPAL,F
MPHIN37194,TIMES AUR NAVINIKARAN,टाईम्स और नवीनीकरण,154505.0,MPHIN/2021/81950,SHAMSHAAD BEE,MP,BHOPAL,HY
MPHIN36720,ACADEMICS TIMES,nan,,nan,SAMEER KHAN,MP,BHOPAL,M
MPHIN20246,LOK BHARAT TIMES,लोक भारत टाइम्स,91275.0,MPHIN/2006/18718,AZAM KHAN,MP,BHOPAL,M
MPHIN22088,KABIR KORI TIMES,कबीर कोरी टाईम्स,98371.0,MPHIN/2008/25814,SANGEETA NABALKISHOR KABIRPANTHI,MP,BHOPAL,M
MPHIN32966,MAA KANKALI TIMES,माँ कंकाली टाइम्स,140581.0,MPHIN/2016/68026,SEWAK RATHORE,MP,BHOPAL,M
MPHIN27429,SARV MAT TIMES,nan,118228.0,MPHIN/2012/45671,RADHESHYAM VISHAVKARMA,MP,BHOPAL,M
MPHIN27504,NIVIRAJ TIMES,nan,124020.0,MPHIN/2013/51465,NIVEDITA SHARMA,MP,BHOPAL,M
MPHIN35617,JYOTSNA TIMES,ज्योत्सना टाइम्स,158464.0,MPHIN/2023/85909,CHITRA SHRIVASTAVA,MP,BHOPAL,M
MPHIN35648,RASHTRAVEER SHREE DURGADAS JI RATHORE TIMES,राष्ट्रवीर श्री दुर्गादास जी राठौर टाईम्स,152301.0,MPHIN/2019/79746,NEHA RATHORE,MP,BHOPAL,M
MPHIN34319,RAJDHAM TIMES,राजधाम टाइम्‍स,147143.0,MPHIN/2017/74588,RAVI CHATTERJEE,MP,BHOPAL,M
MPHIN34380,HUDA TIMES,हुदा टाइम्‍स,145444.0,MPHIN/2017/72889,RUKHSAR ANSARI,MP,BHOPAL,M
MPHIN32024,AFIARI TIMES,nan,142553.0,MPHIN/2016/69998,ASHAFAK,MP,BHOPAL,M
MPHIN33770,KARMATH TIMES,कर्मठ टाइम्स,149294.0,MPHIN/2018/76739,GULAB BANSKAR,MP,BHOPAL,M
MPHIN22849,NARI JAGRITI TIMES,nan,56611.0,56611/ 94,DHANESH KUMAR,MP,BHOPAL,M
MPHIN34026,PALPAL TIMES,पलपल टाईम्‍स,149334.0,MPHIN/2017/76779,MUKESH KUMAR KACHER,MP,BHOPAL,M
MPHIN34101,AGNIYUG TIMES,अग्नियुग टाइम्स,144852.0,MPHIN/2017/72297,PAWAN SINGH,MP,BHOPAL,M
MPHIN23688,AASHI TIMES,आशी टाइम्स,103220.0,MPHIN/2009/30663,AASHI ANWAR,MP,BHOPAL,M
MPHIN17518,BHOJANCHAL TIMES,nan,82618.0,MPHIN/2002/10061,PITAMBAR LAL RAJDEV,MP,BHOPAL,M
MPHIN25441,NAZARIYA TIMES,nan,112913.0,MPHIN/2011/40356,GAURAV AWASTHI,MP,BHOPAL,M
MPHIN34712,ISHA TIMES,ईशा टाइम्‍स,146185.0,MPHIN/2017/73630,MEERA TIWARI,MP,BHOPAL,M
MPHIN24657,RAGINI TIMES,nan,110866.0,MPHIN/2011/38309,KRIPA SHANKAR SINGH,MP,BHOPAL,M
MPHIN24863,SAMADHAN TIMES,nan,111939.0,MPHIN/2010/39382,HITESH DANGI,MP,BHOPAL,M
MPHIN33456,JANANI TIMES,जननी टाइम्स,144616.0,MPHIN/2016/72061,AZARA,MP,BHOPAL,M
MPHIN33588,TILAKHEDI TIMES,टीलाखेड़ी टाइम्स,148821.0,MPHIN/2018/76266,RAMESH CHANDRA,MP,BHOPAL,M
MPHIN33222,ALLIED TIMES,ऐलाईड टाईम्स,149981.0,MPHIN/2016/77426,OVAIS JAFRI,MP,BHOPAL,M
MPHIN02731,JEWAR TIMES,nan,58874.0,58874/ 83,SMT. RAM KUMARI YADAV,MP,BHOPAL,M
MPHIN27126,FAREEN TIMES,nan,115893.0,MPHIN/2012/43336,NASAREEN BEGAM,MP,BHOPAL,M
MPHIN27338,PRANT TIMES,nan,116357.0,MPHIN/2012/43800,SANTOSH KUMAR GUPTA,MP,BHOPAL,M
MPBIL02232,RAAH TIMES,nan,,UR,RAHUL PARASHAR,MP,BHOPAL,M
MPHIN27824,THE BHAGYA SHRI TIMES,nan,118233.0,MPHIN/2012/45676,VISHRAM VARMA,MP,BHOPAL,M
MPHIN35415,DHARNA TIMES,धारणा टाईम्स,151106.0,MPHIN/2019/78551,DR ANIL SHRIVASTAVA,MP,BHOPAL,M
MPHIN33396,BALANCE TIMES,बेलेन्स टाईम्स,141062.0,MPHIN/2016/68507,PUNAM KHUSHWAHA,MP,BHOPAL,M
MPHIN33266,CHOURASIYA TIMES,चौरसिया टाइम्स,150690.0,MPHIN/2018/78135,VIJETA CHOURASIYA,MP,BHOPAL,M
MPHIN32587,DHAKAD TIMES,धाकड़ टाइम्स,148731.0,MPHIN/2018/76176,SUMAN,MP,BHOPAL,M
MPHIN32651,LUBNA TIMES,लुब्ना टाइम्स,142182.0,MPHIN/2016/69627,LUBNA NAVED,MP,BHOPAL,M
MPHIN33019,JUNED TIMES,जुनैद टाइम्स,140840.0,MPHIN/2016/68285,JUNED MANSUR,MP,BHOPAL,M
MPHIN30963,SHIMAYALA TIMES,शिमायला टाइम्स,132600.0,MPHIN/2015/60045,JAVED KHAN,MP,BHOPAL,M
MPHIN39406,PARIVESH TIMES,nan,,nan,UMESH DHANLAL YADAV,MP,BHOPAL,M
MPURD00367,QASMI TIMES,क़ासमी टाइम्स,138612.0,MPURD/2016/66057,MOHD. HAMEED KHAN,MP,BHOPAL,M
MPHIN36336,TIMES OF MELODY,टाइम्स ऑफ़ मेलोडी,153295.0,MPHIN/2021/80740,LADDO BAI,MP,BHOPAL,M
MPHIN34300,ADARSHDEEP TIMES,आदर्श दीप टाइम्स,149406.0,MPHIN/2017/76851,ASHISH MALVIYA,MP,BHOPAL,M
MPBIL00651,THE H E TIMES,nan,26025.0,26025/ 73,HEAVY ELECTRICAL SERVANTS TRADE UNION,MP,BHOPAL,M
MPHIN29668,BIJASAN TIMES,nan,126264.0,MPHIN/2013/53709,HEENA KHAN,MP,BHOPAL,M
MPHIN29763,RASHMI TIMES,रश्मि टाइम्स,127397.0,MPHIN/2014/54842,RAJENDRA PRASAD,MP,BHOPAL,M
MPHIN29774,DURGESHWARI TIMES,दुर्गेश्वरी टाईम्स,129665.0,MPHIN/2014/57110,SHAKUN KHAIRWAR,MP,BHOPAL,M
MPHIN29868,SOHAM TIMES,सोहम टाईम्स,128052.0,MPHIN/2014/55497,ABHIJEET CHAKRABORTY,MP,BHOPAL,M
MPHIN29941,SUJATA TIMES,सुजाता टाईम्स,134140.0,MPHIN/2014/61585,VINOD KUMAR,MP,BHOPAL,M
MPHIN30196,NEVARI TIMES,नेवरी टाइम्स,128703.0,MPHIN/2014/56148,MINA YADAV,MP,BHOPAL,M
MPHIN32538,SURKHAB NEWS TIMES,nan,141697.0,MPHIN/2016/69142,SURKHAB,MP,BHOPAL,M
MPHIN11370,NATIONAL SPORTS TIMES,nan,69917.0,69917/ 96,INDRAJEET MOURYA,MP,BHOPAL,M
MPHIN25182,SIGMA TIMES,nan,116204.0,MPHIN/2011/43647,HARSH BARDHAN JAIN,MP,BHOPAL,M
MPHIN25407,IBRAHIM TIMES,nan,112136.0,MPHIN/2011/39579,ARSHAD KHAN,MP,BHOPAL,M
MPHIN25558,SHASHIKALA TIMES,nan,110021.0,MPHIN/2011/37464,SHASHIKALA DIWEDI,MP,BHOPAL,M
MPHIN33031,CHAKRAVAT TIMES,चक्रवात टाइम्स,140538.0,MPHIN/2016/67983,PANNALAL NAYAK,MP,BHOPAL,M
MPHIN26285,PANCHAM TIMES,nan,112989.0,MPHIN/2011/40432,TRIVENI,MP,BHOPAL,M
MPHIN27117,KANCHAN TIMES,कंचन टाइम्स,115234.0,MPHIN/2012/42677,RAJAN TRIVEDI,MP,BHOPAL,M
MPHIN31056,FIZA TIMES,फिजा टाइम्स,132730.0,MPHIN/2015/60175,BRIJENDRA YADAV,MP,BHOPAL,M
MPHIN37356,FAIZIYAB TIMES,फैज़ियाब टाइम्स,158809.0,MPHIN/2021/86254,FAIZIYAB UDDIN,MP,BHOPAL,M
MPHIN38016,SAMAJH TIMES,समझ टाइम्स,157378.0,MPHIN/2022/84823,ANIL KUMAR TIWARI,MP,BHOPAL,M
MPHIN20600,MOON LIGHT TIMES,मून लाइट टाइम्स,95100.0,MPHIN/2006/22543,HEERANAND GANWANI,MP,BHOPAL,M
MPHIN22281,SAUGAT TIMES,सौगात टाइम्स,99116.0,MPHIN/2008/26559,ALTAF KHAN,MP,BHOPAL,M
MPHIN28334,SATYA TIMES,सत्य टाइम्स,131426.0,MPHIN/2014/58871,SATYA NARYAN TRIVEDI,MP,BHOPAL,M
MPHIN31332,SAVITA TIMES,सविता टाइस्म,136179.0,MPHIN/2015/63624,SAVITA KAUR,MP,BHOPAL,M
MPHIN32492,VINITA TIMES,विनीता टाइम्‍स,142236.0,MPHIN/2016/69681,VINITA MARAN,MP,BHOPAL,M
MPHIN17858,SUFI TIMES,nan,81516.0,MPHIN/2002/08959,FARZANA BEGUM,MP,BHOPAL,M
MPHIN33143,GULNAAZ TIMES,गुलनाज़ टाइम्स,140569.0,MPHIN/2016/68014,SHIVRAM AGRAWAL,MP,BHOPAL,M
MPHIN33185,TRAIN TIMES,ट्रेन टाइम्स,140649.0,MPHIN/2016/68094,PADAM SINGH KUSHWAHA,MP,BHOPAL,M
MPHIN33451,HARI DARSHAN TIMES,हरी दर्शन टाइम्स,149145.0,MPHIN/2016/76590,SAURABH SHARMA,MP,BHOPAL,M
MPHIN33509,ABRAR TIMES,अबरार टाइम्स,142843.0,MPHIN/2016/70288,RAJDA KHAN,MP,BHOPAL,M
MPHIN33590,VIJAY BHOOMI TIMES,विजय भूमि टाइम्स,142238.0,MPHIN/2016/69683,MAYA TIWARI,MP,BHOPAL,M
MPHIN33595,VISA CONNECTION TIMES,वीजा कलेक्शन टाइम्स,141266.0,MPHIN/2016/68711,NEELESH SHAVE,MP,BHOPAL,M
MPHIN25300,NAV PALLABH TIMES,नव पल्लभ टाइम्स,116124.0,MPHIN/2011/43567,ANAND KUMAR,MP,BHOPAL,M
MPHIN25397,WIG TIMES,nan,116261.0,MPHIN/2010/43704,MOHD. UMER,MP,BHOPAL,M
MPHIN25498,PRATIKRIYA TIMES,nan,111284.0,MPHIN/2011/38727,PREMLATA MALVIYA,MP,BHOPAL,M
MPHIN25507,UDAYGIRI TIMES,nan,112177.0,MPHIN/2011/39620,ASHHAB ALI ASHU,MP,BHOPAL,M
MPHIN19253,"SYM TIMES (SPORTS,YOGA & MARTIAL ARTS)",nan,87271.0,MPHIN/2005/14714,VIJENDRA P.S.RANA,MP,BHOPAL,M
MPHIN24762,PT DEENDAYAL TIMES,nan,109079.0,MPHIN/2010/36522,HEERA,MP,BHOPAL,M
MPHIN26125,GODHRA TIMES,nan,111768.0,MPHIN/2011/39211,IMRAN KHAN,MP,BHOPAL,M
MPHIN32656,PRAKRUTI TIMES,प्रकृति टाइम्स,141718.0,MPHIN/2016/69163,TAJENDRA SINGH BAWAL,MP,BHOPAL,M
MPHIN32796,GOHAR TIMES,गौहर टाइम्स,141061.0,MPHIN/2016/68506,GOHAR,MP,BHOPAL,M
MPENG01169,CORPORATE TIMES,कार्पोरेट टाइस्स,128475.0,MPENG/2012/55920,SYED FAIZ MUBARAK,MP,BHOPAL,M
MPHIN31794,ASHTBHUJA TIMES,अष्टभुजा टाइम्स,140097.0,MPHIN/2015/67542,ARCHANA MISHRA,MP,BHOPAL,M
MPHIN27437,ZISHAN TIMES,nan,114984.0,MPHIN/2012/42427,MOHD.VIQUAR,MP,BHOPAL,M
MPHIN27918,KARAMCHARI TIMES,nan,122765.0,MPHIN/2013/50210,KAVITA AGNIHOTARI,MP,BHOPAL,M
MPHIN35464,VAIDENI TIMES,nan,,nan,ROHIT VYAS,MP,BHOPAL,M
MPHIN26769,SAMEEKSHA TIMES,nan,113538.0,MPHIN/2011/40981,SHASHI SINGH,MP,BHOPAL,M
MPHIN26888,RABI TIMES,nan,112820.0,MPHIN/2011/40263,DHANRAJ PATEL,MP,BHOPAL,M
MPHIN28642,DRISHTI TIMES,nan,121085.0,MPHIN/2013/48530,TARUN SHRIVASTAVA,MP,BHOPAL,M
MPHIN36870,PRATIGYA TIMES,nan,,nan,NARENDRA BALCHANDANI,MP,BHOPAL,M
MPHIN37821,PITHAMPUR TIMES,पीथमपुर टाइम्स,157899.0,MPHIN/2022/85344,HARUN AHMED,MP,BHOPAL,M
MPHIN39136,MAJOR TIMES,मेजर टाइम्स,158837.0,MPHIN/2019/86282,MOHD QURBAN,MP,BHOPAL,M
MPHIN39155,NEWS ACTION TIMES,nan,,nan,NUJHAT ALAM,MP,BHOPAL,M
MPHIN00333,TIMES OF LOCAL,टाइम्स ऑफ लोकल,158039.0,MPHIN/2019/85484,MOHD.ARBAZ,MP,BHOPAL,M
MPBIL01847,HUM SUKHAN TIMES,हम सुखन टाइम्स,128701.0,MPBIL/2014/56146,ATAULLAH FAIZAN,MP,BHOPAL,M
MPENG01093,SAMRTH TIMES,nan,114534.0,MPENG/2011/41977,RADHASHAYAM RATHORE,MP,BHOPAL,M
MPHIN31040,SIDRA TIMES,सिदरा टाईम्स,132748.0,MPHIN/2015/60193,SHAHEEN,MP,BHOPAL,M
MPHIN31584,PASHUPATINATH TIMES,पशुपतिनाथ टाइम्स,135501.0,UR,VISHNU SINGH,MP,BHOPAL,M
MPHIN35288,QASMI TIMES,क़ासमी टाइम्स,150463.0,MPHIN/2019/77908,MOHD HAMEED KHAN,MP,BHOPAL,M
MPHIN25611,ANJALI TIMES,nan,112188.0,MPHIN/2011/39631,SHANTI SHARMA,MP,BHOPAL,M
MPHIN25710,JHEEL TIMES,झील टाईम्स,137898.0,MPHIN/2011/65343,BHIKAM SINGH,MP,BHOPAL,M
MPHIN26072,LADLI TIMES,nan,112623.0,MPHIN/2011/40066,NEETWAN BALA,MP,BHOPAL,M
MPHIN18847,BARNEE TIMES,nan,85822.0,MPHIN/2004/13265,AKHTAR ALI KHAN,MP,BHOPAL,M
MPHIN33242,NOUNIHAL TIMES,नौनिहाल टाईम्स,141684.0,MPHIN/2016/69129,SYED FAROGH MEHDI ZAIDI,MP,BHOPAL,M
MPHIN23787,AASRA TIMES,आसरा टाइम्स,103215.0,MPHIN/2009/30658,RAKSHINDA SULTAN,MP,BHOPAL,M
MPHIN23809,UTPRERAK TIMES,nan,112289.0,MPHIN/2011/39732,MANOJ PRAJAPATI,MP,BHOPAL,M
MPHIN29740,SONIYA TIMES,nan,125988.0,MPHIN/2013/53433,PERVEEN JAHAN,MP,BHOPAL,M
MPHIN27327,YUGANTAR TIMES,nan,116071.0,MPHIN/2012/43514,NITESH NEMA,MP,BHOPAL,M
MPHIN27576,SACH KHAND SAMACHAR TIMES,nan,116634.0,MPHIN/2012/44077,VIMALA DEVI,MP,BHOPAL,M
MPHIN35315,NITYA NAMAN TIMES,नित्य नमन टाईम्स,150148.0,MPHIN/2019/77593,NITIN KUMAR GUPTA,MP,BHOPAL,M
MPHIN35530,INDIAN MEDIA TIMES,इंडियन मीडिया टाइम्स,150868.0,MPHIN/2019/78313,SHIVAM JUNEJA,MP,BHOPAL,M
MPHIN21800,NOUSHAD TIMES,नौशाद टाइम्स,98373.0,MPHIN/2008/25816,RAFIQUE AHMED,MP,BHOPAL,M
MPHIN32988,ANAM TIMES,अनम टाइम्स,140552.0,MPHIN/2016/67997,SHOYEB KHAN,MP,BHOPAL,M
MPHIN32239,RELIABLE TIMES,रिलायबल टाइम्स,137495.0,MPHIN/2015/64940,CHOITHRAM TOLANI,MP,BHOPAL,M
MPHIN32267,JYOTI KANISHKA TIMES,ज्योति कनिष्का टाईम्स,138303.0,MPHIN/2015/65748,JAGDISH GYANCHANDAANI,MP,BHOPAL,M
MPHIN34181,HAFSA TIMES,हफसा टाइम्स,144404.0,MPHIN/2017/71849,MOHAMMAD ASIM,MP,BHOPAL,M
MPHIN24297,JANSAMPARK TIMES,जनसम्पर्क टाइम्स,104430.0,MPHIN/2010/31873,MANISHA AGRAWAL,MP,BHOPAL,M
MPHIN34035,SHUBHASHISH TIMES,शुभाशीष टाइम्स,144932.0,MPHIN/2017/72377,KIRAN SHAIV,MP,BHOPAL,M
MPHIN34061,BHOPAL PEACE TIMES,भोपाल पीस टाइम्स,144470.0,MPHIN/2017/71915,HAROON KHAN,MP,BHOPAL,M
MPHIN30902,ARPITA TIMES,अर्पिता टाइम्स,132367.0,MPHIN/2014/59812,SHUMAYLA AZIZ,MP,BHOPAL,M
MPHIN28106,GULDASTA TIMES,nan,117837.0,MPHIN/2012/45280,NAJMUN NISA,MP,BHOPAL,M
MPHIN33416,SOMAN TIMES,सोमन टाइम्स,140642.0,MPHIN/2016/68087,SHARDA MALVIYA,MP,BHOPAL,M
MPHIN37030,SHAFALI TIMES,शैफाली टाइम्स,158729.0,MPHIN/2022/86174,SHAFALI GUPTA,MP,BHOPAL,M
MPHIN30463,TRIKON TIMES,त्रिकोण टाइम्स,131764.0,MPHIN/2014/59209,MOHD. ISMAIL KHAN,MP,BHOPAL,M
MPHIN30795,IKARA TIMES,इक़रा टाइम्स,131523.0,MPHIN/2014/58968,NIKHAT JAHAN,MP,BHOPAL,M
MPHIN10535,NARI SHIKSHA TIMES,nan,58792.0,58792/ 94,DHANESH KUMAR TRIPATHI,MP,BHOPAL,M
MPBIL01867,TIMES OF BIO DIVERSITY,nan,140366.0,MPBIL/2015/67811,GLOBAL BIODIVERSITY EDUCATION SOCIETY,MP,BHOPAL,M
MPHIN24441,DURVASA TIMES,दुर्वासा टाइम्स,108186.0,MPHIN/2010/35629,SAVITA DIWEDI,MP,BHOPAL,M
MPHIN34159,VITHIKA TIMES,nan,147169.0,MPHIN/2017/74614,PRATIBHA VYAS,MP,BHOPAL,M
MPBIL01103,QAZI TIMES,काज़ी टाईम्‍स,90254.0,MPBIL/2006/17697,INAM ULLAH KHAN,MP,BHOPAL,M
MPHIN34535,KEHKASHAN TIMES,nan,148739.0,MPHIN/2018/76184,JAISHREE PATLE,MP,BHOPAL,M
MPHIN32498,SARA TIMES,सारा टाइम्स,141138.0,MPHIN/2016/68583,SULTANA,MP,BHOPAL,M
MPHIN32608,CHAWLA TIMES,चावला टाइम्स,139552.0,MPHIN/2016/66997,ARATI,MP,BHOPAL,M
MPHIN32624,TASLEEM TIMES,तसलीम टाइम्स,140095.0,MPHIN/2016/67540,TASLEEM KHAN,MP,BHOPAL,M
MPHIN32757,SENGRIYA TIMES,सेंगरिया टाइम्‍स,147667.0,MPHIN/2017/75112,SANJEEV KUMAR SENGRIYA,MP,BHOPAL,M
MPHIN27140,JANYATRI TIMES,nan,116453.0,MPHIN/2012/43896,RAVINDRA SHARMA,MP,BHOPAL,M
MPHIN27281,SHITANSHU TIMES,nan,114263.0,MPHIN/2012/41706,SATYANARAYAN DIWEDI,MP,BHOPAL,M
MPHIN28745,LAMBA KHEDA TIMES,nan,124171.0,MPHIN/2013/51616,SADHANA KAUSHAL,MP,BHOPAL,M
MPHIN21897,VEENA TIMES,वीणा टाइम्स,103959.0,MPHIN/2009/31402,VEENA DHOLPURE,MP,BHOPAL,M
MPHIN37394,TEA TIMES,टी टाइम्स,154860.0,MPHIN/2021/82305,BUDDHASEN SHARMA,MP,BHOPAL,M
MPHIN33480,AGRANI TIMES,nan,142494.0,MPHIN/2016/69939,LALIT KUMAR CHOKIKAR,MP,BHOPAL,M
MPHIN33569,PRAVAL TIMES,प्रवाल टाइम्स,144325.0,MPHIN/2017/71770,PRAVAL SAXENA,MP,BHOPAL,M
MPHIN25735,HEMU KALANI TIMES,nan,112380.0,MPHIN/2011/39823,MUKESH HASANI,MP,BHOPAL,M
MPHIN25998,RATAPANI TIMES,nan,112137.0,MPHIN/2011/39580,REHANA SULTAN,MP,BHOPAL,M
MPHIN34998,SATANWADA TIMES,सतनवाड़ा टाइम्स,149914.0,MPHIN/2018/77359,GEETA MEENA,MP,BHOPAL,M
MPHIN25234,INAAM TIMES,nan,110393.0,MPHIN/2010/37836,ABDUL HASEEB,MP,BHOPAL,M
MPHIN38410,AISHBAGH TIMES,nan,,UR,NIRMALA YADAV,MP,BHOPAL,M
MPHIN38265,ABHUTPURV TIMES,अभूतपूर्व टाइम्स,159751.0,MPHIN/2023/87196,ABDUL TALIB,MP,BHOPAL,M
MPHIN36695,SEMRI TIMES,सेमरी टाइम्स,157573.0,MPHIN/2021/85018,RAVI MEENA,MP,BHOPAL,M
MPHIN36698,FATEHGARH TIMES,फतेहगढ़ टाइम्स,155104.0,MPHIN/2021/82549,ANWAR HASAN,MP,BHOPAL,M
MPHIN31150,INDIAN PEOPLES TIMES,इंडियन पीपुल्स टाईम्स,134725.0,MPHIN/2015/62170,ASHOK BHARGAV,MP,BHOPAL,M
MPHIN24752,REEMA TIMES,रीमा टाइम्स,106700.0,MPHIN/2010/34143,SATISH GUPTA,MP,BHOPAL,M
MPHIN24904,MA PARVATI TIMES,nan,113016.0,MPHIN/2010/40459,RAJESH CHAURASIA,MP,BHOPAL,M
MPHIN24658,PANVARSHA TIMES,nan,110901.0,MPHIN/2011/38344,KALINDI SINGH,MP,BHOPAL,M
MPHIN25180,MALWANCHAL TIMES,मालवांचल टाइम्स,115654.0,MPHIN/2011/43097,KISHOR SINGH DHAKAD,MP,BHOPAL,M
MPHIN25523,TOUCH TIMES,nan,110703.0,MPHIN/2011/38146,NAZMA KHAN,MP,BHOPAL,M
MPHIN25644,HIMMAT TIMES,nan,111856.0,MPHIN/2011/39299,WASEEM AHMAD ANSARI,MP,BHOPAL,M
MPHIN25855,RASHTRIYA PANCH PANCHAYAT TIMES,राष्ट्रीय पंच पंचायत टाइम्स,141155.0,MPHIN/2011/68600,LAVKUSH MISHRA,MP,BHOPAL,M
MPHIN25969,FAIZAL TIMES,nan,111258.0,MPHIN/2011/38701,ASHRAF ALI,MP,BHOPAL,M
MPHIN30858,GIRIBAL TIMES,गिरिबल टाइम्स,131683.0,MPHIN/2014/59128,VIRENDRA JOSHI,MP,BHOPAL,M
MPHIN33119,BABANE TIMES,बाबने टाइम्स,141739.0,MPHIN/2016/69184,DHANESH BAWNE,MP,BHOPAL,M
MPHIN33293,AYESHA TIMES,आयशा टाईम्स,150022.0,MPHIN/2019/77467,SANA,MP,BHOPAL,M
MPHIN33876,LOK RAHA TIMES,लोक रहा टाइम्स,149134.0,MPHIN/2018/76579,SAMEER AHAMAD,MP,BHOPAL,M
MPHIN33879,NARMADANCHAL TIMES,नर्मदांचल टाइम्स,144328.0,MPHIN/2017/71773,GURUPRASAD YADAV,MP,BHOPAL,M
MPHIN33996,SHEKHUKHERA TIMES,शेखूखेड़ा टाइम्स,142833.0,MPHIN/2016/70278,RAMESH PARMAR,MP,BHOPAL,M
MPHIN34141,SHIVVIKAS TIMES,शिव विकास टाईम्‍स,145062.0,MPHIN/2017/72507,MAMTA BAI,MP,BHOPAL,M
MPHIN34155,VARUNODAYA TIMES,वरूणोदय टाइम्स,145405.0,MPHIN/2017/72850,DINESH KUMAR BHUMARKAR,MP,BHOPAL,M
MPHIN34291,PRIYAM TIMES,प्रियम टाईम्स,145345.0,MPHIN/2017/72790,VINOD GURJAR,MP,BHOPAL,M
MPHIN02220,HATKESHWAR TIMES,nan,50260.0,50260/ 89,NEMICHAND DASHOTE,MP,BHOPAL,M
MPHIN37360,MASIRA TIMES,मसीरा टाइम्स,158060.0,MPHIN/2022/85505,MASIRA KHAN,MP,BHOPAL,M
MPHIN38207,CONCEPT TIMES,कांसेप्ट टाइम्स,160271.0,MPHIN/2023/87716,ATESHAM KHAN,MP,BHOPAL,M
MPHIN39194,JKB TIMES,जे के बी टाइम्स,159812.0,MPHIN/2019/87257,MOHD.QURBAN,MP,BHOPAL,M
MPHIN36196,POSITIVE TIMES,पॉजिटिव टाइम्स,152641.0,MPHIN/2021/80086,SHEHNAJ BEE,MP,BHOPAL,M
MPHIN31176,SATYAM TIMES,सत्यम टाइम्स,135604.0,MPHIN/2015/63049,MANORAMA SINGH,MP,BHOPAL,M
MPHIN33020,YUKTA TIMES,युक्ता टाइम्स,141701.0,MPHIN/2016/69146,RAJESH VERMA,MP,BHOPAL,M
MPHIN20534,SHIKHAR TIMES,शिखर टाइम्स,91602.0,MPHIN/2006/19045,M.M. KHAN,MP,BHOPAL,M
MPHIN28390,PANTHAR TIMES,nan,121774.0,MPHIN/2012/49219,SONU MAHALE,MP,BHOPAL,M
MPHIN09075,NOOR MAHAL ROAD TIMES,nan,54238.0,54238/ 92,AHMED KHAN,MP,BHOPAL,M
MPHIN24438,KHUSHI TIMES,ख़ुशी टाइम्स,108231.0,MPHIN/2010/35674,SATYAM DIWEDI,MP,BHOPAL,M
MPHIN33914,ANSHUL TIMES,nan,,UR,SURESH SHARMA,MP,BHOPAL,M
MPHIN13499,ANGITA TIMES,nan,68941.0,68941/ 97,NAND KISHORE PAWAR,MP,BHOPAL,M
MPHIN15653,RAJANCHAL TIMES,nan,74159.0,MPHIN/2000/01602,RAJEEV TRIPATHI,MP,BHOPAL,M
MPHIN16017,RAJYA TIMES DAINIK,nan,77600.0,MPHIN/2001/05043,SAYYED SOHAIL ALI,MP,BHOPAL,M
MPHIN25410,SHASHI TIMES,nan,115232.0,MPHIN/2011/42675,ALKA RAMOSHI,MP,BHOPAL,M
MPHIN25647,KARN TIMES,nan,111719.0,MPHIN/2011/39162,IMRAT SINGH KARAN,MP,BHOPAL,M
MPHIN31278,DEVKI TIMES,देवकी टाइम्स,135161.0,MPHIN/2015/62606,ATHAR HUSSAIN,MP,BHOPAL,M
MPHIN21417,FRESH TIMES,फ्रेश टाईम्‍स,99889.0,MPHIN/2008/27332,KIRAN PAL,MP,BHOPAL,M
MPBIL01700,MAHASHAKTI EDUCATION TIMES,nan,120550.0,MPBIL/2012/47994,ANOKHE LAL DWIVEDI,MP,BHOPAL,M
MPHIN22613,MADHU KAMANI TIMES,मधु कामनी टाइम्स,103439.0,MPHIN/2009/30882,BRIJENDRA SHRIVASTAVA,MP,BHOPAL,M
MPHIN23215,BHARGAV TIMES,nan,109562.0,MPHIN/2009/37005,ANITA RAJESH BHARGAV,MP,BHOPAL,M
MPHIN33228,BALBHADRA TIMES,बलभद्र टाइम्स,141442.0,MPHIN/2016/68887,BALBHADRA MISHRA,MP,BHOPAL,M
MPHIN33649,RITURAJ TIMES,रितुराज टाइम्स,142525.0,MPHIN/2016/69970,RUPALI PANDEY,MP,BHOPAL,M
MPHIN32783,AL NAEEM TIMES,अल नईम टाईम्स,141065.0,MPHIN/2016/68510,NAZIM UDDIN,MP,BHOPAL,M
MPHIN32814,RIYA TIMES,रिया टाइम्स,141107.0,MPHIN/2016/68552,RACHNA KUSHWAHA,MP,BHOPAL,M
MPHIN32981,JOHAR TIMES,जोहर टाइम्स,142538.0,MPHIN/2016/69983,QAID JOHAR,MP,BHOPAL,M
MPHIN35487,GYANARJAN TIMES,ज्ञानार्जन टाइम्स,151991.0,MPHIN/2020/79436,SONALI CHOUBEY,MP,BHOPAL,M
MPHIN36096,NITYA AYUSH TIMES,nan,,nan,ASHISH KUMAR TIWARI,MP,BHOPAL,M
MPHIN34099,KAROND TIMES,nan,,UR,ANKIT TIWARI,MP,BHOPAL,M
MPHIN30988,SARANSH TIMES,सारांश टाईम्स,134177.0,MPHIN/2015/61622,THE INSIDER MEDIA & PUBLICATIONS,MP,BHOPAL,M
MPHIN37604,SHAREEN ANWAR TIMES,शरीन अनवार टाइम्स,160858.0,MPHIN/2023/88303,ANWAR AHMED,MP,BHOPAL,M
MPHIN28723,THE BUDDHIST TIMES,nan,124174.0,MPHIN/2013/51619,VIJAY BOUDDHA,MP,BHOPAL,M
MPHIN28786,JAI PARTH TIMES,जय पार्थ टाइम्स,127444.0,MPHIN/2013/54889,MITHLESH JAIN,MP,BHOPAL,M
MPHIN29584,TAPTI SANGAM TIMES,nan,126104.0,MPHIN/2013/53549,MAHESH SEN,MP,BHOPAL,M
MPHIN36437,TAPISH TIMES,तपिश टाइम्स,155877.0,UR,SAI. ADIL ALI,MP,BHOPAL,M
MPURD00294,INSHA TIMES,nan,116004.0,MPURD/2010/43447,TAZAR BANO,MP,BHOPAL,M
MPHIN39080,ARADHYA BHOPAL TIMES,nan,,nan,YASH SAHU,MP,BHOPAL,M
MPURD00444,GAZI TIMES,nan,,nan,ABDUL SAMAD,MP,BHOPAL,M
MPHIN39484,PRANAYA TIMES,प्रणय टाइम्स,159810.0,MPHIN/2018/87255,JAINARAYAN RAJPUT,MP,BHOPAL,M
MPHIN25317,APSARA TIMES,nan,110048.0,MPHIN/2010/37491,ARIF ALI,MP,BHOPAL,M
MPHIN25442,ARZAAN TIMES,nan,110262.0,MPHIN/2011/37705,ANSAR ALI,MP,BHOPAL,M
MPHIN34183,MADIHA TIMES,मदीहा टाइम्स,144405.0,MPHIN/2017/71850,FAROOQ MAAZ,MP,BHOPAL,M
MPHIN22726,FINE TIMES,nan,99032.0,MPHIN/2008/26475,ASHOK GEHANI,MP,BHOPAL,M
MPHIN22790,BHOJPURIYA TIMES,nan,144188.0,MPHIN/2017/71633,GANESH SINGH,MP,BHOPAL,M
MPHIN18274,JOHANTY TIMES,nan,86641.0,MPHIN/2003/14084,RAJENDRA JAIN,MP,BHOPAL,M
MPHIN26936,PLANET TIMES,प्लेनेट टाइम्स,119791.0,MPHIN/2012/47234,GULSHAN SATSANGI,MP,BHOPAL,M
MPHIN27329,MAHABALI TIMES,nan,116067.0,MPHIN/2012/43510,KRITI SHARMA,MP,BHOPAL,M
MPHIN35449,IMARAH TIMES,इमाराह टाइम्स,151118.0,MPHIN/2019/78563,HUMERA ISRAILI,MP,BHOPAL,M
MPHIN31280,GULZAR TIMES,गुलज़ार टाइम्स,135159.0,MPHIN/2015/62604,NIGHAT JAHAN,MP,BHOPAL,M
MPHIN32596,SAFIA TIMES,nan,,UR,SAFIA,MP,BHOPAL,M
MPHIN21966,BHOPAL S.K. TIMES,भोपाल एस. के. टाइम्स,100052.0,MPHIN/2008/27495,SATISH KUMAR DUBEY,MP,BHOPAL,M
MPHIN30384,JANPAD TIMES,जनपद टाईम्स,132813.0,MPHIN/2015/60258,HIRDESH DHARWAR,MP,BHOPAL,M
MPHIN12825,DCMM TIMES,nan,65382.0,65382/ 96,DINESH KUMAR TRIPATHI,MP,BHOPAL,M
MPHIN29792,VAISHALI TIMES,वैशाली टाइम्स,133770.0,MPHIN/2014/61215,LATA MALVIYA,MP,BHOPAL,M
MPHIN28067,TIMES OF AYURVED,nan,118217.0,MPHIN/2012/45660,SIKANDAR NAHAR,MP,BHOPAL,M
MPHIN28137,AYAN TIMES,nan,121517.0,MPHIN/2013/48962,SUBHAN KHAN,MP,BHOPAL,M
MPHIN39575,URMALIYA TIMES,nan,,UR,RAM KRISHNA SHARMA,MP,BHOPAL,M
MPHIN37545,AVIKA TIMES,nan,,nan,BHAGIRATH PRASAD SINGROLI,MP,BHOPAL,M
MPHIN34430,ANUSHREE TIMES,nan,,UR,DEVENDRA ATUT,MP,BHOPAL,M
MPHIN36575,NIKAS TIMES,निकास टाइम्स,155567.0,MPHIN/2021/83012,HANNAN KHAN,MP,BHOPAL,M
MPHIN36619,VASTAV TIMES,वास्तव टाइम्स,153047.0,MPHIN/2019/80492,MOHAMMAD NAVED,MP,BHOPAL,M
MPHIN30867,TECHNICAL TIMES,टेक्नीकल टाईम्स,131781.0,MPHIN/2014/59226,ROSHAN PANDEY,MP,BHOPAL,M
MPHIN32075,JANDHARA TIMES,जनधारा टाइम्स,137731.0,MPHIN/2015/65176,NARENDRA NIKHARE,MP,BHOPAL,M
MPHIN32103,PESHI TIMES,पेशी टाइम्स,141353.0,MPHIN/2015/68798,MOHD. AMEEN QURESHI,MP,BHOPAL,M
MPHIN10916,GREAT NEWS TIMES,nan,61724.0,61724/ 95,ABDUL MAJID KHAN,MP,BHOPAL,OP
MPHIN12999,RASHTRIYA ASRAF TIMES,nan,65330.0,65330/ 97,MOHAMMED MEHMOOD,MP,BHOPAL,OP
MPHIN17727,NIRAKH TIMES,nan,84587.0,MPHIN/2003/12030,PRAMOD RATHORE,MP,BHOPAL,OP
MPHIN11122,PICHHADA VARG TIMES,nan,64205.0,64205/ 95,HAIDER MURTUZA,MP,BHOPAL,OP
MPHIN10601,TANA BANA TIMES,nan,62523.0,62523/ 94,HEMENDER TIWARI,MP,BHOPAL,OP
MPHIN11047,MUNIS TIMES,nan,58860.0,58860/ 94,MOHD. ZUBER MUNIS,MP,BHOPAL,OP
MPHIN11272,ACTION TIMES,nan,62407.0,62407/ 95,JYOTSANA,MP,BHOPAL,OP
MPENG00494,THE BHOPAL EXPRESS TIMES,nan,64808.0,64808/ 96,NIKHIL SHUKLA,MP,BHOPAL,OP
MPHIN12976,RANI KAMLAPATI TIMES,nan,65208.0,65208/ 97,MUSHAHEED HUSSAIN NAQVI,MP,BHOPAL,OP
MPHIN13201,YASHASVI NEWS TIMES,nan,66624.0,66624/ 97,YASH SHRIVASTAVA,MP,BHOPAL,OP
MPHIN12678,RASHTRIYA UDAN TIMES,nan,67995.0,67995/ 96,UJMA KABIR,MP,BHOPAL,OP
MPHIN12793,BHOJPAL TIMES,nan,67006.0,67006/ 96,GOVIND PRASAD SAXENA,MP,BHOPAL,OP
MPHIN12893,APNA SANSAR TIMES,nan,67511.0,67511/ 97,HARGOVIND YADAV,MP,BHOPAL,OP
MPHIN18351,TIMES OF BHOPAL,nan,84435.0,MPHIN/2003/11878,SANTOSH YADAV,MP,BHOPAL,OP
MPHIN18494,BASANTI TIMES,nan,84870.0,MPHIN/2004/12313,KULDIP SINGH BOHRA,MP,BHOPAL,OP
MPHIN16925,SANNJAY TIMES,nan,79463.0,MPHIN/2002/06906,SANJAY GOSWAMI,MP,BHOPAL,OP
MPHIN17479,NEW BHOJRAJ TIMES,nan,84744.0,MPHIN/2002/12187,VINOD SURYAVANSHI,MP,BHOPAL,OP
MPHIN11180,TEKRI TIMES,nan,61463.0,61463/ 94,USHA RAJPAL,MP,BHOPAL,OP
MPHIN22952,NARI JAGRITI TIMES,nan,62457.0,62457/ 95,DHANESH KUMAR,MP,BHOPAL,OP
MPHIN10953,SHAISTA TIMES,nan,58783.0,58783/ 94,SHAISTA JAMAL,MP,BHOPAL,OP
MPHIN20405,CANCER TIMES,कैंसर टाइम्स,91171.0,MPHIN/2006/18614,DR. SHYAM AGGARWAL,MP,BHOPAL,Q
MPHIN38745,AYESHA TIMES,nan,157697.0,MPHIN/2022/85142,SANA,MP,BHOPAL,Q
MPHIN31892,LEKHANI TIMES,लेखनी टाईम्स,137066.0,MPHIN/2015/64511,LEKHANI PAL,MP,BHOPAL,Q
MPHIN37945,TERMINAL TIMES,nan,157091.0,MPHIN/2022/84536,POOJA SAHU,MP,BHOPAL,Q
MPHIN37581,SHARMA TIMES,शर्मा टाइम्स,156190.0,MPHIN/2022/83635,RASHAMI SHARMA,MP,BHOPAL,Q
MPHIN29586,AURO TIMES,ऑरो टाइम्स,130812.0,MPHIN/2014/58257,UMESH TRIVEDI,MP,BHOPAL,Q
MPHIN25417,TARUNNUM TIMES,nan,115754.0,MPHIN/2012/43197,TARUNUM KHAN,MP,BHOPAL,Q
MPHIN38654,NISARGA TIMES,निसर्गा टाइम्स,160129.0,MPHIN/2023/87574,AYUSH SAHU,MP,BHOPAL,Q
MPHIN39281,JAANKAR TIMES,nan,,nan,MOHD GUFRAN KHAN,MP,BHOPAL,Q
MPHIN38279,SHOURYA TIMES,nan,,UR,PRADEEP KUMAR NAGAR,MP,BHOPAL,Q
MPHIN38601,SANGHARSH KARYAWAHI TAK TIMES,nan,,nan,AKANKSHA RAI,MP,BHOPAL,Q
MPHIN33523,AGNICHARCHA TIMES,अग्निचर्चा टाइम्स,142557.0,MPHIN/2016/70002,NEHA RATHORE,MP,BHOPAL,Q
MPHIN39539,URMALIYA TIMES,उरमलिया टाइम्स,160406.0,MPHIN/2023/87851,RAM KRISHNA SHARMA,MP,BHOPAL,Q
MPHIN00979,BHOPAL PRATEK DARSHI TIMES,nan,45159.0,45159/ 85,YATENDER KUMAR NAYAK,MP,BHOPAL,W
MPHIN02307,HOSILA TIMES,nan,85431.0,MPHIN/2003/12874,HOSILA PRASAD,MP,BHOPAL,W
MPHIN03364,M P HINDI TIMES,nan,50271.0,50271/ 90,RIJWAN RAUF QURESHI,MP,BHOPAL,W
MPHIN04124,NAVED TIMES,nan,47701.0,47701/ 89,SAYED ZAIN ALI,MP,BHOPAL,W
MPHIN33656,JANDHARA TIMES,nan,143263.0,MPHIN/2016/70708,NARENDRA NIKHARE,MP,BHOPAL,W
MPHIN33452,UNMUKT TIMES,उन्मुक्त टाइम्स,144612.0,MPHIN/2016/72057,VINOD PANDEY,MP,BHOPAL,W
MPHIN32665,KAL YUG TIMES,nan,45203.0,45203/ 80,DURGESH NANDINI TIWARI,MP,BHOPAL,W
MPHIN32774,CHAKPAK TIMES,चकपक टाइम्स,140673.0,MPHIN/2016/68118,JYOTI CHANDEL,MP,BHOPAL,W
MPHIN36275,GLORY TIMES,ग्लोरी टाइम्स,154887.0,MPHIN/2021/82332,MANIS MATHEW,MP,BHOPAL,W
MPHIN35411,SWARANJALI TIMES,स्वरांजली टाइम्स,151995.0,MPHIN/2020/79440,PANKAJ KUMAR GUPTA,MP,BHOPAL,W
MPHIN27197,JANME JAI TIMES,nan,115949.0,MPHIN/2012/43392,ASHISH DUBEY,MP,BHOPAL,W
MPHIN34108,RASHMI TIMES,nan,143141.0,MPHIN/2016/70586,RAJENDRA PRASAD,MP,BHOPAL,W
MPHIN22950,VISHWA BHARMAN TIMES,वि‍श्‍व भ्रमण्‍ा टाईम्‍स,62293.0,62293/ 95,RAMJEEVAM VISHWAKARMA,MP,BHOPAL,W
MPBIL02151,CARWA TIMES,nan,143606.0,MPBIL/2016/71051,SANDEEP VERMA,MP,BHOPAL,W
MPHIN20247,TIMES OF RAILWAY,टाइम्स ऑफ रेलवे,90739.0,MPHIN/2006/18182,AMIT SHARMA,MP,BHOPAL,W
MPHIN25899,CHITORIYA TIMES,nan,112172.0,MPHIN/2011/39615,KAILASH SINGH,MP,BHOPAL,W
MPENG01113,THE ADAGE TIMES,nan,119061.0,MPENG/2011/46504,AVINASH SHARMA,MP,BHOPAL,W
MPHIN12128,BHARAT MATA TIMES,nan,66901.0,66901/ 96,SURAJ SINGH,MP,BHOPAL,W
MPHIN08121,ADNGA TIMES,nan,50330.0,50330/ 90,SRI SALLAB HUSSAN,MP,BHOPAL,W
MPHIN10514,YUV TANKAR TIMES,nan,58633.0,58633/ 94,RAM SEVAK TRIPATHI,MP,BHOPAL,W
MPHIN12499,RASHTRIYA IMPRESSION TIMES,nan,64448.0,64448/ 96,SAJID KIBRIYA,MP,BHOPAL,W
MPHIN12590,SUFI TIMES,nan,64619.0,64619/ 96,FARZANA BEGUM,MP,BHOPAL,W
MPHIN28430,JHALAK TIMES,झलक टाइम्स,123109.0,MPHIN/2013/50554,MEHRUNN NISHA,MP,BHOPAL,W
MPHIN12868,M.P. MADHYA PRANT TIMES,nan,65405.0,65405/ 97,CHANDRA BHUSHAN BADAL,MP,BHOPAL,W
MPHIN12951,MEMORIAL TIMES,nan,68685.0,68685/ 97,PRESIDENT P.L.MEMORIAL,MP,BHOPAL,W
MPHIN13564,CENTURY TIMES,nan,68803.0,68803/ 97,SANJAY DUBEY,MP,BHOPAL,W
MPHIN31364,SOMAN TIMES,सोमन टाइम्स,135862.0,MPHIN/2015/63307,SHARDA MALVIYA,MP,BHOPAL,W
MPHIN21076,MARTIN TIMES,मार्टिन टाईम्स,94396.0,MPHIN/2007/21839,SUNITA CHAUHAN,MP,BHOPAL,W
MPHIN20531,AKBAR TIMES,nan,91653.0,MPHIN/2006/19096,IRAM HASAN,MP,BHOPAL,W
MPHIN35239,HAFSA TIMES,हफ़सा टाइम्स,149632.0,MPHIN/2018/77077,MOHAMMAD ASIM,MP,BHOPAL,W
MPHIN26824,SAWARIYA TIMES,nan,115483.0,MPHIN/2011/42926,NIRMALA RATHORE,MP,BHOPAL,W
MPHIN01850,GAJANFAR TIMES OF DUNIYA,nan,38497.0,38497/ 84,GAJNAFAR MOHD KHAN,MP,BHOPAL,W
MPHIN18701,GODIYA TIMES,nan,85771.0,MPHIN/2004/13214,RAJKUMAR GODIYA,MP,BHOPAL,W
MPHIN33474,BAIRAGAD TIMES,nan,143350.0,MPHIN/2016/70795,GOVIND AGARWAL,MP,BHOPAL,W
MPHIN23603,AJJAKS TIMES,AJJAKS TIMES,103488.0,MPHIN/2009/30931,DEVENDRA SURYAVANSHI,MP,BHOPAL,W
MPHIN22692,BASU SAMACHAR TIMES,बासु समाचार टाइम्स,105794.0,MPHIN/2010/33237,LAXMI NARAYAN VERMA,MP,BHOPAL,W
MPHIN09022,BAITAL SANKET TIMES,बैताल संकेत टाइम्स,52162.0,52162/ 91,ASHOK KUMAR SAIN,MP,BHOPAL,W
MPHIN06477,TIMES OF ROSHNI KA SAMRAT,टाइम्स ऑफ़ रौशनी का सम्राट,47716.0,47716/ 88,SHEKH NAZEER,MP,BHOPAL,W
MPHIN07265,VICHAR PRKOSHT TIMES,nan,52169.0,52169/ 91,AKHATAR UDDIN,MP,BHOPAL,W
MPHIN33630,ISHA TIMES,nan,143319.0,MPHIN/2016/70764,MEERA TIWARI,MP,BHOPAL,W
MPHIN31510,VASTAV TIMES,वास्तव टाइम्स,142841.0,MPHIN/2015/70286,MOHAMMAD NAVED,MP,BHOPAL,W
MPHIN36812,PASHA TIMES,nan,,nan,ADIL HASAN,MP,BHOPAL,W
MPHIN38515,KHUBAT GHATI TIMES,nan,,UR,KALPANA CHOUHAN,MP,BHOPAL,W
MPHIN11356,JAN PRACHAND TIMES,nan,61703.0,61703/ 95,SANJEEV PRAKASH SHARMA,MP,BHOPAL,W
MPHIN11496,PRABHAKAR TIMES,nan,62292.0,62292/ 95,USHA DWIVEDI,MP,BHOPAL,W
MPHIN11609,AMAR BHARAT SAMRAT TIMES,nan,66153.0,66153/ 95,OM PRAKASH MALVIYA,MP,BHOPAL,W
MPHIN11882,RANGMAHAL TIMES,nan,62850.0,62850/ 95,KALPANA SINGH,MP,BHOPAL,W
MPHIN12069,JANASEVA TIMES,nan,66390.0,66390/ 97,JYOTI GARG,MP,BHOPAL,W
MPHIN02057,GOVIND SMRITI TIMES,nan,47553.0,47553/ 88,GUFRAN KHAN,MP,BHOPAL,W
MPHIN01424,CREATIVE TIMES,nan,38508.0,38508/ 84,DHANMATI SHARMA,MP,BHOPAL,W
MPHIN24077,FINAL TIMES,nan,114780.0,MPHIN/2010/42223,TAJNOOR KHAN,MP,BHOPAL,W
MPHIN12997,BHARATIYA JAG TIMES,nan,65523.0,65523/ 97,MANNAN KHAN,MP,BHOPAL,W
MPHIN12683,KHADIWALA TIMES,nan,65165.0,65165/ 96,SALIM MOHD. KHAN KHADIWALA,MP,BHOPAL,W
MPHIN30389,RASHTRIYA KHABAR TIMES,राष्ट्रीय खबर टाईम्स,132814.0,MPHIN/2014/60259,HYDER ALI,MP,BHOPAL,W
MPHIN25444,ARDHNARISHWAR TIMES,nan,110201.0,MPHIN/2011/37644,MRITYUNJAY SHARMA,MP,BHOPAL,W
MPHIN26461,TIMES INDICATION,nan,115081.0,MPHIN/2011/42524,SHEIKH FARAZ,MP,BHOPAL,W
MPHIN27128,TAIYABA TIMES,nan,115831.0,MPHIN/2012/43274,NASREEN AKTAR,MP,BHOPAL,W
MPHIN27941,SHEKHUKHERA TIMES,nan,116381.0,MPHIN/2012/43824,RAMESH PARMAR,MP,BHOPAL,W
MPHIN35395,PRAGYAN TIMES,प्रज्ञान टाइम्स,150745.0,MPHIN/2019/78190,MAMTA JATAV,MP,BHOPAL,W
MPHIN25084,AKHIL BHARTIYA SAMACHAR TIMES,अखिल भारतीय समाचार टाइम्स,108575.0,MPHIN/2010/36018,HARSH RAWAT,MP,BHOPAL,W
MPHIN13595,GANGRADE TIMES,nan,68497.0,68497/ 98,BADRI PRASAD GANGRADE,MP,BHOPAL,W
MPHIN28263,URMALIYA TIMES,उर्मलिया टाइम्स,119919.0,MPHIN/2012/47362,RAM KRISHNA SHARMA,MP,BHOPAL,W
MPHIN07711,SUDHANAND TIMES,nan,51930.0,51930/ 89,SHAHNAZ BEGUM,MP,BHOPAL,W
MPHIN08338,EKTA MANCH TIMES,nan,50270.0,50270/ 89,SAYED KHALID HASAN,MP,BHOPAL,W
MPHIN08341,EYE WITNESS TIMES,nan,50325.0,50325/ 90,VANDANA SINGH,MP,BHOPAL,W
MPHIN33033,TAHEDIL TIMES,तहेदिल टाइम्स,141927.0,MPHIN/2016/69372,MOHD. ANEES,MP,BHOPAL,W
MPHIN37015,SAMIDHA TIMES,nan,,nan,RAJESH KUMAR PATEL,MP,BHOPAL,W
MPHIN33302,MAHIRA TIMES,माहिरा टाइम्स,141892.0,MPHIN/2016/69337,AHAD KHAN,MP,BHOPAL,W
MPHIN27951,SUTRADHAR TIMES,nan,118959.0,MPHIN/2012/46402,VIKAS SOTHILIYA,MP,BHOPAL,W
MPHIN27744,KACHER TIMES,nan,118054.0,MPHIN/2012/45497,SANDEEP VERMA,MP,BHOPAL,W
MPHIN26772,NEELBAD TIMES,nan,112831.0,MPHIN/2011/40274,VISHAL MARAN,MP,BHOPAL,W
MPHIN04104,NAVJEEVAN TIMES,nan,47633.0,47633/ 88,JAGDISH RAI,MP,BHOPAL,W
MPHIN33256,TIMES OF MANGAL,टाइम्स ऑफ मंगल,145306.0,MPHIN/2017/72751,JAYA DEVENDRA DUBEY,MP,BHOPAL,W
MPHIN19009,SANJAY TIMES,nan,85340.0,MPHIN/2004/12783,AJAY KUMAR SHUKLA,MP,BHOPAL,W
MPHIN06302,SHIVSARAN TIMES,nan,47664.0,47664/ 88,SHIVSARAN SINGH KHUSHWAHA,MP,BHOPAL,W
MPHIN06306,SMRITI TIMES OF MADHYA PRADESH,स्मृति टाइम्स ऑफ़ मध्य प्रदेश,45171.0,45171/ 85,RAMA SHANKAR THAPAK,MP,BHOPAL,W
MPHIN29191,GARJANA TIMES,nan,123772.0,MPHIN/2013/51217,SARVANAND HARWANI,MP,BHOPAL,W
MPHIN36514,DREAM TIMES,ड्रीम टाईम्स,152827.0,MPHIN/2021/80272,JAHANZEB KHAN,MP,BHOPAL,W
MPHIN13817,SARTAJ TIMES,nan,68684.0,68684/ 98,MOHAMMED IDRIS,MP,BHOPAL,W
MPHIN14363,ARHAM TIMES,nan,70732.0,70732/ 99,ATIQ AHMED,MP,BHOPAL,W
MPBIL01453,FARAZ TIMES,फ़राज़ टाइम्स,103631.0,MPBIL/2009/31074,RAIS AHMED,MP,BHOPAL,W
MPHIN32669,PRANAYA TIMES,प्रणय टाइम्स,140329.0,MPHIN/2016/67774,JAINARAYAN RAJPUT,MP,BHOPAL,W
MPHIN32597,TARANNUM TIMES,nan,142768.0,MPHIN/2016/70213,TARANNUM,MP,BHOPAL,W
MPHIN39488,SAMPADA TIMES,संपदा टाइम्स,159573.0,MPHIN/2020/87018,AFREEN BEE,MP,BHOPAL,W
MPHIN00587,B.P.L. TIMES,nan,67999.0,67999/ 97,SURESH SHARMA,MP,BHOPAL,W
MPHIN00808,BEROZGAR TIMES,nan,26015.0,26015/ 73,MOHD RAFIQ KHAN,MP,BHOPAL,W
MPHIN34651,NARELA TIMES,नरेला टाइम्स,146466.0,MPHIN/2017/73911,ANUJ BABU MISHRA,MP,BHOPAL,W
MPHIN14900,TIMES SPEED,nan,62890.0,62890/ 95,RITESH SRIVAS,MP,BHOPAL,W
MPHIN31023,PRAKRUTI TIMES,प्रकृति टाइम्स,132931.0,MPHIN/2015/60376,TAJENDRA SINGH BAWAL,MP,BHOPAL,W
MPHIN33249,SHRI BALLABH GIRJA TIMES,nan,148814.0,MPHIN/2018/76259,SUSHMA JOSHI,MP,BHOPAL,W
MPHIN29866,ARPIT TIMES,अरपित टाइम्स,130040.0,MPHIN/2014/57485,SUDESH RAGHUWANSHI,MP,BHOPAL,W
MPHIN34238,KABIL TIMES,काबिल टाइम्स,145180.0,MPHIN/2017/72625,SANTOSH KUMAR,MP,BHOPAL,W
MPHIN34916,GANJAL MORAN TIMES,गंजाल मोरन टाईम्स,150722.0,MPHIN/2018/78167,MEENA DHANWARE,MP,BHOPAL,W
MPHIN26992,SUJAL TIMES,nan,113748.0,MPHIN/2011/41191,YASHPAL TOMAR,MP,BHOPAL,W
MPHIN27254,DORAHA TIMES,nan,116993.0,MPHIN/2012/44436,RAMPAL AGRAWAL,MP,BHOPAL,W
MPHIN03522,MOHILA CHETNA TIMES,nan,50218.0,50218/ 90,SHAKILA BEGAM,MP,BHOPAL,W
MPENG01138,SUNDAY TIMES OF INDIA,संडे टाइम्स ऑफ़ इंडिया,116751.0,MPENG/2012/44194,"BENNETT, COLEMAN & CO.LTD",MP,BHOPAL,W
MPHIN37702,SIDDHI NEWS TIMES,सिद्धि न्यूज टाइम्स,155184.0,MPHIN/2022/82629,ANKIT DWIVEDI,MP,BHOPAL,W
MPHIN33526,ANNAPOORNA TIMES,अन्नपूर्णा टाइम्स,142660.0,MPHIN/2016/70105,ANKIT RATHORE,MP,BHOPAL,W
MPHIN33414,THE MIDDLE TIMES,nan,143334.0,MPHIN/2016/70779,DHEERAJ KUMAR LODHI,MP,BHOPAL,W
MPHIN28654,SATVIK TIMES,सात्विक टाइम्स,138035.0,MPHIN/2013/65480,PRAFULYA KUMAR PANDEY,MP,BHOPAL,W
MPHIN09344,PUBLIC TIMES OF M P,nan,56528.0,56528/ 93,PANDIT GAYA PRASAD DIXIT,MP,BHOPAL,W
MPMUL00343,DIGNIFIED TIMES,nan,143889.0,MPMUL/2017/71334,SHEFALI SRIVASTAVA,MP,BHOPAL,W
MPHIN37548,PROJECTOR TIMES,प्रोजेक्टर टाइम्स,158467.0,MPHIN/2022/85912,MUKESH MEHAR,MP,BHOPAL,W
MPHIN28541,SIGMA TIMES,nan,119910.0,MPHIN/2012/47353,HARSHBARDHAN JAIN,MP,BHOPAL,W
MPHIN27196,KARTIKEY TIMES,nan,116070.0,MPHIN/2012/43513,USHA DUBEY,MP,BHOPAL,W
MPHIN27411,NAGAR ABHIVYAKTI TIMES,nan,122761.0,MPHIN/2013/50206,PAPPI NAGAR,MP,BHOPAL,W
MPHIN32777,ONLY TIMES,nan,140837.0,MPHIN/2016/68282,JEETMAL AGRAWAL,MP,BHOPAL,W
MPHIN26115,KALPANA TIMES,nan,111341.0,MPHIN/2011/38784,ABBAS KHAN,MP,BHOPAL,W
MPHIN33066,JAHRA TIMES,जहरा टाइम्स,142846.0,MPHIN/2016/70291,AFSEEN JAHRA ABIDI,MP,BHOPAL,W
MPHIN00386,ANUGARHA TIMES OF MADHYA PRADESH,अनुग्रह टाइम्सऑफ़ मध्य प्रदेश,50188.0,50188/ 89,HARI NARAYAN,MP,BHOPAL,W
MPHIN34395,DASTGEER TIMES,nan,,UR,MOHAMMAD JAVED KHAN,MP,BHOPAL,W
MPHIN23857,JAN VICHAR TIMES,जन विचार टाइम्स,106695.0,MPHIN/2010/34138,PAVAN MALVIYA,MP,BHOPAL,W
MPHIN30379,KASHANA TIMES,nan,130967.0,MPHIN/2014/58412,ABID MOHD. KHAN,MP,BHOPAL,W
MPHIN11886,THE TIMES OF RAJNEETHI,nan,64503.0,64503/ 95,J.S. CHAUHAN,MP,BHOPAL,W
MPHIN13599,RAJDHANI CRIME CORRUPTION TIMES,nan,67786.0,67786/ 98,AJEET RAI,MP,BHOPAL,W
MPHIN22036,MOON LIGHT TIMES,मून लाइट टाइम्स,95865.0,MPHIN/2008/23308,HEERANAND GANWANI,MP,BHOPAL,W
MPHIN22598,NAVAMBEY TIMES,नवाम्बे टाइम्स,99381.0,MPHIN/2008/26824,R.K. PANDEY,MP,BHOPAL,W
MPHIN20553,KISAN SENA TIMES,nan,90837.0,MPHIN/2006/18280,KAILASH PATHAK,MP,BHOPAL,W
MPHIN08750,ROMETH TIMES,nan,52101.0,52101/ 90,PRADEEP KUMAR SAHU,MP,BHOPAL,W
MPHIN03179,KUSH GYAN TIMES,nan,69198.0,69198/ 89,SMT.RAMVATI KUSHWAHA,MP,BHOPAL,W
MPHIN04448,PARASHAR TIMES,nan,47739.0,47739/ 89,SITARAM PARASAR,MP,BHOPAL,W
MPHIN35610,KAILA TIMES,nan,,UR,REEMA KAILA,MP,BHOPAL,W
MPHIN32973,INDIAN MEDIA TIMES,इंडियन मीडिया टाइम्स,140523.0,MPHIN/2016/67968,SHIVAM JUNEJA,MP,BHOPAL,W
MPHIN31544,ARUBA TIMES,अरूबा टाइम्स,136874.0,MPHIN/2015/64319,MOHD. KHALID,MP,BHOPAL,W
MPHIN23275,THE ACE TIMES,दि एस टाइम्स,101077.0,MPHIN/2009/28520,PRAVEEN KUMAR SAPKAL,MP,BHOPAL,W
MPBIL00980,CANON TIMES,कैनन टाइम्स,90047.0,MPBIL/2004/17490,I.R.VERMA,MP,BHOPAL,W
MPBIL01509,EXCELLENCE TIMES,nan,107576.0,MPBIL/2010/35019,RAHUL CHOUKSE,MP,BHOPAL,W
MPHIN29676,ROZIL TIMES,nan,126021.0,MPHIN/2013/53466,ABDUL RAHEEM KHAN,MP,BHOPAL,W
MPHIN10518,SAMAR BHOOMI TIMES,nan,61951.0,61951/ 95,SANJAY JAIN,MP,BHOPAL,W
MPHIN34342,NITYA NAMAN TIMES,नित्य नमन टाइम्स,145113.0,MPHIN/2017/72558,NITIN KUMAR GUPTA,MP,BHOPAL,W
MPHIN33995,RELIABLE TIMES,nan,142834.0,MPHIN/2016/70279,CHOITHRAM TOLANI,MP,BHOPAL,W
MPHIN27964,ANUKARAN SAMACHAR TIMES,अनुकरण समाचार टाइम्स,118174.0,MPHIN/2012/45617,RAMSHREYA SINGH YADAV,MP,BHOPAL,W
MPHIN36378,GUTTHI TIMES,गुत्थी टाईम्स,155437.0,MPHIN/2021/82882,POONAM CHOUKIKAR,MP,BHOPAL,W
MPHIN35207,MADIHA TIMES,मदीहा टाइम्स,149616.0,MPHIN/2018/77061,FAROOQ MAAZ,MP,BHOPAL,W
MPENG00987,SUNDAY HINDUSTAN TIMES,संडे हिंदुस्तान टाइम्स,110103.0,MPENG/2010/37546,HT MEDIA LTD,MP,BHOPAL,W
MPHIN33069,PIPALIYA TIMES,पिपलिया टाइम्स,142966.0,MPHIN/2016/70411,JAVED ALI,MP,BHOPAL,W
MPHIN18139,SONIYA TIMES,nan,83904.0,MPHIN/2003/11347,PERVEEN JAHAN,MP,BHOPAL,W
MPHIN03234,KURCHANIYA TIMES,nan,50123.0,50123/ 89,VIMLA KURCHANIYA,MP,BHOPAL,W
MPHIN31069,PARWAZ TIMES,परवाज टाईम्स,134972.0,MPHIN/2015/62417,FOZIA SHAHID,MP,BHOPAL,W
MPHIN31096,ALPHA TIMES,अल्फा टाइम्स,139205.0,MPHIN/2015/66650,AL ASHRAF KHAN GAURI,MP,BHOPAL,W
MPHIN31454,BUDHNI TIMES,बुधनी टाइम्स,141539.0,MPHIN/2016/68984,BHOJRAJ SINGH PANWAR,MP,BHOPAL,W
MPHIN15188,PANCHDEV TIMES,nan,71397.0,71397/ 99,ASHOK KUMAR JAIN,MP,BHOPAL,W
MPHIN04951,RAMBHA TIMES,रम्भा टाइम्स,38251.0,38251/ 82,PARAS NATH SHARMA,MP,BHOPAL,W
MPHIN26366,WINNING TIMES,nan,114391.0,MPHIN/2011/41834,FAISAL ALI KHAN,MP,BHOPAL,W
MPHIN13378,ADIBA TIMES,nan,67991.0,67991/ 97,QAMAR MOHAMMED KHAN,MP,BHOPAL,W
MPHIN13984,CHAYNIT TIMES,nan,72347.0,72347/ 99,SHIVKRISHAN TRIPATHI,MP,BHOPAL,W
MPHIN06646,UTTHAN TIMES,nan,50132.0,50132/ 89,M.B SHRIVASATAV,MP,BHOPAL,W
MPHIN07811,RANGARH TIMES,nan,56517.0,56517/ 92,R.D. TRIPATHI,MP,BHOPAL,W
MPHIN07881,TAKKAR TIMES,nan,54145.0,54145/ 91,VASHISHT MUNI PATHAK,MP,BHOPAL,W
MPHIN08369,GIRISH TIMES,nan,52005.0,52005/ 90,YUSUF KHAN,MP,BHOPAL,W
MPHIN08445,JHUGGI TIMES,nan,50262.0,50262/ 90,BHIKAM SINGH BAGHEL,MP,BHOPAL,W
MPHIN08796,SUNIL TIMES OF MADHYA PRADESH,सुनील टाइम्स ऑफ़ मध्य प्रदेश,50182.0,50182/ 89,MUIN UDDIN,MP,BHOPAL,W
MPHIN09458,NARI JAGARTI TIMES,nan,54248.0,54248/,DHANESH KUMAR,MP,BHOPAL,W
MPHIN21592,NAVA PRABHAT TIMES,नवा प्रभात टाइम्स,1792.0,1792/ 58,ARVIND KISHORE CHAURASIA,MP,BHOPAL,W
MPURD00026,BHOPAL TIMES,nan,47719.0,47719/ 88,MOHD. RIZWAN KHAN,MP,BHOPAL,W
MPHIN06825,VIJAY VIKASH TIMES,nan,47688.0,47688/ 89,ARUN KUMAR SINGH SANGAM,MP,BHOPAL,W
MPHIN08295,DAMDAR TIMES,दमदार टाइम्स,51937.0,51937/ 90,PREM KUMARI GOSWAMI,MP,BHOPAL,W
MPHIN08409,ISHWAR TIMES,nan,45286.0,45286/ 86,INDER SINGH,MP,BHOPAL,W
MPHIN08701,PRAHLAD TIMES OF MADHYA PRADESH,प्रह्लाद टाइम्स ऑफ़ मध्य प्रदेश,50312.0,50312/ 90,GOVIND VISHWAKARMA,MP,BHOPAL,W
MPHIN08765,REPRINT TIMES,nan,50289.0,50289/ 90,M.R ANWAR,MP,BHOPAL,W
MPHIN27972,GADHKUNDAR TIMES,nan,118294.0,MPHIN/2012/45737,SATYAJEET SINGH,MP,BHOPAL,W
MPHIN32420,SOFT LINE TIMES,nan,141212.0,MPHIN/2016/68657,SAHAB AHMED,MP,BHOPAL,W
MPHIN32940,PUTTAN TIMES,पुत्तन टाइम्स,140601.0,MPHIN/2016/68046,MASARRAT JAHAN,MP,BHOPAL,W
MPHIN22499,SHAWAR NEWS TIMES,शावर न्यूज टाइम्स,99562.0,MPHIN/2008/27005,SHAWAR KHAN,MP,BHOPAL,W
MPHIN10607,SPASHT VAKTA TIMES,nan,58629.0,58629/ 94,R.S. TRIPATHI,MP,BHOPAL,W
MPHIN34487,SPHOORTI TIMES,स्फूर्ति टाइम्स,155571.0,MPHIN/2021/83016,LALIT KUMAR CHOKIKAR,MP,BHOPAL,W
MPHIN27939,PREM PURA TIMES,nan,116481.0,MPHIN/2012/43924,ARJUN YADAV,MP,BHOPAL,W
MPHIN14594,HAUSILA TIMES,nan,38605.0,38605/ 85,HOSILA PRASAD,MP,BHOPAL,W
MPHIN13641,WONDER TIMES,nan,70166.0,70166/ 98,SHASHANK DUBEY,MP,BHOPAL,W
MPHIN13921,U K TIMES,nan,69818.0,69818/ 98,DEEPAK SHARMA,MP,BHOPAL,W
MPHIN13956,CHANDRAVANSHI TIMES,nan,75875.0,MPHIN/1999/03318,LATA CHANDRAVANSHI,MP,BHOPAL,W
MPHIN02093,GAYTRI-SAVITRI-TIMES,nan,47643.0,47643/ 88,SANTOSH CHOURSE,MP,BHOPAL,W
MPHIN03863,MERI TIMES,nan,47607.0,47607/ 88,ASHOK SHARMA,MP,BHOPAL,W
MPHIN04811,RACHNA TIMES,nan,50145.0,50145/ 89,MUKESH KUMAR SAXENA,MP,BHOPAL,W
MPHIN01654,DESH PREMI TIMES,nan,50219.0,50219/ 90,LAKHVINDER SINGH,MP,BHOPAL,W
MPBIL00954,TIMES OF CRIME,nan,84724.0,MPBIL/2003/12167,VINAY G. DAVID,MP,BHOPAL,W
MPHIN24997,RAFIQ TIMES,रफ़ीक टाइम्स,108036.0,MPHIN/2010/35479,FAIZAN AHMAD,MP,BHOPAL,W
MPHIN25314,BARDOLI TIMES,nan,110529.0,MPHIN/2011/37972,LALIT DUBEY,MP,BHOPAL,W
MPHIN25910,BHOPAL JAN CHARCHA TIMES,nan,110434.0,MPHIN/2011/37877,RUKHSAR KHAN,MP,BHOPAL,W
MPHIN33177,GULISTAN TIMES,गुलिस्ताँ टाइम्स,142982.0,MPHIN/2016/70427,SONAM MANSURI,MP,BHOPAL,W
MPHIN34763,JUNED TIMES,जुनैद टाइम्‍स,148133.0,MPHIN/2017/75578,JUNED MANSUR,MP,BHOPAL,W
MPHIN33853,BACHPAN TIMES,बचपन टाइम्स,144291.0,MPHIN/2017/71736,SRISHTI SHARMA,MP,BHOPAL,W
MPHIN22615,SAMEER TIMES,समीर टाइम्‍स,99878.0,MPHIN/2009/27321,RAFIQ AHMAD,MP,BHOPAL,W
MPHIN15151,JAN CHOPAL TIMES,nan,71490.0,71490/ 99,ASHOK KUMAR JAIN,MP,BHOPAL,W
MPHIN15385,KULDEEP TIMES,कुलदीप टाइम्स,74071.0,MPHIN/2000/01514,NAMITA PANDEY,MP,BHOPAL,W
MPHIN31356,THE TIMES OF POLITICS,nan,54257.0,54257/ 92,DR. S.P.SHRIVASTAVA,MP,BHOPAL,W
MPHIN37679,WORKING JOURNALISTS TIMES,nan,,nan,PRESS CLUB OF WORKING JOURNALISTS,MP,BHOPAL,W
MPHIN13412,KALCHURI TIMES,nan,50070.0,50070/ 89,KAILASH NARAYAN SHIVHARE,MP,BHOPAL MP,W
MPHIN14856,SHARDA TIMES,nan,38596.0,38596/ 85,GYAN AWASTHI,MP,BILASPUR,W
MPHIN19934,NIMAD TIMES,निमाड़ टाईम्स,95542.0,MPHIN/2007/22985,DINESH KUMAR HUKUMCHAND JAIN,MP,BURHANPUR,W
MPHIN01689,GHASAN TIMES,nan,47494.0,47494/ 87,RAM KUMAR GAUTAM,MP,CHHATARPUR,D
MPHIN29915,JAN SAMVAD TIMES,जनसंवाद टाइम्स,127915.0,MPHIN/2014/55360,PRAKASH NARAYAN KATHAL,MP,CHHATARPUR,D
MPHIN31231,PEPTECH TIMES,पेपटेक टाइम्स,136260.0,MPHIN/2015/63705,ANURAG MAHTON,MP,CHHATARPUR,D
MPHIN14529,CHHATARPUR TIMES,nan,52050.0,52050/ 82,SANAT KUMAR JAIN,MP,CHHATARPUR,DE
MPHIN39001,CHHATRASAL TIMES,nan,,nan,RAJ KUMAR PATERIYA,MP,CHHATARPUR,M
MPHIN15245,KHUJARAHO TIMES,nan,72669.0,MPHIN/1999/00112,VIDHYADEVI KHARE,MP,CHHATARPUR,OP
MPHIN04204,NEW STREET TIMES,nan,47705.0,47705/ 89,MUNNA KHAN,MP,CHHATARPUR,W
MPBIL02212,KHAJURAHO TIMES,खजुराहो टाईम्‍स,146975.0,MPBIL/2016/74420,PRADEEP KUMAR GAUTAM,MP,CHHATARPUR,W
MPHIN19795,SUDERSHAN TIMES,सुदर्शन टाइम्‍स,90085.0,MPHIN/2006/17528,SUDERSHAN SHARMA,MP,CHHATARPUR,W
MPHIN22090,SATPUDA TIMES,सतपुड़ा टाईम्स,98465.0,MPHIN/2008/25908,JYOTI SUDHIR DUBEY,MP,CHHINDWARA,D
MPHIN39521,BHADRA TIMES,भद्रा टाइम्स,159806.0,MPHIN/2023/87251,SHIVAM TIWARI,MP,CHHINDWARA,D
MPHIN38723,MAHAKAUSHAL TIMES,nan,157581.0,MPHIN/2023/85026,RAMANUJ TIWARI,MP,CHHINDWARA,D
MPHIN33906,AKHAND TIMES,अखण्ड टाइम्स,144843.0,MPHIN/2017/72288,RAVI SHANKAR JHOD,MP,CHHINDWARA,M
MPHIN38273,AARVIKA TIMES,nan,,UR,SURAJ KAHAR,MP,CHHINDWARA,W
MPHIN18173,PAHARE TIMES,nan,83838.0,MPHIN/2003/11281,RAVISHANKAR PAHARE,MP,CHHINDWARA,W
MPHIN38830,CHHINDWARA TIMES,nan,,nan,MANOJ PARATE,MP,CHHINDWARA,W
MPHIN20144,PRABHANSH TIMES,प्रभांश टाईम्स,96048.0,MPHIN/2007/23491,DHANJAY VANDSAMUNDERKAR,MP,CHHINDWARA,W
MPHIN23334,DESIRE TIMES,डिजायर टाइम्स,105262.0,MPHIN/2009/32705,MOHD. AMEEN,MP,CHHINDWARA,W
MPMUL00109,KANHAN TIMES,nan,28482.0,28482/ 75,DEO RAO RAJARAM PATULKAR,MP,CHHINDWARA,W
MPHIN17876,PENCH KANHAN TIMES,nan,82542.0,MPHIN/2003/09985,M. RIZWAN,MP,CHHINDWARA,W
MPHIN18184,TIMES OF BHASKAR,nan,83818.0,MPHIN/2003/11261,PAWAN SHARMA,MP,CHHINDWARA,W
MPHIN20811,TIMES OF MAHAKAUSHAL,टाइम्स ऑफ महाकौशल,94331.0,MPHIN/2007/21774,ANIS KHAN,MP,CHHINDWARA,W
MPHIN38245,BHADRAWATI TIMES,भद्रावती टाइम्स,158949.0,MPHIN/2023/86394,IMARAN KHAN MANSURI,MP,DATIA,D
MPHIN34132,SACH TIMES,सच टाइम्स,143266.0,MPHIN/2016/70711,RAVINDRA SINGH NAVRANG,MP,DATIA,D
MPHIN38360,SONAGIR TIMES,nan,,nan,PRAMOD KUSHWAH,MP,DATIA,M
MPHIN01558,DATIA TIMES,दतिया टाइम्स,31099.0,31099/ 77,RAMAKANT GUPTA,MP,DATIA,W
MPHIN01890,GARH KUNDAR TIMES,nan,51933.0,51933/ 89,ASHOK KUMAR,MP,DATIYA,D
MPHIN12191,NATHESWARI TIMES,nan,65415.0,65415/ 97,SURESH SHARMA,MP,DEVAS,W
MPHIN36624,MAA BHAGWATI TIMES,माँ भगवती टाइम्स,159480.0,MPHIN/2021/86925,PANDIT RAGHUNANDAN SAMADHIYA,MP,DEWAS,BM
MPHIN10466,SURPRISE TIMES,nan,61883.0,61883/ 94,KAMAL SINGH MACHALE,MP,DEWAS,DE
MPHIN31802,DEWAS TIMES BULLETIN,nan,143371.0,MPHIN/2016/70816,LOKESH SINGH,MP,DEWAS,M
MPHIN20070,PRATHANA TIMES,प्रार्थना टाईम्स,91946.0,MPHIN/2007/19389,MUNI PRATHANA SAGAR FOUNDATION,MP,DEWAS,M
MPHIN23777,SHEIKH TIMES,शेख टाइम्स,106407.0,MPHIN/2010/33850,ASFIYA ASLAM SHEIKH,MP,DEWAS,M
MPHIN01254,CHHATRAPATI TIMES,nan,51939.0,51939/ 82,MANSHARAM MALVIYA,MP,DEWAS,W
MPHIN36558,CHAITANYA TIMES,चैतन्य टाइम्स,158822.0,MPHIN/2021/86267,CHETAN RATHOD,MP,DEWAS,W
MPBIL01249,SARDANA TIMES,सरदाना टाइम्स,99211.0,MPBIL/2008/26654,LALIT SARDANA,MP,DEWAS,W
MPHIN26185,RATAN TIMES,nan,110956.0,MPHIN/2011/38399,RATANSINGH ARORA,MP,DHAR,W
MPHIN07910,VARDMAN PUR TIMES,nan,56615.0,56615/ 91,NARENDER KUMR,MP,DHAR,W
MPHIN38964,THE WAGHELA VRITTANT TIMES,nan,,nan,SANGEETA BAI,MP,DHAR,W
MPHIN27333,DHAR TIMES,nan,126632.0,MPHIN/2013/54077,AJAY SHARMA,MP,DHAR,W
MPHIN15199,AADINATH TIMES,nan,76669.0,MPHIN2000/04112,PAWAN JAIN GANGAWAL,MP,DHAR,W
MPHIN05281,STEEL TIMES,nan,47635.0,47635/ 88,SUDARSHAN SHANGARI,MP,DURG,W
MPHIN11987,GOGLI TIMES,nan,65166.0,65166/ 96,KAMLA RATHIA,MP,GUNA,D
MPHIN34776,SACH TIMES,सच टाइम्‍स,146835.0,MPHIN/2017/74280,RAVINDRA SINGH NAVRANG,MP,GUNA,D
MPHIN03737,MANIDHARI TIMES,nan,50178.0,50178/ 89,MADHURANI JAIN,MP,GUNA,D
MPHIN15140,S.R.TIMES,nan,72777.0,MPHIN/1999/00220,SITARAM NATANI,MP,GUNA,D
MPHIN00491,ASHOK NAGAR TIMES,nan,38210.0,38210/ 82,KRISHAN MURARI SHARMA,MP,GUNA,F
MPHIN34902,LODHESHWAR TIMES,nan,,nan,GANPAT SINGH LODHA,MP,GUNA,F
MPURD00436,QASMI TIMES,.कासमी टाइम्स,159289.0,MPURD/2022/86734,MOHD. HAMEED KHAN,MP,GUNA,M
MPHIN34533,GUNA TIMES,गुना टाइम्स,148818.0,MPHIN/2018/76263,MINNAT ULLAH KHAN,MP,GUNA,W
MPHIN06478,TIMES OF SHRAMIK JAGAT,nan,50045.0,50045/ 89,SMT KRISHNA SRIVASTAVA,MP,GUNA,W
MPHIN35862,RAGHOGARH TIMES,nan,,nan,NARENDRA BEELARVAN,MP,GUNA,W
MPHIN34868,SHEOPUR TIMES,श्योपुर टाइम्स,148771.0,MPHIN/2018/76216,KRISHNA BIHARI SHARMA,MP,GWALIOR,D
MPHIN23402,BRIJ TIMES,nan,107795.0,MPHIN/2009/35238,AKSHAT AGARWAL,MP,GWALIOR,D
MPENG01206,ARJUN TIMES,nan,125492.0,MPENG/2013/52937,HARISH LAMBA,MP,GWALIOR,D
MPHIN29111,THE VIRAJ TIMES,nan,122762.0,MPHIN/2013/50207,RAHUL SHIVHARE,MP,GWALIOR,D
MPHIN23311,ALIS TIMES,एलिस टाइम्स,106480.0,MPHIN/2010/33923,S.M. ALI,MP,GWALIOR,D
MPENG01187,TODAY TIMES,nan,121253.0,MPENG/2013/48698,PRADEEP KUMAR,MP,GWALIOR,D
MPHIN32236,SACH TIMES,सच टाइम्स,137735.0,MPHIN/2014/65180,RAVINDRA SINGH NAVRANG,MP,GWALIOR,D
MPHIN38129,PADAV TIMES,पड़ाव टाइम्स,157375.0,MPHIN/2022/84820,YASH SETH,MP,GWALIOR,D
MPENG00035,CHETAK TIMES,nan,39530.0,39530/ 81,GHANSHYAM MUDGAL,MP,GWALIOR,D
MPHIN28771,DESH BHAKT TIMES,nan,125531.0,MPHIN/2013/52976,K. SATYANARAYANA,MP,GWALIOR,D
MPHIN21935,BPN TIMES,बीपीएन टाइम्स,98588.0,MPHIN/2008/26031,B.S.BAGHEL,MP,GWALIOR,D
MPHIN28850,ASHWAMEDH TIMES,nan,121978.0,MPHIN/2013/49423,HARISH UPADHAYAY,MP,GWALIOR,DE
MPHIN20286,GALAV TIMES,गालव टाइम्स,99195.0,MPHIN/2008/26638,PREM NARAYAN SHARMA,MP,GWALIOR,DE
MPHIN31462,PRAVAKTA TIMES,प्रवक्ता टाईम्स,134327.0,MPHIN/2015/61772,SURENDRA SINGH THAKUR,MP,GWALIOR,DE
MPHIN01978,GOPACHAL TIMES,nan,39526.0,39526/ 81,VIJAY GUPTA,MP,GWALIOR,F
MPHIN22211,SAMAY SRIJAN TIMES,समय सृजन टाइम्स,98227.0,MPHIN/2008/25670,USHA SHARMA,MP,GWALIOR,F
MPHIN14942,VISHWA VIDYALAYA TIMES,nan,26194.0,26194/ 73,SURENDRA KUMAR SHRIVASTAVA,MP,GWALIOR,F
MPHIN20863,DELHI VIGILENCE TIMES,दिल्ली विजिलेंस टाइम्स,94338.0,MPHIN/2007/21781,VINITA RATHORE,MP,GWALIOR,F
MPHIN37132,SMART KNOWLEDGE TIMES,स्मार्ट नॉलेज टाइम्स,159230.0,MPHIN/2021/86675,UMAR MOHAMMAD,MP,GWALIOR,M
MPHIN29548,THE VIRAJ TIMES,nan,125008.0,MPHIN/2013/52453,RAHUL SHIVHARE,MP,GWALIOR,M
MPBIL02460,GAJANAND TIMES,nan,159247.0,MPBIL/2022/86692,JAI SINGH KHALATE,MP,GWALIOR,M
MPHIN30862,KOUSKI TIMES,कौशिकी टाईम्स,134024.0,MPHIN/2015/61469,SUKANT SONI,MP,GWALIOR,M
MPHIN35414,SHIVPURI TIMES,शिवपुरी टाइम्स,152907.0,MPHIN/2020/80352,MADHU SHARMA,MP,GWALIOR,M
MPHIN32807,HIDAYAT TIMES,हिदायत टाइम्स,139968.0,MPHIN/2016/67413,ARIF MASOOD,MP,GWALIOR,M
MPHIN29543,VRAKSHAWAR TIMES,वृक्षावर टाइम्स,127468.0,MPHIN/2014/54913,PRATIBHA SHRIVASTAVA,MP,GWALIOR,M
MPHIN37117,DATIYA TIMES,दतिया टाइम्स,154867.0,MPHIN/2021/82312,MADHU SHARMA,MP,GWALIOR,M
MPHIN33796,NADARIYA TIMES,नादरिया टाइम्स,143069.0,MPHIN/2016/70514,AMIT KUSHWAH,MP,GWALIOR,M
MPHIN28452,SUNWAY TIMES,nan,124300.0,MPHIN/2012/51745,SANT KUMAR TRIPATHI,MP,GWALIOR,M
MPHIN32089,BHUTESHWAR TIMES,भूतेश्वर टाईम्स,137748.0,MPHIN/2015/65193,RAJWATI,MP,GWALIOR,M
MPHIN30838,SUMEDH TIMES,सुमेध टाईम्स,132529.0,MPHIN/2015/59974,RAJ KUMAR SHARMA,MP,GWALIOR,M
MPHIN28940,TIMES LOOK,nan,123729.0,MPHIN/2013/51174,SABIR KHAN,MP,GWALIOR,M
MPHIN36957,MIRCHI TIMES,मिर्ची टाइम्स,158857.0,MPHIN/2021/86302,NARENDRA KUMAR GULATI,MP,GWALIOR,M
MPHIN26304,MRITUNJAY TIMES,nan,116111.0,MPHIN/2011/43554,BHUPENDRA SHARMA,MP,GWALIOR,M
MPHIN23854,SUNRISE TIMES,nan,119030.0,MPHIN/2012/46473,AKASH KHAN,MP,GWALIOR,M
MPHIN25871,PAL BAGHEL TIMES,nan,115665.0,MPHIN/2011/43108,ASHOK PAL,MP,GWALIOR,M
MPHIN30107,SURAKSHA TIMES,सुरक्षा टाइम्स,131703.0,MPHIN/2014/59148,YOGESH KUMAR SHARMA,MP,GWALIOR,M
MPHIN32841,RISHIRAJ TIMES,ऋषिराज टाइम्स,140306.0,MPHIN/2016/67751,MAYA SONI,MP,GWALIOR,M
MPENG01311,THE VERISON TIMES,nan,,UR,GOURAV BHARDWAJ,MP,GWALIOR,M
MPHIN28080,MITTAL TIMES,nan,120633.0,MPHIN/2013/48077,GOPAL MITTAL,MP,GWALIOR,M
MPHIN38667,MACHKUND TIMES,मचकुण्ड टाइम्स,160384.0,MPHIN/2023/87829,PRANJAL SHARMA,MP,GWALIOR,Q
MPHIN33342,SAKSHAM PATRIKA TIMES,सक्षम पत्रिका टाइम्‍स,147159.0,MPHIN/2017/74604,RUDRA SHINDE,MP,GWALIOR,W
MPHIN33385,SAJAL TIMES,सजल टाइम्स,143865.0,MPHIN/2016/71310,SHYAMVEER SHARMA,MP,GWALIOR,W
MPHIN31374,PRASANG TIMES,प्रसंग टाईम्स,135683.0,MPHIN/2015/63128,GOPAL RATHOR,MP,GWALIOR,W
MPHIN18333,TIMES OF BAHUJAN,nan,84586.0,MPHIN/2003/12029,BHAGWAN RATNA BOUDDH,MP,GWALIOR,W
MPHIN14256,RASHTRIYA PRACHAND AWAZ TIMES,राष्ट्रीय प्रचंड आवाज़ टाइम्स,72204.0,72204/ 99,J.K.RATHOR,MP,GWALIOR,W
MPHIN26410,KOTESHWAR TIMES,nan,114434.0,MPHIN/2012/41877,ARJUN SINGH SISODIA,MP,GWALIOR,W
MPHIN35014,SUNWAY TIMES,सनवे टाइम्स,148648.0,MPHIN/2018/76093,SANT KUMAR TRIPATHI,MP,GWALIOR,W
MPHIN08017,JAI USHA TIMES,nan,52201.0,52201/ 91,DAULAT RAM GUPTA,MP,GWALIOR,W
MPHIN08158,ARTHYUG TIMES,अर्थयुग टाइम्स,67983.0,67983/ 97,ANAND PRAKASH SHARMA,MP,GWALIOR,W
MPHIN29861,RANGREZ TIMES,रंगरेज टाईम्स,129701.0,MPHIN/2014/57146,AJEEJ KHAN,MP,GWALIOR,W
MPHIN16764,VILLAGE TIMES,nan,82066.0,MPHIN/2002/09509,VIRENDRA SHARMA,MP,GWALIOR,W
MPHIN01666,DIKOL TIMES,nan,47541.0,47541/ 87,YASH SETH,MP,GWALIOR,W
MPHIN02134,GWALIOR TIMES,nan,38541.0,38541/ 85,DR. DINESH GUPTA,MP,GWALIOR,W
MPHIN11621,MRIGNAYANI TIMES,nan,63105.0,63105/ 95,YUSUF KHAN,MP,GWALIOR,W
MPHIN34213,RUKHASAR TIMES,रुखसार टाइम्स,144853.0,MPHIN/2017/72298,AMEER AHMAD,MP,GWALIOR,W
MPHIN28391,PRAVAKTA TIMES,nan,121610.0,MPHIN/2013/49055,SURENDRA SINGH THAKUR,MP,GWALIOR,W
MPHIN33926,BHUDUK TIMES,भुडुक टाइम्स,144850.0,MPHIN/2017/72295,OMPAL SINGH GEHLOT,MP,GWALIOR,W
MPHIN20768,JAGDISH TIMES,जगदीश टाइम्स,91449.0,MPHIN/2007/18892,JAGDISH KUMAR RATHORE,MP,GWALIOR,W
MPHIN36681,PRABHA TIMES,nan,,nan,VINOD KUMAR MISHRA,MP,GWALIOR,W
MPHIN27637,MANKAMESHWAR TIMES,nan,115742.0,MPHIN/2012/43185,ARJUN SINGH SISODIYA,MP,GWALIOR,W
MPHIN34511,KURMI TIMES,कुर्मी टाईम्‍स,147510.0,MPHIN/2018/74955,JATIN KANOJIA,MP,GWALIOR,W
MPBIL36639,SABALGARH TIMES,nan,160117.0,MPBIL/2023/87562,MONU GOYAL,MP,GWALIOR,W
MPHIN29506,PROFESSOR TIMES,nan,125761.0,MPHIN/2013/53206,BRIJESH SHARMA,MP,GWALIOR,W
MPHIN28407,AGENDA TIMES,nan,121608.0,MPHIN/2012/49053,GAURAV SHRIVASTAVA,MP,GWALIOR,W
MPHIN14586,GYAN CHETNA TIMES,nan,45377.0,45377/ 87,VIJAY SINGH YADAV,MP,GWALIOR,W
MPHIN31720,NIKHIL TIMES PATRIKA,निखिल टाइम्स पत्रिका,137059.0,MPHIN/2015/64504,SANJEEV BUNDELA,MP,GWALIOR,W
MPHIN31375,ATLAST TIMES,एटलास्ट टाईम्स,134771.0,MPHIN/2015/62216,SOURAVH SAXENA,MP,GWALIOR,W
MPBIL01708,THE THUNDER TIMES,nan,119483.0,MPBIL/2012/46926,YATENDRA KUMAR SINGH,MP,GWALIOR,W
MPHIN38945,NARMADA TIMES,nan,,nan,MUKESH AWASTHI,MP,HOSHANGABAD,D
MPHIN28036,PRADESH TIMES,nan,116192.0,MPHIN/2011/43635,HEERO GYANCHANDANI,MP,HOSHANGABAD,D
MPHIN31473,JAGEER TIMES,जागीर टाइम्स,134384.0,MPHIN/2015/61829,AMAN SHAWAR,MP,HOSHANGABAD,D
MPHIN20520,TIMES OF AGRAHARI,टाईम्स ऑफ अग्रहरि,92496.0,MPHIN/2006/19939,RAJIV AGGARWAL,MP,HOSHANGABAD,M
MPHIN12904,HOSHANGABAD TIMES SAPTAHIK,nan,70873.0,70873/ 97,PUSHPENDRA BHARGAV,MP,HOSHANGABAD,W
MPHIN33701,TIMES OF AGRAHARI,टाइम्स ऑफ अग्रहरि,144382.0,UR,RAJEEV AGRAWAL,MP,HOSHANGABAD,W
MPHIN31162,SHRI PRABHAT TIMES,श्री प्रभात टाईम्स,138155.0,MPHIN/2015/65600,SANT RAM NISHRELE,MP,HOSHANGABAD,W
MPHIN38457,CHANAKYA TIMES,nan,,nan,RAVI SHANKAR BARKHANE,MP,HOSHANGABAD,W
MPHIN32546,MKALOO TIMES,nan,38208.0,38208/ 82,ANIL TIWARI,MP,HOSHANGABAD,W
MPHIN11978,ITARSI POLICE TIMES,nan,65225.0,65225/ 96,SUBHASH RASAL,MP,HOSHANGABAD/ ITARSI,F
MPHIN04295,NIRMAL TIMES,nan,47680.0,47680/ 88,ASHOK JAIN,MP,HOSHANGABAD/ ITARSI,W
MPHIN17381,AHANA TIMES,nan,80292.0,MPHIN/2002/07735,SWADESH DUBEY,MP,HOSNAGABAD,OP
MPBIL02423,FAITH TIMES,nan,,nan,RAJESH JOSHI,MP,INDORE,BM
MPHIN13589,S.D.A. TIMES,nan,68841.0,68841/ 98,SHAMBHU DAYAL AGRAWAL,MP,INDORE,D
MPHIN29277,SAAMNA TIMES,nan,126623.0,MPHIN/2013/54068,SHIV DARSHAN PRAKASHAN,MP,INDORE,D
MPHIN38772,SINGHAM TIMES,सिंघम टाइम्स,158233.0,MPHIN/2021/85678,GOVIND UPADHAYAY,MP,INDORE,D
MPHIN30261,PADMINI TIMES,पदमीनी टाइम्स,128521.0,MPHIN/2014/55966,ARPIT DOSI,MP,INDORE,D
MPHIN19829,MANGAL DHWANI TIMES,nan,45154.0,45154/ 83,MAHESH CHANDRA GUPTA,MP,INDORE,D
MPENG01163,THE TIMES OF INDIA,द टाइम्स ऑफ़ इंडिया,117894.0,MPENG/2012/45337,"BENNETT, COLEMAN & CO.LTD",MP,INDORE,D
MPHIN34747,PRATHAM PRAHARI TIMES,प्रथम प्रहरी टाइम्‍स,146418.0,MPHIN/2016/73863,SHRI BALAJI P.P.T. NEWS,MP,INDORE,D
MPHIN28504,RASHTRIYA PRAJA SATTA TIMES,nan,119748.0,MPHIN/2012/47191,AKHILESH SOHANI,MP,INDORE,D
MPENG01155,HINDUSTAN TIMES,हिंदुस्तान टाइम्स,116239.0,MPENG/2011/43682,HT MEDIA LTD,MP,INDORE,D
MPHIN10023,BAJRANG TIMES,nan,54293.0,54293/ 92,MAHESH SHARMA,MP,INDORE,D
MPENG01216,THE ECONOMIC TIMES,nan,128724.0,MPENG/2014/56169,"BENNETT, COLEMAN & CO.LTD",MP,INDORE,D
MPHIN26655,BALWAS TIMES,nan,115724.0,MPHIN/2011/43167,M/S. BALWAS TIMES AND PRINT MEDIA PVT. LTD.,MP,INDORE,D
MPBIL00002,SHIVNERI TIMES,शिवनेरी टाइम्‍स,146598.0,MPBIL/2017/74043,DR. MADHUBALA BANDIVADEKAR,MP,INDORE,D
MPHIN24323,BPN TIMES,बीपीएन टाइम्स,105279.0,MPHIN/2009/32722,B.S.BAGHEL,MP,INDORE,D
MPHIN33772,ABHYASH TIMES,अभ्यास टाइम्स,142977.0,MPHIN/2016/70422,AMIT PANJWANI,MP,INDORE,D
MPBIL02578,ARTHATANTRA TIMES,अर्थतंत्र टाइम्स,159595.0,MPBIL/2023/87040,SANJAY GUPTA,MP,INDORE,D
MPHIN04920,RAJEEV TIMES,nan,38105.0,38105/ 81,1.RAJENDRA KHANDELWAL 2.SATISH KHANDELWAL,MP,INDORE,D
MPHIN23835,SADHANA TIMES,nan,107542.0,MPHIN/2010/34985,SHARMA GROUP MEDIA SERVICES PVT. LTD.,MP,INDORE,D
MPHIN28729,D N N TIMES,nan,121717.0,MPHIN/2013/49162,D.N.N. CORP.,MP,INDORE,DE
MPBIL01944,ECO FRIENDLY PROPERTY TIMES,इको फ्रेंडली प्रॉपर्टी टाइम्स,139445.0,MPBIL/2016/66890,MAHESH PUROHIT,MP,INDORE,F
MPHIN34733,THE PROVIEW TIMES,nan,147321.0,MPHIN/2018/74766,EFFOLOGIC RESEARCH AND MEDIA PRIVATE LIMITED,MP,INDORE,F
MPBIL01893,PRADESHIK SHOLE TIMES,प्रादेशिक शोले टाइम्स,128412.0,MPBIL/2014/55857,GOPAL MARWAL,MP,INDORE,F
MPHIN04897,RAJNEETI HALCHAL TIMES,nan,50147.0,50147/ 89,NARESH JOSHI,MP,INDORE,F
MPHIN26669,THE BALWAS TIMES,nan,115583.0,MPHIN/2011/43026,M/S. BALWAS TIMES AND PRINT MEDIA PVT. LTD.,MP,INDORE,M
MPHIN24918,JAIN SAJNAAN TIMES,जैन सज्ञान टाइम्स,110835.0,MPHIN/2010/38278,PRAKASH CHAND BHATEWARA,MP,INDORE,M
MPBIL01687,PRADESIK APEX TIMES,nan,120968.0,MPBIL/2013/48412,MAHENDRA GUPTA,MP,INDORE,M
MPENG01132,SAIMS TIMES,nan,122767.0,MPENG/2013/50212,VINOD BHANDARI,MP,INDORE,M
MPHIN20194,ALMA TIMES,अल्‍मा टाइम्‍स,90126.0,MPHIN/2006/17569,SANTOSH SHUKLA,MP,INDORE,M
MPHIN20806,ABHI BHASHAK TIMES,अभिभाषक टाइम्स,96246.0,MPHIN/2007/23689,NARENDRA SHARMA,MP,INDORE,M
MPBIL01095,JANMASTHALI TIMES,जन्मस्थली टाईम्स,91296.0,MPBIL/2006/18739,ANAND RAO TAILANG,MP,INDORE,M
MPHIN26251,JANTAR MANTAR TIMES,nan,115538.0,MPHIN/2011/42981,VIDYA POL,MP,INDORE,M
MPBIL01431,SPARK TIMES,स्पार्क टाइम्स,102696.0,MPBIL/2009/30139,BIPIN SOLANKI,MP,INDORE,M
MPHIN32451,STUDENT WELFARE TIMES,स्टूडेंट वेलफेयर टाइम्स,139149.0,MPHIN/2016/66594,ANUP SHUKLA,MP,INDORE,M
MPHIN15412,I.S.B.TIMES,nan,75314.0,MPHIN/1999/02757,ISHMEET SINGH BHATIA,MP,INDORE,M
MPHIN37876,ANUKUL TIMES,nan,,nan,MO SADIK GORI,MP,INDORE,M
MPHIN25334,PRADESHIK UDYOG TIMES,प्रादेशिक उद्योग टाइम्स,110479.0,MPHIN/2011/37922,PRAKASH CHAND BHATEVARA,MP,INDORE,M
MPENG01256,EQUITY TIMES,nan,134178.0,MPENG/2015/61623,OSWAL TRADING CO.PVT.LTD,MP,INDORE,M
MPHIN31578,BOHRA TIMES,बोहरा टाईम्स,137956.0,MPHIN/2015/65401,ANIL RAGHUWANSHI,MP,INDORE,M
MPHIN15279,PRIYANT TIMES,प्रियंत टाइम्स,72187.0,72187/ 99,PRASHANT SHIROLE,MP,INDORE,M
MPHIN16058,DHARMADITYA TIMES,nan,77787.0,MPHIN/2001/05230,MANOJ YADAV,MP,INDORE,M
MPHIN10403,NEW MEV TIMES,nan,58692.0,58692/ 94,MOHD. HANIF CHISHTI MEV,MP,INDORE,M
MPBIL01872,QUEENS INDIA TIMES,क्वीन्स इंडिया टाइम्स,132676.0,MPBIL/2014/60121,PAWANJEET SINGH KUHRANA,MP,INDORE,M
MPBIL01562,KHALSA TIMES,nan,110955.0,MPBIL/2011/38398,MANIJIT SINGH KHALSA,MP,INDORE,M
MPHIN25484,PUSHPA MOHANDAS TIMES,nan,110038.0,MPHIN/2011/37481,VIJAY VAGHWANI,MP,INDORE,M
MPHIN17609,AAJ KA SAJAG PRAHARI NATIONAL TIMES,आज का सजग प्रहरी नेशनल टाइम्स,81479.0,MPHIN/2002/08922,ABDUL HAFIZ KHAN,MP,INDORE,M
MPHIN20212,AVAM KA AZAD TIMES,आवाम का आजाद टाइम्स,99289.0,MPHIN/2006/26732,SHIEKH ALIM,MP,INDORE,M
MPHIN29252,MAHAVIR TIMES,nan,126187.0,MPHIN/2013/53632,HEMANT JAIN,MP,INDORE,M
MPBIL00846,HANDICAPPED CARE TIMES,nan,83395.0,MPBIL/2003/10838,NAVIN BATRA,MP,INDORE,M
MPBIL02008,LBF TIMES,nan,145852.0,MPBIL/2017/73297,LBF PUBLICATIONS PVT. LTD.,MP,INDORE,M
MPHIN21789,NAVKAAR MAHAMANTRA TIMES,नवकार महामंत्र टाईम्स,96678.0,MPHIN/2008/24121,VINAYAK ASHOK LUNIYA,MP,INDORE,M
MPHIN28249,DHARMYAM TIMES,nan,118373.0,MPHIN/2012/45816,PANKAJ JAIN,MP,INDORE,M
MPENG01265,INDUSTRIAL NEWS TIMES,इंडस्ट्रीयल न्यूज टाईम्स,133269.0,MPENG/2015/60714,AMAL NARENDRA SINGH,MP,INDORE,M
MPENG00951,MAHARASHTRA LEGAL TIMES,महाराष्ट्र लीगल टाइम्स,101525.0,MPENG/2009/28968,LAL C. SAHITA,MP,INDORE,M
MPHIN23220,PADMAVATI TIMES,पद्मावती टाइम्स,105575.0,MPHIN/2009/33018,NARENDRA KUMAR JAIN,MP,INDORE,M
MPHIN24250,SANIA TIMES,SANIA TIMES,104741.0,MPHIN/2010/32184,ASHOK SAHU,MP,INDORE,M
MPBIL01274,PMT TIMES,पी एम टी टाइम्स,98072.0,MPBIL/2008/25515,LALIT SARDANA,MP,INDORE,M
MPHIN27069,DABANG SWARANKAR TIMES,nan,115093.0,MPHIN/2012/42536,SUNIL KUMAR VERMA,MP,INDORE,M
MPHIN26485,YAMRAJ TIMES,nan,112170.0,MPHIN/2011/39613,PANKAJ JAIN,MP,INDORE,M
MPHIN01636,DEPALPUR TIMES,nan,45160.0,45160/ 81,NAKUL CHOUHAN,MP,INDORE,M
MPBIL01931,THE AURA TIMES,द ओरा टाइम्स,132678.0,MPBIL/2014/60123,SUDHIR BANKA,MP,INDORE,M
MPHIN28724,PRESS CLUB TIMES,nan,123432.0,MPHIN/2013/50877,INDORE PRESS CLUB,MP,INDORE,M
MPHIN11306,NAVKAR TIMES,nan,61874.0,61874/ 95,SUBHASH JAIN,MP,INDORE,M
MPBIL00812,VASTU TIMES.COM,nan,82826.0,MPBIL/2002/10369,MAYANK BADJATYA,MP,INDORE,M
MPHIN17615,MAHAKAL TIMES,nan,82158.0,MPHIN/2003/09601,HEMENDRA PATHAK,MP,INDORE,M
MPHIN18217,CENSOR TIMES,nan,85339.0,MPHIN/2003/12782,RAVIKUMAR PODDAR,MP,INDORE,M
MPHIN38970,SUKHMANI TIMES,nan,,nan,RANI HORA,MP,INDORE,M
MPHIN12214,SATELLITE TIMES,nan,64068.0,64068/ 96,SASHIKANT PADMAKAR,MP,INDORE,OP
MPHIN12836,CROWN TIMES,nan,66149.0,66149/ 97,UMESH RIMJHA,MP,INDORE,W
MPHIN21418,KHOJI KHAJANA TIMES,खोजी खजाना टाइम्स,100007.0,MPHIN/2009/27450,OM BABA SHARMA,MP,INDORE,W
MPHIN14448,ANCHALIK TIMES,nan,45217.0,45217/ 86,JAGDISH CHANDRA VIDYARTHI,MP,INDORE,W
MPHIN27602,SURYAMANCH TIMES,nan,116113.0,MPHIN/2012/43556,SANNY PATHARE,MP,INDORE,W
MPHIN05783,SARAFA TIMES,nan,51971.0,51971/ 89,SAGARMAL CHHAVCHARIYA,MP,INDORE,W
MPHIN04216,NIT NAVAGAT TIMES,nan,45312.0,45312/ 87,MANIK DEVI JAIN,MP,INDORE,W
MPHIN14460,AROMA TIMES,nan,62037.0,62037/ 95,P.L.SUMMAN,MP,INDORE,W
MPHIN13520,TIMES OF WATAN,nan,68669.0,68669/ 98,SMT. DURGA BHATI,MP,INDORE,W
MPHIN17657,NARI MAHIMA TIMES,nan,82827.0,MPHIN/2003/10270,LATA AGGARWAL,MP,INDORE,W
MPHIN15061,THE RAZA TIMES,nan,71442.0,71442/ 99,FIROZ AHMED KHAN,MP,INDORE,W
MPENG01215,THE ECONOMIC TIMES ON SATURDAY,nan,128707.0,MPENG/2014/56152,"BENNETT, COLEMAN & CO.LTD",MP,INDORE,W
MPHIN00773,BETMA TIMES,nan,50094.0,50094/ 89,DHANNALAL BARGUJAR,MP,INDORE,W
MPHIN05417,VIKRAYKAR TIMES,nan,50304.0,50304/ 89,RAJENDRA UPADHAYAY,MP,INDORE,W
MPHIN09759,SHRI SAI NEWS TIMES,nan,56588.0,56588/ 93,PAVEEN SHINDEY,MP,INDORE,W
MPHIN09937,CHANDAN WALA TIMES,nan,58654.0,58654/ 93,MAHESHCHANDRA TIWARI,MP,INDORE,W
MPHIN10060,JABARDAST TIMES,nan,62556.0,62556/ 95,MAHESH KUMAR GUPTA,MP,INDORE,W
MPHIN12156,AHILYA TIMES,nan,63754.0,63754/ 96,KAILASH RAGHUVANSHI,MP,INDORE,W
MPHIN07144,SANSAR KE GUN TIMES,nan,52191.0,52191/ 91,NUSUR SHEIKH,MP,INDORE,W
MPHIN05753,SANSANI TIMES,nan,50232.0,50232/ 89,TRILOK SINGH,MP,INDORE,W
MPHIN31392,INDIAN PLAST TIMES,इंडियन प्लास्ट टाइम्स,137006.0,UR,SACHIN BANSAL,MP,INDORE,W
MPHIN28357,SHUBHANGAN NEWS TIMES,nan,119735.0,MPHIN/2012/47178,UMANG SHAH,MP,INDORE,W
MPHIN09015,YUVA SHAKTI TIMES,nan,45158.0,45158/ 85,RAMESH VISHWAKARMA,MP,INDORE,W
MPHIN33348,SHAGUFTA TIMES,nan,148196.0,MPHIN/2017/75641,RAFIK VISAAL KHAN,MP,INDORE,W
MPHIN19799,SULABH TIMES,सुलभ टाईम्स,89075.0,MPHIN/2005/16518,SHAILENDRA MUCHHAL,MP,INDORE,W
MPHIN11537,TIMES OF EDUCATION,nan,62429.0,62429/ 95,RAMESH BALRAM SINGH CHOUHAN,MP,INDORE,W
MPHIN11601,PRATHAM PRAHARI TIMES,प्रथम प्रहरी टाइम्स,70259.0,70259/ 95,SHRI BALAJI P.P.T. NEWS,MP,INDORE,W
MPHIN31155,RANJEET TIMES,रणजीत टाइम्स,137140.0,MPHIN/2015/64585,DILIP TAKIA,MP,INDORE,W
MPENG01230,THE ECONOMIC TIMES MAGAZINE,nan,128709.0,MPENG/2014/56154,"BENNETT, COLEMAN & CO.LTD",MP,INDORE,W
MPHIN00521,BAJRANG TIMES,nan,47718.0,47718/ 89,MAHESH SHARMA,MP,INDORE,W
MPENG01164,SUNDAY TIMES OF INDIA,संडे टाइम्स ऑफ़ इंडिया,117893.0,MPENG/2012/45336,"BENNETT, COLEMAN & CO.LTD",MP,INDORE,W
MPHIN11570,MANGAL SHRI TIMES,मंगल श्री टाइम्स,62694.0,62694/ 95,"GOVIND MANGAL,",MP,INDORE,W
MPHIN02265,HOLKAR TIMES,nan,47536.0,47536/ 88,ASHOK PATAUDI,MP,INDORE,W
MPHIN02408,INDOREPOL TIMES,nan,50195.0,50195/ 86,ELIYAS KHAN AINA,MP,INDORE,W
MPENG00253,TIMES OF INDORE,nan,66095.0,66095/ 86,RAJENDRA PUROHIT,MP,INDORE,W
MPHIN15408,VINAYAK PRATIYOGITA TIMES,विनायक प्रतियोगिता टाइम्स,75247.0,MPHIN/2000/02690,ASHIRWAD C.PUNEKAR,MP,INDORE,W
MPHIN14496,BRAHMAN TIMES,nan,47559.0,47559/ 88,NARENDER SINGH SALUJA,MP,INDORE,W
MPHIN14576,GANDHI NAGAR TIMES,nan,50205.0,50205/ 90,RAJESHWAR LONKAR,MP,INDORE,W
MPHIN05050,RAVINDER TIMES,nan,45321.0,45321/ 87,RAVINDER KUMAR RATHORE,MP,INDORE,W
MPHIN12535,MIRZA TIMES,nan,65055.0,65055/ 96,MIRZA ARIF BAIG,MP,INDORE,W
MPHIN04918,RAJESHWARI TIMES,nan,50087.0,50087/ 85,PREM CHAND BINDORIYA,MP,INDORE,W
MPHIN26493,SOBI TIMES,nan,112622.0,MPHIN/2011/40065,SAYED GULREZ ALI,MP,INDORE,W
MPHIN25666,ESTATE AND STATE TIMES,nan,120488.0,MPHIN/2011/47931,ASHISH KUMAR PANDEY,MP,INDORE,W
MPBIL01667,MASHWARA TIMES,मशवरा टाईम्स,129579.0,MPBIL/2013/57024,O.P.GOYAL,MP,INDORE,W
MPBIL01684,PRADESHIK SHOLE TIMES,nan,118948.0,MPBIL/2012/46391,GOPAL MARWAL,MP,INDORE,W
MPHIN01867,GANDHI NAGAR TIMES,nan,47668.0,47668/ 89,RAJESHWAR LONKAR,MP,INDORE,W
MPENG01156,SUNDAY HINDUSTAN TIMES,संडे हिंदुस्तान टाइम्स,118308.0,MPENG/2011/45751,HT MEDIA LTD,MP,INDORE,W
MPHIN10913,PARSHURAM TIMES,nan,58865.0,58865/ 94,AJAY KUMAR TIWARI,MP,INDORE,W
MPHIN03394,MADHYA PRADESH SAMACHAR TIMES,मध्य प्रदेश समाचार टाइम्स,47520.0,47520/ 87,NIYAMAT ULLA KHAN,MP,INDORE,W
MPHIN03768,MARKETING TIMES OF INDIA,मार्केटिंग टाइम्स ऑफ़ इंडिया,58798.0,58798/ 92,ASHOK JAIN,MP,INDORE,W
MPBIL01630,ASIAD TIMES,nan,118843.0,MPBIL/2012/46286,GYAN CHAND ALEDIA,MP,INDORE,W
MPHIN26058,MAHANAGAR DAY TIMES,महानगर डे टाइम्स,114655.0,MPHIN/2012/42098,HARISH JETHWANI,MP,INDORE,W
MPHIN26144,ISHA ISHAAN TIMES,nan,112409.0,MPHIN/2011/39852,MEENA KULPARIYA,MP,INDORE,W
MPHIN19391,MAHAVIR COMPETITION TIMES,महावीर काम्पिटिशन टाईम्स,94496.0,MPHIN/2005/21939,KUSUM JAIN,MP,INDORE,W
MPBIL00500,SINDHU SABHA TIMES,सिंधु सभा टाइम्स,62838.0,62838/ 95,RAJENDRA SACHDEV,MP,INDORE,W
MPHIN20941,TATKAL TIMES,तत्काल टाईम्स,94910.0,MPHIN/2007/22353,LAXMIKANT PANDIT,MP,INDORE,W
MPHIN13792,RASHTRA GURU TIMES,nan,73780.0,MPHIN/1998/01223,MOHAN MISHRA,MP,INDORE,W
MPHIN10967,KRISHNA TIMES,nan,58870.0,58870/ 94,SARITA AGRAWAL,MP,INDORE,W
MPBIL02567,REDOUND TIMES,nan,,nan,SANCHIT JAISWAL,MP,INDORE,W
MPHIN14209,JAGBEETI TIMES,nan,70050.0,70050/ 98,NAVEEN SHARMA,MP,INDORE,W
MPBIL01141,VACANCIES AND CAREERS TIMES,वेकेन्सीस एण्ड केरियर टाइम्स,93910.0,MPBIL/2007/21353,ATUL KHARE,MP,INDORE,W
MPHIN03542,MAHU TIMES,nan,45314.0,45314/ 87,SURESH CHATURVEDI,MP,INDORE,W
MPHIN26870,CHINMAYEE TIMES,nan,118297.0,MPHIN/2012/45740,VIKASH VERMA,MP,INDORE,W
MPHIN38974,NINAD TIMES,nan,,UR,MANOJ JUNEJA,MP,INDORE,W
MPHIN06858,VIDEH TIMES,nan,61766.0,61766/ 95,KALPANA SAXENA,MP,ITARASI,W
MPHIN08581,MANDSAUR TIMES,nan,12978.0,12978/ 65,LALIT BHARDWAJ,MP,ITARSI/ HOSHANGABAD,W
MPURD00270,SAFEER TIMES,सफीर टाइम्स,97760.0,MPURD/2008/25203,AAMNA,MP,JABALPUR,D
MPHIN10416,KARTIK TIMES,nan,56646.0,56646/ 93,RAKESH JAISWAL,MP,JABALPUR,D
MPBIL00731,SEE TIMES,nan,76828.0,MPBIL2000/04271,DR.PRAKASH SHARMA,MP,JABALPUR,D
MPHIN33873,PRAYAS TIMES,प्रयास टाइम्स,142637.0,MPHIN/2016/70082,PRAVEEN MISHRA,MP,JABALPUR,D
MPHIN23005,MADHYAPRADESH TIMES,nan,112488.0,MPHIN/2009/39931,R.K. RAIKWAR,MP,JABALPUR,D
MPHIN38373,MAHAKAUSHAL TIMES,महाकौशल टाइम्स,156328.0,MPHIN/2022/83773,RAMANUJ TIWARI,MP,JABALPUR,D
MPHIN33291,DEVENDRA TIMES,देवेन्द्र टाइम्स,141738.0,MPHIN/2016/69183,PRATEEK JOSHI,MP,JABALPUR,D
MPHIN12537,HINDI SANSKARDHANI TIMES,हिंदी संस्कारधानी टाइम्स,67004.0,67004/ 96,VIRENDRA GHANGHORIYA,MP,JABALPUR,D
MPHIN19272,AVON TIMES,nan,87777.0,MPHIN/2004/15220,RAJENDRA TIWARI,MP,JABALPUR,D
MPHIN39520,BHADRA TIMES,भद्रा टाइम्स,159805.0,MPHIN/2022/87250,SHIVAM TIWARI,MP,JABALPUR,D
MPHIN34069,BHADRA TIMES,भद्रा टाइम्स,144628.0,MPHIN/2017/72073,SHIVAM TIWARI,MP,JABALPUR,M
MPHIN32744,PRAKASH JYOTI TIMES,प्रकाश ज्योति टाइम्स,140547.0,MPHIN/2016/67992,ANIL KUMAR GUPTA,MP,JABALPUR,M
MPHIN39229,KHULASHA TIMES,nan,,nan,MOHAMMAD ZAHID ANSARI,MP,JABALPUR,M
MPHIN34139,JANPATRAKAR TIMES,जनपत्रकार टाइम्‍स,147671.0,MPHIN/2017/75116,BRAJENDRA MOHAN SAMDARIYA,MP,JABALPUR,M
MPBIL36626,BHADRA TIMES,nan,,UR,SHIVAM TIWARI,MP,JABALPUR,M
MPHIN38960,EKADASHI TIMES,nan,,nan,SAPNA TIWARI,MP,JABALPUR,M
MPHIN28691,MAHAKAUSHAL TIMES,nan,124749.0,MPHIN/2013/52194,RAMANUJ TIWARI,MP,JABALPUR,M
MPBIL36613,MAHAKAUSHAL TIMES,nan,,nan,RAMANUJ TIWARI,MP,JABALPUR,M
MPHIN26836,PRAYAS TIMES,nan,124423.0,MPHIN/2013/51868,PRAVEEN MISHRA,MP,JABALPUR,Q
MPHIN28895,JABALPUR KHABAR TIMES,जबलपुर खबर टाइम्स,127452.0,MPHIN/2013/54897,DEVENDRA YADAV,MP,JABALPUR,W
MPHIN22464,JABALPUR TIMES,nan,114185.0,MPHIN/2010/41628,RAJU VISHWAKARMA,MP,JABALPUR,W
MPHIN10725,RANBHUMI MOURCHA TIMES,nan,61641.0,61641/ 94,RAJESH KUMAR MISHRA,MP,JABALPUR,W
MPHIN33598,TARAKKI TIMES,तरक्की टाइम्स,144741.0,MPHIN/2017/72186,SARFRAZ MANSOORI,MP,JABALPUR,W
MPBIL02081,ANVI TIMES,अनवी टाइम्स,140252.0,MPBIL/2016/67697,ANIMESH SHUKLA,MP,JABALPUR,W
MPHIN32166,SADAR TIMES,सदर टाईम्‍स,142267.0,MPHIN/2016/69712,AMIT PATEL,MP,JABALPUR,W
MPHIN32305,GARHA TIMES,nan,30937.0,30937/ 75,DHIRAJ SINGH RAJPUR,MP,JABALPUR,W
MPHIN32489,TRIBAL TIMES,nan,143148.0,MPHIN/2016/70593,M.BHAURAO GAJBHIYE,MP,JABALPUR,W
MPMUL00345,SHRI GOBIND TIMES,श्री गोविंद टाइम्स,145353.0,MPMUL/2016/72798,GURU GOBIND SINGH EDUCATIONAL SOCIETY,MP,JABALPUR,W
MPBIL02507,HINDU MUSLIM EKTA TIMES,nan,,nan,MOHD SABIR USMANI,MP,JABALPUR,W
MPHIN38039,DEVJHIRI TIMES,nan,,nan,ALOK KUMAR DWIVIDE,MP,JHABUA,W
MPHIN02726,JHABUA TIMES,झाबुआ टाइम्स,45249.0,45249/ 87,RAMCHANDRA RATHORE,MP,JHABUA,W
MPHIN02935,KATNI TIMES,nan,13051.0,13051/ 67,SITA RAM RAIKWAR,MP,KATNI,W
MPHIN34682,JANHARSH TIMES,जनहर्ष टाइम्‍स,147173.0,MPHIN/2017/74618,PRATEEK MISHRA,MP,KHANDWA,F
MPBIL02240,JANHARSH TIMES,nan,,UR,PRATEEK MISHRA,MP,KHANDWA,M
MPHIN08008,ANJANI SHAKTI TIMES,nan,54128.0,54128/ 91,RAJESH KUMAR MALVIYA,MP,KHANDWA,W
MPHIN34738,JANHARSH TIMES,जनहर्ष टाइम्स,148766.0,MPHIN/2018/76211,PRATEEK MISHRA,MP,KHANDWA,W
MPHIN27030,KHANDWA TIMES,nan,117789.0,MPHIN/2012/45232,PRAMOD SINHA,MP,KHANDWA,W
MPHIN03042,KHARGON TIMES,खरगौन टाइम्स,45332.0,45332/ 87,SHAILESH JAIN,MP,KHARGAON,W
MPHIN38835,MAHAKAUSHAL TIMES,महकौशल टाइम्स,158510.0,MPHIN/2022/85955,RAMANUJ TIWARI,MP,MANDLA,D
MPHIN33671,REVANCHAL TIMES,रेवांचल टाइम्स,142432.0,MPHIN/2016/69877,MUKESH SHRIVAS,MP,MANDLA,D
MPHIN39504,BHADRA TIMES,भद्रा टाइम्स,159574.0,MPHIN/2023/87019,SHIVAM TIWARI,MP,MANDLA,M
MPHIN04786,PUNITA TIMES,nan,50223.0,50223/ 89,SURESH CHAND JAIN,MP,MANDLA,W
MPHIN32388,NAINPUR TIMES,nan,31422.0,31422/ 78,NANDLAL KHATRI,MP,MANDLA,W
MPBIL36644,MANDLA TIMES,nan,,UR,KAMLESH MISHRA,MP,MANDLA,W
MPHIN30414,PADMINI TIMES,पदमिनी टाइम्स,132575.0,MPHIN/2014/60020,ARPIT DOSI,MP,MANDSAUR,D
MPHIN24315,TIMES OF MANDSAUR,टाइम्स ऑफ़ मन्दसौर,105522.0,UR,DHARMENDRA SINGH RANERA,MP,MANDSAUR,F
MPHIN39129,PATIDAR TIMES,nan,,nan,CHETAN PATEL,MP,MANDSAUR,M
MPHIN12714,CHINTU PINTU TIMES,nan,65077.0,65077/ 97,LAXMAN BABANI,MP,MANDSAUR,W
MPHIN07671,YATINDER TIMES,nan,54226.0,54226/ 92,NARENDRA KUMAR MALU,MP,MANDSAUR,W
MPHIN37891,GAROTH TIMES,nan,,nan,PAVAN KANVAR,MP,MANDSAUR,W
MPHIN39555,SHIVPURI TIMES,nan,,UR,MADHU SHARMA,MP,MORENA,D
MPHIN24716,MAYURVAN TIMES,मयूरवन टाइम्स,108675.0,MPHIN/2010/36118,PAL PUBLICATIONS,MP,MORENA,D
MPHIN23744,SACH TIMES,nan,118115.0,MPHIN/2009/45558,RAVINDRA SINGH NAVRANG,MP,MORENA,D
MPHIN38618,SHIVPURI TIMES,शिवपुरी टाइम्स,157672.0,MPHIN/2022/85117,MADHU SHARMA,MP,MORENA,F
MPHIN39243,ARIHANT TIMES,nan,,nan,SUNEEL SHARMA,MP,MORENA,M
MPHIN38617,SHIVPURI TIMES,शिवपुरी टाइम्स,157673.0,MPHIN/2022/85118,MADHU SHARMA,MP,MORENA,M
MPHIN14727,MORENA TIMES,nan,6296.0,6296/ 61,PADAM CHAND BANDIL,MP,MORENA,W
MPHIN38749,BHADRA TIMES,nan,157561.0,MPHIN/2023/85006,SHIVAM TIWARI,MP,NARSINGHPUR,M
MPHIN14907,UDAYA TIMES,nan,8069.0,8069/ 62,SATYA NARAYAN SHRIVASTAVA,MP,NARSINGHPUR,W
MPHIN04079,NARSINGHPUR TIMES,nan,38220.0,38220/ 82,SUBHASH CHANDRA JAIN,MP,NARSINGHPUR,W
MPHIN38871,MAHAKAUSHAL TIMES,महाकौशल टाइम्स,159542.0,MPHIN/2023/86987,RAMANUJ TIWARI,MP,NARSINGPUR,D
MPHIN15054,NEEMUCH TIMES,nan,70938.0,70938/ 99,SUBHASH OJHA,MP,NEEMUCH,W
MPHIN22865,SHIBA TIMES,nan,38595.0,38595/ 85,BARKAT ULLAH,MP,PANNA,W
MPHIN07900,DELPREET TIMES,nan,58661.0,58661/ 93,GURUVINDER SINGH CHO,MP,RAIPUR,W
MPHIN32340,JAGEER TIMES,जागीर टाइम्स,137878.0,MPHIN/2015/65323,AMAN SHAWAR,MP,RAISEN,D
MPHIN09830,LUNCH TIMES,nan,65104.0,65104/ 95,GULAM SARWAR AAZAD,MP,RAISEN,OP
MPHIN39236,AITIHASIK SANCHI TIMES,nan,,nan,ARUN KUMAR SHENDE,MP,RAISEN,W
MPHIN31115,TOOBA TIMES,तूबा टाईम्स,137954.0,MPHIN/2015/65399,FARHANA SULTAN,MP,RAISEN,W
MPHIN11577,JWALANSHEEL TIMES,ज्वलनशील टाइम्स,63837.0,63837/ 95,HARISH KUMAR PANCHAL,MP,RAISEN,W
MPHIN20594,VETWA TIMES,वेतवा टाईम्स,97436.0,MPHIN/2008/24879,MALKHAN SINGH RAWAT,MP,RAISEN,W
MPHIN27116,SOMESHWAR TIMES,nan,115758.0,MPHIN/2012/43201,SANDHYA TOMAR,MP,RAISEN,W
MPHIN24226,LOK KALYAN TIMES,लोक कल्याण टाइम्स,108678.0,MPHIN/2010/36121,SURENDRA KUMAR DUBEY,MP,RAISEN,W
MPHIN34024,TIMES OF MANDIDEEP,टाइम्स ऑफ मंडीदीप,149463.0,MPHIN/2017/76908,RAJKUMAR SHRIVASTAVA,MP,RAISEN,W
MPHIN27584,RAISEN SAMACHAR TIMES,nan,116749.0,MPHIN/2012/44192,TASLEEM JAHAN,MP,RAISEN,W
MPHIN28922,PRADESH TIMES,nan,121250.0,MPHIN/2013/48695,HEERO GYANCHANDANI,MP,RAJGAD,D
MPHIN34336,DAINIK YALGAR TIMES,दैनिक यलग़ार टाइम्स,144016.0,MPHIN/2017/71461,ARIF KHAN,MP,RAJGARH,D
MPHIN14596,IDEAL TIMES,nan,58875.0,58875/ 93,SOLOMAN PRASAD,MP,RAJGARH,DE
MPHIN39392,RAJGARH TIMES,nan,,nan,NIPENDRA SINGH SOLANKI,MP,RAJGARH,TWW
MPHIN16041,ROOPMATI TIMES,nan,79946.0,MPHIN/2002/07389,UMAR KHAN,MP,RAJGARH,W
MPHIN31466,JALPA TIMES,जालपा टाईम्स,136169.0,MPHIN/2015/63614,OM PRAKASH VYAS,MP,RAJGARH,W
MPHIN12115,CHALLENEG NEWS TIMES,nan,75869.0,CHHHIN/1996/03312,MANMOHAN SHARMA,MP,RAJNANDGAON,W
MPHIN27707,SINGHAM TIMES,nan,117167.0,MPHIN/2012/44610,GOVIND UPADHAYAY,MP,RATLAM,D
MPHIN32017,THE GREAT VEERA PASI TIMES,दी ग्रेट वीरा पासी टाइम्स,140516.0,MPHIN/2015/67961,BHANWARLAL KAITHWAS,MP,RATLAM,M
MPHIN16420,JAVARA TIMES,nan,77115.0,MPHIN/2001/04558,ASHOK KUMAR SETHIA,MP,RATLAM,W
MPHIN02148,GULSHANABAD PRAHARI TIMES,गुलशनाबाद प्रहरी टाइम्स,78255.0,MPHIN/1978/05698,PRAKASH CHHAJED,MP,RATLAM,W
MPHIN00140,ADIVASI TIMES,nan,30950.0,30950/ 70,WAHID RASUL ANSARI,MP,RATLAM,W
MPHIN00391,JANMAT TIMES,nan,31426.0,31426/ 78,PRAKASH CHHAJED,MP,RATLAM,W
MPHIN22848,JANGHOSH TIMES,जनघोष टाइम्स,56603.0,56603/ 93,PARAS MAL SUJAN MAL MUNAT,MP,RATLAM,W
MPHIN09913,JANAGOSH TIMES,nan,66232.0,66232/ 96,PARASMAL MOOWAT,MP,RATLAM,W
MPHIN05040,RATLAM TIMES,nan,25942.0,25942/ 72,MAHESH SHARMA,MP,RATLAM,W
MPHIN03982,NAGESHWAR TIMES,nan,45328.0,45328/ 87,SURYA PRAKASH GANDHI,MP,RATLAM,W
MPHIN18463,SHISHIR TIMES,nan,84996.0,MPHIN/2003/12439,JYOTSANA DWIVEDI,MP,REWA,D
MPHIN05078,REWA TIMES,nan,28371.0,28371/ 74,SHYAMLAL DWIVEDI,MP,REWA,W
MPHIN37968,KAMTA TIMES,nan,159246.0,MPHIN/2022/86691,KAMTESHWAR TIWARI,MP,REWA,W
MPENG01314,NAVEEN TIMES,nan,142840.0,MPENG/2016/70285,PRAMOD KUMAR SHUKLA,MP,REWA,W
MPHIN14714,MAUGANJ TIMES,nan,28385.0,28385/ 74,SHIVSHARAN PRASAD MISHRA,MP,REWA,W
MPHIN38146,DEOTALAB TIMES,nan,,nan,RAJKUMAR PANDEY,MP,REWA,W
MPHIN05231,SAGAR TIMES,nan,30973.0,30973/ 67,MIRA TOMAR,MP,SAGAR,D
MPHIN04201,NEW ROCKET TIMES,nan,7747.0,7747/ 64,BADAL SINGH THAKUR,MP,SAGAR,D
MPHIN13067,SAHU SHREE TIMES,nan,66666.0,66666/ 97,MANOHAR LAL SAHU,MP,SAGAR,M
MPHIN05170,SAGAR BUNDELKHAND TIMES,सागर बुंदेलखंड टाइम्स,25952.0,25952/ 73,ASHOK KUMAR JAIN,MP,SAGAR,W
MPHIN24890,RAHI TIMES,nan,117123.0,MPHIN/2011/44566,SHARAD GUPTA,MP,SAGAR,W
MPHIN00472,ARUN TIMES,nan,52174.0,52174/ 87,NARENDERA SINGH THAKUR,MP,SAGAR,W
MPHIN07452,NEW ROCKET TIMES,nan,13031.0,13031/ 66,BADAL SINGH THAKUR,MP,SAGAR,W
MPHIN12596,NEW TIMES OF BUNDELKHAND,न्यू टाइम्स ऑफ़ बुंदेलखंड,65108.0,65108/ 96,DINDAYAL TIWARI,MP,SAGAR,W
MPHIN28952,RASHTRA PATH TIMES,राष्ट्रपथ टाइम्स,130781.0,MPHIN/2013/58226,RAVIN SINGH,MP,SATNA,M
MPHIN37530,SATNA TIMES,nan,,nan,AMIT SINGH BABA,MP,SATNA,OP
MPHIN33354,JAITWAR TIMES,nan,,UR,TRIJUGI NARAYAN TRIPATHI,MP,SATNA,W
MPHIN03966,NAGAR DWHANI TIMES,नगर ध्वनि टाइम्स,38464.0,38464/ 84,DR. RAMESH NANDWANI,MP,SATNA,W
MPHIN30453,BHARHUT TIMES,भरहुत टाइम्स,136880.0,MPHIN/2015/64325,SURESH KUMAR GUPTA,MP,SATNA,W
MPHIN28311,PRADESH TIMES,nan,118056.0,MPHIN/2011/45499,HEERO GYANCHANDANI,MP,SEHORE,D
MPHIN26750,SIDDHPUR TIMES,nan,112886.0,MPHIN/2011/40329,MD. ISRAR KHAN,MP,SEHORE,D
MPHIN38695,AHMADPUR TIMES,nan,,UR,MOHD SALAR GORY,MP,SEHORE,D
MPHIN31477,JAGEER TIMES,जागीर टाइम्स,134383.0,MPHIN/2015/61828,AMAN SHAWAR,MP,SEHORE,D
MPHIN05938,SEHORE TIMES,nan,23698.0,23698/ 71,SANTOSH KUMAR SINGH,MP,SEHORE,W
MPHIN13452,SAMAY SANSAR TIMES,nan,71914.0,71914/ 99,DEVENDER KUMAR JOSHI,MP,SEHORE,W
MPHIN15688,RAVI TIMES,nan,79466.0,MPHIN/2000/06909,RAVI SONI,MP,SEONI,D
MPHIN38314,PRATHVI TIMES,nan,,UR,PRATHVIRAJ JAGNE,MP,SEONI,D
MPHIN38237,WAINGANGA TIMES,nan,157306.0,MPHIN/2023/84751,DEVRAJ DEHARIYA,MP,SEONI,W
MPHIN18796,TIMES OF SEONI,nan,86089.0,MPHIN/2004/13532,AWADHESH TIWARI,MP,SEONI,W
MPHIN20909,SOORMA BHOPALI TIMES,सूरमा भोपाली टाईम्स,99552.0,MPHIN/2007/26995,RAKESH AATMPUJJIYA,MP,SEONI,W
MPHIN38837,MAHAKAUSHAL TIMES,महाकौशल टाइम्स,159638.0,MPHIN/2023/87083,RAMANUJ TIWARI,MP,SHAHDOL,D
MPHIN38995,SHISHIR TIMES,शिशिर टाईम्स,158015.0,MPHIN/2022/85460,JYOTSANA DWIVEDI,MP,SHAHDOL,D
MPHIN05991,SHAHADOL TIMES,nan,38194.0,38194/ 82,KARUNESH CHANDRA PANDEY,MP,SHAHDOL,D
MPBIL02220,NAKSHTRA KISAN TIMES,nan,,UR,UMAKANT MISHRA,MP,SHAHDOL,M
MPHIN38750,BHADRA TIMES,nan,157663.0,MPHIN/2023/85108,SHIVAM TIWARI,MP,shahdol,M
MPHIN39167,SHAHDOL ARSH TIMES,nan,,nan,GIRISH KUMAR VERMA,MP,SHAHDOL,THM
MPHIN39166,SHAHDOL PRAGATI TIMES,nan,,nan,GIRISH KUMAR VERMA,MP,SHAHDOL,W
MPHIN14497,BHARTI TIMES,nan,45211.0,45211/ 86,ARUN AGARWAL,MP,SHAHDOL,W
MPHIN03126,KOTAM TIMES,कोटाम टाइम्स,50206.0,50206/ 88,ASHOK KUMAR TRIPATHI,MP,SHAHDOL,W
MPHIN22838,SHAHDOL TIMES,nan,17191.0,17191/ 68,KAILASH CHANDRA AGRAWAL,MP,SHAHDOL,W
MPHIN36287,JANANI TIMES,जननी टाइम्स,152103.0,MPHIN/2020/79548,AZARA,MP,SHAJAPUR,D
MPHIN30243,SHAJAPUR TIMES,शाजापुर टाईम्स,135165.0,MPHIN/2014/62610,MUSTAFA ALI,MP,SHAJAPUR,F
MPHIN37134,NAHAR TIMES,nan,,nan,SUNIL NAHAR,MP,SHAJAPUR,F
MPHIN33787,SACH TIMES,सच टाइम्स,142167.0,UR,RAVINDRA SINGH NAVRANG,MP,SHEOPUR,D
MPHIN34196,SACH TIMES,सच टाइम्स,144896.0,MPHIN/2017/72341,RAVINDRA SINGH NAVRANG,MP,SHIVPURI,D
MPHIN23062,RAJE TIMES,राजे टाइम्स,100478.0,MPHIN/2009/27921,OM PRAKASH AGRAWAL,MP,SHIVPURI,D
MPHIN17378,VIRALA TIMES,nan,80010.0,MPHIN/2002/07453,VIJAY CHOWKSE 'VIRAL,MP,SHIVPURI,M
MPHIN20591,TIMES OF MISSION,टाइम्स ऑफ मिशन,96479.0,MPHIN/2006/23922,MUKESH SHIVHARE,MP,SHIVPURI,W
MPHIN14351,SANDHYA SONACHAL TIMES,nan,71844.0,71844/ 99,SUVENDU SHARMA,MP,SIDHI,D
MPHIN38993,SHISHIR TIMES,शिशिर टाईम्स,158017.0,MPHIN/2022/85462,JYOTSANA DWIVEDI,MP,SIDHI,D
MPHIN30308,SARVADHIKAR TIMES,सर्वाधिकार टाइम्स,129276.0,MPHIN/2014/56721,RAHUL SINGH GEHARWAR,MP,SIDHI,W
MPHIN16402,PAATI TIMES,पाती टाइम्स,79978.0,MPHIN/2001/07421,HEERAMANI MISHRA,MP,SINDHI,W
MPHIN29597,HEERAVATI NEWS TIMES,हीरावती न्यूज टाइम्स,129547.0,MPHIN/2013/56992,D. D. MISHRA,MP,SINGRAULI,D
MPHIN38994,SHISHIR TIMES,शिशिर टाईम्स,158016.0,MPHIN/2023/85461,JYOTSANA DWIVEDI,MP,SINGRAULI,D
MPHIN19766,BAINGANGA TIMES,बैनगंगा टाईम्‍स,89660.0,MPHIN/2006/17103,SURYA PRAKASH VISHAV KARMA,MP,SIVNI,D
MPHIN15080,FOLADI TIMES,nan,74986.0,MPHIN/1999/02429,MEHBOOB KHAN,MP,TEEKAMGARH,W
MPHIN22899,ORCHHA TIMES,nan,52086.0,52086/ 73,VINAY TRIPATHI,MP,TIKAMGARH,D
MPHIN38407,KAVY TIMES,nan,,nan,VIVEK KUMAR GUPTA,MP,TIKAMGARH,D
MPHIN14768,ORCHHA TIMES,ओरछा टाइम्स,52686.0,52686/,SHRI VINAY TRIPATHI,MP,TIKAMGARH,F
MPHIN31977,KUNDESHWAR TIMES,कुण्डेश्वर टाइम्स,138269.0,MPHIN/2015/65714,RAJENDRA SONI,MP,TIKAMGARH,W
MPHIN34091,HANUMAN SAGAR TIMES,हनुमान सागर टाइम्स,149126.0,MPHIN/2017/76571,RAKESH KUMAR AHIRWAR,MP,TIKAMGARH,W
MPHIN34530,MIVAAN TIMES,nan,149494.0,MPHIN/2018/76939,NIDHI NIKHIL SHARMA,MP,TIKAMGARH,W
MPHIN23756,TIKAMGARH RAJNETIK TIMES,nan,108823.0,MPHIN/2010/36266,HARIOM PASTOR,MP,TIKAMGARH,W
MPHIN22908,SHIPRA TIMES,nan,54274.0,54274/ 92,LALIT KUMAR JAIN,MP,UJJAIN,D
MPHIN28549,ORAAYAN TIMES,nan,125215.0,MPHIN/2013/52660,ORAAYAN HUMAN WELFARE SOCIETY,MP,UJJAIN,D
MPHIN24797,JAN TIMES,nan,107669.0,MPHIN/2010/35112,BHARAT SINGH CHOUDHARY,MP,UJJAIN,D
MPHIN35105,SAMARTH TIMES,समर्थ टाइम्स,149130.0,MPHIN/2018/76575,RADHESHYAM RATHOR,MP,UJJAIN,D
MPHIN35261,BALWAS TIMES,बलवास टाइम्स,149757.0,MPHIN/2018/77202,M/S. BALWAS TIMES AND PRINT MEDIA PVT. LTD.,MP,UJJAIN,D
MPHIN03980,NAGDA TIMES,nan,13204.0,13204/ 67,DAMODAR UPADHYA,MP,UJJAIN,F
MPHIN25173,VINDHYACHAL TIMES,nan,108795.0,MPHIN/2010/36238,PANKAJ RATHORE,MP,UJJAIN,F
MPHIN38767,SIMHASTHA TIMES,nan,,nan,SURESH SONI,MP,UJJAIN,F
MPHIN24707,SHRI JINESHWAR TIMES,nan,107620.0,MPHIN/2010/35063,DHARMENDRA JAIN,MP,UJJAIN,M
MPHIN37649,JANYASH TIMES,nan,,nan,PINKI YADAV,MP,UJJAIN,M
MPHIN31321,BAIJNATH TIMES,nan,143356.0,MPHIN/2015/70801,ANKIT SAHU,MP,UJJAIN,M
MPHIN24042,DECENT TIMES,डिसेन्ट टाइम्स,108715.0,MPHIN/2010/36158,POORNIMA PANDYA,MP,UJJAIN,M
MPHIN19084,SRI MAHESHWARI TIMES,nan,87278.0,MPHIN/2005/14721,SARITA BAHETI,MP,UJJAIN,M
MPHIN21028,DHARMISHTHA TIMES,धर्मिष्ठा टाईम्स,95469.0,MPHIN/2007/22912,KESAR MADROSIA,MP,UJJAIN,M
MPHIN23881,RATHORE TIMES,nan,109855.0,MPHIN/2010/37298,ANKIT PARMOR,MP,UJJAIN,M
MPHIN17838,AVANTIKA TIMES,nan,83510.0,MPHIN/2003/10953,R.B. RATHOR,MP,UJJAIN,Q
MPHIN37149,SAKSHI BHARAT TIMES,साक्षी भारत टाइम्स,155064.0,MPHIN/2021/82509,SAKSHI DEVKRUPA,MP,UJJAIN,W
MPHIN10861,CHOURISHIYA TIMES,nan,58806.0,58806/ 94,MAHESH CHOURASIYA,MP,UJJAIN,W
MPHIN12907,CHCHALIYA TIMES,nan,65425.0,65425/ 97,J.K.SHASTRI,MP,UJJAIN,W
MPHIN21589,UJJAIN TIMES,nan,7583.0,7583/ 61,BHAIYA LAL YADAV,MP,UJJAIN,W
MPHIN09423,PREM LATA TIMES,nan,54290.0,54290/ 92,PREM LATA SONI,MP,UJJAIN,W
MPHIN05767,SANTOSH TIMES,nan,45309.0,45309/ 87,SANTOSH KUMAR NAAGAR,MP,UJJAIN,W
MPHIN03891,MODHESHWARI TIMES,nan,50083.0,50083/ 88,DILIP KUMAR GUPTA,MP,UJJAIN,W
MPHIN37565,UNLIMITED TIMES,nan,,UR,DHEERAJ ANJNA,MP,UJJAIN,W
MPHIN31785,VINAY TIMES,nan,143374.0,MPHIN/2017/70819,LOKESH SAHU,MP,UJJAIN,W
MPHIN33487,BARNAGAR TIMES,nan,143332.0,MPHIN/2016/70777,DIPAK DASEDA,MP,UJJAIN,W
MPHIN12732,URMILA TIMES,nan,65260.0,65260/ 97,JAMANA DEVI,MP,UJJAIN,W
MPHIN05415,VIKRAMADITYA TIMES,nan,50129.0,50129/ 89,RAJENDRA PRASAD LADUNA,MP,UJJAIN,W
MPHIN06612,UJJAIN TIMES,nan,13033.0,13033/ 66,BHAIYA LAL YADAV,MP,UJJAIN,W
MPHIN08053,DHOUSRIYA TIMES,nan,56402.0,56402/ 92,BANSILAL,MP,UJJAIN,W
MPHIN09416,LALAVAT TIMES,लालावत टाइम्स,56579.0,56579/ 93,HARIMOHAN LALAVAT,MP,UJJAIN,W
MPHIN09890,MALWA TIMES,मालवा टाइम्स,7599.0,7599/ 63,UJJAIN MILL MAZDOOR SANGH,MP,UJJAIN,W
MPHIN36541,VYASTIMES,व्यास टाइम्स,153593.0,MPHIN/2021/81038,DR. RADHESHYAM VYAS,MP,UJJAIN,W
MPHIN04835,RAHUL TIMES,nan,47529.0,47529/ 87,SUSHIL KUMAR RATHORE,MP,UJJAIN,W
MPHIN01527,DAUDI TIMES,nan,47597.0,47597/ 88,ISMILE HUSSAIN BADSH,MP,UJJAIN,W
MPHIN10377,SRI VIDHYARATHI TIMES,nan,58723.0,58723/ 94,SUSHIL CHAURASIA,MP,UJJAIN,W
MPHIN05414,VIKRAM TIMES,nan,67509.0,67509/ 97,VIKRAM TIMES PRAKASHAN,MP,UJJAIN,W
MPHIN20961,BANDHAVGARH TIMES,बांधवगढ़ टाइम्स,94644.0,MPHIN/2007/22087,ASHOK KUMAR SONI,MP,UMARIA,W
MPHIN17330,PRADESH TIMES(MORNING),प्रदेश टाइम्स,79201.0,MPHIN/2002/06644,HEERO GYANCHANDANI,MP,VIDISHA,D
MPHIN20779,JAGEER TIMES,जागीर टाइम्स,95080.0,MPHIN/2007/22523,AMAN SHAWAR,MP,VIDISHA,D
MPHIN39364,BETVANCHAL TIMES,nan,,nan,ANJALI JAIN,MP,VIDISHA,M
MPHIN37689,SOBHA TIMES,nan,,nan,RAGINI CHOUBEY,MP,VIDISHA,M
MPHIN27318,BHARASHTACHAR UNMOOLAN TIMES,nan,119628.0,MPHIN/2012/47071,KAILAS NARAYANA SHARMA,MP,VIDISHA,W
MPHIN34582,SANATAN TIMES,सनातन टाइम्‍स,146052.0,MPHIN/2017/73497,GHANSHYAM SHARMA,MP,VIDISHA,W
MPHIN33613,NISHAT TIMES,निशात टाईम्स,144101.0,MPHIN/2016/71546,AA MAJID KHAN,MP,VIDISHA,W
MPENG01315,SIRONJ TIMES,सिरोंज टाइम्स,142157.0,MPENG/2016/69602,NASEEM MOHAMMAD,MP,VIDISHA,W
MPHIN28562,RUCHILA TIMES,रूचीला टाइम्स,129372.0,MPHIN/2013/56817,VEERENDRA JAIN,MP,VIDISHA,W
MPHIN31545,VIDISHA TIMES,nan,143355.0,MPHIN/2016/70800,LAVLESH KUMAR NAMDEV,MP,VIDISHA,W
MPHIN31741,BHELSA TIMES,भेलसा टाइम्स,142451.0,MPHIN/2016/69896,DINESH KUMAR RAIKWAR,MP,VIDISHA,W
MPHIN03340,LOKMUKH TIMES,nan,52150.0,52150/ 91,ARUN KUMAR KISHOR SINGH RAGHUVANSHI,MP,VIYAVANI,W
NAGENG00022,THE NORTH EAST TIMES,द नार्थ ईस्ट टाइम्स,51137.0,51137/ 91,G.L.PUBLICATIONS LTD,NAG,KOHIMA,D
NAGENG00052,NAGALAND TIMES,nan,23689.0,23689/ 70,NATIONALIST CO-OPERATIVE SOCIETY,NAG,KOHIMA,W
NAGENG00064,MOKOKCHUNG TIMES,nan,,nan,LIMALENDEN,NAG,MOKOKCHUNG,D
ODIBIL00627,THE AQUA TIMES,nan,82766.0,ODIBIL/2003/10209,GIRIJA S. ACHARYA,ODI,BALASORE,M
ODIODI07980,BALASORE TIMES,nan,,nan,ASISH KUMAR CHAKRABORTTY,ODI,BALASORE,W
ODIENG01002,UDDRA TIMES,nan,115102.0,ODIENG/2012/42545,JUGAL KISHOR SAMAL,ODI,BAUDH,F
ODIODI08155,CHANAKYA TIMES,nan,160502.0,ODIODI/2023/87947,RAJESH KUMAR DAS,ODI,BHADRAK,M
ODIENG01086,THE ECONOMIC TIMES,nan,128121.0,ODIENG/2014/55566,"BENNETT, COLEMAN & CO.LTD",ODI,BHUBANESHWAR,DF
ODIENG01085,THE TIMES OF INDIA,द टाइम्स ऑफ़ इंडिया,128451.0,ODIENG/2014/55896,"BENNETT, COLEMAN & CO.LTD",ODI,BHUBANESHWAR,DS
ODIENG01089,THE ECONOMIC TIMES ON SATURDAY,nan,129417.0,ODIENG/2014/56862,"BENNETT, COLEMAN & CO.LTD",ODI,BHUBANESHWAR,W
ODIENG01087,THE SUNDAY TIMES OF INDIA,द संडे टाइम्स ऑफ़ इंडिया,128258.0,ODIENG/2014/55703,"BENNETT, COLEMAN & CO.LTD",ODI,BHUBANESHWAR,W
ODIENG01088,THE ECONOMIC TIMES MAGAZINE,nan,128120.0,ODIENG/2014/55565,"BENNETT, COLEMAN & CO.LTD",ODI,BHUBANESHWAR,W
ODIENG00984,THE COMMON TIMES,nan,115217.0,ODIENG/2011/42660,BHABANI SANKAR MOHAPATRA,ODI,BHUBANESWAR,D
ODIENG01098,BHUBANESWAR TIMES,nan,130466.0,ODIENG/2014/57911,"BENNETT, COLEMAN & CO.LTD",ODI,BHUBANESWAR,D
ODIBIL00962,MOON TIMES,nan,127713.0,ODIBIL/2014/55158,SOMNATH SHASTRY,ODI,BHUBANESWAR,W
ODIBIL00593,SWADHIN ORISSA TIMES,nan,77114.0,ODIBIL/1997/04557,SUBHASH CHANDRA NAYA,ODI,BHUBANESWAR,W
ODIBIL00219,ORISSA TIMES,nan,4285.0,4285/ 65,B.K.SHASTRY,ODI,BHUBANESWER,D
ODIENG00070,EKAMRA TIMES,nan,41049.0,41049/ 82,PRATAP CH.CHICHANI & SUDHANSU SAKHAR TRIPATHY,ODI,CUTTACK,BM
ODIENG00074,EASTERN TIMES,nan,4006.0,4006/ 57,"SOCIETY, PRAJATANTRA PRACHAR SOCIETY",ODI,CUTTACK,D
ODIENG01103,THE KALANTAR TIMES,nan,130729.0,ODIENG/2014/58174,SAUMYA KANTA SAMANTARAY,ODI,CUTTACK,F
ODIENG00334,THE CUTTACK LAW TIMES,nan,4041.0,4041/ 57,P S V IYER,ODI,CUTTACK,M
ODIODI06569,JAJPUR TIMES,जाजपुर टाइम्स,136722.0,ODIODI/2011/64167,PRANAB KUMAR BISWAL,ODI,JAJAPUR,W
ODIODI08225,THE SAROJINI TIMES,nan,,nan,DR CHITTARANJAN MOHANTY,ODI,JAJPUR,D
ODIODI07863,SUVBHARAT TIMES,nan,146587.0,ODIODI/2017/74032,MANORANJAN PATTANAIK,ODI,JAJPUR,F
ODIODI05484,THE TALCHER TIMES,nan,89201.0,ODIODI/2005/16644,JYOTI RANJAN DAS,ODI,KANDHAMAL,F
ODIODI06482,KEONJHAR TIMES,केओन्झार टाइम्स,103821.0,ODIODI/2010/31264,NIRANJAN NAYAK,ODI,KENDUJHAR,W
ODIBIL00988,POLITICAL AND INDUSTRIAL TIMES OF ORISSA,पोलिटिकल एंड इंडस्ट्रियल टाइम्स ऑफ़ उड़ीसा,130747.0,ODIBIL/2014/58192,TRILOCHAN BISWAL,ODI,KHORDHA,D
ODIBIL00898,SAHARA TIMES,nan,120009.0,ODIBIL/2012/47452,SUSANTA KUMAR SAHOO,ODI,KHORDHA,D
ODIBIL00901,THE INTERVIEW TIMES,nan,123123.0,ODIBIL/2012/50568,DIBYAJIT SAHU,ODI,KHORDHA,M
ODIODI05672,TIMES OF MULNIVASI,टाइम्žस आफ मूलनिžवासी,89926.0,ODIODI/2006/17369,ABHIRAM MALLICK,ODI,KHORDHA,M
ODIBIL00768,POLITICAL AND INDUSTRIAL TIMES OF ORISSA,पॉलिटिकल एण्ड इंडस्ट्रियल टाईम्स ऑफ उडी़सा,95058.0,ORIBIL/2007/22501,TRILOCHAN BISWAL,ODI,KHORDHA,W
ODIENG00261,SUN TIMES,nan,43923.0,43923/ 85,EASTERN MEDIA PVT. LIMITED,ODI,KHORDHA/ BHUBANESWAR,D
ODIODI08093,TIMES ONE ODIA,nan,,nan,AKSHAYA KUMAR CHAND / TIMES ONE ODIA,ODI,KHORDHA/ BHUBANESWAR,D
ODIHIN00189,INDO ASIAN TIMES,nan,,nan,BIBHA TIWARI,ODI,KHORDHA/ BHUBANESWAR,D
ODIENG00502,YOUNG INDIA TIMES,nan,66429.0,66429/ 96,SEBATI DEVI MEDIA PVT LTD,ODI,KHORDHA/ BHUBANESWAR,D
ODIENG00445,NEW ADMINISTRATIVE TRIBUNAL TIMES,nan,64979.0,64979/ 96,SMT. JAYASHREE SAHOO,ODI,KHORDHA/ BHUBANESWAR,M
ODIENG01148,KALINGA TIMES,nan,139941.0,ODIENG/2016/67386,SUKANTI DASH,ODI,KHORDHA/ BHUBANESWAR,W
ODIBIL00833,PHOTO-NEWS TIMES,फोटो-न्यूज़ टाइम्स,107218.0,ODIBIL/2009/34661,GIRIDHARI LAL SARANGI,ODI,KHURDA,D
ODIENG00896,INDUS VALLEY TIMES,इंडस वैली टाइम्स,104978.0,ODIENG/2008/32421,NALINI SAHU,ODI,KHURDA,F
ODIENG00582,DANDAKARANYA TIMES,nan,4036.0,4036/ 58,SIMHADRI MISRA,ODI,KORAPUT,W
ODIODI08200,DEOMALI TIMES,nan,,nan,SIMANCHAL BEHURIA,ODI,KORAPUT,W
ODIENG01237,THE INKDEW TIMES,nan,,nan,KSHIROD CHANDRA NAYAK,ODI,NABARANGAPUR,D
ODIODI05786,THE LABOUR TIMES,द लेबर टाइम्स,98002.0,ODIODI/2007/25445,SUNYAJAYEE MISHRA,ODI,NAYAGARH,F
ODIODI02900,SHREE JAGANNATH TIMES,nan,52571.0,52571/ 92,RAMESH CHOUDHARY,ODI,PURI,D
ODIODI08152,SAMBHAB TIMES,nan,,nan,SHASHIKANTA TRIPATHY,ODI,PURI,W
ODIODI03410,MAHANADI TIMES,nan,52654.0,52654/ 94,RANGEYA SARANGI,ODI,SAMBALPUR,W
ODIENG00159,N F TIMES,nan,48278.0,48278/ 90,RITA MISHRA,ODI,SUNDERGARH/ ROURKELA,D
ODIHIN00177,GANGAPUR TIMES,nan,43989.0,43989/ 86,UTKAL BHUMI PRKASHAN (P) LTD.,ODI,SUNDERGARH/ ROURKELA,F
ODIODI01584,NAGRA TIMES,nan,21183.0,21183/ 70,DEO NARAYAN SAHOO,ODI,SUNDERGARH/ ROURKELA,F
ODIMUL00857,AADYASHA TIMES,nan,,nan,RASMITA RAUT,ODI,SUNDERGARH/ ROURKELA,W
PONTAM00555,KARAIKAL TIMES,nan,,nan,S. SYED THAJUL HUSSAINE,PON,KARAIKAL,M
PONBIL00105,OFFER TIMES,ऑफर टाइम्स,127014.0,PONBIL/2013/54459,M. VALLAVARAYAN,PON,PONDICERRY,F
PONFRE00001,LA VOIX DES ANC COM ETVIC TIMES DE G.D EXINDES FRA,nan,17997.0,17997/ 69,ANTONIE SOUNDARAM,PON,PUDUCHERRY,BM
PONMUL00020,ADVOCATE TIMES,nan,148720.0,PONMUL/2017/76165,DEVAKRISHNAN K,PON,PUDUCHERRY,D
PONMUL00021,BOX OFFICE TIMES,nan,148679.0,PONMUL/2018/76124,DEVAKRISHNAN K,PON,PUDUCHERRY,M
PONTAM00551,PONDY TIMES,nan,150800.0,PONTAM/2019/78245,PONDY MEDIA NETWORK PVT LTD,PON,PUDUCHERRY,W
PONBIL00087,PUDUVAI BUSINESS TIMES,पुदुवै बिज़नेस टाइम्स,103330.0,PONBIL/2009/30773,T. HARIKRISHNAN,PON,PUDUCHERRY,W
PUNBIL01339,PUNJAB MEDIA TIMES,nan,,nan,KANWALJIT SINGH WALIA,PUN,AMRITSAR,D
PUNPUN00093,AMRITSAR TIMES,nan,30581.0,30581/ 76,BALWANT SINGH,PUN,AMRITSAR,F
PUNPUN03135,VIKAS TIMES,nan,23126.0,23126/ 72,SARBJIT SINGH,PUN,AMRITSAR,W
PUNBIL00644,AMRITSAR TIMES,nan,10157.0,10157/ 65,RUP MEHRA,PUN,AMRITSAR,W
PUNPUN01043,MEEL PATHAR TIMES,nan,42433.0,42433/ 86,S. PARSHOTAM,PUN,AMRITSAR,W
PUNBIL00936,ARJUN TIMES,nan,76292.0,PUNBIL/2000/03735,GURPREET SINGH,PUN,BATHINDA,W
PUNBIL01020,HAMSAFAR TIMES,nan,88717.0,PUNBIL/2005/16160,VARINDER KAUR JAURA,PUN,BATHINDA,W
PUNHIN01507,NITYA SHAKTI TIMES,नि‍त्‍य शक्‍ति‍ टाइम्‍स,95641.0,PUNHIN/2007/23084,SH AMAR KUMAR,PUN,BHATINDA,D
PUNHIN01876,BHATINDA TIMES,nan,40403.0,40403/ 81,SUBHASH CHANDRA AGGARWAL,PUN,BHATINDA,D
PUNENG01279,BOTANY TIMES,बौटनी टाईम्‍स,90015.0,PUNENG/2006/17458,RAJESH KUMAR,PUN,BHATINDA,M
PUNENG00614,RAMGARHIA TIMES,nan,30860.0,30860/ 76,GURCHARAN SINGH GIANI,PUN,CHANDIGARH,F
PUNPUN03078,MANSAROVER TIMES,मानसरोवर टाइम्स,42422.0,42422/ 86,SANTOKH SINGH TAPASAVI,PUN,CHANDIGARH,W
PUNPUN03994,SUPREME TIMES,सुप्रीम टाइम्स,138519.0,PUNPUN/2014/65964,DEEPAK MEHTA,PUN,FARIDKOT,D
PUNPUN00909,LAKHTIA TIMES,लख्तिया टाइम्स,42502.0,42502/ 86,BRIJ MOHAN AZAD,PUN,FARIDKOT,W
PUNHIN01512,SEEMA TIMES,nan,7154.0,7154/ 63,SEEMA TIMES PRAKASHAN,PUN,FAZILKA,F
PUNBIL00929,EAST WESTERN TIMES,nan,75010.0,PUNBIL/2000/02453,JASMINDER SINGH SANDHU,PUN,FEROZEPUR,M
PUNHIN01563,GENERATION TIMES,जैनरेशन टाईम्स,101006.0,PUNHIN/2009/28449,RAJINDER KUMAR CHHABRA,PUN,FEROZEPUR,W
PUNURD00180,FRONTIER TIMES,nan,10004.0,10004/ 64,DR. PRAN NATH CHOWDHARI,PUN,GURDASPUR,F
PUNPUN04197,DESH PRADESH TIMES,nan,,nan,VISHAL UPPAL,PUN,GURDASPUR,W
PUNBIL00955,MASKA CHASKA TIMES,nan,82046.0,PUNBIL/2002/09489,BALWANT SINGH CHOHAN,PUN,GURUDASPUR,D
PUNHIN01905,EVENING JANGATHA TIMES,ईवनिंग जनगाथ टाइम्स,148278.0,PUNHIN/2018/75723,RAJINDER KUMAR,PUN,HOSHIARPUR,DE
PUNHIN01896,MUKERIAN TIMES,मुकेरियां टाइम्‍स,146174.0,PUNHIN/2016/73619,RAJESH KUMAR,PUN,HOSHIARPUR,F
PUNBIL00178,HOSHIARPUR TIMES,nan,15636.0,15636/ 68,LAL BAHADUR SHASTRI SAMITI,PUN,HOSHIARPUR,W
PUNHIN01673,SATLUJ BIAS TIMES,nan,115174.0,PUNHIN/2011/42617,AJAIB SINGH,PUN,HOSHIARPUR,W
PUNBIL01201,RAJDAAR TIMES,राजदार टाइम्स,147520.0,PUNBIL/2017/74965,RAKESH RANA,PUN,HOSHIARPUR,W
PUNMUL01292,JANGATHA TIMES,जनगाथा टाइम्स,147908.0,PUNMUL/2017/75353,RAJINDER KUMAR,PUN,HOSHIARPUR,W
PUNHIN01650,NAVODAYA TIMES,नवोदय टाइम्स,107148.0,PUNHIN/2010/34591,PUNJAB KESARI PUBLISHING HOUSE PVT. LTD.,PUN,JALANDHAR,D
PUNENG01457,HINDUSTAN TIMES,हिन्दुस्तान टाइम्स,143974.0,PUNENG/2017/71419,HT MEDIA LTD.,PUN,JALANDHAR,D
PUNHIN01678,DAINIK SAVERA TIMES,nan,113082.0,PUNHIN/2011/40525,SHITAL KUMAR VIJ,PUN,JALANDHAR,D
PUNENG01504,THE SAVERA TIMES,nan,158495.0,PUNENG/2023/85940,SHITAL KUMAR VIJ,PUN,JALANDHAR,D
PUNPUN03501,PUNJAB TIMES,nan,87756.0,PUNPUN/2005/15199,BALJIT SINGH BRAR,PUN,JALANDHAR,D
PUNENG01369,PUNJAB TIMES,nan,119996.0,PUNENG/2012/47439,BALJIT SINGH BRAR,PUN,JALANDHAR,D
PUNPUN04064,AMBEDKAR TIMES,nan,15524.0,15524/ 67,SAGLI RAM,PUN,JALANDHAR,F
PUNMUL01164,SHEHNAZ TIMES,शहनाज़ टाइम्स,101441.0,PUNMUL/2008/28884,SHEHNAAZ MOHD.,PUN,JALANDHAR,F
PUNBIL01259,LOBANA TIMES,nan,149456.0,PUNBIL/2018/76901,BHAGWAN SINGH LUBANA,PUN,JALANDHAR,M
PUNENG01213,ST.SOLDIER TIMES,nan,79111.0,PUNENG/2001/06554,ANIL CHOPRA,PUN,JALANDHAR,M
PUNHIN01412,JAGDEMBEY TIMES,nan,79940.0,PUNHIN/2002/07383,RAMAN NEGI,PUN,JALANDHAR,M
PUNHIN01623,NAINA JEWELLERY TIMES,नैना ज्यूलरी टाइम्स,108077.0,PUNHIN/2009/35520,HIMANSHU VERMA,PUN,JALANDHAR,M
PUNBIL01333,CLASSICAL TIMES,nan,,nan,DAMDAMA TIMES,PUN,JALANDHAR,M
PUNPUN03175,PUBLIC TIMES,nan,80869.0,PUNPUN/199/08312,PUSHPINDER KAUR,PUN,JALANDHAR,M
PUNHIN01978,SUR SANGEET TIMES,nan,,nan,SANDEEP KUMAR,PUN,JALANDHAR,M
PUNMUL01189,BEGUMPURA TIMES,nan,107571.0,PUNMUL/2010/35014,RAVINDER SINGH,PUN,JALANDHAR,M
PUNBIL01054,GURU RAVI DASS TIMES,गुरु रविदास टाइम्žस,100012.0,PUNBIL/2008/27455,VIJAY KUMAR,PUN,JALANDHAR,M
PUNMUL01172,FILAUR TIMES,nan,46780.0,46780/ 88,PANJ BANI PRAKASHAN,PUN,JALANDHAR,M
PUNHIN01798,AADI TIMES,आदि टाइम्स,131656.0,PUNHIN/2014/59101,MUKESH KUMAR,PUN,JALANDHAR,W
PUNPUN04046,PHILLAUR TIMES,फिल्लौर टाइम्स,140415.0,PUNPUN/2015/67860,AMRITPAL BHONSLE,PUN,JALANDHAR,W
PUNURD00546,RAJDHANI TIMES,nan,10038.0,10038/ 64,DWARKA DAS NISHKAM,PUN,JALANDHAR,W
PUNMUL00991,CITY AD TIMES,nan,66830.0,66830/ 97,S.K. SHARMA,PUN,JALANDHAR,W
PUNENG01459,SUNDAY HINDUSTAN TIMES,संडे हिन्दुस्तान टाइम्स,143973.0,PUNENG/2017/71418,HT MEDIA LTD.,PUN,JALANDHAR,W
PUNHIN01962,THE JALANDHAR TIMES,दी जालंधर टाइम्स,159922.0,PUNHIN/2023/87367,SUNNY KHURMA,PUN,JALANDHAR,W
PUNMUL01175,FAMILY TIMES,फैमिली टाइम्स,101583.0,PUNMUL/2009/29026,SATISH BANSAL,PUN,JALANDHAR,W
PUNPUN00060,AKALI TIMES,nan,33881.0,33881/ 79,AKALI TIMES TRUST,PUN,JULLANDUR,D
PUNURD00785,JULLUNDUR TIMES,117,121.0,121/ 57,KRISHAN MALHOTRA,PUN,JULLUNDUR CITY,W
PUNPUN03460,PASSI TIMES,nan,85201.0,PUNPUN/2004/12644,PUSHPINDER SINGH PASSI,PUN,KAPURTHALA,M
PUNPUN03711,JANSEWA TIMES,nan,112221.0,PUNPUN/2011/39664,RAJNISH CHAUDHARY,PUN,KAPURTHALA,W
PUNBIL00650,ZIMIDARA TIMES,nan,12269.0,12269/ 66,SURINDER SINGH PADDA,PUN,KAPURTHLA,W
PUNURD00871,THE KISAN TIMES,nan,12335.0,12335/ 66,SHRI SURRINDER SINGH PADDA,PUN,KAPURTHLA,W
PUNBIL00271,LUDHIANA CONTEMPORARY TIMES,nan,42469.0,42469/ 86,PUNJAB FARM JOURNALIST ASSOCIATION,PUN,LUDHIANA,BM
PUNENG01497,JUJHAR TIMES,nan,,nan,BALWINDER SINGH,PUN,LUDHIANA,D
PUNPUN04172,JUJHAR TIMES,nan,149486.0,PUNPUN/2018/76931,BALWINDER SINGH,PUN,LUDHIANA,D
PUNPUN03640,DESH VIDESH TIMES,देश विदेश टाइम्‍स,97871.0,PUNPUN/2008/25314,PARAMJIT KAUR GILL,PUN,LUDHIANA,D
PUNPUN04259,VIRK TIMES,nan,,nan,GURVIR SINGH VIRK,PUN,LUDHIANA,D
PUNHIN01965,SWARNBHOOMI TIMES,nan,,nan,RAJU CHAHAL,PUN,LUDHIANA,D
PUNBIL01208,REGAL TIMES,nan,26263.0,26263/ 74,WRITERS PUBLISHING HOUSE,PUN,LUDHIANA,F
PUNBIL01245,KHANNA TIMES,खन्ना टाइम्स,149458.0,PUNBIL/2018/76903,SARABJIT SINGH,PUN,LUDHIANA,F
PUNBIL00521,SEW AUTO TIMES,nan,30640.0,30640/ 77,YASH P.BAHL,PUN,LUDHIANA,F
PUNENG00672,STUDENT TIMES,nan,23195.0,23195/ 72,PUNJAB'S STUDENTS CONGRESS,PUN,LUDHIANA,F
PUNPUN04108,RAFTAR TIMES,nan,,UR,IQBAL SINGH,PUN,LUDHIANA,M
PUNPUN02901,MUSIC TIMES,nan,70041.0,70041/ 97,HARJINDER BAL,PUN,LUDHIANA,M
PUNBIL01222,SAHIB TIMES,nan,,UR,KAMLESH RANI,PUN,LUDHIANA,M
PUNPUN03664,BABAR TIMES,nan,33912.0,33912/ 79,NAVJWAN KHALSA FEDERATION,PUN,LUDHIANA,M
PUNHIN01902,JAI JANANI TIMES,nan,,UR,PREM BHUSHAN JAIN,PUN,LUDHIANA,M
PUNBIL00767,PUNJAB TIMES,पंजाब टाइम्स,247.0,247/ 57,OM PRAKASH SUD,PUN,LUDHIANA,W
PUNPUN02364,LUDHIANA TIMES,nan,4931.0,4931/ 60,KHAIRATI LAL LUTHRA,PUN,LUDHIANA,W
PUNBIL00912,LUDHIANA CITY TIMES,nan,71719.0,71719/ 99,JASMINDER SINGH HARGUN,PUN,LUDHIANA,W
PUNURD01140,INDIAN TIMES,nan,7285.0,7285/ 63,BALBIR SINGH,PUN,LUDHIANA,W
PUNURD01153,KASTURBA TIMES,nan,6498.0,6498/ 60,AMRIT LAL AGGARWAL,PUN,LUDHIANA,W
PUNHIN01814,SARVODAYA INDIAN TIMES,सर्वोदय इंडियन टाइम्स,134426.0,PUNHIN/2015/61871,SUNIL PURI,PUN,LUDHIANA,W
PUNBIL00441,RESEARCH OF TIMES,nan,46776.0,46776/ 88,MUKESH VASHISTA,PUN,LUDHIANA,W
PUNHIN01206,J.J. TIMES,nan,65018.0,65018/ 96,RAMESH CHAND JAIN,PUN,LUDHIANA,W
PUNPUN04027,SAMRALA TIMES,nan,33996.0,33996/ 80,K.N. SETHI,PUN,LUDHIANA,W
PUNPUN04317,SANJIVNI TIMES,nan,,nan,BALDEV RAJ,PUN,MANSA,BM
PUNBIL00690,BORDER TIMES,nan,15475.0,15475/ 67,DEV RAJ PURI,PUN,MOGA,W
PUNPUN03136,SKY HAWK TIMES,nan,71814.0,71814/ 99,BHUPINDER SINGH,PUN,MOHALI,D
PUNPUN03589,TRANSPORT TIMES,ट्रांस्पोर्ट टाईम्स,94288.0,PUNPUN/2007/21731,MONINDER SINGH WALIA,PUN,MOHALI,W
PUNENG01333,SPACE VIEW TIMES,nan,110680.0,PUNENG/2010/38123,SUNMUKH WELFARE SOCIETY (REGD.),PUN,MOHALI,W
PUNBIL01289,SUNSET TIMES,nan,,nan,SURINDER MAHAJAN,PUN,PATHANKOT,DE
PUNURD01207,DORGA TIMES,डोरगा टाइम्स,12325.0,12325/ 66,RAM SINGH,PUN,PATHANKOT,W
PUNENG01193,CHARHDIKALA BUSINESS TIMES,nan,70628.0,70628/ 96,CHARHDIKALA PRINTING PRESS PVT. LTD.,PUN,PATIALA,D
PUNPUN03672,KHUKHRAIN TIMES,nan,51355.0,51355/ 90,RAJENDER SINGH ANAND,PUN,PATIALA,D
PUNPUN04320,PUNJABI SEHAJ TIMES,nan,,nan,SURJEET SINGH,PUN,PATIALA,DS
PUNENG01251,OBSERVER OF TIMES,nan,88716.0,PUNENG/2003/16159,SATWANT SINGH MOHI,PUN,PATIALA,M
PUNPUN03729,KHATRI TIMES,nan,114101.0,PUNPUN/2010/41544,KAMAL KRISHAN BATTA,PUN,PATIALA,M
PUNPUN00009,ACCURACIA TIMES,nan,46846.0,46846/ 90,IQBAL SINGH,PUN,PATIALA,M
PUNENG00002,ACCU RACIA TIMES,nan,46751.0,46751/ 89,IQBAL SINGH,PUN,PATIALA,M
PUNHIN00912,ZEALOUS TIMES,nan,42395.0,42395/ 85,SHIV DAYAL VERMA,PUN,PATIALA,W
PUNPUN04066,MAZDOOR TIMES,nan,15532.0,15532/ 67,SADHU SINGH BHARTI,PUN,PATIALA,W
PUNHIN01496,RAJPURA TIMES,राजपुरा टाइम्स,94099.0,PUNHIN/2007/21542,DINESH KUMAR,PUN,PATIALA,W
PUNPUN03248,MANU TIMES,nan,74635.0,PUNPUN/2000/02078,SAVITA ANAND,PUN,PATIALA,W
PUNMUL01223,TARKYUG TIMES,nan,112229.0,PUNMUL/2011/39672,RAM SINGH BANG,PUN,PATIALA,W
PUNPUN00815,KHUKHRAIN TIMES,nan,38370.0,38370/ 81,RAJENDER SINGH ANAND,PUN,PATIALA,W
PUNBIL01030,PURI TIMES,पुरी टाइम्स,92651.0,PUNBIL/2007/20094,KRISHAN KUMAR,PUN,PATIALA,W
PUNPUN01797,SAAMNA TIMES,सामना टाइम्स,42408.0,42408/ 85,KRISHAN CHAND,PUN,PATIALA,W
PUNPUN04093,AHLUWALIA TIMES,nan,34027.0,34027/ 81,MANINDERJIT AHLUWALIA,PUN,PATIALA,W
PUNHIN01325,HITAISHI TIMES NEWSPAPER,nan,73360.0,PUNHIN/1999/00803,JAGDISH KR. HITAISHI,PUN,PATIALA,W
PUNHIN01869,NANGAL TIMES,nan,23113.0,23113/ 72,JAGAN NATH JAITAK,PUN,ROPAR,W
PUNMUL01396,SANGOL TIMES,nan,149107.0,PUNMUL/2018/76552,JATINDER PAL SINGH,PUN,S.A.S. NAGAR,D
PUNENG01488,THE AMAN SANDESH TIMES,nan,154517.0,PUNENG/2020/81962,ATUL SHARMA,PUN,S.A.S. NAGAR,DE
PUNENG01498,FACT TIMES,nan,159788.0,PUNENG/2023/87233,FACT NEWS AND NETWORK PRIVATE LIMITED,PUN,S.A.S. NAGAR,M
PUNBIL01256,MOHALI TIMES,nan,,nan,ANIL VERMA,PUN,S.A.S. NAGAR,W
PUNPUN04275,DEV TIMES,nan,,UR,RATTAN DEV VERMA,PUN,SANGRUR,D
PUNBIL01332,RECENT TIMES,nan,159695.0,PUNBIL/2022/87140,MAMOON RASHID,PUN,SANGRUR,DE
PUNENG00698,SANESARA TIMES,nan,30848.0,30848/ 78,RAM SANESAR,PUN,SANGRUR,F
PUNHIN01694,WEDNESDAY TIMES,nan,123789.0,PUNHIN/2013/51234,SHAIKH KARRAR HUSSAIN,PUN,SANGRUR,M
PUNURD00325,KOTLA TIMES,nan,19623.0,19623/ 71,"KOTLA TIMES ASSOCIATION, SANGRUR",PUN,SANGRUR,W
PUNHIN01489,JIWAN KRANTI TIMES,जीवन क्रांति टाइम्स,92647.0,PUNHIN/2006/20090,ASHWANI KUMAR JOSHI,PUN,SHAHID BHAGAT SINGH NAGAR,M
PUNPUN01153,NAWAN SHAHR TIMES,nan,30792.0,30792/ 78,RANJIT SINGH,PUN,SHAHID BHAGAT SINGH NAGAR,W
RAJHIN15654,ANGIRA TIMES,अंगिरा टाइम्स,117461.0,RAJHIN/2011/44904,SATYA NARAYAN JALA,RAJ,AJMER,D
RAJHIN16117,MEWAR TIMES,मेवाड़ टाइम्स,120393.0,RAJHIN/2012/47836,RASHMI SHARMA,RAJ,AJMER,D
RAJHIN06138,YUVA CHHATRA TIMES,nan,26473.0,26473/ 75,SUDHINDRA CHANDRA SAXENA,RAJ,AJMER,F
RAJHIN07858,SIROHI TIMES,nan,57838.0,57838/ 93,VIKARAM SINGH BEDI,RAJ,AJMER,F
RAJHIN14879,J.J. HEALTH TIMES,जे.जे.हैल्थ टाइम्स,102735.0,RAJHIN/2009/30178,JAGDISH MOOLCHANDANI,RAJ,AJMER,F
RAJHIN06887,KEKADI NEWS TIMES,nan,56259.0,56259/ 92,DINESH CHANDRA GARG,RAJ,AJMER,F
RAJHIN04701,TARAGARH TIMES,तारागढ़ टाइम्स,54573.0,54573/ 91,PREMCHAND KALEDA,RAJ,AJMER,F
RAJHIN14344,AJAYMERU TIMES,अजयमेरू टाइम्‍स,98259.0,RAJHIN/2008/25702,PANKAJ JAIN,RAJ,AJMER,F
RAJHIN03050,MAGANLIYAVASH TIMES,nan,48535.0,48535/ 89,SURESH KASLIWAL,RAJ,AJMER,F
RAJHIN27857,KESARPURA TIMES,केसरपुरा टाइम्स,158265.0,RAJHIN/2021/85710,SUKHDEV SINGH RAWAT,RAJ,AJMER,F
RAJMUL00196,J.J. HEALTH TIMES,जे.जे. हेल्थ टाइम्स,140854.0,RAJMUL/2015/68299,JAGDISH MOOLCHANDANI,RAJ,AJMER,F
RAJHIN15476,MARBLE AND PROPERTY TIMES,मार्बल एंड प्रॉपर्टी टाइम्स,107925.0,RAJHIN/2011/35368,VINITA MOOLCHANDANI,RAJ,AJMER,F
RAJBIL27051,AJMER RAJ NEWS TIMES,nan,,UR,SYED MOHAMMED SALIM,RAJ,AJMER,F
RAJHIN27903,THE OXYZEN NEWS TIMES,nan,,nan,SANJAY KUMAR JAIN,RAJ,AJMER,F
RAJHIN14268,MY TIMES,माय टाईम्‍स,98711.0,RAJHIN/2008/26154,KRISHNA MARLECHA,RAJ,AJMER,F
RAJHIN11464,RAJASTHAN ROZGAR VA PRITIYOGITA TIMES,nan,74659.0,RAJHIN/2000/02102,JITENDRA BADANA,RAJ,AJMER,M
RAJHIN12712,UNION TIMES,यूनियन टाइम्स,88647.0,RAJHIN/2005/16090,MUKESH MATHUR,RAJ,AJMER,M
RAJHIN15969,PEEPA KSHATRIYA TIMES,पीपा क्षत्रिय टाइम्स,122953.0,RAJHIN/2013/50398,AKHIL BHARTIYA PEEPA KSHTRIYA MAHASABHA,RAJ,AJMER,M
RAJHIN00413,ANUSHASAN TIMES,nan,35329.0,35329/ 81,NARESH JAIN,RAJ,AJMER,M
RAJHIN10700,COMPUTER JYOTISH TIMES,कम्प्यूटर ज्योतिष टाइम्स,66823.0,66823/ 96,PUSHPALATA MAHESWARI,RAJ,AJMER,W
RAJHIN15796,MAYAVI TIMES,मायावी टाइम्स,119468.0,RAJHIN/2012/46911,SANJEEV VASHISTHA,RAJ,AJMER,W
RAJHIN15286,TAX WAY TIMES,टैक्स वे टाइम्स,105297.0,RAJHIN/2010/32740,NIRANJAN KUMAR,RAJ,AJMER,W
RAJHIN07191,NASIRABAD TIMES,nan,39716.0,39716/ 83,TRILOK NATH SINGHAL,RAJ,AJMER,W
RAJHIN03538,NEWS TIMES,nan,43529.0,43529/ 85,ANIL SHARMA,RAJ,AJMER,W
RAJBIL27054,BRIM TIMES,nan,,nan,SANJAY CHAUHAN,RAJ,ALWAR,BM
RAJHIN27111,TIMES OF BHARATI,nan,43434.0,43434/ 84,LALIT BHARTI,RAJ,ALWAR,D
RAJHIN17516,JAIPUR MAHANAGAR TIMES,जयपुर महानगर टाइम्स,134425.0,RAJHIN/2014/61870,MAHANAGAR MULTIMEDIA PVT. LTD.,RAJ,ALWAR,D
RAJHIN06294,RAJASTHAN TIMES,राजस्थान टाइम्स,3583.0,3583/ 57,GYAN CHAND JAIN,RAJ,ALWAR,D
RAJHIN00330,ALWAR VICHAR TIMES,अलवर विचार टाइम्स,48666.0,48666/ 90,NEETA JAIN,RAJ,ALWAR,D
RAJHIN27056,BHARTRIHARI TIMES,nan,146958.0,RAJHIN/2017/74403,SARVESH JAIN,RAJ,ALWAR,F
RAJHIN05217,SHARARAT TIMES,nan,56163.0,56163/ 90,SHISHA BALA GUPTA,RAJ,ALWAR,F
RAJHIN15843,BRAHMASTRA TIMES,ब्रह्मास्त्र टाइम्स,117645.0,RAJHIN/2011/45088,TILAK RAJ SHARMA,RAJ,ALWAR,F
RAJHIN12099,SHIKSHA BUREAU TIMES,शिक्षा ब्यूरो टाइम्स,82749.0,RAJHIN/2002/10192,GANESH PRASAD SHARMA,RAJ,ALWAR,F
RAJHIN27843,THE TIMESCALE,nan,,nan,SHRI RAM YADAV,RAJ,ALWAR,F
RAJHIN14943,VEER SURAJ MAL TIMES,वीर सूरजमल टाइम्स,103365.0,RAJHIN/2009/30808,SURESH KUMAR,RAJ,ALWAR,F
RAJHIN08734,POPULAR VICHAR TIMES,nan,57999.0,57999/ 94,CHATANYA SHARMA,RAJ,ALWAR,F
RAJHIN16327,ALWAR VICHAR TIMES,अलवर विचार टाइम्स,118518.0,RAJHIN/2009/45961,NEETA JAIN,RAJ,ALWAR,F
RAJHIN02628,KISHAN GARH TIMES,nan,46486.0,46486/ 87,DAULAT RAM BHARTI,RAJ,ALWAR,F
RAJHIN00667,BUREAU TIMES,ब्यूरो टाइम्स,56324.0,56324/ 93,DHARMPAL,RAJ,ALWAR,F
RAJHIN15163,PRABUDDH TIMES,प्रबुद्ध टाइम्स,104280.0,RAJHIN/2010/31723,KUMAR MUKESH PRATAP,RAJ,ALWAR,M
RAJHIN27149,THE DECISION TIMES,nan,,UR,BHUPENDRA SINGH,RAJ,ALWAR,OP
RAJHIN17487,BHIWADI TIMES,भिवाड़ी टाईम्स,135143.0,RAJHIN/2015/62588,JAMSHED KHAN,RAJ,ALWAR,W
RAJHIN26901,VIJAY TIMES,nan,23569.0,23569/ 71,MAMRAJ SAINI,RAJ,ALWAR,W
RAJHIN13407,SINGH DWAR TIMES,सिंहद्वार टाइम्‍स,91728.0,RAJHIN/2006/19171,BHAGWAN SAHAY SAHOO,RAJ,ALWAR,W
RAJHIN13715,TEHKIKAT TIMES,तहकीकात टाइम्स,99845.0,RAJHIN/2007/27288,PRAMOD KHANDELWAL,RAJ,ALWAR,W
RAJHIN01259,DEHAT TIMES,nan,15949.0,15949/ 66,RAMA AWATAR KAUSHIK,RAJ,ALWAR,W
RAJHIN00328,ALWAR TIMES,अलवर टाइम्स,6803.0,6803/ 62,RAVI DATT SHARMA,RAJ,ALWAR,W
RAJHIN11070,WAGAD TIMES,nan,28440.0,28440/ 74,C.K. & KALU LAL,RAJ,BANSWARA,W
RAJHIN10672,BARAN TIMES,nan,26048.0,26048/ 73,RAM KARAN SHARMA,RAJ,BARAN,W
RAJBIL26981,NIHARIKA TIMES,nan,152449.0,RAJBIL/2020/79894,SABAL SINGH BHATI,RAJ,BARMER,F
RAJHIN15371,CHAMBER TIMES,चैम्बर टाइम्स,105300.0,RAJHIN/2010/32743,SHANKERLAL CHARAN,RAJ,BARMER,F
RAJHIN15581,SHREE BRAHAMDHAM TIMES,nan,117650.0,RAJHIN/2012/45093,SHYAMSUNDAR,RAJ,BARMER,M
RAJHIN10861,MALANI TIMES,nan,26108.0,26108/ 74,AGRENDRA KUMAR,RAJ,BARMER,W
RAJHIN11010,SIMANT TIMES,nan,23542.0,23542/ 72,MADANESH BAFNA,RAJ,BARMER,W
RAJHIN27868,TIMES OF DESERT,nan,,UR,RAJENDER PRASAD LAHUAA,RAJ,BARMER,W
RAJHIN00666,BALOTRA TIMES,nan,35056.0,35056/ 79,AMEECHAND JAIN,RAJ,BARMER,W
RAJHIN00683,BARMER-TIMES,बाड़मेर-टाइम्स,23696.0,23696/ 72,M/S GOOD FLY DISTRIBUTION PVT..LTD,RAJ,BARMER,W
RAJHIN11797,HEMALI TIMES,हेमाली टाइम्स,78936.0,RAJHIN/2001/06379,BABU LAL JAIN,RAJ,BARMER,W
RAJHIN14693,BUREAU TIMES,nan,57802.0,57802/ 93,DHARAMPAL,RAJ,BHARAT PUR,D
RAJHIN26827,BHARATPUR TIMES,nan,6602.0,6602/ 61,ASHA RANI,RAJ,BHARATPUR,D
RAJHIN14503,TIMES OF KEWALADEV,टाइम्‍स ऑफ केवलादेव,99439.0,RAJHIN/2008/26882,RAJESHWARI CHAUDHARY,RAJ,BHARATPUR,F
RAJHIN14630,BHARATPUR TIMES,nan,30888.0,30888/ 75,RAM GOPAL VIDYARTHI,RAJ,BHARATPUR,W
RAJHIN14628,RAGHU TIMES,nan,25822.0,25822/ 73,RAGHUBIR SINGH BULAND,RAJ,BHARATPUR,W
RAJHIN00939,BRIJ MEWAT TIMES,nan,43421.0,43421/ 84,KEDAR PRASAD SHARMA-,RAJ,BHARATPUR,W
RAJHIN09399,THE S.Y.M. SHEETAL TIMES,nan,63824.0,63824/ 96,VIJAY BABEL,RAJ,BHILWADA,W
RAJHIN16272,JAINAM TIMES,nan,117680.0,RAJHIN/2012/45123,DEEPESH NENAVATI,RAJ,BHILWARA,D
RAJHIN15832,TIRUPATI TIMES,nan,119464.0,RAJHIN/2011/46907,MAHAVEER PRASAD ACHARYA,RAJ,BHILWARA,F
RAJHIN16051,ANANYA TIMES,nan,117682.0,RAJHIN/2012/45125,JAGDEV PRASAD SHARMA,RAJ,BHILWARA,F
RAJHIN15947,KHANAN PARYAVARAN TIMES,nan,114800.0,RAJHIN/2012/42243,SHIV KUMAR SHARMA,RAJ,BHILWARA,F
RAJHIN17162,DAKSH TIMES,दक्ष टाइम्स,141472.0,RAJHIN/2015/68917,ARPIT JAIN,RAJ,BHILWARA,F
RAJHIN13831,VIPRA TIMES,विप्र टाइम्स,95081.0,RAJHIN/2007/22524,JAISHRI SHARMA,RAJ,BHILWARA,M
RAJHIN10161,JAINAM TIMES,nan,73330.0,RAJHIN/1997/00773,DEEPESH NENAVATI,RAJ,BHILWARA,M
RAJHIN16170,PENSIONERS TIMES,nan,118632.0,RAJHIN/2012/46075,O.P.BHATT,RAJ,BHILWARA,M
RAJHIN12511,R.C.M.TIMES,nan,84410.0,RAJHIN/2004/11853,TILOK CHAND CHHABRA,RAJ,BHILWARA,M
RAJHIN11597,PHOTO TIMES,फोटो टाइम्स,76148.0,RAJHIN/2001/03591,YOGESH SHARMA,RAJ,BHILWARA,M
RAJHIN08645,THE YSE YOUTH TIMES,nan,61601.0,61601/ 94,ASHOK SODANI,RAJ,BHILWARA,W
RAJHIN27019,ALWAR TIMES,अलवर टाइम्स,31402.0,31402/ 77,B.N. SHARMA,RAJ,BIKANER,F
RAJHIN04238,RAJASTHAN SAHAKAR TIMES,nan,35276.0,35276/ 80,CHAGANLAL MANGLAV,RAJ,BIKANER,F
RAJHIN01483,FRONTIER TIMES,nan,10382.0,10382/ 66,LALCHAND VYAS,RAJ,BIKANER,F
RAJHIN05701,TUMBAK TUMBA TIMES,nan,48747.0,48747/ 91,DURGA DEVI JOSHI,RAJ,BIKANER,M
RAJHIN27589,SRIDUNGARGARH TIMES,श्रीडूंगरगढ़ टाइम्स,153915.0,RAJHIN/2019/81360,KAPILA SWAMI,RAJ,BIKANER,M
RAJHIN11727,THE VOTER TIMES,nan,76735.0,RAJHIN2001/04178,RAJESH KUMAR,RAJ,BIKANER,M
RAJHIN10197,SHREE VANDANA TIMES,nan,68014.0,68014/ 97,VANDANA DEVI,RAJ,BIKANER,W
RAJHIN10687,BIKANER TIMES,nan,7308.0,7308/ 63,LALIT KUMAR AZAD,RAJ,BIKANER,W
RAJHIN17528,JOG SANJOG TIMES,जोग संजोग टाईम्स,144336.0,RAJHIN/2016/71781,ARUNA DEVI,RAJ,BIKANER,W
RAJHIN06398,TIMES OF RAJASTHAN,nan,10244.0,10244/ 59,ABHAY PRAKASH BHATNAGAR,RAJ,BIKANER,W
RAJHIN02325,JAITOON TIMES,nan,48440.0,48440/ 86,SMT. JAITOON,RAJ,CHITTAURGARH,D
RAJHIN15964,RAFTAR TIMES,nan,115860.0,RAJHIN/2011/43303,AMIT KHANDELWAL,RAJ,CHITTAURGARH,F
RAJHIN13150,NIMBAHERA TIMES,निम्‍बाहेड़ा टाईम्‍स,90530.0,RAJHIN/2006/17973,NARENDRA SALECHA,RAJ,CHITTAURGARH,W
RAJHIN15506,SHANKHESHWAR TIMES,शंखेश्वर टाइम्स,106859.0,RAJHIN/2010/34302,GAURAV BAFNA,RAJ,CHITTAURGARH,W
RAJHIN13693,BENGU TIMES,बेगूँ टाइम्‍स,92643.0,RAJHIN/2007/20086,SHYAM SUNDER GARG,RAJ,CHITTORGARH,M
RAJHIN12119,POLITICAL TIMES INDIA,पोलिटीकल टाइम्‍स इंडिया,83914.0,RAJHIN/2003/11357,SHAUKIN VARMA,RAJ,CHITTOURGARH,M
RAJHIN27543,JAIPUR TIMES,जयपुर टाइम्स,148754.0,RAJHIN/2018/76199,CAMBRIDGE MULTIMEDIA PVT.LTD,RAJ,CHURU,D
RAJHIN27307,MARU TIMES,nan,,UR,YOGESH LADHA,RAJ,CHURU,F
RAJHIN10990,SARDAR SHAHR TIMES,nan,22314.0,22314/ 71,HANUMAN MAL BAIG,RAJ,CHURU,W
RAJHIN27007,SADULPUR TIMES,nan,31374.0,31374/ 78,SUSHIL KUMAR SARAOGI,RAJ,CHURU,W
RAJHIN16780,JAIPUR MAHANAGAR TIMES,जयपुर महानगर टाइम्स,125060.0,RAJHIN/2013/52505,MAHANAGAR MULTIMEDIA PVT. LTD.,RAJ,DAUSA,D
RAJHIN14153,RAJPUTANA TIMES,राजपूताना टाइम्स,95091.0,RAJHIN/2005/22534,K K SINGH,RAJ,DAUSA,D
RAJHIN14673,TIMES OF BHARTI,टाइम्स ऑफ़ भरती,54685.0,54685/ 91,LALIT BHARTI,RAJ,DAUSA,D
RAJHIN10675,BUREAU TIMES,nan,57820.0,57820/ 93,DHARMPAL.INDIAN,RAJ,DAUSA,D
RAJHIN16931,DEEN JEEVAN TIMES,दीन जीवन टाइम्स,138915.0,RAJHIN/2014/66360,HANS KUMAR MEHRA,RAJ,DAUSA,F
RAJHIN15594,B.P.N. TIMES,बी.पी.एन. टाइम्स,108135.0,RAJHIN/2010/35578,B.S. BAGHEL,RAJ,DHAULPUR,D
RAJHIN06330,DHOLPUR TIMES,nan,7024.0,7024/ 62,RAM BHAROSI LAL GOYAL,RAJ,DHOLPUR,W
RAJHIN10651,URGENT TIMES,nan,57876.0,57876/ 91,CHANDRAKANT D. BHATT,RAJ,DUNGARPUR,D
RAJHIN15718,MEEN TIMES,nan,113641.0,RAJHIN/2011/41084,CHANDRABHAN MEENA,RAJ,GANGAPUR CITY,M
RAJHIN14319,SAANYKAAL TIMES,सायंकाल टाइम्‍स,97803.0,RAJHIN/2008/25246,SUBHASH LOKWANI,RAJ,HANUMANGARH,D
RAJHIN15149,ANOKHA TIMES,nan,111132.0,RAJHIN/2011/38575,KUNJBIHARI MAHARISHI,RAJ,HANUMANGARH,D
RAJHIN17014,KAROTNAGAR TIMES,करोतनगर टाइम्स,129783.0,RAJHIN/2014/57228,SHAFI MOHAMAD,RAJ,HANUMANGARH,F
RAJHIN27834,NAYA DIN TIMES WINDOW,नया दिन टाइम्स विंडो,159339.0,RAJHIN/2022/86784,MADAN GIRI GOSWAMI,RAJ,HANUMANGARH,F
RAJHIN13930,SHALVA TIMES,शाल्वा टाइम्स,95250.0,RAJHIN/2007/22693,SUSHIL KHAJOTIYA,RAJ,HANUMANGARH,F
RAJHIN13430,GOGAMEDI TIMES,गोगामेड़ी टाईम्स,90205.0,RAJHIN/2006/17648,DR. SHRAVAN SUTHAR,RAJ,HANUMANGARH,F
RAJHIN16209,BHATNER TIMES,nan,122974.0,RAJHIN/2012/50419,VIKAS GOYAL,RAJ,HANUMANGARH,F
RAJHIN13508,SANGARIYA BORDER TIMES,संगरिया बॉर्डर टाईम्‍स,90500.0,RAJHIN/2006/17943,RAJESH KUMAR,RAJ,HANUMANGARH,M
RAJHIN17235,NOBEL TIMES,नोबल टाईम्स,133058.0,RAJHIN/2014/60503,MANOJ KUMAR,RAJ,HANUMANGARH,W
RAJHIN11873,GANGANAGAR TIMES,गंगानगर टाइम्स,23662.0,23662/ 72,R.S. DIGWAL,RAJ,HANUMANGARH,W
RAJHIN13963,HANUMANGARH TIMES,हनुमानगढ़ टाइम्स,104085.0,RAJHIN/2007/31528,NITIN BANSAL,RAJ,HANUMANGARH,W
RAJHIN13647,HUMRAZ TIMES,हमराज टाईम्‍स,91203.0,RAJHIN/2006/18646,SURYA PRAKASH,RAJ,"HANUMANGARH , RAJASTHAN",F
RAJHIN04144,RAJPUTANA TIMES,nan,43552.0,43552/ 86,K.K.SINGH,RAJ,JAIPUR,D
RAJURD00088,KANOTA TIMES,nan,56276.0,56276/ 91,EFTEKHARUDDIN KURESHI,RAJ,JAIPUR,D
RAJURD00109,LALVAS TIMES,nan,57884.0,57884/ 91,EKRAM QURESHI,RAJ,JAIPUR,D
RAJENG01023,TIMES DAY,टाईम्स डे,139103.0,RAJENG/2016/66548,MANISH SARAF,RAJ,JAIPUR,D
RAJHIN07853,NEWS TIMES,nan,61819.0,61819/ 95,ANIL SHARMA,RAJ,JAIPUR,D
RAJHIN15277,JAGRUK TIMES,जागरूक टाइम्स,103943.0,RAJHIN/2009/31386,NARAYAN PUBLICATION PVT. LTD.,RAJ,JAIPUR,D
RAJHIN00375,ANMOL INDIA TIMES,nan,80827.0,RAJHIN/2002/08270,SMT.SAROJ JOSHI,RAJ,JAIPUR,D
RAJHIN10744,YOUNG TIMES,nan,48752.0,48752/ 90,SHEELA RANI,RAJ,JAIPUR,D
RAJHIN05083,SATYA BHARAT TIMES,nan,46331.0,46331/ 87,SURESH THIRANI & S.S. TANWAR,RAJ,JAIPUR,D
RAJHIN05636,TIMES EXPRESS,nan,38317.0,38317/ 83,KAILASH CHANDRA MUTHA,RAJ,JAIPUR,D
RAJHIN28103,NAVSHREYA TIMES,nan,,nan,REKHA GAUR,RAJ,JAIPUR,D
RAJHIN16090,SANDHYA BORDER TIMES,nan,113875.0,RAJHIN/2012/41318,RAVI CHAMARIYA,RAJ,JAIPUR,D
RAJHIN16841,HALDHAR TIMES,nan,125916.0,RAJHIN/2013/53361,SHARAD SHARMA,RAJ,JAIPUR,D
RAJHIN10351,JAIPUR MAHANAGAR TIMES,जयपुर महानगर टाइम्स,67873.0,67873/ 97,MAHANAGAR MULTIMEDIA PVT. LTD.,RAJ,JAIPUR,D
RAJENG00969,PROMPT TIMES,nan,122286.0,RAJENG/2013/49731,SATYA DEV TIWARI,RAJ,JAIPUR,D
RAJHIN28022,POWERFUL TIMES,पावरफुल टाइम्स,157609.0,RAJHIN/2022/85054,MEERA AGARWAL,RAJ,JAIPUR,D
RAJHIN07771,JAIPUR GULABI TIMES,जयपुर गुलाबी टाइम्स,56183.0,56183/ 92,ARJUN LAL BAIRWA,RAJ,JAIPUR,D
RAJHIN14645,NAVBHARAT TIMES,nan,46347.0,46347/ 85,"BENNETT, COLEMAN & CO.LTD",RAJ,JAIPUR,D
RAJENG01114,CITY TIMES,nan,,nan,B.P. GOSWAMI,RAJ,JAIPUR,D
RAJURD00036,JAIGARH TIMES,nan,48733.0,48733/ 90,SMT.IQRAM QURESHI,RAJ,JAIPUR,D
RAJHIN16736,MAHANAGAR TIMES,महानगर टाइम्स,125103.0,RAJHIN/2013/52548,GOPAL SHARMA,RAJ,JAIPUR,D
RAJENG00937,THE ECONOMIC TIMES,nan,117877.0,RAJENG/2012/45320,"BENNETT, COLEMAN & CO.LTD",RAJ,JAIPUR,D
RAJURD00063,RAMGARH TIMES,nan,48734.0,48734/ 90,MD IFTEKHAR UDDIN,RAJ,JAIPUR,D
RAJENG00853,THE TIMES OF INDIA,द टाइम्स ऑफ़ इंडिया,98091.0,RAJENG/2008/25534,"BENNETT, COLEMAN & CO.LTD",RAJ,JAIPUR,D
RAJHIN16810,KAALWAD TIMES,nan,126248.0,RAJHIN/2013/53693,KALYAN JATT,RAJ,JAIPUR,D
RAJHIN27353,JAIPUR TIMES,जयपुर टाइम्स,142717.0,RAJHIN/2016/70162,CAMBRIDGE MULTIMEDIA PVT.LTD,RAJ,JAIPUR,D
RAJBIL01475,ROUNAK TIMES,रौनक टाइम्स,103307.0,RAJBIL/2009/30750,AJAY SHARMA,RAJ,JAIPUR,D
RAJHIN11655,JAIPUR MID-DAY TIMES,जयपुर मिड-डे टाइम्स,78303.0,RAJHIN/2001/05746,RAJENDRA MEHTA,RAJ,JAIPUR,DE
RAJHIN17290,JAIPUR TIMES,जयपुर टाइम्स,131323.0,RAJHIN/2014/58768,CAMBRIDGE MULTIMEDIA PVT.LTD,RAJ,JAIPUR,DE
RAJHIN15271,HAWAMEHAL TIMES,हवामहल टाइम्स,103941.0,RAJHIN/2009/31384,PAWAN LEHARI,RAJ,JAIPUR,DE
RAJHIN16287,NEWS ONE TIMES,न्यूज़ वन टाइम्स,118004.0,RAJHIN/2011/45447,ANAND KUMAR CHOHARIYA,RAJ,JAIPUR,F
RAJHIN07605,VIDYADHAR NAGAR TIMES,nan,57949.0,57949/ 94,SMT. HEMLATA JASWANI,RAJ,JAIPUR,F
RAJHIN06061,YASHVARDHAN TIMES,यशवर्द्धन टाईम्स,48723.0,48723/ 90,GAUTAM SHRIMALI,RAJ,JAIPUR,F
RAJHIN02616,KOMAL TIMES,nan,46378.0,46378/ 83,D. KUMAR,RAJ,JAIPUR,F
RAJHIN04163,RAJASATHAN BUREAU TIMES,nan,48804.0,48804/ 90,YOGENDRA SINGH,RAJ,JAIPUR,F
RAJMUL00093,TIMES EXPRESS,nan,39776.0,39776/ 83,KAILASH CHANDRA MUTHA,RAJ,JAIPUR,F
RAJHIN08785,RASHTRIYA JALMAHAL TIMES,nan,63180.0,63180/ 94,GOPAL SINGH NAVARIYA,RAJ,JAIPUR,F
RAJHIN08809,NIYOJAN RAJASTHAN TIMES,nan,58021.0,58021/ 94,RADHEYSHYAM VERMA,RAJ,JAIPUR,F
RAJHIN11388,THE INDIAN CHAKRAVYUH TIMES,nan,73342.0,RAJHIN/1991/00785,SHYAM SUNDER MATHUR,RAJ,JAIPUR,F
RAJHIN13815,FAUJI TIMES,फौजी टाइम्स,95580.0,RAJHIN/2007/23023,SURENDRA SAGAR,RAJ,JAIPUR,F
RAJHIN14159,TRI OM TIMES,त्रि-ओम टाइम्स,96672.0,RAJHIN/2008/24115,ASHOK KUMAR SHARMA,RAJ,JAIPUR,F
RAJHIN13337,JAI RASHTRA MANGAL TIMES,जय राष्‍ट्र मंगल टाइम्‍स,90505.0,RAJHIN/2006/17948,NIRMAL PAWAR,RAJ,JAIPUR,F
RAJHIN16555,ARUN INDIA TIMES,nan,122861.0,RAJHIN/2013/50306,SUNITA RAJORIA,RAJ,JAIPUR,F
RAJHIN16597,ALWAR VICHAR TIMES,अलवर विचार टाइम्स,122207.0,RAJHIN/2013/49652,NEETA JAIN,RAJ,JAIPUR,F
RAJHIN27190,OCEAN TIMES,ओसियन टाइम्स,145972.0,RAJHIN/2016/73417,MUKESH GARHWAL,RAJ,JAIPUR,F
RAJHIN27289,RANTHAMBHOR TIMES,रणथंभौर टाइम्स,142986.0,RAJHIN/2016/70431,DR.RATAN SINGH,RAJ,JAIPUR,F
RAJHIN17676,TEVAR TIMES,तेवर टाइम्स,141298.0,RAJHIN/2015/68743,SURESH KUMAR,RAJ,JAIPUR,F
RAJHIN14651,AMRIT TIMES,nan,48394.0,48394/ 88,ANITA CHHAJEDH,RAJ,JAIPUR,F
RAJHIN08290,MANU MADHVI TIMES,nan,57834.0,57834/ 93,HARI SINGH CHAUHAN,RAJ,JAIPUR,F
RAJHIN09705,HINDU SENA TIMES,nan,69343.0,69343/ 98,CHANDRA VIJAY SINGH KHANGAROT,RAJ,JAIPUR,F
RAJBIL00198,HELLO TIMES,nan,43416.0,43416/ 84,KAILASH CHANDER MUTHA,RAJ,JAIPUR,F
RAJHIN11432,MEDICAL TIMES,nan,74134.0,RAJHIN/2000/01577,AVANINDRA BANSAL,RAJ,JAIPUR,F
RAJHIN12392,VITHTHAL TIMES,nan,84237.0,RAJHIN/2003/11680,NAVRATNA MAL,RAJ,JAIPUR,F
RAJHIN27493,DUDU TIMES,दूदू टाइम्स,148534.0,RAJHIN/2018/75979,MILINDRA SHUJJA,RAJ,JAIPUR,F
RAJHIN07737,ROSHAN TIMES,nan,57811.0,57811/ 93,ROSHAN LAL SHARMA,RAJ,JAIPUR,F
RAJHIN08307,FORTNIGHTLY TIMES,nan,57899.0,57899/ 93,RAJEEV JAIN,RAJ,JAIPUR,F
RAJHIN10045,RAJASTHAN UPBHOKTA TIMES,nan,65882.0,65882/ 97,MAHESH PAWAR,RAJ,JAIPUR,F
RAJBIL26871,THE SMART TIMES,दी स्मार्ट टाइम्स,139315.0,RAJBIL/2016/66760,RUCHI JAIN,RAJ,JAIPUR,F
RAJHIN11592,YATHARTHA CHINTAN TIMES,nan,75503.0,RAJHIN/2001/02946,SUBHASH CHAND,RAJ,JAIPUR,F
RAJHIN16870,NEWS TIMES JHALAWAR,nan,126422.0,RAJHIN/2011/53867,ARUN SHAURI,RAJ,JAIPUR,F
RAJHIN08469,TATHAKATHA TIMES,nan,57912.0,57912/ 93,SAZID HUSSAIN,RAJ,JAIPUR,F
RAJHIN03256,MEHRAJ TIMES,nan,48736.0,48736/ 90,KESHAV KUMAR,RAJ,JAIPUR,F
RAJHIN04830,SAIMA TIMES,nan,48607.0,48607/ 89,SHAIKH ASRAR UL HAQUE,RAJ,JAIPUR,F
RAJHIN27104,ANUPOORVI TIMES,अनुपूर्वी टाइम्स,145497.0,RAJHIN/2016/72942,SARITA VASHISTHA,RAJ,JAIPUR,F
RAJHIN27637,BALRANG TIMES,बालरंग टाइम्स,151474.0,RAJHIN/2020/78919,RAMESH CHANDRA PUROHIT,RAJ,JAIPUR,F
RAJHIN15484,SILVER TIMES,सिल्वर टाइम्स,107099.0,RAJHIN/2010/34542,OM PRAKASH PEETLIYA,RAJ,JAIPUR,F
RAJBIL01369,BADIWAL TIMES,बडीवाल टाईम्स,96098.0,RAJBIL/2007/23541,ASHOK KUMAR BADIWAL,RAJ,JAIPUR,F
RAJHIN08295,RAJ SEEMA TIMES,nan,57747.0,57747/ 93,ASHOK SHARMA,RAJ,JAIPUR,F
RAJHIN13307,DEENU TIMES,nan,93450.0,RAJHIN/2007/20893,DINESH ARORA,RAJ,JAIPUR,F
RAJHIN15335,MARUTI TIMES,मारुति टाइम्स,106123.0,RAJHIN/2010/33566,RAMESH CHAND YADAV,RAJ,JAIPUR,F
RAJHIN16457,POWERFUL TIMES,nan,121073.0,RAJHIN/2013/48518,MEERA AGARWAL,RAJ,JAIPUR,F
RAJHIN13002,VIKRANT TIMES,nan,89274.0,RAJHIN/2005/16717,ROHIT SHARMA,RAJ,JAIPUR,F
RAJHIN06640,TIMES OF VICHAR SEVA,nan,54605.0,54605/ 91,RAJESH AGARWAL,RAJ,JAIPUR,F
RAJHIN06644,R K TIMES,nan,54560.0,54560/ 91,RAJKUMAR SINGHAL,RAJ,JAIPUR,F
RAJHIN15504,HIMGIRI TIMES,हिमगिरी टाईम्स,113630.0,RAJHIN/2010/41073,ABHILASHA JAIN,RAJ,JAIPUR,F
RAJHIN15598,BUSINESS EVAM TAX TIMES,बिज़नेस एवं टैक्स टाइम्स,108434.0,RAJHIN/2011/35877,ARVIND MATHUR,RAJ,JAIPUR,F
RAJHIN15913,AGRICULTURE TIMES,एग्रीकल्चर टाइम्स,112958.0,RAJHIN/2011/40401,VIKAS SUBHASH CHANDRAVYAS,RAJ,JAIPUR,F
RAJHIN17187,JRA TIMES,जरा टाईम्स,131901.0,RAJHIN/2014/59346,JITENDRA SINGH,RAJ,JAIPUR,F
RAJHIN17120,BAGRU TIMES,बगरू टाईम्स,129919.0,RAJHIN/2014/57364,TARACHAND KUMAWAT,RAJ,JAIPUR,F
RAJHIN09749,MEGH TIMES,nan,65605.0,65605/ 96,RAJEEV DAGI,RAJ,JAIPUR,F
RAJHIN09001,P KUMAR TIMES,nan,57987.0,57987/ 94,PARAS KUMAR JAIN,RAJ,JAIPUR,F
RAJHIN12485,SAMBODHI TIMES,nan,84818.0,RAJHIN/2004/12261,PRAKASH DAFARI,RAJ,JAIPUR,M
RAJBIL01100,RAJASTHAN LAW TIMES,राजस्थान लॉ टाइम्स,9524.0,9524/ 63,J .SURESH CHANDER,RAJ,JAIPUR,M
RAJHIN10528,GAUR PUSHP SANDESH TIMES,गौर पुष्प संदेश टाइम्स,70358.0,70358/ 98,PUSHPENDRA SHARMA,RAJ,JAIPUR,M
RAJBIL01502,THE MOBILE TIMES,द मोबाइल टाइम्स,104981.0,RAJBIL/2010/32424,SANJAY GOEL,RAJ,JAIPUR,M
RAJENG00786,RAJASTHAN SWASTHYA KALYAN HEALTH TIMES,राजस्‍थान स्‍वास्‍थ्‍य कल्‍याण हैल्‍थ टाईम्‍स,91332.0,RAJENG/2007/18775,S.S.AGARWAL,RAJ,JAIPUR,M
RAJBIL01195,BIYANI TIMES,nan,85882.0,RAJBIL/2003/13325,RAJEEV BIYANI,RAJ,JAIPUR,M
RAJHIN16141,OFFICERS TIMES,nan,122713.0,RAJHIN/2012/50158,PRAVEEN JAKHAR,RAJ,JAIPUR,M
RAJHIN13802,DEFENCE TIMES,डिफेन्‍स टाईम्‍स,92827.0,RAJHIN/2007/20270,MANISH JAISALMERIA,RAJ,JAIPUR,M
RAJHIN01091,CHHAEDA TIMES,nan,48842.0,48842/ 90,JINENDER KUMAR,RAJ,JAIPUR,M
RAJBIL27031,THE HORIZON TIMES,द होरीजन टाइम्स,158317.0,RAJBIL/2022/85762,DIGANTAH SAKSHAM FOUNDATION,RAJ,JAIPUR,M
RAJBIL00586,SHIKSHA TIMES,nan,38104.0,38104/ 81,G.L.SHARMA,RAJ,JAIPUR,M
RAJHIN16433,RAJASTHAN SWASTHYA KALYAN HEALTH TIMES,nan,123023.0,RAJHIN/2013/50468,S.S. AGARWAL,RAJ,JAIPUR,M
RAJBIL26898,UDYOG TIMES,nan,141648.0,RAJBIL/2016/69093,LAGHU UDYOG BHARTI,RAJ,JAIPUR,M
RAJBIL27043,NATURE TIMES,नेचर टाइम्स,160815.0,RAJBIL/2023/88260,BHAVNA JUNEJA,RAJ,JAIPUR,M
RAJENG00769,MEDICS NEWS TIMES,मेडिक्‍स न्‍यूज टाईम्‍स,90867.0,RAJENG/2005/18310,S.S.AGARWAL,RAJ,JAIPUR,M
RAJBIL00993,HEALTH PROMOTION TIMES,nan,71876.0,71876/ 99,DR. AJAY AGRAWAL,RAJ,JAIPUR,Q
RAJHIN16254,SHRI DHADHAN TIMES,nan,118188.0,RAJHIN/2012/45631,VINOD VYAS,RAJ,JAIPUR,Q
RAJHIN15516,RAJ MEDIA TIMES,राज मीडिया टाइम्स,108351.0,RAJHIN/2011/35794,NAVAL KISHOR SHARMA,RAJ,JAIPUR,W
RAJHIN16351,CHAI TIMES,nan,121001.0,RAJHIN/2013/48445,KULDEEP GAUR,RAJ,JAIPUR,W
RAJHIN06844,JEWELLERS TIMES,nan,54633.0,54633/ 91,MOHD ARIF KHAN,RAJ,JAIPUR,W
RAJHIN14716,TO TIMES,nan,58009.0,58009/ 94,nan,RAJ,JAIPUR,W
RAJHIN02374,KALA TRIVENI TIMES,nan,48629.0,48629/ 90,RAMANUJ PANCHOLI,RAJ,JAIPUR,W
RAJENG00850,SUNDAY TIMES OF INDIA,संडे टाइम्स ऑफ़ इंडिया,102882.0,RAJENG/2009/30325,"BENNETT, COLEMAN & CO.LTD",RAJ,JAIPUR,W
RAJHIN17159,HARIKRIPA TIMES,हरिकृपा टाइम्स,134837.0,RAJHIN/2015/62282,SIDDHI SHARMA,RAJ,JAIPUR,W
RAJHIN06266,YATAYAT TIMES,यातायात टाइम्स,3681.0,3681/ 57,RAMANAND DUBEY,RAJ,JAIPUR,W
RAJHIN10993,SAROJNI TIMES,nan,54637.0,54637/ 89,SATYA NARAYAN,RAJ,JAIPUR,W
RAJHIN14697,D INDIAN CHKRUTH TIMES,nan,57842.0,57842/ 91,nan,RAJ,JAIPUR,W
RAJHIN03222,MAYUR TIMES,मयूर टाइम्स,48426.0,48426/ 88,SOHAN LAL MODI,RAJ,JAIPUR,W
RAJHIN07919,TIMES OF ADHIKAR,टाइम्स ऑफ़ अधिकार,57752.0,57752/ 93,NRITYA RAJ SHARMA,RAJ,JAIPUR,W
RAJHIN08800,HIM LAAJ TIMES,nan,57932.0,57932/ 94,KUNWER SINGH NAGHEDIYA,RAJ,JAIPUR,W
RAJHIN07764,NISUDHA TIMES,nan,56246.0,56246/ 92,NISHANT MISHRA,RAJ,JAIPUR,W
RAJHIN13970,JAIPUR TIMES,जयपुर टाइम्स,93786.0,RAJHIN/2007/21229,CAMBRIDGE MULTIMEDIA PVT.LTD,RAJ,JAIPUR,W
RAJHIN16799,JAN AAS TIMES,nan,126594.0,RAJHIN/2013/54039,VIJAY SHARMA,RAJ,JAIPUR,W
RAJENG00985,THE ECONOMIC TIMES MAGAZINE,nan,126699.0,RAJENG/2013/54144,"BENNETT, COLEMAN & CO.LTD",RAJ,JAIPUR,W
RAJHIN27105,RIYASAT TIMES,रियासत टाइम्स,143987.0,RAJHIN/2016/71432,MAHENDRA PRATAP SINGH,RAJ,JAIPUR,W
RAJHIN09112,THE TIMES,nan,43458.0,43458/ 85,"THE TIMES PUBLISHING HOUSE LTD, JAIPUR",RAJ,JAIPUR,W
RAJHIN16965,DABDABA TIMES,दबदबा टाईम्स,128774.0,RAJHIN/2014/56219,MUKESH PARIK,RAJ,JAIPUR,W
RAJENG00889,TIMES OF AJMER,टाइम्स ऑफ़ अजमेर,107033.0,RAJENG/2010/34476,"BENNETT, COLEMAN & CO.LTD",RAJ,JAIPUR,W
RAJHIN14259,NAGAR NEWS TIMES,नगर न्‍यूज टाइम्‍स,97103.0,RAJHIN/2008/24546,GHANSHAYAM PARIK,RAJ,JAIPUR,W
RAJHIN02924,MADAN TIMES,nan,48384.0,48384/ 88,RAJENDRA KUMAR SHARMA,RAJ,JAIPUR,W
RAJBIL00922,ROYAL INDIA TIMES,nan,58017.0,58017/ 94,RAJENDRA PAHARIYA,RAJ,JAIPUR,W
RAJHIN03056,MANOHAR TIMES,nan,46327.0,46327/ 86,KUL BHUSHAN GUPTA 'DESHBANDHU',RAJ,JAIPUR,W
RAJHIN07685,NAJMA TIMES,nan,57799.0,57799/ 92,SHEKH ASRAR UL HAK,RAJ,JAIPUR,W
RAJHIN03581,NIYOJAN INDIA TIMES,nan,54508.0,54508/ 90,VIRENDRA KUMAR DIXIT,RAJ,JAIPUR,W
RAJHIN27478,BAGARA TIMES NEWS,बागड़ा टाइम्स न्यूज,146867.0,RAJHIN/2017/74312,GOPAL LAL SHARMA,RAJ,JAIPUR,W
RAJHIN00348,AMRIT TIMES,nan,48460.0,48460/ 88,ANITA CHAJAID,RAJ,JAIPUR,W
RAJHIN15228,MARUBHOOMI TIMES,मरुभूमि टाइम्स,106066.0,RAJHIN/2010/33509,SHAILENDRA SINGH RATHORE,RAJ,JAIPUR,W
RAJHIN13116,HALDHAR TIMES,nan,88780.0,RAJHIN/2005/16223,SHARAD SHARMA,RAJ,JAIPUR,W
RAJHIN12097,JAIPUR MEDICAL CRIME TIMES,जयपुर मेडिकल क्राइम टाइम्स,81046.0,RAJHIN/2002/08489,DR.SANJEEV GUPTA,RAJ,JAIPUR,W
RAJHIN12333,ARUSHI TIMES,nan,83840.0,RAJHIN/2003/11283,MRIDUL PARIK,RAJ,JAIPUR,W
RAJHIN05572,SWATANTRA TIMES,nan,16003.0,16003/ 67,KANTA KESOTE,RAJ,JAIPUR,W
RAJHIN07815,PILOT TIMES,nan,57831.0,57831/ 93,NAVEEN SAXENA,RAJ,JAIPUR,W
RAJHIN14644,NAGARJUN TIMES,nan,46335.0,46335/ 86,ARUN KUMAR JOSHI,RAJ,JAIPUR,W
RAJHIN00372,ANKIT TIMES,nan,48639.0,48639/ 89,PRADEEP KUMAR KHATRI,RAJ,JAIPUR,W
RAJENG00966,THE ECONOMIC TIMES ON SATURDAY,nan,121863.0,RAJENG/2013/49308,"BENNETT, COLEMAN & CO.LTD",RAJ,JAIPUR,W
RAJHIN14273,HAWAMEHAL TIMES,हवामहल टाईम्‍स,97921.0,RAJHIN/2008/25364,PAWAN LEHARI,RAJ,JAIPUR,W
RAJHIN05053,SAROJANI TIMES,nan,48622.0,48622/ 89,SATYA NARAYAN SHARMA,RAJ,JAIPUR,W
RAJHIN05635,TIMES EXPRESS,nan,38258.0,38258/ 82,KAILASH CHANDER MUTHA,RAJ,JAIPUR,W
RAJHIN10674,BUREAU TIMES,nan,57819.0,57819/ 93,DHARMPAL,RAJ,JAIPUR,W
RAJHIN08074,MUSHRAF TIMES,nan,56222.0,56222/ 92,MANOJ MUSHRAF,RAJ,JAIPUR 3,F
RAJHIN02134,JAISAL TIMES,nan,46403.0,46403/ 87,RADHEY SHYAM KALLA,RAJ,JAISALMER,W
RAJHIN10702,DABIRA TIMES,nan,26147.0,26147/ 74,HARI RAM GUPTA,RAJ,JAISALMER,W
RAJHIN15400,RATNESHWAR TIMES,रत्नेश्वर टाइम्स,107029.0,RAJHIN/2010/34472,GANPAT LAL SOLANKI,RAJ,JALAUR,D
RAJHIN15143,JASOL TIMES,जसोल टाईम्स,105351.0,RAJHIN/2010/32794,HARISH TRIVEDI,RAJ,JALAUR,F
RAJHIN05092,SATYAPUR TIMES,nan,48649.0,48649/ 90,ISHWAR LAL KHATRI,RAJ,JALAUR,M
RAJHIN00865,BHINMAL TIMES,भीनमल टाइम्स,43480.0,43480/ 85,MAHESH DUA,RAJ,JALAUR,W
RAJBIL12730,DIMENSION TIMES,डायमेंशन टाईम्स,144027.0,RAJBIL/2015/71472,HEMANT SHARMA,RAJ,JHALAWAR,D
RAJHIN15170,NEWS TIMES JHALAWAR,न्यूज़ टाइम्स झालावाड़,107075.0,RAJHIN/2010/34518,ARUN SHAURI,RAJ,JHALAWAR,F
RAJHIN14202,VINAYAK VASTU TIMES,विनायक वास्‍तु टाइम्‍स,98228.0,RAJHIN/2008/25671,VINAYAK VASTU ASTRO SHODH SANSTHAN,RAJ,JHALAWAR,F
RAJHIN15566,CHANDRVATI TIMES,nan,147898.0,RAJHIN/2016/75343,ABHISHEK SHARMA,RAJ,JHALAWAR,F
RAJHIN13398,CHANCHAL TIMES JHALAWAR,चंचल टाइम्‍स झालावाड़,92355.0,RAJHIN/2006/19798,SUNIL KUMAR CHANCHAL,RAJ,JHALAWAR,F
RAJHIN02313,JHALAWAR TIMES,nan,16110.0,16110/ 68,SARVESHWAR DUTT,RAJ,JHALAWAR,F
RAJHIN14060,BALAJI TIMES,बालाजी टाइम्स,95292.0,RAJHIN/2007/22735,BHANWARSINGH KUSHWAH,RAJ,JHALAWAR,W
RAJHIN08816,RAJPUTANA TIMES,nan,48809.0,48809/ 89,K.K. SINGH,RAJ,JHUNJHUNU,D
RAJHIN07322,SEKHAWATI SANSHAR TIMES,nan,48664.0,48664/ 89,R HUSSAIN,RAJ,JHUNJHUNU,F
RAJHIN17356,RAJASTHAN PRABHAT TIMES,राजस्थान प्रभात टाईम्स,134374.0,RAJHIN/2015/61819,MAMTA PAREEK,RAJ,JHUNJHUNU,F
RAJHIN16451,SANDHYA BORDER TIMES,nan,120462.0,RAJHIN/2012/47905,RAVI CHAMARIYA,RAJ,JODHPUR,D
RAJHIN16792,JODHANA TIGER TIMES,जोधाना टाइगर टाइम्स,130203.0,RAJHIN/2013/57648,RAJARAM CHOUDHARY,RAJ,JODHPUR,D
RAJHIN14433,HELLO TIMES,हैलो टाईम्स,97623.0,RAJHIN/2008/25066,KAILASH CHANDER MUTA,RAJ,JODHPUR,D
RAJHIN27919,JAIPUR MAHANAGAR TIMES,जयपुर महानगर टाइम्स,154647.0,RAJHIN/2021/82092,MAHANAGAR MULTIMEDIA PVT. LTD.,RAJ,JODHPUR,D
RAJHIN17326,BAZAR TIMES,बाजार टाइम्स,135736.0,RAJHIN/2015/63181,ROHIT KALLA,RAJ,JODHPUR,D
RAJHIN08151,PRASAAN TIMES,nan,56227.0,56227/ 92,MAHENDRA BHANSALI,RAJ,JODHPUR,D
RAJHIN17382,TIMES OF BLUE CITY,टाईम्स ऑफ़ ब्लू सिटी,134111.0,RAJHIN/2015/61556,ASHVANI VYAS,RAJ,JODHPUR,DE
RAJHIN14688,PRASANN TIMES,प्रसन्न टाइम्स,56340.0,56340/ 93,MAHENDRA BHANSALI,RAJ,JODHPUR,DE
RAJHIN14282,TIMES EXPRESS,टाईम्स एक्स्प्रेस,95955.0,RAJHIN/2008/23398,KAILASH CHANDRA MUTH,RAJ,JODHPUR,DE
RAJHIN12265,TIMES EXPRESS,nan,82237.0,RAJHIN/2002/09680,KAILASH CHANDRA MUTH,RAJ,JODHPUR,F
RAJHIN09452,THE THAR TIMES,nan,63834.0,63834/ 95,SUJATA MASANI,RAJ,JODHPUR,F
RAJBIL01200,RAJASTHAN CRIMINAL TIMES,nan,86461.0,RAJBIL/2004/13904,ANIL SACHDEVA,RAJ,JODHPUR,F
RAJHIN15939,SUNCITY TIMES,nan,122036.0,RAJHIN/2012/49481,RAJESH VAISHNAV,RAJ,JODHPUR,F
RAJHIN12591,DHANVANTARI TIMES,nan,86410.0,RAJHIN/2004/13853,VIKRANT M. DAVE,RAJ,JODHPUR,F
RAJHIN15862,KHWAJA TIMES,nan,116347.0,RAJHIN/2012/43790,MOHD. FAROOQUE KHAN,RAJ,JODHPUR,F
RAJBIL01373,AUTO PETROLEUM TIMES,ऑटो पेट्रोलियम टाईम्स,97321.0,RAJBIL/2008/24764,AJAY KALLA,RAJ,JODHPUR,F
RAJHIN14449,FLASH BACK TIMES,फ्लेश बैक टाईम्स,101657.0,RAJHIN/2009/29100,OM PRAKASH VYAS,RAJ,JODHPUR,F
RAJBIL01713,JODHPUR NATIONAL UNIVERSITY TIMES,जोधपुर नेशनल यूनिवर्सिटी टाइम्स,126671.0,RAJBIL/2013/54116,JODHPUR NATIONAL UNIVERSITY,RAJ,JODHPUR,M
RAJBIL01108,RAJASTHAN REVENUE TIMES,nan,77437.0,RAJBIL/2001/04880,UNIVERSE LAW PUBLICATION,RAJ,JODHPUR,M
RAJBIL01117,CIVIL TIMES,nan,78952.0,RAJBIL/2001/06395,ATMA RAM BHARGAVA,RAJ,JODHPUR,M
RAJHIN26943,CHHIPA TIMES,छीपा टाइम्स,140080.0,RAJHIN/2016/67525,NASEEM BANO,RAJ,JODHPUR,M
RAJHIN17101,RAJPUROHIT TIMES,राजपुरोहित टाइम्स,132179.0,RAJHIN/2014/59624,RAJENDERA SINGH RAJPUROHIT,RAJ,JODHPUR,M
RAJBIL01416,RAJASTHAN JUDICIAL TIMES,राजस्‍थान जुडिशल टाइम्‍स,98232.0,RAJBIL/2008/25675,RAMLAL SHARMA,RAJ,JODHPUR,M
RAJHIN09505,JADAV TIMES,nan,64953.0,64953/ 96,HARISHCHANDRA KARDAM,RAJ,JODHPUR,Q
RAJHIN02267,JODHPUR TIMES,जोधपुर टाइम्स,35139.0,35139/ 79,DINESH RAJPUROHIT,RAJ,JODHPUR,W
RAJHIN16002,JODHPUR METRO TIMES,जोधपुर मेट्रो टाइम्स,126149.0,RAJHIN/2012/53594,KARAN SANGA,RAJ,JODHPUR,W
RAJHIN17468,LIBERTY TIMES,लिबर्टी टाइम्स,134945.0,RAJHIN/2015/62390,HARISH VAISHNAV,RAJ,JODHPUR,W
RAJBIL00323,MARWAR TIMES,nan,22373.0,22373/ 71,RAM KRISHAN BOHRA,RAJ,JODHPUR,W
RAJBIL00239,JOSHI TIMES,nan,46428.0,46428/ 87,ANANRAJ JOSHI,RAJ,JODHPUR,W
RAJHIN07821,BHARTIYA INSAF TIMES,nan,57798.0,57798/ 93,MAHIPAL SINGH SOLANKI,RAJ,JODHPUR,W
RAJHIN02477,KAROULI TIMES,nan,43442.0,43442/ 84,GAJENDER SINGH RAJAWAT,RAJ,KARAULI,F
RAJHIN16737,JAIPUR MAHANAGAR TIMES,जयपुर महानगर टाइम्स,124507.0,RAJHIN/2013/51952,MAHANAGAR MULTIMEDIA PVT. LTD.,RAJ,KOTA,D
RAJHIN12629,KOTA TIMES,कोटा टाइम्स,95310.0,RAJHIN/2004/22753,ABDUL HALEEM KHAN,RAJ,KOTA,F
RAJHIN06968,BHARATI TRADE TIMES,nan,10356.0,10356/ 66,BAHADUR MAL JAIN,RAJ,KOTA,F
RAJHIN15916,SUCCESS TIMES,nan,123250.0,RAJHIN/2012/50695,VINAY BHARGAVA,RAJ,KOTA,F
RAJHIN27013,ROADWAYS TIMES,nan,31384.0,31384/ 78,SITA DEVI,RAJ,KOTA,F
RAJHIN13232,MAHAJAN TIMES,महाजन टाइम्स,93926.0,RAJHIN/2005/21369,SARITA GUPTA,RAJ,KOTA,F
RAJBIL01575,SHRI PHALODI TIMES,nan,113745.0,RAJBIL/2011/41188,AJAY KUMAR GUPTA,RAJ,KOTA,M
RAJHIN12320,HADOTI TIMES,nan,87041.0,RAJHIN/2004/14484,CHANDRA PRAKASH SHARMA,RAJ,KOTA,M
RAJHIN27876,KAYASTHA TIMES,कायस्थ टाइम्स,160963.0,UR,SHILPA MATHUR,RAJ,KOTA,M
RAJHIN15082,RGCSM EDUCATION TIMES,nan,109045.0,RAJHIN/2010/36488,KSHATRAPAL SINGH,RAJ,KOTA,M
RAJHIN27942,NAVDHA TIMES,nan,,nan,SWAPNIL KHANDELWAL,RAJ,KOTA,W
RAJHIN09013,LADNU TIMES,nan,58012.0,58012/ 94,GAURI SAHANKAR ATAL,RAJ,NAGAUR,F
RAJHIN13537,SAINI MITRA TIMES,सैनी मित्र टाईम्‍स,92356.0,RAJHIN/2006/19799,PUKHRAJ TAK,RAJ,NAGAUR,F
RAJHIN10518,AWTARI TIMES,nan,71172.0,71172/ 98,AWTARI S.R.SHARMA,RAJ,NAGAUR,M
RAJHIN15035,SAINI SETU TIMES,सैनी सेतु टाइम्स,102602.0,RAJHIN/2009/30045,MANJU DEVI BHATI,RAJ,NAGAUR,M
RAJHIN12048,NOHAR TIMES,nan,81640.0,RAJHIN/2002/09083,GHANSYAM GUPTA,RAJ,NOHAR,W
RAJHIN07043,GANTANTRA TIMES,nan,46501.0,46501/ 85,AJIT SINGH KHERA,RAJ,PALI,D
RAJHIN04503,ROUP TIMES,nan,48674.0,48674/ 89,TEJ RAJ KOTHARI,RAJ,PALI,D
RAJHIN15651,MEGHDOOT TIMES,nan,113957.0,RAJHIN/2011/41400,AMRIT LAL KUMAWAT,RAJ,PALI,D
RAJHIN12442,MARVAAD TIMES,nan,84875.0,RAJHIN/2004/12318,SHOBHA OJHA,RAJ,PALI,F
RAJHIN05637,TIMES OF ARAVALI,nan,38198.0,38198/ 82,TEJ RAJ KOTHARI,RAJ,PALI,F
RAJHIN16198,SONOGRAPHY TIMES,nan,120097.0,RAJHIN/2013/47540,HARIOM SHARMA,RAJ,PALI,M
RAJURD00117,AWAMI TIMES,nan,111707.0,RAJURD/2011/39150,MD. SABIR,RAJ,PALI,M
RAJHIN27392,JODHESHWAR TIMES,nan,,UR,VARDARAM,RAJ,PALI,M
RAJHIN15002,SHINING TIMES,शाइनिंग टाइम्स,103717.0,RAJHIN/2009/31160,BHANWAR SINGH RANAWAT,RAJ,PALI,M
RAJHIN15616,BHARDWAJ TIMES,nan,111430.0,RAJHIN/2011/38873,CHHAGAN LAL BHARDWAJ,RAJ,PALI,W
RAJHIN15691,THE BHASWAR TIMES,nan,122447.0,RAJHIN/2011/49892,OM PRAKASH (SAGAR),RAJ,PALI,W
RAJHIN10735,GODWAR TIMES,nan,18170.0,18170/ 70,HIMMAT MALVIYA,RAJ,PALI,W
RAJHIN02212,JANTA TIMES,nan,16013.0,16013/ 67,BHAGWAL SHUKLA RANI,RAJ,PALI,W
RAJHIN17051,GOODLUCK TIMES,गुडलक टाइम्स,129857.0,RAJHIN/2014/57302,SIKANDAR KHAN,RAJ,PALI,W
RAJHIN15514,RAJSAMAND TIMES,राजसमन्द टाइम्स,107280.0,RAJHIN/2010/34723,KAMAL KISHOR PALIWAL,RAJ,RAJSAMAND,F
RAJHIN27170,NATHDWARA TIMES,नाथद्वारा टाईम्स,144234.0,RAJHIN/2016/71679,NAVEEN SANADHYA,RAJ,RAJSAMAND,F
RAJMUL00225,KUMAWAT TIMES,nan,,nan,KANU KUMAWAT,RAJ,RAJSAMAND,M
RAJHIN06225,RAJASTHAN EVENING NEWS TIMES,राजस्थान ईवनिंग न्यूज़ टाइम्स,48915.0,48915/ 91,RAJESH CHAUHAN,RAJ,SAWAI MADHOPUR,D
RAJHIN13605,CHAND DEVI TIMES,चांददेवी टाईम्‍स,90881.0,RAJHIN/2006/18324,MANOJ KUMAR JAIN,RAJ,SAWAI MADHOPUR,F
RAJHIN05506,SURYODAYA TIMES,सूर्योदय टाइम्स,68027.0,68027/ 96,SH SHYAM LAL VERMA,RAJ,SHRI KARANAPUR,W
RAJHIN15129,NEWS ONE TIMES,न्यूज़ वन टाइम्स,104393.0,RAJHIN/2010/31836,ANAND KUMAR CHOHARIYA,RAJ,SIKAR,F
RAJHIN28087,SHEKHAWATI TIMES,nan,,nan,PINTU JAT,RAJ,SIKAR,W
RAJHIN27581,SIKAR TIMES,सीकर टाइम्स,154463.0,RAJHIN/2019/81908,MAHIPAL SINGH,RAJ,SIKAR,W
RAJHIN28079,JODHANA TIGER TIMES,जोधाणा टाइगर टाइम्स,160393.0,RAJHIN/2021/87838,RAJARAM CHOUDHARY,RAJ,SIROHI,D
RAJHIN10622,ABURDACHAL TIMES,nan,43496.0,43496/ 85,CHANDRESHEKHAR DIXIT,RAJ,SIROHI,D
RAJHIN14427,JAGRUK TIMES,जागरूक टाइम्स,100882.0,RAJHIN/2009/28325,NARAYAN PUBLICATION PVT. LTD.,RAJ,SIROHI,D
RAJHIN08431,RAJASATHAN NIRMAN SICHAI PALIKA TIMES,nan,57779.0,57779/ 93,ABDUL ZABAR,RAJ,SIROHI,F
RAJHIN16825,SARESI TIMES,सरेसी टाइम्स,133624.0,RAJHIN/2014/61069,HARSHUL AGRAWAL,RAJ,SIROHI,F
RAJHIN01755,GURU SHIKHAR TIMES,nan,54587.0,54587/ 87,GEETA MISHRA,RAJ,SIROHI,F
RAJHIN16217,HOSPITAL TIMES,हॉस्पीटल टाइम्स,133623.0,RAJHIN/2014/61068,ABDUL JABBAR,RAJ,SIROHI,M
RAJHIN11496,SANDHYA BORDER TIMES,nan,74636.0,RAJHIN/2000/02079,RAVI CHAMARIYA,RAJ,SRIGANGANAGAR,D
RAJHIN16441,ADWITIYA NEWS TIMES,nan,127177.0,RAJHIN/2013/54622,ASEEM KUMAR WATTS,RAJ,SRIGANGANAGAR,D
RAJHIN28050,PADAMPUR TIMES,nan,,nan,RAJKUMAR,RAJ,SRIGANGANAGAR,F
RAJHIN17458,DIWAKAR RAJASTHAN TIMES,दिवाकर राजस्थान टाईम्स,140084.0,RAJHIN/2015/67529,PREM KUMAR SUDIA,RAJ,SRIGANGANAGAR,F
RAJHIN10964,RUPANA TIMES,nan,57945.0,57945/ 94,SUBHAS RUPANA,RAJ,SRIGANGANAGAR,F
RAJHIN04665,SURTGARH TIMES,nan,48522.0,48522/ 89,MANOJ KUMAR SWAMY,RAJ,SRIGANGANAGAR,F
RAJHIN27125,VIJAY NAGAR TIMES,विजय नगर टाइम्स,142661.0,RAJHIN/2016/70106,KAMAL MIDDHA,RAJ,SRIGANGANAGAR,F
RAJHIN10268,ANUPGARH TIMES,nan,67804.0,67804/ 97,KULDEEP SINGH BAGADI,RAJ,SRIGANGANAGAR,F
RAJHIN12221,MANASIK SWASTHYA TIMES,nan,83357.0,RAJHIN/2003/10800,SHYAM SUNDER TANTIA,RAJ,SRIGANGANAGAR,M
RAJHIN04529,RUPANA TIMES,nan,48667.0,48667/ 89,SUBHASH RUPANA,RAJ,SRIGANGANAGAR,M
RAJHIN12545,HARDEV TIMES,nan,85256.0,RAJHIN/2004/12699,HARDEV DARSHAN KUMAR,RAJ,SRIGANGANAGAR,W
RAJHIN12667,GHADSANA TIMES,nan,86709.0,RAJHIN/2004/14152,RAM NIWAS SHARMA,RAJ,SRIGANGANAGAR,W
RAJHIN17506,NIWAI TIMES,निवाई टाईम्स,134110.0,RAJHIN/2014/61555,RAJKUMAR KARNANI,RAJ,TONK,D
RAJHIN08784,IRA TIMES,nan,57920.0,57920/ 94,BHAGWAN SINGH SOLANKI,RAJ,TONK,D
RAJHIN10707,DEOLI TIMES,nan,38103.0,38103/ 81,OM PARKASH NATANI,RAJ,TONK,F
RAJHIN10734,DEOLI TIMES,nan,38064.0,38064/ 81,OM PRAKASH NATANI,RAJ,TONK,F
RAJHIN03536,NIWAI TIMES,nan,46402.0,46402/ 86,RAJKUMAR KARNANI,RAJ,TONK,F
RAJHIN05661,TONK TIMES,nan,23720.0,23720/ 72,SATYANARAYAN VIJAY,RAJ,TONK,F
RAJHIN15362,KUSHAL TIMES,nan,116594.0,RAJHIN/2010/44037,RAMAVTAR DHAMAI,RAJ,TONK,F
RAJHIN10895,NIWAI TIMES,nan,56217.0,56217/ 92,RAJKUMAR KARNANI,RAJ,TONK,W
RAJHIN00675,BANAS TIMES,nan,43462.0,43462/ 85,SHRI OM MISHR,RAJ,TONK,W
RAJHIN06094,YOUNG TIMES,nan,39779.0,39779/ 84,SHILA RANI,RAJ,TONK,W
RAJHIN27617,JAGRUK TIMES,जागरूक टाइम्स,150714.0,RAJHIN/2019/78159,NARAYAN PUBLICATION PVT. LTD.,RAJ,UDAIPUR,D
RAJHIN09202,APRANHA TIMES,अपरान्‍ह टाइम्‍स,65003.0,65003/ 95,D.M. OFFSET PVT. LTD.,RAJ,UDAIPUR,D
RAJHIN27894,JAIPUR MAHANAGAR TIMES,जयपुर महानगर टाइम्स,153639.0,RAJHIN/2021/81084,MAHANAGAR MULTIMEDIA PVT. LTD.,RAJ,UDAIPUR,D
RAJHIN03068,MANU TIMES,nan,38214.0,38214/ 82,MADAN MODI,RAJ,UDAIPUR,D
RAJHIN16031,LAKECITY TIMES,nan,121077.0,RAJHIN/2012/48522,SHANKARLAL TRIVEDI,RAJ,UDAIPUR,D
RAJHIN11028,TIMES OF NATION,nan,22305.0,22305/ 70,DALIP KUMAR SANDHYA,RAJ,UDAIPUR,F
RAJBIL26832,VIDYA BHAVAN TIMES,nan,16061.0,16061/ 67,VIDYA BHAVAN,RAJ,UDAIPUR,F
RAJMUL00231,INDIGENOUS TIMES,nan,,UR,INDIGENOUS POWER FOUNDATION,RAJ,UDAIPUR,M
RAJHIN05726,UDAIPUR TIMES,उदयपुर टाइम्स,7102.0,7102/ 61,HANUMAN PRASAD PRABHAKAR,RAJ,UDAIPUR,W
SIKNEP00080,SANGRILA TIMES,सांइग्रि‍ला टाइम्‍स,90185.0,SIKNEP/2006/17628,DUK NATH NEPAL,SIK,EAST GANGTOK,D
SIKBIL00005,THE SIKKIM TIMES,nan,149346.0,SIKBIL/2018/76791,POOJA SHARMA,SIK,EAST SIKKIM,M
SIKNEP00160,TEESTA RANGIT TIMES,तीस्ता रंगीन टाइम्स,129159.0,SIKNEP/2014/56604,RAM PRASAD SHARMA,SIK,EAST SIKKIM,W
SIKENG00010,GANGTOK TIMES,गंगटोक टाइम्स,65580.0,65580/ 96,TAYAKHIM MEDIA,SIK,EAST SIKKIM/ GANGTOK,D
SIKENG00059,SUMMIT TIMES,nan,141975.0,SIKENG/2016/69420,DR.ROMA KANTI ALLEY,SIK,EAST SIKKIM/ GANGTOK,D
SIKNEP00020,KANCHANJUNGA TIMES,कंचनजंगा टाइम्स,70479.0,70479/ 99,BISHNU PRATAP KANEL,SIK,EAST SIKKIM/ GANGTOK,W
TELURD01781,ADILABAD TIMES,nan,32175.0,32175/ 78,S N ANWAR KAMAL KANDMIRI,TEL,ADILABAD,W
TELTEL01387,TAWAKKAL TIMES,nan,72255.0,72255/ 99,MOHD.ZAHER PASHA,TEL,ADILABAD,W
TELTEL01967,SRI VIDYA TIMES,nan,,nan,GOTTIPARTHI MADHURI,TEL,BHONGIR,D
TELURD00043,SABA TIMES,सबा टाइम्स,137908.0,TELURD/2015/65353,MOHAMMED ALAM KHAN,TEL,HYDERABAD,D
TELURD01806,BHAGYANAGAR TIMES,nan,37769.0,37769/ 81,MD. ALI HASHMATH,TEL,HYDERABAD,D
TELENG00443,ADVISOR TIMES,nan,52833.0,52833/ 93,MIRZA KHAIRULLAH BAIG,TEL,HYDERABAD,D
TELURD01895,TIMES OF ANDHRA PRADESH,nan,44829.0,44829/ 85,SHAIK ABU BAKER,TEL,HYDERABAD,D
TELURD01604,SHAMS TIMES,शम्स टाइम्स,137796.0,TELURD/2015/65241,SHAMS NEWS AGENCIES,TEL,HYDERABAD,D
TELENG00536,CHARMINAR DIGITAL TIMES,nan,142061.0,TELENG/2016/69506,MIR ASHFAQ ALI,TEL,HYDERABAD,D
TELENG00564,THE YAM TIMES,nan,73610.0,APENG/2000/01053,MIR FIRASATH ALI BAQRI,TEL,HYDERABAD,D
TELURD00037,KHATEEB TIMES,nan,133320.0,TELURD/2015/60765,SYED MOHAMMED QUADRI,TEL,HYDERABAD,D
TELENG00474,THE ECONOMIC TIMES,दी इकोनॉम‍िक टाइम्‍स,62135.0,62135/ 95,"BENNETT, COLEMAN & CO.LTD",TEL,HYDERABAD,D
TELURD01984,TIMES OF ASIA,nan,52801.0,52801/ 92,MOHD. FASIUDDIN KHALEEL,TEL,HYDERABAD,D
TELENG00457,ANDHRA PRADESH TIMES,nan,52923.0,52923/ 93,K.T. MAHI,TEL,HYDERABAD,D
TELENG00547,HYDERABAD TIMES,हैदराबाद टाईम्स,78048.0,APENG/2000/05491,"BENNETT, COLEMAN & CO.LTD",TEL,HYDERABAD,D
TELENG00649,MIR TIMES,nan,88401.0,APENG/2005/15844,SYEDA TASNEEM UNNISA,TEL,HYDERABAD,D
TELENG00723,THE SOUTH INDIA TIMES,दि साउथ इंडिया टाइम्स,101782.0,TELENG/2009/29225,BUCHI BABU VUPPALA,TEL,HYDERABAD,D
TELURD02126,SHADAN TIMES,nan,143238.0,TELURD/2016/70683,MOHAMMED KALEEM MOHIUDDIN,TEL,HYDERABAD,D
TELENG00381,NEWS TIMES,nan,37943.0,37943/ 84,USHODAYA ENTERPRISES LTD.,TEL,HYDERABAD,D
TELENG00652,DATAAR TIMES,nan,87596.0,TELENG/2005/15039,MOHAMMED KASHIF UDDIN SIDDIQUI,TEL,HYDERABAD,D
TELBIL01631,GANDHINAGAR TIMES,nan,83193.0,APBIL/2003/10636,RAMAIYER VAIDYANATHAN,TEL,HYDERABAD,F
TELTEL01319,VANASTHALI TIMES,nan,68890.0,68890/ 98,S. SATYANARAYANA REDDY,TEL,HYDERABAD,F
TELENG00495,ISRAEL TIMES,nan,68380.0,68380/ 98,TAHER KAMAL KHUNDMIRI,TEL,HYDERABAD,F
TELURD01713,TIMES OF MUSI,nan,25314.0,25314/ 73,ZAKIUL ABEDI,TEL,HYDERABAD,F
TELURD02163,HABEEB TIMES,nan,157728.0,TELURD/2022/85173,SYED NAZEER UDDIN,TEL,HYDERABAD,F
TELENG00663,ANDHRA LAW TIMES (REVENUE),nan,69921.0,69921/ 99,L.D.GOGIA,TEL,HYDERABAD,M
TELTEL01861,TIMES OF VAARTHA,nan,147630.0,TELTEL/2016/75075,GUDURU JANARDHAN REDDY,TEL,HYDERABAD,M
TELTEL01430,A.P.CABLE TIMES,ए.पी. केबल टाईम्स,75651.0,APTEL/2000/03094,KASIBHATLA GIRIDHAR,TEL,HYDERABAD,M
TELTEL01814,MUDIRAJ TIMES,nan,148595.0,TELTEL/2018/76040,DR REDDABOINA VINOD KUMAR,TEL,HYDERABAD,M
TELTEL01826,SWAERO TIMES,nan,149273.0,TELTEL/2017/76718,SWAEROES SOCIAL WELFARE RESIDENTIAL EDUCATIONAL INSTITUTIONS SOCIETY ALUMNI ASSOCIATION,TEL,HYDERABAD,M
TELENG00590,PROBE TIMES,nan,81316.0,APENG/2002/08759,S.SRISHAILAM,TEL,HYDERABAD,M
TELENG00611,DUBAI TIMES,nan,83590.0,APENG/2003/11033,S.A.KHAN NAIYER,TEL,HYDERABAD,M
TELTEL01445,COACHING TIMES,nan,77948.0,APTEL/2000/05391,A.VENKAT REDDY,TEL,HYDERABAD,M
TELBIL01614,AHMED TIMES,nan,70917.0,70917/ 99,ANWAR ALI KHAN,TEL,HYDERABAD,M
TELENG00662,ANDHRA LAW TIMES,nan,69919.0,69919/ 99,K.S GOGIA,TEL,HYDERABAD,M
TELENG00688,RACE TIMES,रेस टाइम्žस,88564.0,APENG/2005/16007,S.S. PILLAI,TEL,HYDERABAD,M
TELTEL01618,POLITICAL TIMES,पोलि‍टि‍कल टाइम्स,90207.0,APTEL/2004/17650,A.VIJAY BHASKAR,TEL,HYDERABAD,M
TELENG00466,NEW SWATANTRA TIMES,nan,52974.0,52974/ 87,KHASA SUSHEELA,TEL,HYDERABAD,M
TELENG00727,HYDERABAD LAW TIMES (CRIMINAL),nan,148578.0,TELENG/2017/76023,ALT PUBLICATIONS,TEL,HYDERABAD,M
TELTEL01652,B.C.TIMES,nan,70902.0,70902/ 98,SURYA RAO SANGEM,TEL,HYDERABAD,M
TELENG00557,LOK SATTA TIMES,nan,74947.0,APENG/2000/02390,FOUNDATION FOR DEMOCRATIC REFORMS,TEL,HYDERABAD,Q
TELENG00090,DECCAN TIMES,nan,8169.0,8169/ 57,A. S. BHARATI,TEL,HYDERABAD,W
TELENG00622,THE FOCUS TIMES,nan,86165.0,APENG/2004/13608,G.SHANTHA RAM,TEL,HYDERABAD,W
TELURD01754,PUBLIC TIMES,nan,27688.0,27688/ 76,MOHD ASGHAR ALI,TEL,HYDERABAD,W
TELURD00001,IBTADA E TIMES,nan,131400.0,TELURD/2014/58845,SAMEENA BEGUM,TEL,HYDERABAD,W
TELBIL01689,KUKATPALLY TIMES,nan,145103.0,TELBIL/2017/72548,M MEENALATHA SREENIVAS,TEL,HYDERABAD,W
TELENG00726,HYDERABAD LAW TIMES,nan,148579.0,TELENG/2017/76024,ALT PUBLICATIONS,TEL,HYDERABAD,W
TELBIL01675,CROSSROADS TIMES,nan,143282.0,TELBIL/2017/70727,M.MEENALATHA SREENIVAS,TEL,HYDERABAD,W
TELBIL01692,DILSHUKHNAGAR TIMES,nan,145286.0,TELBIL/2017/72731,M MEENALATHA SREENIVAS,TEL,HYDERABAD,W
TELENG00290,FILM TIMES,nan,25412.0,25412/ 75,G. RAJ KUMAR DORNAL,TEL,HYDERABAD,W
TELURD00048,SAHABZADA TIMES,nan,136009.0,TELURD/2015/63454,SYED MUBARAKULLAH BARKAT,TEL,HYDERABAD,W
TELURD01707,MUCHKUNDA TIMES,nan,25281.0,25281/ 72,DULICHAND SHASHI,TEL,HYDERABAD,W
TELURD01818,MEHDI TIMES,nan,37886.0,37886/ 83,SYED AMJAD MEHDI,TEL,HYDERABAD,W
TELENG00185,CURRENT TIMES,nan,15863.0,15863/ 69,I K VARMA,TEL,HYDERABAD,W
TELBIL01691,TIRUMALAGIRI TIMES,nan,145287.0,TELBIL/2017/72732,M MEENALATHA SREENIVAS,TEL,HYDERABAD,W
TELBIL01693,AMEERPET TIMES,nan,,UR,M MEENALATHA SREENIVAS,TEL,HYDERABAD,W
TELBIL01695,KACHIGUDA TIMES,nan,,UR,M MEENALATHA SREENIVAS,TEL,HYDERABAD,W
TELURD00027,LIMRA TIMES,लिमरा टाइम्स,133988.0,TELURD/2014/61433,SYED IBRAHIM KAFEEL,TEL,HYDERABAD,W
TELBIL01667,PAYAMAT TIMES,nan,79661.0,APBIL/2002/07104,AHMED MOHIUDDIN,TEL,HYDERABAD,W
TELBIL01673,L B NAGAR TIMES,nan,143254.0,TELBIL/2017/70699,M MEENALATHA SREENIVAS,TEL,HYDERABAD,W
TELENG00106,DECCAN TIMES,nan,5639.0,5639/ 60,SHRI A.S. BHARATI,TEL,HYDERABAD,W
TELENG00560,SHUJAIYA TIMES,nan,73809.0,APENG/1999/01252,SYED SHAH OBAIDULLAH HUSSAINI QADRI,TEL,HYDERABAD,W
TELURD01912,THE TIMES OF ASIA,nan,44875.0,44875/ 86,MOHD. FASIUDDIN KHALEEL,TEL,HYDERABAD,W
TELURD02069,QULI QUTUB SHAH TIMES,nan,75311.0,APURD/2000/02754,MOHD. KHALEELUDDIN,TEL,HYDERABAD,W
TELURD01734,BHALKI TIMES,nan,25457.0,25457/ 75,M SIDDIQ,TEL,HYDERABAD,W
TELENG00566,THE SUNDAY TIMES OF INDIA,द सण्डे टाइम्स ऑफ इण्डिया,75639.0,TELENG/2000/03082,"BENNETT, COLEMAN & CO. LIMITED",TEL,HYDERABAD,W
TELURD01918,MOON ROCK TIMES,nan,44894.0,44894/ 86,RAHIMA BEGUM,TEL,HYDERABAD,W
TELURD01741,BHAGYA TIMES,nan,25464.0,25464/ 75,AGHE MIRZA M. HUSSAN,TEL,HYDERABAD,W
TELURD01807,BHAGYANAGAR TIMES,nan,37770.0,37770/ 81,HAFIZ YOUSUF ZOHRI,TEL,HYDERABAD,W
TELURD01813,GOLCONDA TIMES,nan,37878.0,37878/ 82,NOOR JAHAN,TEL,HYDERABAD,W
TELENG00240,R T C TIMES,nan,21149.0,21149/ 72,SYED SHAH BURHANUDDIN QADRI,TEL,HYDERABAD,W
TELBIL01688,A S RAO NAGAR TIMES,nan,145183.0,TELBIL/2017/72628,M MEENALATHA SREENIVAS,TEL,HYDERABAD,W
TELBIL01690,BEGUMPET TIMES,nan,145104.0,TELBIL/2017/72549,M MEENALATHA SREENIVAS,TEL,HYDERABAD,W
TELBIL01694,BANJARA TIMES,nan,145184.0,TELBIL/2017/72629,M MEENALATHA SREENIVAS,TEL,HYDERABAD,W
TELURD01708,TIMES OF HYDERABAD,nan,25282.0,25282/ 73,MOHD SHAREEF AHMED KHAN,TEL,HYDERABAD,W
TELURD01945,THE TIMES OF HYDERABAD,nan,45004.0,45004/ 89,MOHD SHAREEF AHMED KHAN KHURSHEED,TEL,HYDERABAD,W
TELBIL01674,JUBILEE TIMES,nan,144093.0,TELBIL/2017/71538,M MEENALATHA SREENIVAS,TEL,HYDERABAD,W
TELTEL12206,ELAGANDALA TIMES,nan,160790.0,TELTEL/2023/88235,VONTELA KRISHNA,TEL,KARIMNAGAR,D
TELENG00617,TELANGANA TIMES,nan,90020.0,APENG/2006/17463,E.SUNIL KUMAR REDDY,TEL,KARIMNAGAR,D
TELTEL01831,KARIMNAGAR TIMES,nan,146766.0,TELTEL/2017/74211,VONTELA KRISHNA,TEL,KARIMNAGAR,D
TELTEL01234,MANAIR TIMES,nan,52832.0,52832/ 93,PONNAM PRABHAKAR,TEL,KARIMNAGAR,F
TELTEL00207,SHATAVAHANA TIMES,शतवाहना टाइम्स,138787.0,TELTEL/2015/66232,ANUMULA DAYAKER,TEL,KARIMNAGAR,F
TELTEL00039,PRABHA TIMES,nan,135779.0,TELTEL/2015/63224,JUPAKA VENKATESWARLU,TEL,KARIMNAGAR,M
TELTEL00154,NETI SAMAJA TIMES,nan,140363.0,TELTEL/2015/67808,MOHD. ILYAS,TEL,MAHBUBNAGAR,M
TELTEL01763,SURYAPET TIMES,nan,149106.0,TELTEL/2018/76551,RODDAM SREENIVASULU,TEL,NALGONDA,D
TELTEL01522,TELANGANA CONSUMER TIMES,nan,147341.0,TELTEL/2017/74786,POCHAM SOMAIAH,TEL,NALGONDA,M
TELTEL01685,VEDAPRAKASH TIMES,nan,147805.0,TELTEL/2016/75250,VANAMALA RAMA KRISHNA,TEL,NALGONDA,M
TELTEL01747,PARYAVARNA NEWS TIMES,nan,145465.0,TELTEL/2017/72910,KEERTHI PURNIMA,TEL,NALGONDA,M
TELURD01412,NIZAMABAD MORNING TIMES,निज़ामाबाद मॉर्निंग टाइम्स,76725.0,TELURD/2000/04168,ASHFAQ AHMED KHAN,TEL,NIZAMABAD,D
TELURD01600,NIZAMABAD URDU TIMES,nan,15927.0,15927/ 70,MAHBOOB MIRZA,TEL,NIZAMABAD,F
TELTEL01824,TELANGANA MEGHA TIMES,nan,146627.0,TELTEL/2017/74072,DYAWARA NARSAIAH,TEL,NIZAMABAD,M
TELURD01951,NEW ARMOOR TIMES,nan,45040.0,45040/ 87,A H SHAKEEL,TEL,NIZAMABAD,W
TELTEL02023,PEDDAPALLI TIMES,nan,,nan,JANAGAMA NIRANJAN,TEL,PEDDAPALLI,F
TELTEL02101,RAJENDRANAGAR TIMES,nan,160209.0,TELTEL/2023/87654,ADGALA MANISH KUMAR,TEL,RANGAREDDY,D
TELENG00724,THE SOUTH INDIA TIMES,nan,112769.0,TELENG/2011/40212,BUCHI BABU VUPPALA,TEL,RANGAREDDY,F
TELTEL00190,HAYATHNAGAR TIMES,हयातनगर टाइम्स,138790.0,TELTEL/2015/66235,SURABHI SUMAN REDDY,TEL,RANGAREDDY,W
TELTEL01989,METRO CITY TIMES,nan,154358.0,TELTEL/2021/81803,B PRAMOD KUMAR,TEL,RANGAREDDY/ HYDERABAD CITY,D
TELTEL01554,TELUGU TIMES,nan,85714.0,APTEL/2004/13157,C.V.SUBBA ROW,TEL,RANGAREDDY/ HYDERABAD CITY,M
TELENG00614,RANGA REDDY DIST.TIMES,nan,82626.0,APENG/2003/10069,K.VENKATESH,TEL,RANGAREDDY/ HYDERABAD CITY,W
TELTEL02114,WARANGAL TIMES,nan,160198.0,TELTEL/2023/87643,SONI NAGABELLI,TEL,WARANGAL,D
TELTEL00068,KAKATIYA TIMES,काकतिया टाइम्स,133581.0,TELTEL/2014/61026,KAKKERLA ANIL KUMAR,TEL,WARANGAL,DE
TELTEL01261,JANGAON TIMES,nan,52987.0,52987/ 94,MADAMSHETTY SHIVAKUMAR,TEL,WARANGAL,W
TELTEL00107,ORUGALLU TIMES,nan,134612.0,UR,MOHAMMAD YASEEN,TEL,WARANGL,W
TNTAM19584,TIMES OF ARIYALUR,nan,115776.0,TNTAM/2012/43219,SOCRATES,TN,ARIYALUR,M
TNBIL04738,VADA CHENNAI TIMES,nan,,nan,E. KARTHIKEYAN,TN,CHENNAI,BM
TNENG02658,THE ECONOMIC TIMES,nan,55339.0,55339/ 94,"BENNETT, COLEMAN & CO.LTD",TN,CHENNAI,D
TNTAM03549,MOVIE TIMES,nan,33682.0,33682/ 80,MANI SANKAR,TN,CHENNAI,D
TNTAM09407,THE MADRAS TIMES,nan,53782.0,53782/ 93,M/S. MAGNUM MEDIA,TN,CHENNAI,D
TNENG01015,THE MADRAS TIMES,nan,53672.0,53672/ 90,JOHN THOMAS,TN,CHENNAI,D
TNENG05004,CHENNAI TIMES,nan,98950.0,TNENG/2008/26393,"BENNETT, COLEMAN & CO.LTD",TN,CHENNAI,D
TNENG05431,MADURAI TIMES,nan,111867.0,TNENG/2011/39310,"BENNETT, COLEMAN & CO.LTD",TN,CHENNAI,D
TNENG04872,THE TIMES OF INDIA,द टाइम्स ऑफ़ इंडिया,97195.0,TNENG/2008/24638,"BENNETT, COLEMAN & CO.LTD",TN,CHENNAI,D
TNENG03792,APOLLO TIMES,nan,79241.0,TNENG/2002/06684,V. JAYAKRISHNAN,TN,CHENNAI,D
TNTAM24543,CHENNAI AADHAN TIMES,nan,,nan,B.KARUNAKARAN,TN,CHENNAI,D
TNENG03173,LEA TEX TIMES,nan,70742.0,70742/ 99,R.KANNAN,TN,CHENNAI,D
TNENG05412,COIMBATORE TIMES,nan,109474.0,TNENG/2011/36917,"BENNETT, COLEMAN & CO.LTD",TN,CHENNAI,D
TNENG05689,TRICHY TIMES,nan,126162.0,TNENG/2013/53607,"BENNETT, COLEMAN & CO.LTD",TN,CHENNAI,D
TNENG03034,CITY TIMES,nan,72135.0,72135/ 98,B P GOSWAMI,TN,CHENNAI,D
TNENG00318,SHIPPING TIMES,nan,33638.0,33638/ 79,NIKHIL N MODI,TN,CHENNAI,D
TNTAM24239,MARINA TIMES,nan,,nan,RAJASEKARAN S,TN,CHENNAI,D
TNTAM06608,TIMES OF KUMARI NADU,nan,49529.0,49529/ 89,K PARI,TN,CHENNAI,D
TNENG04971,THE SOUTH INDIA TIMES,दी साउथ इंडिया टाइम्स,98733.0,TNENG/2008/26176,BUCHI BABU VUPPALA,TN,CHENNAI,D
TNTAM19806,NOW INDIAR TIMES,nan,111821.0,TNTAM/2011/39264,D. SAM SUNDAR RAJ,TN,CHENNAI,D
TNENG05890,VIRTUAL TIMES,nan,138863.0,TNENG/2015/66308,T.S.BALAJI,TN,CHENNAI,D
TNBIL01919,ARUMBAKKAM TIMES,nan,84023.0,TNBIL/2003/11466,P.VINAYAGAMOORTHY,TN,CHENNAI,F
TNTAM14309,SAIDAI TIMES,nan,79773.0,TNTAM/2002/07216,R. SRINIVASAN,TN,CHENNAI,F
TNBIL03520,BESANT NAGAR TIMES,nan,110151.0,TNBIL/2011/37594,R. VIJAYAKUMAR,TN,CHENNAI,F
TNBIL03576,BELLARY TIMES,nan,118266.0,TNBIL/2012/45709,F. GEORGE,TN,CHENNAI,F
TNBIL04163,SHENOY NAGAR TIMES,nan,135059.0,TNBIL/2015/62504,M.LAWRENCE VIMALRAJ,TN,CHENNAI,F
TNTAM08674,CINEMA TIMES,सिनेमा टाइम्स,1208.0,1208/ 57,M. SUBHADRA,TN,CHENNAI,F
TNTAM03550,MOVIE TIMES,nan,21417.0,21417/ 69,C SUBRAMANYAM ALIAS MANI SANKAR,TN,CHENNAI,F
TNENG04317,TEYNAMPET TIMES,nan,86550.0,TNENG/2004/13993,S.MANIKANDAN,TN,CHENNAI,F
TNBIL04837,AMINJIKARAI TIMES,nan,,nan,MUBIN SULTHANA,TN,CHENNAI,F
TNBIL02487,LIBERTY TIMES,लि‍बर्टी टाइम्‍स,95373.0,TNBIL/2006/22816,M. ALAGAR,TN,CHENNAI,F
TNBIL02708,THE AMBATTUR PADI MUGAPPAIR TIMES,दि‍ अम्बाट्टूर पदि मुगप्पैर टाइम्स,95095.0,TNBIL/2007/22538,UDAYAALY,TN,CHENNAI,F
TNTAM20341,ROYAL CITY TIMES,nan,125401.0,TNTAM/2012/52846,C.KALAISELVI,TN,CHENNAI,F
TNENG02794,FREE TIMES,nan,62793.0,62793/ 95,V.SENTHIL KUMAR,TN,CHENNAI,F
TNENG02809,TIMES OF NUNGAMBAKKAM,nan,62922.0,62922/ 95,MOHAN YUL,TN,CHENNAI,F
TNENG04022,THE NEW TIMES,nan,83862.0,TNENG/2003/11305,A. SALAMON RAJ,TN,CHENNAI,F
TNENG04124,THE HALL MARK TIMES,nan,84142.0,TNENG/2003/11585,S.MANIKANDAN,TN,CHENNAI,F
TNENG04997,KODAMBAKKAM TIMES,कोडंबक्कम टाइम्स,100138.0,TNENG/2008/27581,S. MANIKANDAN,TN,CHENNAI,F
TNTAM22679,TAMILNAD TIMES,तमिलनाड टाइम्स,1248.0,1248/ 57,M. RODGERS,TN,CHENNAI,F
TNENG01409,STUDENT TIMES,nan,8408.0,8408/ 64,DALHIT SEN ADEL,TN,CHENNAI,F
TNMUL00400,JOLLY TIMES,जॉली टाईम्‍स,94859.0,TNMUL/2007/22302,A.J. JOY,TN,CHENNAI,F
TNBIL02509,THE CATHOLIC TIMES,दी कैथोलिक टाईम्स,94221.0,TNBIL/2006/21664,A. CLEMENT SELVARAJ,TN,CHENNAI,F
TNBIL02620,PERAMBUR TIMES,पेरम्बूर टाईम्स,97276.0,TNBIL/2008/24719,M. BAKTHAVATCHALAM,TN,CHENNAI,F
TNBIL02736,TIMES FOR ADD,टाइम्‍स फॉर एड्ड,95156.0,TNBIL/2007/22599,K. PRABHU,TN,CHENNAI,F
TNENG05901,THE TAMILNAD TIMES,द तमिलनाड़ टाइम्स,1249.0,1249/ 57,M RODGERS,TN,CHENNAI,F
TNHIN00160,JAI GURU JAYAMAL TIMES,जय गुरु जयमल टाइम्स,87221.0,TNHIN/2004/14664,J.DHARAM CHAND LUNKAR,TN,CHENNAI,F
TNHIN00193,KHABIYA TIMES,खाबिया टाईम्‍स,89342.0,TNHIN/2006/16785,C. KISHANLAL KHABIYA,TN,CHENNAI,F
TNTAM19364,KUMBAKONAM TIMES,कुम्बकोणम टाइम्स,106057.0,TNTAM/2010/33500,KUMBAKONAM OLD STUDENTS ASSOCIATION,TN,CHENNAI,F
TNENG04978,EXIM INDIA TIMES,एक्ज़िम इंडिया टाइम्स,100426.0,TNENG/2009/27869,P.A. MURUGAN,TN,CHENNAI,F
TNTAM01432,FILM TIMES,nan,5526.0,5526/ 59,A.J PANDIAN,TN,CHENNAI,F
TNTAM24407,JUNIOR TIMES,nan,,nan,S SAHUBAR SATHIK,TN,CHENNAI,F
TNHIN00216,ROOP SUKAN TIMES,रूप सुकन टाइम्स,100555.0,TNHIN/2008/27998,B.P. GOSWAMI,TN,CHENNAI,F
TNBIL03244,TAMIZHAGA TIMES,nan,109598.0,TNBIL/2010/37041,A. BHAGYARAJ,TN,CHENNAI,F
TNBIL02561,FOREIGN EMPLOYMENT TIMES,फौरेन इम्‍पलॉयमेन्‍ट टाईम्‍स,95736.0,TNBIL/2007/23179,V. KUMARAN,TN,CHENNAI,F
TNBIL02869,ROYAPETTAH TIMES,nan,99064.0,TNBIL/2008/26507,N.R.KAVITHA UMASHANKAR,TN,CHENNAI,F
TNBIL03296,LUCKY TIMES,लकी टाइम्स,106454.0,TNBIL/2010/33897,S.H. KHALEEL,TN,CHENNAI,M
TNBIL03484,JAIN TIMES,nan,118811.0,TNBIL/2012/46254,F. GEORGE,TN,CHENNAI,M
TNENG03125,H R D TIMES,nan,70414.0,70414/ 99,M FARHATH HUSSAIN,TN,CHENNAI,M
TNBIL02256,PROFESSIONAL TIMES,nan,87520.0,TNBIL/2005/14963,N.HEMALATHA,TN,CHENNAI,M
TNBIL02313,PLASTIC TIMES,nan,88378.0,TNBIL/2005/15821,CHENNAI PLASTICS MANUFACTURERS AND MERCHANTS ASSOCIATION,TN,CHENNAI,M
TNTAM11910,SHARP TIMES,nan,74974.0,TNTAM/2000/02417,J.M.PACKIANATHAN,TN,CHENNAI,M
TNTAM23448,SATTRUMUN TIMES,nan,147992.0,TNTAM/2017/75437,S.MOHAMED ABBAS,TN,CHENNAI,M
TNBIL03728,KOLATHUR TIMES,nan,119966.0,TNBIL/2012/47409,A.NITHYA,TN,CHENNAI,M
TNTAM21015,UTHUKOTTAI TIMES,nan,123863.0,TNTAM/2013/51308,S. MURUGAVEL,TN,CHENNAI,M
TNTAM21250,MATHUR TIMES,nan,128845.0,TNTAM/2014/56290,G. SHANKAR,TN,CHENNAI,M
TNTAM24409,TIMES OF REPUBLIC,nan,154849.0,TNTAM/2022/82294,C.NAVIN PRAKASH,TN,CHENNAI,M
TNBIL03741,PORUR TIMES,nan,127532.0,TNBIL/2014/54977,A. NITHYA,TN,CHENNAI,M
TNENG04125,HOMOEO TIMES,nan,85451.0,TNENG/2004/12894,A.K.P.HOMOEOPATHIC CLINICAL,TN,CHENNAI,M
TNTAM15474,DOCTOR TIMES,डॉक्टर टाइम्स,92295.0,TNTAM/2004/19738,B.DHACKSHAYANI,TN,CHENNAI,M
TNBIL02863,ATMA GNANA TIMES,nan,99446.0,TNBIL/2008/26889,ATMA GNANA TRUST,TN,CHENNAI,M
TNTAM12472,THE MEDICAL TIMES,nan,72327.0,72327/ 99,G.RAVI,TN,CHENNAI,M
TNBIL04784,THALAIMURAI TIMES,nan,158977.0,TNBIL/2023/86422,C.MOHAMED SULAIMAN,TN,CHENNAI,M
TNENG04333,U C MAS TIMES,nan,87767.0,TNENG/2005/15210,BASHEER AHAMED,TN,CHENNAI,M
TNTAM22189,ROYAPURAM TIMES,रोयापुरम टाइम्स,136352.0,TNTAM/2015/63797,L.RAGHU,TN,CHENNAI,M
TNBIL03698,KOYAMBEDU TIMES,nan,122820.0,TNBIL/2013/50265,A. NITHYA,TN,CHENNAI,M
TNENG01983,BROADWAY TIMES,ब्रॉडवे टाइम्स,1387.0,1387/ 59,MATHEW CERIAN,TN,CHENNAI,M
TNENG02812,TIMES OF MANAGEMENT,nan,64568.0,64568/ 96,DIALTONE HOTLINE SERVICES,TN,CHENNAI,M
TNENG03230,INTEGRATED MEDICAL TIMES,nan,30487.0,30487/ 78,SMT VIJAYA THANKAPPAN,TN,CHENNAI,M
TNHIN00137,BABRA TIMES,nan,79033.0,TNHIN/2001/06476,SURESH KHETPALIA,TN,CHENNAI,M
TNTAM22135,KALVI TIMES,nan,138874.0,TNTAM/2015/66319,N. MOORTHI,TN,CHENNAI,M
TNBIL02979,SELVI TIMES,सेल्वी टाइम्स,100327.0,TNBIL/2009/27770,V. KALAISELVI,TN,CHENNAI,M
TNBIL03463,G.K. TIMES,nan,109482.0,TNBIL/2011/36925,R. LAVANYA,TN,CHENNAI,M
TNTAM19307,STUDIO TIMES,nan,114803.0,TNTAM/2011/42246,X. CHANDRA RAJASEKAR,TN,CHENNAI,M
TNBIL01739,TAF TIMES,nan,80682.0,TNBIL/2002/08125,S.MURALIDHARAN,TN,CHENNAI,M
TNTAM22857,URAPPAKKAM TIMES,nan,146045.0,TNTAM/2016/73490,G.SHANTHA KUMAR,TN,CHENNAI,M
TNBIL03074,SIDCO NAGAR TIMES,सिडको नगर टाइम्स,108108.0,TNBIL/2010/35551,H.M. ANWERDEEN,TN,CHENNAI,M
TNBIL01757,COMEDY TIMES,nan,80483.0,TNBIL/2002/07926,R.SAI NARASIMHAN,TN,CHENNAI,M
TNTAM19914,INIYAN TIMES,nan,112934.0,TNTAM/2011/40377,E.D. ELANGO,TN,CHENNAI,M
TNTAM20367,KAMUTHI TIMES,nan,115524.0,TNTAM/2012/42967,M. MOHAMED ALI,TN,CHENNAI,M
TNBIL03337,PORTLAND TIMES,पोर्टलैंड टाइम्स,108251.0,TNBIL/2010/35694,R. MANOBALA,TN,CHENNAI,M
TNBIL03511,REHAB TIMES,nan,111236.0,TNBIL/2011/38679,M. VIMAL,TN,CHENNAI,M
TNMUL00365,CHALLANI TIMES,nan,85722.0,TNMUL/2004/13165,M.NARESH KUMAR,TN,CHENNAI,M
TNENG00268,COMMERCIAL TIMES,nan,17844.0,17844/ 70,C.N.H.RAMAN,TN,CHENNAI,M
TNBIL04732,THE ORIGIN TIMES,nan,,nan,DR.VELRANI. M,TN,CHENNAI,M
TNTAM24352,MORNING TIMES,nan,154291.0,TNTAM/2021/81736,S.ABDUL RAHMAN,TN,CHENNAI,M
TNBIL02409,JATROPHA TIMES,जत्‍रोफा टाईम्‍स,89649.0,TNBIL/2005/17092,E. PANNEER SELVAM,TN,CHENNAI,M
TNTAM20452,THENSHIRIDI TIMES,nan,118665.0,TNTAM/2012/46108,THENSHIRIDI SAI TURST,TN,CHENNAI,M
TNBIL03724,OMR TIMES,nan,119611.0,TNBIL/2012/47054,C.SADASIVAM,TN,CHENNAI,M
TNBIL04160,MITRA TIMES,मित्र टाइम्स,136583.0,TNBIL/2015/64028,M.SUNDARAMOORTHY,TN,CHENNAI,M
TNENG05398,THE TIMES OF LEAGUE,nan,113078.0,TNENG/2011/40521,MUSLIM LEAGUE PUBLICATION TRUST,TN,CHENNAI,M
TNENG04753,BUSINESS AND TRAVEL TIMES,बिज़नस् एंड ट्रैवल टाइम्स,94911.0,TNENG/2007/22354,R. KALIDASAN,TN,CHENNAI,M
TNTAM24323,TULIP TIMES,nan,,nan,A. KAMAL NAZAR,TN,CHENNAI,M
TNENG03418,VICHITHRA TIMES,nan,76100.0,TNENG/2000/03543,V.SRINIVASAN,TN,CHENNAI,M
TNTAM22169,THE TIMES OF 1947,nan,141053.0,TNTAM/2016/68498,P. PADMANABHAN,TN,CHENNAI,M
TNENG04788,CHENNAI LAW TIMES,चेन्‍नई लॉ टाइम्‍स,94836.0,TNENG/2007/22279,SURAJEET BANERJEE,TN,CHENNAI,M
TNBIL01750,VILLIVAKKAM TIMES,nan,83549.0,TNBIL/2002/10992,K.JAGAN,TN,CHENNAI,M
TNTAM19375,THE SERANGOON TIMES,nan,107528.0,TNTAM/2010/34971,T. SELVAMANI,TN,CHENNAI,M
TNENG01707,TRADE TIMES,nan,11867.0,11867/ 66,R. USHA,TN,CHENNAI,M
TNENG02490,LEATHEREX TIMES,nan,53756.0,53756/ 92,AZEEZ SONS PUBLICATION MD. K ASADULLAH BASHA,TN,CHENNAI,M
TNENG03394,FUNTIMES AT SCHOOL,nan,75607.0,TNENG/2000/03050,JERSHEEN J.MADAN,TN,CHENNAI,M
TNENG05903,MADRAS TIMES,nan,8357.0,8357/ 64,A. M. RATHNA SWAMY,TN,CHENNAI,M
TNENG05066,SECRETARIAT TIMES,सेक्रेटेरिएट टाइम्स,104680.0,TNENG/2010/32123,P. GANAPATHY RAJA,TN,CHENNAI,M
TNENG02676,WORLD LEATHER TIMES,nan,55472.0,55472/ 94,COUNCIL FOR LEATHER EXPORTS,TN,CHENNAI,Q
TNENG05960,HALAL TIMES,nan,143970.0,TNENG/2016/71415,A.FAROOQ BASHA,TN,CHENNAI,Q
TNBIL00229,INTERNATIONAL STUDENT TIMES,nan,17728.0,17728/ 69,D VASEEKARAN,TN,CHENNAI,Q
TNURD00098,TAMILNAD TIMES,nan,33593.0,33593/ 72,SYED FAZLULLAH,TN,CHENNAI,THW
TNENG05003,SUNDAY TIMES OF INDIA,संडे टाइम्स ऑफ़ इंडिया,98949.0,TNENG/2008/26392,"BENNETT, COLEMAN & CO.LTD",TN,CHENNAI,W
TNBIL02160,GRACE TIMES,nan,86743.0,TNBIL/2004/14186,V. SUBRAMANIAN,TN,CHENNAI,W
TNENG00055,ANNA NAGAR TIMES,nan,67462.0,67462/ 94,K.S.RAMAKRISHNAN,TN,CHENNAI,W
TNBIL04088,CHROMPET TIMES,nan,142952.0,TNBIL/2015/70397,D. LOKESH,TN,CHENNAI,W
TNBIL04107,PILLAR TIMES,nan,142944.0,TNBIL/2015/70389,D. LOKESH,TN,CHENNAI,W
TNBIL03539,ALPHA TIMES,nan,113166.0,TNBIL/2011/40609,S. RAGHUNATHAN,TN,CHENNAI,W
TNENG06060,ALWARPET TIMES,nan,147947.0,TNENG/2018/75392,D.LOKESH,TN,CHENNAI,W
TNTAM12316,TIMES OF KUMARI NADU,nan,53644.0,53644/ 91,K.PARI,TN,CHENNAI,W
TNBIL02590,NEW METRO TIMES,भ्žभ्žक्žै,90897.0,TNBIL/2006/18340,T. SIVAGAMI,TN,CHENNAI,W
TNBIL03130,TOWN TIMES,टाउन टाइम्स,105691.0,TNBIL/2010/33134,VALUE PLUS,TN,CHENNAI,W
TNBIL03523,VALASARAWAKKAM TIMES,nan,110336.0,TNBIL/2011/37779,C. SADASIVAM,TN,CHENNAI,W
TNBIL03649,NANGANALLUR TIMES,nan,116463.0,TNBIL/2012/43906,M/S. SAI SAKTHI PUBLICATIONS,TN,CHENNAI,W
TNBIL04719,TALK MEDIA EXPRESS TIMES,nan,,nan,M.NARAYANAN,TN,CHENNAI,W
TNBIL04807,MOGAPPAIR BUSINESS TIMES,nan,,nan,S P ANNAMALAI,TN,CHENNAI,W
TNBIL01728,THIRUVANMIYUR TIMES,nan,79031.0,TNBIL/2002/06474,J.ANBARASU,TN,CHENNAI,W
TNENG05719,THE ECONOMIC TIMES WEALTH,nan,128337.0,TNENG/2014/55782,"BENNETT, COLEMAN & CO.LTD",TN,CHENNAI,W
TNENG05893,T NAGAR TIMES,nan,146166.0,TNENG/2015/73611,R.ASHWINI,TN,CHENNAI,W
TNENG04921,CHENNAI TIMES WHAT'S HOT,nan,97734.0,TNENG/2008/25177,"BENNETT, COLEMAN & CO.LTD",TN,CHENNAI,W
TNBIL03547,VELACHERY TIMES,nan,113268.0,TNBIL/2011/40711,R. CHANDRIKA,TN,CHENNAI,W
TNENG03288,VIP STAMP TIMES,nan,28094.0,28094/ 74,SIVAGAMI VITHAKAN,TN,CHENNAI,W
TNBIL04186,SRI VIGHNAHARTA TIMES,nan,139027.0,TNBIL/2015/66472,SHARAD RAMDEO SIKCHI,TN,CHENNAI,W
TNENG03616,PURASAI TIMES,nan,82108.0,TNENG/2002/09551,A.TITUS,TN,CHENNAI,W
TNENG02926,PONDICHERY TIMES,nan,68577.0,68577/ 96,VINCENT D' SOUZA,TN,CHENNAI,W
TNENG05718,THE ECONOMIC TIMES MAGAZINE,nan,128336.0,TNENG/2014/55781,"BENNETT, COLEMAN & CO.LTD",TN,CHENNAI,W
TNENG06055,ADAMBAKKAM TIMES,nan,147948.0,UR,D.LOKESH,TN,CHENNAI,W
TNBIL01834,VADAPALANI TIMES,nan,83520.0,TNBIL/2002/10963,K. P. VIJAYAKUMAR,TN,CHENNAI,W
TNBIL03243,TRIPLICANE TIMES,ट्रिप्लिकेन टाइम्स,107139.0,TNBIL/2010/34582,A. BHAGYARAJ,TN,CHENNAI,W
TNENG06077,ECR TIMES,nan,151716.0,TNENG/2018/79161,D.LOKESH,TN,CHENNAI,W
TNENG06079,KILPAUK TIMES,nan,151717.0,TNENG/2018/79162,D.LOKESH,TN,CHENNAI,W
TNENG02569,ADYAR TIMES,nan,67948.0,67948/ 95,A.D.RANJAN,TN,CHENNAI,W
TNENG03146,ARCOT ROAD TIMES,nan,71323.0,71323/ 99,VINCENT D`SOUZA,TN,CHENNAI,W
TNENG05884,TRUNK ROAD TIMES,ट्रंक रोड टाइम्स,138872.0,TNENG/2015/66317,K.SREEMATHI,TN,CHENNAI,W
TNBIL04832,AYANAMBAKKAM TIMES,nan,,nan,NITIN RODRIGO,TN,CHENNAI,W
TNBIL04835,STAR TIMES,nan,,nan,S P ANNAMALAI,TN,CHENNAI,W
TNENG05139,MANDAVELI TIMES,nan,107438.0,TNENG/2010/34881,S.V. BALASUBRAMANIAN,TN,CHENNAI,W
TNENG05499,THIRUMANGALAM TIMES,nan,123313.0,TNENG/2013/50758,C.MYTHILI,TN,CHENNAI,W
TNENG01425,SUNDAY TIMES,संडे टाइम्स,1226.0,1226/ 57,MRS S LAKSHMI,TN,CHENNAI,W
TNBIL03757,IT PARK TIMES,nan,121720.0,TNBIL/2013/49165,V.J. ANNANIYA PAUL RAJ,TN,CHENNAI,W
TNBIL03870,CHOOLAIMEDU TIMES,nan,126164.0,TNBIL/2013/53609,S. SARAVANAN,TN,CHENNAI,W
TNBIL02999,KARUNYA TIMES,कारुण्य टाइम्स,100139.0,TNBIL/2009/27582,M. JAYAPRAKASH,TN,CHENNAI,W
TNBIL04682,THE MAANAGAR TIMES,nan,,nan,KALAI VANI,TN,CHENNAI,W
TNBIL01483,EAST COASTLINE TIMES,nan,79798.0,TNBIL/2001/07241,ANAND SIMON,TN,CHENNAI,W
TNMUL00368,PALLAVA TIMES,nan,85083.0,TNMUL/2004/12526,M.SRIGOPAL BAJAJ,TN,CHENNAI,W
TNTAM16055,MEDIA TIMES,nan,87901.0,TNTAM/2005/15344,S.ANANDAN,TN,CHENNAI,W
TNTAM23601,KARUR TIMES,nan,151454.0,TNTAM/2019/78899,R. RAMAPRASAD,TN,CHENNAI,W
TNTAM09494,HOT CURRENT HERO TIMES,nan,53798.0,53798/ 93,P.JOHN RAJIAH,TN,CHENNAI,W
TNENG02609,MYLAPORE TIMES,nan,65779.0,65779/ 95,VINCENT D'SOUZA,TN,CHENNAI,W
TNENG03772,NUNGAMBAKKAM TIMES,nan,83866.0,TNENG/2003/11309,ALEN DAVID,TN,CHENNAI,W
TNBIL02181,VALASAI TIMES,वालासाइ टाइम्žस,87214.0,TNBIL/2004/14657,T.SIVAGAMI,TN,CHENNAI,W
TNENG04439,EVE'S TIMES,nan,89276.0,TNENG/2005/16719,LATA AMARNATH,TN,CHENNAI,W
TNBIL04018,MEDAVAKKAM TIMES,nan,134422.0,TNBIL/2014/61867,P. VISWAM,TN,CHENNAI,W
TNBIL04111,MADRASA PATTINAM TIMES,मदरसा पट्टिनम टाइम्स,133619.0,TNBIL/2015/61064,C. RAJENDRAN,TN,CHENNAI,W
TNBIL04576,PALLAVARAM TIMES,nan,150509.0,TNBIL/2019/77954,N. ANANDA KRISHNAN,TN,CHENNAI,W
TNBIL03154,DELTA TIMES,डेल्टा टाइम्स,104647.0,TNBIL/2010/32090,S. RAJESH,TN,CHENNAI,W
TNBIL04073,SANGAMAM TIMES,संगमम टाइम्स,133636.0,TNBIL/2014/61081,E. ANANDAN,TN,CHENNAI,W
TNBIL04149,LIGHT HOUSE TIMES,लाइट हाउस टाइम्स,135065.0,TNBIL/2015/62510,S.SATHEESH KUMAR,TN,CHENNAI,W
TNENG03587,NUNGAI TIMES,nan,76187.0,TNENG/2000/03630,MRS.P.REVATHI CHANDRAN,TN,CHENNAI,W
TNENG03779,THE URBAN TIMES,nan,78961.0,TNENG/2002/06404,N.SAYEERAM,TN,CHENNAI,W
TNTAM22644,ROCKFORT TIMES,nan,141871.0,TNTAM/2016/69316,R.LAKSHMINARAYANAN,TN,CHENNAI,W
TNENG01878,CONGRESS TIMES,कांग्रेस टाइम्स,1221.0,1221/ 57,V.K. RAJAGOPALAN,TN,CHENNAI,W
TNENG04447,THE ECONOMIC TIMES ON SUNDAY,दि इकनोमिक टाइम्स ऑन संडे,101116.0,TNENG/2006/28559,"BENNETT, COLEMAN & CO.LTD",TN,CHENNAI,W
TNENG04448,THE ECONOMIC TIMES ON SATURDAY,दि इकनोमिक टाइम्स ऑन सैटरडे,102653.0,TNENG/2006/30096,"BENNETT, COLEMAN & CO.LTD",TN,CHENNAI,W
TNBIL03379,THE EKKLESIA TIMES,THE EKKLESIA TIMES,106443.0,TNBIL/2010/33886,REV. T. JOHSON,TN,CHENNAI,W
TNBIL04768,GANAPATHY TIMES,nan,,nan,SURYAKRISHNA R,TN,COIMBATORE,A
TNENG05063,AROUND THE TIMES,nan,100218.0,TNENG/2009/27661,ASHOK BEDI,TN,COIMBATORE,D
TNENG05483,THE TIMES OF INDIA,द टाइम्स ऑफ़ इंडिया,112269.0,TNENG/2011/39712,"BENNETT, COLEMAN & CO.LTD",TN,COIMBATORE,D
TNENG03909,THE KOVAI TIMES,nan,84060.0,TNENG/2002/11503,V.KANNAN,TN,COIMBATORE,F
TNTAM22632,KURICHI TIMES,nan,140713.0,TNTAM/2016/68158,P.JAGADEESH,TN,COIMBATORE,F
TNENG00116,BAZAAR TIMES,nan,17913.0,17913/ 70,R VISWANATHAN,TN,COIMBATORE,M
TNTAM23736,NILGIRI TIMES,nan,,nan,B. PRABAGARAN,TN,COIMBATORE,M
TNENG05565,THE VILLAGE TIMES,nan,123866.0,TNENG/2013/51311,M. SUDHAKARAN,TN,COIMBATORE,M
TNENG05261,NON OLYMPIC TIMES,नॉन ओलिंपिक टाइम्स,108241.0,TNENG/2010/35684,N. THIYAGU,TN,COIMBATORE,Q
TNENG05482,SUNDAY TIMES OF INDIA,संडे टाइम्स ऑफ़ इंडिया,112268.0,TNENG/2011/39711,"BENNETT, COLEMAN & CO.LTD",TN,COIMBATORE,W
TNENG03908,CHERAN TIMES,nan,83407.0,TNENG/2003/10850,R. MOHAN KANAGA KUMAR,TN,COIMBATORE,W
TNTAM11194,NEYVELI TOWNSHIP TIMES,nan,66446.0,66446/ 97,J. MUMTHAJ,TN,CUDDALORE,M
TNTAM24332,KAVALAR TIMES,nan,,nan,PANDITHURAI,TN,DINDIGUL,M
TNBIL03233,ERODE TIMES,इरोड टाइम्स,107233.0,TNBIL/2010/34676,R. GNAANAVEL,TN,ERODE,F
TNTAM17050,TASTY TIMES,टेस्टी टाईम्स,95624.0,TNTAM/2007/23067,P. SUBRAMANIAN,TN,ERODE,M
TNTAM22462,KANCHI TIMES,nan,146163.0,TNTAM/2017/73608,M.R.KARUNAKARAN,TN,KANCHEEPURAM,F
TNBIL03651,YOUR NAGAL TIMES,nan,119968.0,TNBIL/2012/47411,SUJATHA HARIKRISHNAN,TN,KANCHEEPURAM,M
TNENG06207,TIMES OF UNITED SAMARITANS INDIA,nan,,nan,SHEEBA LOURDHES,TN,KANCHEEPURAM,Q
TNBIL04758,AYYAPPANTHANGAL TIMES,nan,,nan,G. ANBAZHAGAN,TN,KANCHEEPURAM,W
TNTAM23224,MARUVOOR TIMES,nan,147538.0,TNTAM/2017/74983,T RAMESH,TN,KANCHEEPURAM,W
TNBIL03732,TAMBARAM TIMES,nan,121416.0,TNBIL/2012/48861,SAI SAKTHI PUBLICATIONS,TN,KANCHEEPURAM,W
TNBIL03135,MADIPAKKAM TIMES,MADIPAKKAM TIMES,106614.0,TNBIL/2010/34057,K. MADHAN,TN,KANCHEEPURAM,W
TNENG05486,WONDERFUL TIMES,nan,116461.0,TNENG/2012/43904,LUKE C. NOEL,TN,KANNIYAKUMARI,M
TNTAM24492,NATIONAL TIMES REPORTER,nan,,nan,ANIL KUMAR BALAKRISHNAN,TN,KANYAKUMARI/ NAGERCOIL,F
TNTAM11055,NAGERCOIL TIMES,nan,65844.0,65844/ 96,S.KRISHNAMOORTHY,TN,KANYAKUMARI/ NAGERCOIL,F
TNENG05507,THE TIMES OF INDIA,द टाइम्स ऑफ़ इंडिया,113207.0,TNENG/2011/40650,"BENNETT, COLEMAN & CO.LTD",TN,MADURAI,D
TNENG04490,TAMIL NADU LAW TIMES,nan,90886.0,TNENG/2006/18329,A.K. SANKARLAL,TN,MADURAI,M
TNTAM12386,MUSLIM TIMES,nan,72889.0,TNTAM/1999/00332,G.S.A.K.IBRAHIM,TN,MADURAI,M
TNBIL00811,TRUTHFUL TIMES,ट्रूथफुल टाइम्स,1448.0,1448/ 57,G. P. SANGOYA AND FIVE OTHERS,TN,MADURAI,M
TNENG05775,PREETHI HEALTH TIMES,nan,135063.0,UR,T. HEMA,TN,MADURAI,M
TNENG05513,SUNDAY TIMES OF INDIA,संडे टाइम्स ऑफ़ इंडिया,113523.0,TNENG/2011/40966,"BENNETT, COLEMAN & CO.LTD",TN,MADURAI,W
TNTAM16461,CHOZHAN TIMES,अऱ ऱअख,90891.0,TNTAM/2006/18334,ERAMA. BHASKAR,TN,NAGAPATTINAM,F
TNTAM21058,MUGAVAI TIMES,nan,125952.0,TNTAM/2013/53397,M. SANKAR,TN,RAMANATHAPURAM,F
TNTAM24190,ARASIYAL TIMES,nan,156399.0,TNTAM/2022/83844,M.VIJAY,TN,THANJAVUR,F
TNTAM24192,THIRUVALLUR TIMES,nan,,nan,S.SIVAPRABHU,TN,THIRUVALLUR,BM
TNBIL04801,AMAZE TIMES,nan,,UR,REVATHI,TN,THIRUVALLUR,BM
TNBIL03402,THE PRAKASH NAGAR TIMES,nan,115777.0,TNBIL/2012/43220,N. ARUL MOHAN,TN,THIRUVALLUR,F
TNBIL03598,AVADI TIMES,nan,120177.0,TNBIL/2012/47620,VALUE PLUS,TN,THIRUVALLUR,M
TNBIL03858,POONAMALLEE TIMES,nan,134840.0,TNBIL/2015/62285,VALUE PLUS,TN,THIRUVALLUR,M
TNBIL03860,AYAPAKKAM TIMES,nan,134353.0,TNBIL/2015/61798,VALUE PLUS,TN,THIRUVALLUR,M
TNBIL03607,PADI KORATTUR TIMES,nan,120178.0,TNBIL/2012/47621,VALUE PLUS,TN,THIRUVALLUR,M
TNTAM24736,NAMATHU PONNERI TIMES,nan,,nan,D.ARUL,TN,THIRUVALLUR,M
TNBIL03859,THIRUNINRAVUR TIMES,nan,134354.0,TNBIL/2015/61799,VALUE PLUS,TN,THIRUVALLUR,M
TNBIL03113,TAMIL TIMES,तमिल टाइम्स,103380.0,TNBIL/2009/30823,K.A. PAULRAJ,TN,THIRUVALLUR,M
TNBIL03863,THIRUMULLAIVOYAL TIMES,nan,134352.0,TNBIL/2015/61797,VALUE PLUS,TN,THIRUVALLUR,M
TNBIL03816,AMBATTUR TIMES,nan,133100.0,TNBIL/2015/60545,VALUE PLUS,TN,THIRUVALLUR,M
TNBIL03862,PATTABIRAM TIMES,nan,134355.0,TNBIL/2015/61800,VALUE PLUS,TN,THIRUVALLUR,M
TNBIL04100,SELAIYUR TIMES,nan,138871.0,TNBIL/2015/66316,N. ANANDA KRISHNAN,TN,THIRUVALLUR,W
TNTAM23441,NIRUBAR TIMES,nan,150440.0,TNTAM/2017/77885,R. MANIKANDAN,TN,THIRUVALLUR,W
TNTAM22449,FALCON TIMES,nan,138061.0,TNTAM/2015/65506,M.JAHIR HUSSAIN,TN,THIRUVARUR,F
TNENG03265,RECTIMES,nan,14930.0,14930/ 68,STUDENTS ASSOCIATION REGIONAL ENGINEERING COLLEGE,TN,TIRUCHIRAPALLI-15,M
TNTAM08455,ARAPORE TIMES,nan,53699.0,53699/ 92,VIBHOOTHI VEERAMUTHU SWAMY,TN,TIRUCHIRAPPALLI,D
TNTAM24184,PASUMAI TIMES,nan,,nan,N. MUNEESWARAN,TN,TIRUCHIRAPPALLI,F
TNTAM24311,THE SOCIAL TIMES,nan,,nan,SALEEM DAWOOD,TN,TIRUCHIRAPPALLI,M
TNTAM24757,BRAHMA TIMES,nan,,nan,D.KRISHNAMOORTHY,TN,TIRUCHIRAPPALLI,M
TNTAM07868,DEVIKA TIMES,nan,11798.0,11798/ 66,KUMARAN,TN,TIRUCHIRAPPALLI,M
TNBIL02800,CAUVERY TIMES,कावेरी टाईम्स,96267.0,TNBIL/2007/23710,R. SUBRAMANIAN,TN,TIRUCHIRAPPALLI,W
TNTAM24725,MUTHANMAI TIMES,nan,,nan,D. KARTHIKEYAN,TN,TIRUCHIRAPPALLI,W
TNTAM24490,UNGAL TIMES,nan,,UR,GANESAN THIRUMALAIANDI,TN,TIRUNELVELI,F
TNTAM19311,THE NELLAI TIMES,nan,110128.0,TNTAM/2011/37571,S. THAMBAN,TN,TIRUNELVELI,W
TNBIL02524,VISHWASHANTHI TIMES,वि‍श्‍वशान्‍ति‍ टाईम्‍स,92730.0,TNBIL/2007/20173,T.N. SRIDHARAN,TN,TIRUVALLUR,W
TNBIL02053,MOGAPPAIR TIMES,nan,86547.0,TNBIL/2004/13990,M.SENTHILNATHAN,TN,TIRUVALLUR,W
TNTAM24832,ARUNAI TIMES,nan,,nan,SELVAM S,TN,TIRUVANNAMALAI,F
TNBIL04817,OTTRAN TIMES,nan,,nan,SYDERALI,TN,TIRUVANNAMALAI,F
TNBIL03986,THIRUVANNAMALAI TIMES,तिरुवन्नामलई टाइम्स,134620.0,TNBIL/2015/62065,S. PONNIVALAVAN,TN,TIRUVANNAMALAI,W
TNENG05700,THE TIMES OF INDIA,द टाइम्स ऑफ़ इंडिया,124893.0,TNENG/2013/52338,"BENNETT, COLEMAN & CO.LTD",TN,TRICHY,D
TNENG05699,SUNDAY TIMES OF INDIA,संडे टाइम्स ऑफ़ इंडिया,124891.0,TNENG/2013/52336,"BENNETT, COLEMAN & CO.LTD",TN,TRICHY,W
TNENG05887,OOTY TIMES,nan,145786.0,TNENG/2016/73231,UDAYA KUMAR,TN,UDHAGAMANDALAM,W
TNENG03403,THE 21ST CENTURY TIMES,nan,75201.0,TNENG/2000/02644,GOPI KRISHAN PALMIA,TN,UTHAGAMANDALAM,F
TNTAM24484,NETHRA TIMES,nan,,nan,NAGARAJAN T,TN,VELLORE,BM
TNBIL04713,PERNAMBUT TIMES,nan,,UR,S.KANNADASAN,TN,VELLORE,D
TNTAM23426,NAMMA OOR TIMES,nan,147687.0,TNTAM/2017/75132,R. ANITHA,TN,VELLORE,F
TNBIL04568,NAMADHU AMBUR TIMES,nan,151270.0,TNBIL/2019/78715,RAMDASS P,TN,VELLORE,M
TNENG01677,THE TIMES OF VELLORE,nan,24473.0,24473/ 73,"IDA SCUDDER MEMORIAL PUBLICATIONS, VELLORE",TN,VELLORE,M
TNBIL01760,RAJAPALAYAM TIMES,nan,85370.0,TNBIL/2004/12813,GUNA BHASKAR RAJA,TN,VIRUDHUNAGAR,F
TRIENG00009,TRIPURA TIMES,nan,12063.0,12063/ 63,AVISHIKTA LODH,TRI,AGARTALA,D
TRIENG00017,THE TIMES OF TRIPURA,nan,68501.0,68501/ 98,PARAG ACHARYA,TRI,WEST TRIPURA/ AGARTALA,D
UPENG02502,THE LEGUAGE AND LITRATURE TIMES,nan,58438.0,58438/ 94,NOT GIVEN,UP,nan,W
UPHIN26757,THE LANDVEJ AND LITRECHAR TIMES,nan,58437.0,58437/ 94,NOT GIVEN,UP,nan,W
UPHIN27471,VADHYA TIMES,nan,58495.0,58495/ 93,NOT GIVEN,UP,nan,W
UPHIN49077,HIND ABHIMAN TIMES,हिन्द अभिमान टाइम्स,155966.0,UPHIN/2022/83411,RAJAN PATEL,UP,nan,D
UPHIN41519,TUSHAR TIMES,nan,112695.0,UPHIN/2010/40138,SUMAT BEHARI VAISH,UP,AGRA,D
UPHIN11807,SWARAJYA TIMES,स्वराज्य टाइम्स,25165.0,25165/ 74,SWARAJYA TIMES PUBLICATION,UP,AGRA,D
UPHIN51538,SACH TIMES,nan,,nan,RAVINDRA SINGH NAVRANG,UP,AGRA,D
UPENG01248,TROPICAL TIMES,nan,35432.0,35432/ 79,ANIL KUMAR SOOD,UP,AGRA,D
UPHIN15094,KUMUDHA TIMES,nan,54304.0,54304/ 91,SMT. GEETA SHARMA,UP,AGRA,D
UPHIN46017,GARVITA TIMES,गर्विता टाइम्स,132658.0,UPHIN/2011/60103,NIRMAL RAJ GUPTA,UP,AGRA,D
UPHIN44278,SUHAG TIMES,nan,124120.0,UPHIN/2012/51565,USHA RANI,UP,AGRA,D
UPHIN42476,BPN TIMES,nan,112487.0,UPHIN/2010/39930,B.S. BAGHEL,UP,AGRA,D
UPHIN09958,TAJ TIMES,nan,22060.0,22060/ 71,KALI CHARAN SHARMA,UP,AGRA,D
UPHIN34190,DIXIT TIMES,दीक्षित टाइम्‍स,87805.0,UPHIN/2004/15248,RAM KUMAR DIXIT,UP,AGRA,D
UPHIN40211,NAVLOK TIMES,नवलोक टाइम्स,102716.0,UPHIN/2009/30159,NAVLOK TIMES SAHYOGI PRAKASHAN PVT. LTD.,UP,AGRA,D
UPBIL05196,CHAMBAL TIMES,nan,,nan,DHRUV,UP,AGRA,D
UPHIN50100,JAN SANDESH TIMES,जन संदेश टाइम्स,156452.0,UPHIN/2020/83897,JAN SANDESH TIMES PVT. LTD.,UP,AGRA,DE
UPHIN31622,TIMES OF SANDESH,टाइम्स ऑफ़ संदेश,82700.0,UPHIN/2003/10143,R.V.SINGH YADAV,UP,AGRA,M
UPENG03828,THE ESSENCE TIMES,nan,122848.0,UPENG/2013/50293,PRASHNAT,UP,AGRA,Q
UPHIN49066,JANVAD TIMES,जनवाद टाइम्स,153057.0,UPHIN/2020/80502,DR MAHENDRA KUMAR,UP,AGRA,Q
UPHIN41043,SATYA YUG TIMES,सत्ययुग टाइम्स,109534.0,UPHIN/2010/36977,JAHANGIR KHAN ALVI,UP,AGRA,W
UPHIN34031,PARWANOO TIMES,परवाणू टाइम्स,88785.0,UPHIN/2005/16228,ISH KAPOOR,UP,AGRA,W
UPHIN13511,UNIVERSAL TIMES,nan,51807.0,51807/ 91,SUSHIL GARG,UP,AGRA,W
UPHIN09159,RAJENDRA TIMES,nan,36240.0,36240/ 79,RAJENDRA SAXENA,UP,AGRA,W
UPHIN24102,HERITEJ TIMES,nan,68454.0,68454/ 97,PRADEEP KUMAR KHANDELWAL,UP,AGRA,W
UPHIN18083,EHRAM TIMES,nan,58562.0,58562/ 94,FARHAT KHAN,UP,AGRA,W
UPHIN18092,TIMES OF TAJWAR,nan,57666.0,57666/ 93,AMARTAIMURI,UP,AGRA,W
UPHIN40212,NAVLOK TIMES,nan,45993.0,45993/ 85,NAVLOK TIMES SAHYOGI PRAKASHAN PVT. LTD.,UP,AGRA,W
UPHIN09959,TAJ VIEW TIMES,nan,36387.0,36387/ 80,MOHAN SINGH,UP,AGRA,W
UPHIN32949,GARVITA TIMES,nan,85299.0,UPHIN/2004/12742,NIRMAL RAJ GUPTA,UP,AGRA,W
UPHIN21551,DIKSHIT TIMES,दीक्षित टाइम्‍स,62738.0,62738/ 95,RAM KUMAR DIXIT,UP,AGRA,W
UPHIN31166,TUSHAR TIMES,nan,84501.0,UPHIN/2002/11944,DR.SUMAT B.VAISHYA,UP,AGRA,W
UPHIN26419,EDLEY TIMES,nan,40229.0,40229/ 82,DURGA PRASAD SHARMA,UP,AGRA,W
UPHIN27975,AGRA POST TIMES,आगरा पोस्ट टाइम्स,73093.0,UPHIN/1999/00536,SUBHASH KUMAR,UP,AGRA,W
UPHIN47650,BIDHAULIYA BHARAT TIMES,बिधौलिया भारत टाइम्स,141234.0,UPHIN/2016/68679,ARATI SHARMA,UP,AGRA,W
UPHIN11097,SEVEN DAY TIMES,nan,63251.0,63251/ 95,ANIL RANA,UP,AGRA,W
UPHIN42543,KALYUG CRIME TIMES,nan,115517.0,UPHIN/2012/42960,RAJ KUMAR,UP,AGRA,W
UPHIN35379,NARENDRANATH TIMES,नरेन्द्रनाथ टाइम्स,92235.0,UPHIN/2007/19678,NARENDRANATH GIRI,UP,AJAMGARH,D
UPHIN40169,TYAGI TIMES,त्यागी टाइम्स,103136.0,UPHIN/2010/30579,DHARMPAL TYAGI,UP,ALIGARH,D
UPHIN02130,BRAJESH TIMES,nan,43365.0,43365/ 85,NANNOOMAL GUPTA,UP,ALIGARH,D
UPHIN13320,SECULAR HINDUSTANI MUSLIM TIMES,nan,56000.0,56000/ 92,SAQHEERA KHATOON,UP,ALIGARH,D
UPHIN13173,YUG TIMES,nan,40157.0,40157/ 79,NARENDRA KUMAR,UP,ALIGARH,D
UPHIN36057,MANGALAYATAN TIMES,nan,96495.0,UPHIN/2007/23938,PAWAN JAIN,UP,ALIGARH,M
UPHIN49978,VARSHNEY TIMES,वार्ष्णेय टाइम्स,156043.0,UPHIN/2021/83488,VIVEK KUMAR,UP,ALIGARH,M
UPURD05193,ALIGARH TIMES,nan,21951.0,21951/ 71,ISHRAT AMIR,UP,ALIGARH,W
UPHIN31039,ELAN TIMES,nan,83523.0,UPHIN/2002/10966,SHAKEEL AHMAD KHAN,UP,ALIGARH,W
UPHIN14136,YUG TIMES,nan,12571.0,12571/ 66,NARENDRA KUMAR,UP,ALIGARH,W
UPHIN09468,REPUBLICAN TIMES,nan,26578.0,26578/ 74,RAGHUVIR SINGH RAHI,UP,ALIGARH,W
UPHIN01196,ATRAULI TIMES,nan,25198.0,25198/ 74,RAMESH CHANDRA SHARMA,UP,ALIGARH,W
UPHIN34164,AL-KHIDMAT TIMES,अल- खि़दमत टाइम्‍स,90110.0,UPHIN/2006/17553,MOHMMED SHAKHIL,UP,ALIGARH,W
UPHIN26923,O K TIMES,nan,36238.0,36238/ 79,OM PRAKASH PATHAK,UP,ALIGARH,W
UPHIN00359,AJAY TIMES,nan,38785.0,38785/ 81,DINESH CHAND JINDAL,UP,ALIGARH,W
UPHIN33436,UDYOG VYAPAR TIMES,nan,88004.0,UPHIN/2004/15447,GYANCHANDRA VARSHNEYA,UP,ALIGARH,W
UPHIN50908,AMIR KHUSRO TIMES,अमीर खुसरो टाइम्स,156951.0,UPHIN/2021/84396,SARWAR HUSSAIN,UP,ALIGARH,W
UPHIN19176,ALIGARH KALYAN TIMES,nan,61308.0,61308/ 94,BHAJAN LAL,UP,ALIGARH,W
UPHIN05640,KAPUR TIMES,nan,35441.0,35441/ 79,SATISH CHANDRA KAPOOR,UP,ALIGARH,W
UPHIN10656,SANGHARSH TIMES,nan,38783.0,38783/ 81,OM PRAKASH AGARWAL,UP,ALIGARH,W
UPHIN22274,SHALABH TIMES,nan,64005.0,64005/ 96,DEEPAK KULLSHARETH,UP,ALIGARH,W
UPHIN05416,KANCHAN KAILASH TIMES,कंचन कैलाश टाइम्स,47879.0,47879/ 88,KAILASH BABU VERMA,UP,ALIGARH,W
UPENG03871,TIRTHRAJ TIMES,तीर्थराज टाइम्स,126002.0,UPENG/2013/53447,G. P. TIWARI,UP,ALLAHABAD,D
UPHIN37895,KAUSHAMBI TIMES,कौशाम्‍बी टाइम्‍स,97298.0,UPHIN/2008/24741,KESAR SINGH,UP,ALLAHABAD,D
UPHIN37983,CITY TIMES,nan,97805.0,UPHIN/2008/25248,M C I 5 MEDIA COMMUNICATION PVT. LTD,UP,ALLAHABAD,D
UPURD03827,SAFEER TIMES,सफीर टाइम्‍स,90692.0,UPURD/2006/18135,AAMNA,UP,ALLAHABAD,D
UPHIN08823,PRAYAGRAJ TIMES,nan,43367.0,43367/ 85,ANUPAM MISHRA,UP,ALLAHABAD,D
UPHIN31457,DENANDNI TIMES,nan,81105.0,UPHIN/2002/08548,DHARAMVEER PRASAD KASHYAP,UP,ALLAHABAD,D
UPHIN39312,SUPER FAST TIMES,सुपर फास्ट टाइम्स,102183.0,UPHIN/2009/29626,ZAFAR AHMAD,UP,ALLAHABAD,D
UPHIN35213,AMRIT KALASH TIMES,अमृत कलश टाइम्स,95263.0,UPHIN/2007/22706,SIDDHNATH DWIVEDI,UP,ALLAHABAD,D
UPHIN35222,THE NEWS CRITIC TIMES,दि न्यूज क्रिटिक टाइम्स,93187.0,UPHIN/2006/20630,PRAKASH SHUKLA,UP,ALLAHABAD,D
UPHIN46047,JAN SHRUTI TIMES,जनश्रुति टाइम्‍स,142837.0,UPHIN/2016/70282,ANKIT DUBEY,UP,ALLAHABAD,D
UPHIN46306,SANGAM TIMES,संगम टाइम्स,137849.0,UPHIN/2015/65294,ANCHAL KUMAR BHARTIYA,UP,ALLAHABAD,D
UPURD05031,CITY TIMES,सिटी टाइम्स,132491.0,UPURD/2014/59936,M C I 5 MEDIA COMMUNICATION PVT. LTD,UP,ALLAHABAD,D
UPENG00446,HIGH COURT TIMES,nan,26493.0,26493/ 74,HIGH COURT BAR ASSOCIATION,UP,ALLAHABAD,D
UPHIN48421,MALYAJ TIMES,मलयज टाइम्स,147597.0,UPHIN/2018/75042,UMA SINGH,UP,ALLAHABAD,D
UPURD03842,THE SEHAR TIMES,द सहर टाइम्स,94709.0,UPURD/2006/22152,KAVISH RIZVI,UP,ALLAHABAD,D
UPENG04068,LEAD NEWS TIMES,लीड न्यूज़ टाइम्स,138001.0,UPENG/2015/65446,RAJENDRA KUMAR,UP,ALLAHABAD,D
UPHIN45897,SREE TIMES,श्री टाइम्स,131970.0,UPHIN/2014/59415,SHRI MEDIA VENTURES PVT. LTD.,UP,ALLAHABAD,D
UPHIN43257,JAN SANDESH TIMES,जन संदेश टाइम्स,118759.0,UPHIN/2012/46202,JAN SANDESH TIMES PVT. LTD.,UP,ALLAHABAD,D
UPHIN00561,ALLAHABAD TIMES,इलाहाबाद टाइम्žस,9846.0,9846/ 65,GANESH PRASAD TIWARI,UP,ALLAHABAD,D
UPHIN27395,TIRTHRAJ TIMES,तीर्थराज टाइम्स,56938.0,56938/ 93,G. P. TIWARI,UP,ALLAHABAD,D
UPHIN45566,PRAYAGRAJ TIMES,nan,130140.0,UPHIN/2014/57585,ANUPAM MISHRA,UP,ALLAHABAD,DE
UPHIN27390,THEATER TIMES,nan,55819.0,55819/ 90,GYANESH KAMAL,UP,ALLAHABAD,F
UPBIL02019,TOWER TIMES,nan,62571.0,62571/ 95,RAM RIYAZUDDIN,UP,ALLAHABAD,F
UPENG04088,BIHAR LAW TIMES,nan,15198.0,15198/ 63,MANOHAR LAL ARORA,UP,ALLAHABAD,M
UPHIN36303,SIDDHARTHRAJ TIMES,सिद्धार्थराज टाइम्स,94743.0,UPHIN/2007/22186,USHA PANDEY,UP,ALLAHABAD,M
UPENG01485,MAHARASHTRA LAW TIMES,महाराष्ट्र लॉ टाइम्स,9608.0,9608/ 64,NURUL ABDIN,UP,ALLAHABAD,M
UPBIL02745,SHUCHITA TIMES,nan,74365.0,UPBIL/2000/01808,SHUCHITA PRAKASHAN PVT LTD,UP,ALLAHABAD,M
UPHIN23879,CONSUMER SANRAKSHAN TIMES,nan,68439.0,68439/ 97,VIDHUT UPBHOGTA SAMACHAR SAMITTEE,UP,ALLAHABAD,M
UPENG01484,MADHYA PRADESH LAW TIMES,मध्य प्रदेश लॉ टाइम्स,4957.0,4957/ 59,LAXMI NARAIN,UP,ALLAHABAD,M
UPENG02686,CHHATTISGARH STATE & CENTRAL LAW TIMES,nan,76074.0,UPENG/2001/03517,LAXMI NARAIN NARULA,UP,ALLAHABAD,M
UPENG01330,WEST BENGAL LAW TIMES,वेस्ट बंगाल लॉ टाइम्स,23493.0,23493/ 72,SHAKTI SAGAR & MOHAN LAL,UP,ALLAHABAD,M
UPHIN26899,NEW SHIASK TIMES,nan,57505.0,57505/ 93,NOT GIVEN,UP,ALLAHABAD,M
UPHIN48632,SUGAR TIMES,शुगर टाइम्स,148060.0,UPHIN/2018/75505,P.S. MISHRA,UP,ALLAHABAD,M
UPBIL02814,CHHATTISGARH LAW TIMES AND CASES,nan,76077.0,UPBIL/2001/03520,LAXMI NARAIN NARULA,UP,ALLAHABAD,M
UPHIN15918,YOUTH COMPETITION TIMES,यूथ कम्पटीशन टाइम्स,46278.0,46278/ 87,ANAND KUMAR MAHAJAN,UP,ALLAHABAD,M
UPHIN40260,AABKARI TIMES,nan,108917.0,UPHIN/2010/36360,PREM SHANKER MISRA,UP,ALLAHABAD,M
UPHIN26794,MADHYA PRADESH LAW TIMES,मध्य प्रदेश लॉ टाइम्स,47987.0,47987/ 89,LAXMI NARAYAN,UP,ALLAHABAD,M
UPHIN22133,KHEL BHARAT TIMES,nan,63931.0,63931/ 96,SHYAMENDAR KUSWAHA,UP,ALLAHABAD,M
UPBIL04130,GRAH NAKSHATRAM TIMES,गृह नक्षत्रम् टाइम्स,129604.0,UPBIL/2014/57049,ASHUTOSH CHANDRA VARSHNEY,UP,ALLAHABAD,Q
UPHIN23412,B.R. TIMES,nan,67063.0,67063/ 97,BALRAM DIXIT,UP,ALLAHABAD,W
UPHIN12664,VICHAR TIMES,nan,43275.0,43275/ 85,MUKESH CHANDRA,UP,ALLAHABAD,W
UPHIN32235,APKA YISHU DARBAR TIMES,nan,85454.0,UPHIN/2004/12897,VIJAY PRAKASH SRIVASTAVA,UP,ALLAHABAD,W
UPHIN42059,AMAR SARAL TIMES,nan,114286.0,UPHIN/2012/41729,SHASHI BHUSHAN,UP,ALLAHABAD,W
UPHIN08171,PARIKALPNA TIMES,nan,51765.0,51765/ 90,FARJANA KHATUN,UP,ALLAHABAD,W
UPURD04067,GULFISHA TIMES,गुल्फिशॉं टाईम्‍स,99455.0,UPURD/2008/26898,IFFAT JAMAL,UP,ALLAHABAD,W
UPHIN36842,AAKANKSHA TIMES,आकांक्षा टाइम्स,96602.0,UPHIN/2008/24045,RAMAKANT TRIPATHI,UP,ALLAHABAD,W
UPHIN35156,CHAYAL TIMES,चायल टाइम्स,96339.0,UPHIN/2007/23782,ASIF JAFRI VIKRAT,UP,ALLAHABAD,W
UPHIN44686,TRIVENI TIMES,त्रिवेणी टाइम्स,129739.0,UPHIN/2014/57184,DEEPA TIWARI,UP,ALLAHABAD,W
UPHIN48496,SANGAM TIMES,संगम टाइम्‍स,145390.0,UPHIN/2017/72835,ANCHAL KUMAR BHARTIYA,UP,ALLAHABAD,W
UPHIN24352,POPULAR TIMES,nan,70432.0,70432/ 99,SURAJ NARAYAN SINGH,UP,ALLAHABAD,W
UPHIN17002,PHOOL PUR TIMES,nan,54307.0,54307/ 89,GIRISH CHANDRA PANDEY,UP,ALLAHABAD,W
UPHIN36175,KAUSHAMBI TIMES,कौशाम्बी टाइम्स,93522.0,UPHIN/2007/20965,KESAR SINGH,UP,ALLAHABAD,W
UPHIN27364,T K TIMES,nan,19345.0,19345/ 68,KRISHNAKUMAR BHARGAV,UP,ALLAHABAD,W
UPBIL00495,INTELLIGENCE TIMES,nan,23400.0,23400/ 72,RAMA SHANKAR TIWARI,UP,ALLAHABAD,W
UPHIN43091,KID NEWS TIMES,किड न्‍यूज टाइम्‍स,143601.0,UPHIN/2013/71046,ANOOP KUMAR JAISWAL,UP,ALLAHABAD,W
UPHIN50024,MEJA TIMES,nan,,UR,SHAKIL AHAMAD,UP,ALLAHABAD/PRAYAGRAJ,BM
UPHIN50713,PRAYAGRAJ DARSHAN TIMES,nan,,nan,ASHWANI KUMAR,UP,ALLAHABAD/PRAYAGRAJ,D
UPHIN51336,AMARAVATI TIMES,nan,,UR,AMARDEEP CHAUDHARY,UP,ALLAHABAD/PRAYAGRAJ,D
UPENG04442,ANSHIKA TIMES,nan,156057.0,UPENG/2022/83502,ABHAY KUMAR SHUKLA,UP,ALLAHABAD/PRAYAGRAJ,D
UPHIN42382,KARPURIHA TIMES,कर्पूरीहा टाइम्स,116655.0,UPHIN/2012/44098,PRAKASH CHANDRA DWIVEDI,UP,ALLAHBAD,D
UPURD04566,KAUSHAMBI TIMES,nan,117282.0,UPURD/2012/44725,KESAR SINGH,UP,ALLAHBAD,D
UPHIN17772,SAMAYIK POLITICAL AND LAW TIMES,nan,60409.0,60409/ 93,ANITA SRIVASTAVA,UP,ALLAHBAD,M
UPHIN43995,AADITYA TIMES,आदित्य टाइम्स,122632.0,UPHIN/2013/50077,ADITYA NARAYAN TRIPATHI,UP,AMBEDKAR NAGAR,D
UPHIN50218,AALAPUR TIMES,nan,,nan,RAJKUMAR MAURYA,UP,AMBEDKAR NAGAR,D
UPHIN31997,AADITYA TIMES,nan,84032.0,UPHIN/2003/11475,ADITYA NARAYAN TRIPATHI,UP,AMBEDKAR NAGAR,W
UPHIN45389,SURVEILLANCE NEWS TIMES,सर्विलांस न्यूज़ टाइम्स,131835.0,UPHIN/2014/59280,AMARNATH TIWARI,UP,AMBEDKAR NAGAR,W
UPHIN40593,AKBARPUR TIMES,अकबरपुर टाइम्स,104826.0,UPHIN/2010/32269,SANTOSH KUMAR TIWARI,UP,AMBEDKAR NAGAR,W
UPHIN51156,BEMISAAL TIMES,nan,,UR,SANDEEP KUMAR VERMA,UP,AMBEDKAR NAGAR,W
UPHIN51293,VISTRIT INDIA NEWS TIMES,nan,,UR,DHIRENDRA KUMAR PANDEY,UP,AMBEDKAR NAGAR,W
UPHIN45732,SHIV INDIA TIMES,शिव इण्डिया टाइम्स,132958.0,UPHIN/2015/60403,ASHEESH CHANDRA SAROJ,UP,AMETHI,D
UPURD05025,VIDYANAGAR TIMES,विद्यानगर टाइम्स,134653.0,UPURD/2015/62098,MOHD. LAYAQ RAZA,UP,AMETHI,D
UPENG03884,PROMPT TIMES,nan,124511.0,UPENG/2013/51956,SATYA DEV TIWARI,UP,AMETHI,D
UPURD04764,DAWAT TIMES,nan,122787.0,UPURD/2013/50232,MOHD.SHARIF KHAN,UP,AMETHI,D
UPHIN41843,ANAND TIMES,nan,109330.0,UPHIN/2011/36773,VIRENDER SINGH ANAND,UP,AMETHI,D
UPHIN46895,VIDYANAGAR TIMES,विद्यानगर टाइम्स,139092.0,UPHIN/2016/66537,MOHD.LAYAQ RAZA,UP,AMETHI,D
UPHIN51612,PUBLIC NEWS TIMES,nan,,UR,KUSHAL SINGH,UP,AMETHI,W
UPMUL00244,AMROHA TIMES,nan,23378.0,23378/ 72,SURENDRA KUMAR AGRAWAL,UP,AMROHA,F
UPHIN46840,MANDAL KESARI TIMES,मंडल केसरी टाइम्स,139903.0,UPHIN/2015/67348,IRSHAD HUSAIN BHAARTI,UP,AMROHA,W
UPHIN50581,AURAIYA TIMES,nan,,nan,MANOJ KUMAR,UP,AURAIYA,W
UPHIN41689,NIRJHAR TIMES,nan,115295.0,UPHIN/2011/42738,GAJENDRA SINGH SMIRITI NYAS,UP,AURAIYA,W
UPHIN40089,BYAKUL TIMES,ब्याकुल टाइम्स,103151.0,UPHIN/2009/30594,SAVITRI DEVI,UP,AZAMGARH,D
UPURD04997,AZAMGARH TIMES,राधारानी,132721.0,UPURD/2014/60166,RAVI KANT MISHRA,UP,AZAMGARH,D
UPURD03462,SARDAR TIMES,सरदार टाइम्स,58530.0,58530/ 94,BUSHRA KHAN,UP,AZAMGARH,D
UPHIN44456,SHAKTI SUDHA TIMES,शक्ति सुधा टाइम्स,127319.0,UPHIN/2013/54764,VIJAY PRAKASH,UP,AZAMGARH,F
UPHIN37825,ZERO TIMES,जीरो टाइम्‍स,99417.0,UPHIN/2008/26860,AKHILESH KUMAR UPADHAYAY,UP,AZAMGARH,M
UPHIN26867,NAHUSH TIMES,nan,40244.0,40244/ 82,MAHALAKA,UP,AZAMGARH,W
UPURD00264,AZMI TIMES,nan,20368.0,20368/ 70,YUSUF ASHFAQ AZMI,UP,AZAMGARH,W
UPURD01492,SARDAR TIMES,सरदार टाइम्स,54408.0,54408/ 91,BUSHRA KHAN,UP,AZAMGARH,W
UPHIN05956,KOILSA TIMES,nan,24996.0,24996/ 72,SHITLA PRASAD TIWARI,UP,AZAMGARH,W
UPHIN24316,IDARISIA TIMES,nan,67213.0,67213/ 97,SHAHNEWAZ BHARATIYA,UP,AZAMGARH,W
UPHIN15764,SURAJ TIMES OF WORLD,nan,51629.0,51629/ 90,NISHA,UP,AZAMGARH,W
UPURD00887,MADEENA TIMES,nan,26524.0,26524/ 73,R.K. ABDULLA,UP,AZAMGARH,W
UPHIN37045,REHANA TIMES,रेहाना टाइम्‍स,97236.0,UPHIN/2008/24679,FARID KHAN,UP,AZAMGARH,W
UPHIN01292,AJAMGARH TIMES,nan,50950.0,50950/ 88,RAVIKANT MISHRA,UP,AZAMGARH,W
UPHIN35963,BHARATHRAJ TIMES,भरथराज टाइम्स,94032.0,UPHIN/2007/21475,SHANKAR GIRI,UP,AZAMGARH,W
UPHIN35980,BADAUN TIMES,बदायूँ टाइम्‍स,92994.0,UPHIN/2007/20437,OM PRAKASH MAURYA,UP,BADAUN,D
UPURD04557,HUMA TIMES,nan,117339.0,UPURD/2011/44782,KAMIL MAJEED SIDDIQUI,UP,BADAUN,D
UPHIN50298,KUMKUM TIMES,कुमकुम टाइम्स,160538.0,UPHIN/2023/87983,SANJAY KUMAR GUPTA,UP,BADAUN,DE
UPHIN14871,BADAYUN JALJALA TIMES,nan,54494.0,54494/ 92,HAMID ALI KHAN,UP,BADAUN,F
UPHIN46314,BILSI TIMES,बिल्सी टाइम्स,141938.0,UPHIN/2016/69383,VINOD BHARDWAJ,UP,BADAUN,M
UPHIN26186,BUDAUN JAL JALA TIMES,nan,56845.0,56845/ 93,HAMID ALI KHAN,UP,BADAUN,W
UPHIN18321,TANESH TIMES,nan,55892.0,55892/ 92,SOHAN PAL SAHU,UP,BADAUN,W
UPHIN37276,AMBE TIMES,अम्‍बे टाइम्‍स,97513.0,UPHIN/2008/24956,MURLI MANOHAR GUPTA,UP,BADAUN,W
UPHIN44486,PRACHEER TIMES,प्राचीर टाइम्स,136278.0,UPHIN/2014/63723,MOHAMMED SHOAIB,UP,BADAUN,W
UPHIN42289,RASSAZ TIMES,nan,127149.0,UPHIN/2011/54594,RAIS AHMED BISMIL,UP,BADAUN,W
UPHIN50334,CHARITRA TIMES,nan,,nan,VIJNESH KUMAR,UP,BADAUN,W
UPHIN28803,DHARMVIR TIMES,nan,73715.0,UPHIN/2000/01158,MEGHENDRA KR.GUPTA,UP,BADAYUN,F
UPHIN05664,KESAR KHUSHBU TIMES,nan,68692.0,68692/ 97,RAVI KUMAR BISHNOI,UP,BAGHPAT,D
UPHIN43336,JAKI TIMES,nan,123445.0,UPHIN/2013/50890,ATIKUR REHMAN,UP,BAGHPAT,M
UPHIN33177,BAUGHPAT TIMES,nan,87837.0,UPHIN/2004/15280,PREM VACHAN,UP,BAGHPAT,W
UPHIN30792,DESHWAL TIMES,nan,80719.0,UPHIN/2002/08162,MAHFUJ ALI DESHWAL,UP,BAGHPAT,W
UPHIN08759,PRATIKSHAN TIMES,nan,57485.0,57485/ 92,SYED MASUDH ALI,UP,BAHARAICH,D
UPHIN07732,NEPAL BHARAT TIMES,nan,4834.0,4834/ 60,TIRATH RAJ SHARMA,UP,BAHARAICH,F
UPHIN25474,BHARATIYA PRATIBHA TIMES,nan,70332.0,70332/ 98,VIJAY LAKSHMI MISHRA,UP,BAHARAICH,OP
UPHIN15355,BAHARAICH TIMES,बहराइच टाइम्स,46041.0,46041/ 85,AIJAZ MABI WARSI,UP,BAHARAICH,W
UPHIN32246,SAZAL TIMES,nan,83425.0,UPHIN/2003/10868,MAHENDRA NIGAM,UP,BAHARAICH,W
UPHIN01757,BHARAT NEPAL TIMES,nan,56079.0,56079/ 92,SWAMI PRASAD MISWA,UP,BAHARAICH,W
UPHIN07497,NANPARA TIMES,nan,48024.0,48024/ 88,RAJENDRA SINGH SURYAVANSHI,UP,BAHARAICH,W
UPHIN21918,RAM RAHIM TIMES,nan,63943.0,63943/ 96,HASAN ABBAS RIZVI,UP,BAHRAIACH,W
UPHIN00575,ELORA TIMES,nan,51918.0,51918/ 89,ZALIL ISHTIYAK SIDDIQI,UP,BAHRAICH,D
UPHIN40055,NILAY TIMES,निलय टाइम्स,103154.0,UPHIN/2009/30597,EKTA SHRIVASTAVA,UP,BAHRAICH,D
UPHIN26139,ELORA TIMES,nan,51917.0,51917/ 91,ZALIL ISHTIYAK SIDDIQI,UP,BAHRAICH,W
UPURD03279,BAHRAICH TIMES,nan,43249.0,43249/ 83,"SARASWATI MUDRAN AUDYOGIC ULPADAN SAHKARI SAMITI LTD, QAZIPUR,",UP,BAHRAICH,W
UPHIN25894,TIMES OF UTTARANCHAL,टाइम्स ऑफ उत्तरांचल,71838.0,71838/ 99,SHYAM LAL GARG,UP,"BAJPUR,UDHAMSINGH NG",W
UPHIN51338,THE DEMOCRACY TIMES,nan,,nan,SHAKTI RANJAN CHAUDHARY,UP,BALLIA,W
UPHIN01453,BALLIA TIMES,बलिया टाइम्स,20235.0,20235/ 70,BACHCHA SINGH,UP,BALLIA,W
UPHIN51477,MAHARSHI TIMES,nan,,nan,SUDHA SINGH,UP,BALLIA,W
UPHIN48322,SHRAVASTI TIMES,श्रावस्ती टाइम्स,149772.0,UPHIN/2017/77217,RAMDAS GUPTA,UP,BALRAMPUR,W
UPHIN39846,UTTAR PRADESH TIMES JADEED,उत्तर प्रदेश टाइम्स जदीद,102121.0,UPHIN/2009/29564,MUJIBUDDIN SIDDIQUI,UP,BANDA,D
UPENG04023,PROMPT TIMES,प्रॉम्प्ट टाइम्स,133351.0,UPENG/2014/60796,SATYA DEV TIWARI,UP,BANDA,D
UPHIN40340,CHOICE TIMES,च्वाइस टाइम्स,103392.0,UPHIN/2010/30835,SANJEEV KUMAR MISHRA,UP,BANDA,D
UPHIN07576,NAV ELGA TIMES,nan,67805.0,67805/ 97,CHANDRA PUBLICATIONS,UP,BANDA,D
UPHIN00501,ALGA TIMES,nan,38750.0,38750/ 81,BADRI VISHAL MADHAVA NIGAM,UP,BANDA,W
UPHIN01490,BANDA TIMES,nan,12654.0,12654/ 64,RAM ASHREY KHENGAR,UP,BANDA,W
UPHIN29624,NISHPAKSH SAHARA TIMES,निष्पक्ष सहारा टाइम्स,75320.0,UPHIN/2000/02763,MOHANLAL MEHROTRA,UP,BARABANKI,D
UPHIN24480,PARAKH KAUMI TIMES,nan,66792.0,66792/ 97,NISAR AHMED FAROOQUI,UP,BARABANKI,D
UPHIN46127,PRAGATISHEEL NEWS TIMES,प्रगतिशील न्यूज़ टाइम्स,133384.0,UPHIN/2015/60829,DR. A.K. SRIVASTAVA,UP,BARABANKI,D
UPURD05038,PRADESH MUDDA TIMES,प्रदेश मुद्दा टाइम्‍स,132819.0,UPURD/2014/60264,MOHD. WASEEM,UP,BARABANKI,D
UPURD02990,IRAM AL HUDA TIMES,इरम अल हुदा टाइम्स,65979.0,65979/ 97,MOHD. JUNAID FAROOQUI,UP,BARABANKI,D
UPHIN43368,SANDAULI TIMES,nan,119473.0,UPHIN/2012/46916,VIKAS YADAV,UP,BARABANKI,D
UPHIN49662,UTTAR BHARAT TIMES NEWS,उत्तर भारत टाइम्स न्यूज़,158959.0,UPHIN/2021/86404,MAITHALI PATI PANDEY,UP,BARABANKI,D
UPHIN42038,QUICK TIMES,क्विक टाइम्स,140443.0,UPHIN/2011/67888,SUSHIL KUMAR SINGH,UP,BARABANKI,M
UPHIN42710,PRANSHU TIMES,nan,117440.0,UPHIN/2012/44883,RISHIKESH TIWARI,UP,BARABANKI,W
UPHIN38968,NEUTRAL NEWS TIMES,न्यूट्रल न्यूज टाइम्स,100632.0,UPHIN/2009/28075,YASIR ARAFAT,UP,BARABANKI,W
UPHIN43055,BARABANKI TIMES,nan,123099.0,UPHIN/2013/50544,AVADHESH KUMAR SINGH,UP,BARABANKI,W
UPHIN20291,DIN RAJ TIMES,nan,63327.0,63327/ 95,RAJ NARAYAN SHUKLA,UP,BARABANKI,W
UPHIN20500,NISHPAKSH SAHARA TIMES,nan,61562.0,61562/ 95,MOHANLAL MEHROTRA,UP,BARABANKI,W
UPHIN28183,AFREEN INDIA TIMES,nan,72426.0,72426/ 99,KHURSHID ALAM,UP,BARABANKI,W
UPHIN35934,PRAGATISHEEL NEWS TIMES,प्रगतिशील न्‍यूज टाइम्‍स,97918.0,UPHIN/2008/25361,DR. A.K. SRIVASTAVA,UP,BARABANKI,W
UPHIN49340,PRABHUTVASHALI TIMES,प्रभुत्वशाली टाइम्स,152112.0,UPHIN/2020/79557,VIJAY BAHADUR CHAUHAN,UP,BARABANKI,W
UPHIN40216,SANDAULI TIMES,संदौली टाइम्स,110283.0,UPHIN/2010/37726,VIKAS YADAV,UP,BARABANKI,W
UPHIN40596,YOUR HONOUR TIMES,nan,110983.0,UPHIN/2010/38426,RIZWAN MUSTAFA RIZVI,UP,BARABANKI,W
UPHIN37873,DHANAWAT TIMES,धनावत टाइम्स,103772.0,UPHIN/2008/31215,VIVEK KUMAR JAIN,UP,BARABANKI,W
UPHIN37976,PRAGYA TIMES,प्रज्ञा टाइम्स,104893.0,UPHIN/2009/32336,POONAM,UP,BARABANKI,W
UPHIN46005,CITY TIMES,सिटी टाइम्स,132500.0,UPHIN/2014/59945,M C I 5 MEDIA COMMUNICATION PVT. LTD,UP,BAREILLY,D
UPHIN31889,BRIJ TIMES,nan,82039.0,UPHIN/2003/09482,AKSHAT AGRAWAL,UP,BAREILLY,D
UPHIN42429,NAFEES TIMES,nan,120998.0,UPHIN/2012/48442,RAIS AHMAD,UP,BAREILLY,D
UPHIN49665,RAASHTREEY SWARAJ TIMES,nan,,UR,BHAVANA YADAV,UP,BAREILLY,D
UPURD05036,CITY TIMES,सिटी टाइम्स,132499.0,UPURD/2014/59944,M C I 5 MEDIA COMMUNICATION PVT. LTD,UP,BAREILLY,D
UPHIN49666,YUG VEENA TIMES,nan,,nan,SHRAVAN KUMAR YADAV,UP,BAREILLY,D
UPENG02886,BRIJ TIMES,nan,82941.0,UPENG/2003/10384,AKSHAT AGRAVAL,UP,BAREILLY,D
UPHIN51213,DURG DRISTY TIMES,nan,,UR,DHIRENDRA NATH DIXIT,UP,BAREILLY,M
UPHIN45750,MADARI TIMES,मदारी टाइम्स,132922.0,UPHIN/2014/60367,SYED INTKHAB ALAM,UP,BAREILLY,W
UPHIN30844,SALAHKAR TIMES,nan,80558.0,UPHIN/2002/08001,MUKHTAR ANSARI,UP,BAREILLY,W
UPHIN47499,NATIONAL PEACE TIMES,नेशनल पीस टाइम्‍स,144349.0,UPHIN/2017/71794,DR.ANURAG KUMAR SAXENA,UP,BAREILLY,W
UPHIN25008,JANRAKSHA TIMES,nan,68476.0,68476/ 98,VIRENDRA KUMAR SAXENA,UP,BAREILLY,W
UPBIL04653,ROHILKHAND TIMES,nan,15329.0,15329/ 65,NARESH BAHADUR,UP,BAREILLY,W
UPHIN42154,VIKSUN TIMES,nan,122808.0,UPHIN/2011/50253,GURMEET SINGH,UP,BAREILLY,W
UPBIL02990,MUFTI E AJAM TIMES,nan,82411.0,UPNBIL/2003/09854,MOULANA AHSAN RAJA KHA QADARI,UP,BAREILLY,W
UPHIN24711,SHUBHENDRA TIMES,nan,68314.0,68314/ 98,KUNWAR SHAILENDRA KUMAR SINGH,UP,BAREILLY,W
UPHIN32715,SHAH TIMES,शाह टाइम्स,83722.0,UPHIN/2003/11165,M/S SHAH PUBLICATION PRIVATE LIMITED,UP,BARIELLY,D
UPHIN45225,AADHARSHILA TIMES,आधारशिला टाइम्स,131934.0,UPHIN/2014/59379,JAIPRAKASH YADAV,UP,BASTI,D
UPHIN47119,TARKESHWAR TIMES,तारकेश्वर टाइम्स,139239.0,UPHIN/2016/66684,AMOD KUMAR UPADHAYAY,UP,BASTI,D
UPHIN17435,PRAKASH TIMES BASTI,प्रकाश टाइम्स बस्ती,56876.0,56876/ 93,ALOK KUMAR SRIVASTAVA,UP,BASTI,D
UPHIN46256,BASTI TIMES,बस्ती टाइम्स,133951.0,UPHIN/2014/61396,SUNIL KUMAR MISHRA,UP,BASTI,D
UPHIN35336,BASTI TIMES,बस्‍ती टाइम्‍स,92888.0,UPHIN/2006/20331,SUNIL KUMAR MISHRA,UP,BASTI,W
UPHIN47641,BASTI NEWS TIMES,बस्ती न्यूज टाइम्स,141937.0,UPHIN/2016/69382,RAJESH KUMAR PANDEY,UP,BASTI,W
UPHIN51499,VEDANT TIMES,nan,,nan,JYOTI SINGH,UP,BASTI,W
UPHIN15181,MAKHORA TIMES,nan,57454.0,57454/ 93,MADHURI S. RATHORE,UP,BASTI,W
UPHIN50123,KALA LOK TIMES,nan,,nan,VISHAL PANDEY,UP,BASTI,W
UPHIN50318,BHADESHWAR NATH TIMES,भदेश्वरनाथ टाइम्स,158517.0,UPHIN/2022/85962,RAKESH KUMAR GIRI,UP,BASTI,W
UPHIN40041,VIPUL TIMES,विपुल टाइम्स,103432.0,UPHIN/2009/30875,RAJENDRA KUMAR UPADHYAY,UP,BASTI,W
UPHIN28081,GAUKARAN TIMES,nan,73349.0,UPHIN/1999/00792,SMT.GAYATRI DEVI,UP,BASTI,W
UPHIN49857,RASAL TIMES,रासल टाइम्स,156797.0,UPHIN/2023/84242,JAI PRAKASH GOSWAMI,UP,BASTI,W
UPHIN46934,JANSANGYAN TIMES,जनसंज्ञान टाइम्‍स,141637.0,UPHIN/2016/69082,VIVEK TRIPATHI,UP,BASTI,W
UPHIN51121,RUDHAULI TIMES,nan,,UR,SARVESH KUMAR SHUKLA,UP,BASTI,W
UPHIN05833,KHALILABAD TIMES,nan,19201.0,19201/ 68,NAVINDRA NATH SRIVASTAVA,UP,BASTI,W
UPHIN38160,NANO TIMES,नैनो टाइम्स,102730.0,UPHIN/2009/30173,BRIJESH KUMAR SHUKLA,UP,BASTI,W
UPHIN45174,RASHTRA KAUSHAL TIMES,राष्ट्र कौशल टाइम्स,131404.0,UPHIN/2014/58849,SHASHI MISHRA,UP,BASTI,W
UPHIN44008,BAUGHPAT TIMES,nan,122657.0,UPHIN/2013/50102,PREM VACHAN,UP,BAUGHPAT,D
UPHIN24290,AMIR KARWAN TIMES,nan,67273.0,67273/ 97,MEHFOOZURREHMAN FAROOQUI,UP,BEHRAICH,W
UPHIN37739,CHAKRADHARI TIMES,चक्रधारी टाइम्स,101548.0,UPHIN/2009/28991,SADA BRICSH B.BHARTI,UP,BHADOHI,W
UPHIN43552,YUG PRAVARTAK TIMES,nan,120113.0,UPHIN/2012/47556,JWALA PRASAD MISHRA,UP,BHADOI,D
UPHIN33591,SHRESHTH BHARTIYA TIMES,nan,86538.0,UPHIN/2004/13981,ASALAM KHAN,UP,BIJNAUR,W
UPHIN28905,ONAM TIMES,nan,75386.0,UPHIN/2000/02829,BALRAM SINGH,UP,BIJNAUR,W
UPHIN11084,SEOHARA TIMES,nan,19239.0,19239/ 69,CHANDRA PRAKASH SHARMA,UP,BIJNOR,D
UPHIN12364,UTTAR BHARAT TIMES,nan,19310.0,19310/ 17,ARCHANA,UP,BIJNOR,D
UPHIN29868,NAJEEB TIMES,nan,77878.0,UPHIN/2001/05321,MAHTAB NAJMI,UP,BIJNOR,M
UPHIN49495,JAL THAL TIMES,जल-थल टाइम्स,159017.0,UPHIN/2023/86462,RAIS MALIK,UP,BIJNOR,M
UPHIN29301,SWATANTRATA NAVDHARANA TIMES,स्वतंत्रता नवधारणा टाइम्स,75834.0,UPHIN/2000/03277,HARIRAJ SINGH PAL,UP,BIJNOR,W
UPHIN12767,VIJAYANT TIMES,nan,33155.0,33155/ 78,SURENDRA KUMAR HARG,UP,BIJNOR,W
UPHIN31005,DIL JALA TIMES,nan,79960.0,UPHIN/2002/07403,FAYZA BANO,UP,BIJNOR,W
UPHIN07414,NAGINA TIMES,nan,56031.0,56031/ 92,MAHIPAL SINGH CHAUHAN,UP,BIJNOR,W
UPHIN20446,PARICHMANCHAL TIMES,nan,62228.0,62228/ 95,DR.SALIM AKHTAR KHAN,UP,BIJNOR,W
UPHIN18729,YUGDEEP TIMES,युगदीप टाइम्स,60419.0,60419/ 94,RAVINDRA KUMAR BHATNAGAR,UP,BIJNOR,W
UPHIN43524,PASCHIMANCHAL TIMES,nan,121925.0,UPHIN/2013/49370,MOHD. ANWAR,UP,BIJNOR,W
UPHIN20566,CHANDAK TIMES,nan,62628.0,62628/ 95,MEGHA SINGH CHAUHAN,UP,BIJNOR,W
UPHIN23008,NIRBHAY JI TIMES,nan,64929.0,64929/ 96,ARUN KUMAR,UP,BIJNOR,W
UPHIN21829,HARIT PRADESH TIMES,हरित प्रदेश टाइम्स,68323.0,68323/ 97,DR. MADAN GOPAL KARTIK,UP,BIJNOR,W
UPHIN27895,ANGARA TIMES,nan,71859.0,71859/ 99,RAJENDRA SINGH,UP,BIJNOR,W
UPHIN43314,SWARNIK TIMES,nan,120663.0,UPHIN/2012/48107,RAKESH KUMAR VERMA,UP,BIJNOR,W
UPHIN02008,BIJNOR TIMES,बिजनौर टाइम्स,9756.0,9756/ 64,RAM GANGA PRAKASHAN,UP,BIJNORE,D
UPHIN33101,DARPAN TIMES,दर्पण टाइम्स,95819.0,UPHIN/2004/23262,ONKAR BHARDWAJ,UP,BULANDSHAHAR,D
UPHIN31661,MAITTI TIMES,nan,82282.0,UPHIN/2003/09725,DR.TARIK VASIM,UP,BULANDSHAHAR,M
UPHIN29816,RASHTRIYA CHANDRA TIMES,nan,80478.0,UPHIN/2002/07921,SATISH CHANDRA GARG,UP,BULANDSHAHAR,W
UPHIN16674,ANKUR TIMES,nan,54441.0,54441/ 92,SMT. SUMAN CHOUDHARY,UP,BULANDSHAHAR,W
UPHIN02079,BULANDSHAHAR TIMES,nan,19283.0,19283/ 69,ASHISH SHARMA,UP,BULANDSHAHAR,W
UPHIN23295,ANKUR TIMES,nan,64512.0,64512/ 96,SUMAN CHAUDHARY,UP,BULANDSHAHR,D
UPHIN02074,BULAND TIMES,nan,55842.0,55842/ 85,MUKESH KR KANSAL,UP,BULANDSHAHR,D
UPHIN29227,KANSAL TIMES,nan,78817.0,UPHIN/2002/06260,RAJENDRA KANSHAL,UP,BULANDSHAHR,M
UPHIN41580,THE KAKA TIMES,nan,110440.0,UPHIN/2011/37883,CHHUTAN LAL BANWARI LAL KAKA EDUCATIONAL SOCIETY,UP,BULANDSHAHR,M
UPHIN39542,INFORMER TIMES,इन्‍फॉर्मर टाईम्‍स,144588.0,UPHIN/2010/72033,KAMAL SHARMA,UP,BULANDSHAHR,M
UPHIN45200,LODHI SANDESH TIMES,लोधी संदेश टाईम्‍स,137374.0,UPHIN/2015/64819,KESHAV VERMA,UP,BULANDSHAHR,M
UPHIN19237,NAGAR IANA TIMES,nan,62499.0,62499/ 94,PARDEEP AGGARWAL,UP,BULANDSHAHR,W
UPHIN42363,KISHOLI TIMES,nan,114906.0,UPHIN/2011/42349,MAHENDRA SINGH,UP,BULANDSHAHR,W
UPHIN26355,DEEPAK TIMES,दीपक टाइम्स,50948.0,50948/ 89,SATENDRA PAL SHARMA,UP,BULANDSHAHR,W
UPHIN48459,NARORA TIMES,नरौरा टाइम्स,150620.0,UPHIN/2017/78065,SACHIN KUMAR,UP,BULANDSHAHR,W
UPHIN30458,CHOPRA TIMES,nan,78024.0,UPHIN/2001/05467,PARSHU RAM CHOPRA,UP,BULANDSHAHR,W
UPHIN07181,MODERN TIMES,nan,15293.0,15293/ 67,SATYA DEO SHARMA,UP,BULANDSHAHR,W
UPHIN28949,AAPOORTI TIMES,nan,73713.0,UPHIN/2000/01156,AMBRISH KUMAR GAUR,UP,BULANDSHAHR,W
UPHIN07817,NIRBHAI NEW TIMES,nan,13503.0,13503/ 67,RAM BHAROSHELAL NIRBHAY,UP,BULANDSHAHR,W
UPHIN48754,GUL TIMES,गुल टाइम्स,150413.0,UPHIN/2018/77858,AMAN MUQEEM,UP,BULANDSHAHR,W
UPHIN38658,BULAND TIMES,nan,62207.0,62207/ 95,MUKESH KUMAR KANSAL,UP,BULANDSHAHR,W
UPHIN00387,AAINA TIMES,nan,43252.0,43252/ 85,ROOP KISHORE NISHIT,UP,BULANDSHAHR,W
UPHIN01936,BIMB TIMES,nan,46066.0,46066/ 86,SANTOSH KUMAR SHARMA,UP,BULANDSHAHR,W
UPHIN50199,KUNWAR TIMES,nan,,nan,KUNWAR TABISH ALI,UP,BULANDSHAHR,W
UPHIN32464,VIDUSHI TIMES,nan,87780.0,UPHIN/2005/15223,KRISHNA GOPAL,UP,BULANDSHAHR/ KHURJA,D
UPHIN16140,KHURJA TIMES,nan,40328.0,40328/ 84,SYED TAQUI HAIDER RAHI,UP,BULANDSHAHR/ KHURJA,W
UPHIN07190,MOGHALSARAI TIMES,nan,28719.0,28719/ 76,RAM DHANI PRASAD,UP,CHANDAULI,W
UPHIN27066,RANGEELA TIMES,nan,20213.0,20213/ 68,RAM PRAKASH AGARWAL,UP,CHANDAULI,W
UPHIN41279,CHOICE TIMES,चॉइस टाइम्स,106082.0,UPHIN/2010/33525,SANJEEV KUMAR MISHRA,UP,CHITRAKOOT,D
UPHIN43485,CHITRAKOOT KIRTIRAJ TIMES,चित्रकूट कीर्तिराज टाइम्स,121069.0,UPHIN/2013/48514,HIMANSHU GUPTA,UP,CHITRAKOOT,D
UPHIN43486,KAMADGIRI TIMES,nan,120138.0,UPHIN/2013/47581,PARMILA KABIR,UP,CHITRAKOOT,D
UPHIN08010,PACHWA DOON TIMES,पाचवा दून टाइम्स,36460.0,36460/ 80,T.S. PURI,UP,DEHRADUN,F
UPHIN04461,HIMALAYA TIMES,हिमालय टाइम्स,33090.0,33090/ 78,HIMALAYA PRAKASHAN SAMITTEE,UP,DEHRADUN,W
UPHIN19028,JINNI TIMES,जिन्नी टाइम्स,57731.0,57731/ 93,B.P.BADTHWAL&SHAIL,UP,DEHRADUN,W
UPHIN22538,MAMTA TIMES,ममता टाईम्स,71645.0,71645/ 96,GAMBHIR KUMAR AGGARWAL,UP,DEHRADUN,W
UPHIN25150,KEDAR KHAND TIMES,केदार खंड टाइम्स,70871.0,70871/ 98,VIVEKANAND KHANDURI,UP,DEHRADUN,W
UPHIN44753,FATKAR TIMES,फटकार टाइम्स,129322.0,UPHIN/2014/56767,ASHUTOSH DUBY,UP,DEORIA,D
UPHIN43419,JANMANGAN TIMES,nan,123569.0,UPHIN/2013/51014,SANTOSH KUMAR TIWARI,UP,DEORIA,D
UPHIN26359,DILLI DEVRIYA TIMES,दिल्ली देवरिया टाइम्स,40255.0,40255/ 83,ANAND SINGH JALAL,UP,DEORIA,W
UPHIN00790,ANJMAN TIMES,nan,46245.0,46245/ 87,SAMSHAD ALAM,UP,DEORIA,W
UPHIN23805,ANAND PRAKASH TIMES,nan,67421.0,67421/ 97,SHIVAJI LAL DUBEY,UP,DEORIA,W
UPHIN08341,PAWANAGAR TIMES,पावानगर टाइम्स,26577.0,26577/ 75,SUBHASH CHANDRA SRIVASTAVA,UP,DEORIA,W
UPHIN34025,JANHWI TIMES,nan,88058.0,UPHIN/2005/15501,ANJANI KUMAR PANDEY,UP,DEORIA,W
UPHIN50505,ALAKH TIMES,nan,,nan,MAMTA MISHRA,UP,DEORIA,W
UPHIN43445,IMAGING TIMES,nan,131013.0,UPHIN/2014/58458,SANTOSH KUMAR TIWARI,UP,DEORIA,W
UPHIN05567,KASGANJ TIMES,nan,26598.0,26598/ 74,M.A. KHAN JILANI,UP,EATAH,W
UPHIN03351,ETAH TIMES,nan,26549.0,26549/ 74,RAM SWAROOP VARSHNAY,UP,ETAH,D
UPHIN29928,JILA TIMES,nan,77072.0,UPHIN/2001/04515,RAMASHANKAR SHUKLA,UP,ETAH,D
UPHIN28478,PRIYANK TIMES,nan,72017.0,72017/ 99,RAJNI CHAUHAN,UP,ETAH,D
UPHIN37489,NAMBARDAR TIMES,नम्बरदार टाइम्स,99311.0,UPHIN/2008/26754,DINESH CHANDRA VARSHNEY,UP,ETAH,W
UPHIN20141,PRIYANK TIMES,nan,70909.0,70909/ 98,RAJNI CHAUHAN,UP,ETAH,W
UPHIN37708,SORON TIMES,सोरों टाइम्‍स,98050.0,UPHIN/2008/25493,VIJAY DUBEY,UP,ETAH,W
UPHIN44886,MANSUKH TIMES,मनसुख टाइम्स,133549.0,UPHIN/2014/60994,BHAGWATI PRASAD URF BABLU CHAKRABORTY,UP,ETAH,W
UPHIN36827,ETAH TIMES,nan,23366.0,23366/ 72,RAM SWARUP VARSHNEY,UP,ETAH,W
UPHIN37651,TANMAY TIMES,तन्मय टाइम्स,104535.0,UPHIN/2010/31978,SANMATI JAIN,UP,ETAH,W
UPHIN25501,TABULAR TIMES,टैब्युलर टाइम्स,69563.0,69563/ 98,RADHEY SHYAM SHARMA,UP,ETAH,W
UPHIN24542,AMIR KHUSRO TIMES,nan,68036.0,68036/ 97,SARWAR HUSSAIN,UP,ETAH,W
UPHIN40610,BISMILLAH TIMES,nan,122405.0,UPHIN/2010/49850,BISMILLA BEGUM,UP,ETAH,W
UPURD02821,TIMES OF KASGANJ,nan,64980.0,64980/ 96,SMT. KAISAR TAFSEER,UP,ETAH,W
UPHIN16903,TIMES OF KASGANJ,nan,59616.0,59616/ 92,KAUSHAL TAPSHIR,UP,ETAH,W
UPHIN23749,BHANODYA TIMES,nan,69618.0,69618/ 98,ANUPAM KUMAR GUPTA,UP,ETAH,W
UPENG02451,CULTURAL TIMES,nan,6960.0,6960/ 62,RAVINDRA NATH CHATURVEDI,UP,ETAWAH,M
UPHIN11617,SAR ZAMIN TIMES,nan,51747.0,51747/ 90,BHUPENDRA SINGH YADAV,UP,ETAWAH,W
UPHIN44336,ASHAWADI TIMES,nan,126635.0,UPHIN/2013/54080,BALVEER SINGH,UP,ETAWAH,W
UPHIN43075,ETAWAH TIMES,nan,122709.0,UPHIN/2012/50154,ATUL V.N. CHATURVEDI,UP,ETAWAH,W
UPHIN44940,ANKALIKAR TIMES,अंकलीकर टाइम्स,132313.0,UPHIN/2014/59758,VISHUN KUMAR,UP,ETAWAH,W
UPHIN42224,BHINGA TIMES,nan,111104.0,UPHIN/2010/38547,UMESH CHANDRA GUPTA,UP,FAIZABAD,D
UPHIN45971,CITY TIMES,सिटी टाइम्स,132489.0,UPHIN/2014/59934,M C I 5 MEDIA COMMUNICATION PVT. LTD,UP,FAIZABAD,D
UPHIN48056,PAWAN BHARAT TIMES,पावन भारत टाइम्स,141297.0,UPHIN/2016/68742,PAWAN PANDEY,UP,FAIZABAD,D
UPHIN19108,AVADH MORCHA TIMES,nan,61905.0,61905/ 95,VIDYADEVI GUPTA,UP,FAIZABAD,D
UPURD05033,CITY TIMES,सिटी टाइम्स,132498.0,UPURD/2014/59943,M C I 5 MEDIA COMMUNICATION PVT. LTD,UP,FAIZABAD,D
UPHIN20786,SARYU TIMES,nan,58612.0,58612/ 94,ARIF HUSSAIN,UP,FAIZABAD,M
UPHIN50021,DAMAK TIMES,nan,,nan,SUNITA PANDEY,UP,FAIZABAD,W
UPHIN37520,FAIZABAD TIMES,फैजाबाद टाइम्स,100129.0,UPHIN/2008/27572,DEV BAKSH VERMA,UP,FAIZABAD,W
UPHIN45638,PAWAN BHARAT TIMES,पावन भारत टाइम्स,133709.0,UPHIN/2015/61154,PAWAN PANDEY,UP,FAIZABAD,W
UPHIN16676,SARYU TIMES,nan,56873.0,56873/ 92,ARIF HASSAN,UP,FAIZABAD,W
UPHIN46689,MAA SHEETLADHAM TIMES,माँ शीतला धाम टाइम्स,137698.0,UPHIN/2015/65143,MAHANT JAI PRAKASH DAS,UP,FAIZABAD,W
UPHIN46641,DHIRPUR TIMES,धीरपुर टाइम्‍स,146186.0,UPHIN/2015/73631,VISHNU NARAYAN DIXIT,UP,FARRUKHABAD,D
UPHIN49778,WHITERAYTIMES,nan,,nan,PRADEEP KUMAR,UP,FARRUKHABAD,W
UPHIN22940,VIKAS TIMES,nan,64207.0,64207/ 96,ANAND TIWARI,UP,FARUKHABAD,M
UPURD04576,BUSHRA TIMES,nan,113969.0,UPURD/2012/41412,MOHD. SIRAJ KHAN,UP,FATEHPUR,D
UPHIN40939,BUSHRA TIMES,बुशरा टाइम्स,105807.0,UPHIN/2010/33250,MOHD. SIRAJ KHAN,UP,FATEHPUR,D
UPHIN42207,PARIVARTAN TIMES,nan,111134.0,UPHIN/2011/38577,RAKESH KUMAR SINGH,UP,FATEHPUR,D
UPHIN47589,GOLDEN BHARAT TIMES,गोल्‍डन भारत टाइम्‍स,143779.0,UPHIN/2016/71224,DEVENDRA SINGH,UP,FATEHPUR,D
UPHIN03460,FATEHPUR TIMES,nan,20241.0,20241/ 70,VIJAY KUMAR SHUKLA,UP,FATEHPUR,D
UPHIN50086,UP FIGHT TIMES,यू पी फाइट टाइम्स,153066.0,UPHIN/2020/80511,SATISH KUMAR,UP,FATEHPUR,D
UPURD04175,PAIKAN TIMES,पैकान टाइम्स,101897.0,UPURD/2009/29340,SOHAIL AHMED SIDDIQUI,UP,FATEHPUR,D
UPHIN48105,DISHERA TIMES,दिशेरा टाइम्स,141415.0,UPHIN/2016/68860,RAJESH TRIVEDI,UP,FATEHPUR,D
UPHIN51481,SANJIVNI TIMES,nan,,nan,AFSANA BEGUM,UP,FATEHPUR,D
UPHIN47285,DEJI TIMES,डेजी टाइम्स,139339.0,UPHIN/2016/66784,ANWAR HUSSAIN,UP,FATEHPUR,D
UPHIN39419,ZAMAN TIMES,ज़मान टाइम्स,100847.0,UPHIN/2009/28290,NIGAR ZAHRA,UP,FATEHPUR,D
UPHIN47359,JEEVAN SURAKSHA TIMES,जीवन सुरक्षा टाइम्स,142073.0,UPHIN/2016/69518,KALI CHARAN SAHU,UP,FATEHPUR,D
UPHIN48503,VIRLA TIMES,विरला टाइम्‍स,145245.0,UPHIN/2017/72690,KAMAL SINGH,UP,FATEHPUR,D
UPHIN48930,TEJASVI TIMES,तेजस्वी टाइम्स,152058.0,UPHIN/2020/79503,DHIRENDRA SINGH,UP,FATEHPUR,M
UPHIN48930,TEJASVI TIMES,तेजस्वी टाइम्स,152058.0,UPHIN/2020/79503,DHIRENDRA SINGH,UP,FATEHPUR,M
UPHIN36704,TIMES OF UNIVERSE,टाइम्स ऑफ यूनिवर्स,100621.0,UPHIN/2008/28064,SURESH CHANDRA,UP,FATEHPUR,M
UPHIN45384,UP FIGHT TIMES,nan,131123.0,UPHIN/2014/58568,SATISH KUMAR,UP,FATEHPUR,W
UPURD04776,ZAMAN TIMES,जमन टाइम्स,129686.0,UPURD/2014/57131,NIGAR ZAHRA,UP,FATEHPUR,W
UPHIN41814,BHRIGU DHAM TIMES,nan,110781.0,UPHIN/2011/38224,SHAILENDRA BIHARI SHARAN,UP,FATEHPUR,W
UPHIN24451,AADESH TIMES,nan,69678.0,69678/ 97,SHRAVAN SRIVASTAVA,UP,FATEHPUR,W
UPURD04437,KHAGA TIMES,खागा टाइम्स,106376.0,UPURD/2010/33819,MOHD. AHSAAN FAROOQI,UP,FATEHPUR,W
UPENG04002,SHONAYA TIMES,शोनाया टाइम्स,134365.0,UPENG/2015/61810,SAURABH SINGH CHAUHAN,UP,FATEHPUR,W
UPHIN20481,MANOJ TIMES,nan,61617.0,61617/ 95,DR.N. N.MISHRA,UP,FATEHPUR,W
UPHIN48863,KHAJUHA TIMES,nan,,nan,DR. HARIHAR DUTT TIWARI,UP,FATEHPUR,W
UPURD04357,AAMNA TIMES,आमना टाइम्स,104147.0,UPURD/2010/31590,ABDUL BARI KHAN,UP,FATEHPUR,W
UPHIN40414,MADHUVAN TIMES,मधुवन टाइम्स,104789.0,UPHIN/2010/32232,MUSSAN KHAN,UP,FATEHPUR,W
UPHIN47753,NAITIK CHAKRAVARTI TIMES,नैतिक चक्रवर्ती टाइम्स,145537.0,UPHIN/2016/72982,DEENA NATH,UP,FATEHPUR,W
UPHIN42638,YARANA TIMES,nan,116157.0,UPHIN/2012/43600,MOHAMMAD AFSAR SIDDIQUI,UP,FATEHPUR,W
UPHIN45449,THE SNEH TIMES,द स्नेह टाइम्स,134158.0,UPHIN/2015/61603,RINA SINGH CHAUHAN,UP,FATEHPUR,W
UPHIN46414,VIRLA TIMES,विरला टाइम्स,137451.0,UPHIN/2015/64896,KAMAL SINGH,UP,FATEHPUR,W
UPHIN39628,BUSHRA TIMES,बुशरा टाइम्स,103780.0,UPHIN/2009/31223,MOHD. SIRAJ KHAN,UP,FATEHPUR,W
UPHIN43237,NIYAJI TIMES,nan,124679.0,UPHIN/2013/52124,SIRAJ AHMAD,UP,FATEHPUR,W
UPURD04979,DISHERA TIMES,दिशेरा टाइम्स,134861.0,UPURD/2015/62306,RAJESH TRIVEDI,UP,FATEHPUR,W
UPURD04239,ARYAVART TIMES,nan,69885.0,69885/ 97,ASHU KUMAR TIWARI,UP,FATEHPUR,W
UPHIN38217,JEALOUSY TIMES,जेल्सी टाइम्स,104467.0,UPHIN/2010/31910,AKHILESH KUMAR DIWEDI,UP,FATEHPUR,W
UPHIN26146,ARYAVART TIMES,nan,62171.0,62171/ 95,ASHU KUMAR TIWARI,UP,FATEHPUR,W
UPHIN18702,U.P.POLICE TIMES,nan,83201.0,UPHIN/2002/10644,MURARI SINGH TAPASWI,UP,FATEHPUR,W
UPHIN41635,VANDANA TIMES,nan,109187.0,UPHIN/2011/36630,GAURAV SINGH,UP,FATEHPUR,W
UPHIN42640,PRANSI TIMES,nan,118253.0,UPHIN/2012/45696,SARVESH KUMAR,UP,FATEHPUR,W
UPHIN46001,BRILLIANT TIMES,ब्रिलिएन्ट टाइम्स,136199.0,UPHIN/2015/63644,TAHIR HUSSAIN,UP,FATEHPUR,W
UPHIN39123,SARK TIMES,सार्क टाइम्स,104424.0,UPHIN/2009/31867,RAVIKANT,UP,FATEHPUR,W
UPURD05231,YARANA TIMES,याराना टाइम्स,139834.0,UPURD/2016/67279,MOHAMMAD AFSAR SIDDIQUI,UP,FATEHPUR,W
UPHIN40604,ANUSHKA TIMES,अनुष्का टाइम्स,108605.0,UPHIN/2010/36048,MANOJ KUMAR SHARMA,UP,FATEHPUR,W
UPHIN46784,SHRI RAMJANKI TIMES,श्री रामजानकी टाइम्स,142179.0,UPHIN/2015/69624,ABHISHEK KUMAR DWIVEDI,UP,FATEHPUR,W
UPHIN36910,ZAMAN TIMES,जमन टाइम्‍स,98503.0,UPHIN/2008/25946,NIGAR ZAHRA,UP,FATEHPUR,W
UPHIN00849,ANTARVED TIMES,nan,25135.0,25135/ 73,"(1) VIJAY KUMAR SHUKLA, (2) CHHEDA LAL PATHAK, (3) RADHEY SHYAM GUPTA",UP,FATEHPUR,W
UPHIN27315,SUHAG TIMES,सुहाग टाइम्‍स,63349.0,63349/ 96,USHA RANI,UP,FIROZABAD,D
UPHIN40686,JAI KARAULI MAA TIMES,जय करौली मां टाइम्स,104239.0,UPHIN/2010/31682,RENU GUPTA,UP,FIROZABAD,F
UPHIN17500,SUHAG TIMES,सुहाग टाइम्‍स,56661.0,56661/ 92,USHA RANI,UP,FIROZABAD,W
UPHIN36073,JAI KARAULI MAA TIMES,जय करौली मॉ टाइम्स,93999.0,UPHIN/2007/21442,RENU GUPTA,UP,FIROZABAD,W
UPHIN20086,PRABODHAK TIMES,nan,61397.0,61397/ 94,RAVINDER KUMAR VASHARNE,UP,FIROZABAD,W
UPHIN12574,VASHIST TIMES,nan,38874.0,38874/ 81,VAIDYA RAMESH CHANDRA VASHISHT,UP,FIROZABAD,W
UPHIN20584,ALOK TIMES,अलोक टाइम्स,61677.0,61677/ 95,UMAKANT PACHOURI,UP,FIROZABAD,W
UPBIL04601,HIDDEN TIMES,हिडन टाइम्स,137780.0,UPBIL/2015/65225,HIMANSHU GAURAV BAHUGUNA,UP,GAUTAM BUDDHA NAGAR,A
UPHIN47143,MUDGAL TIMES,मुद्गल टाइम्स,137889.0,UPHIN/2015/65334,ANUJ KUMAR SHARMA,UP,GAUTAM BUDDHA NAGAR,D
UPURD05345,NEWS TARANA TIMES,न्यूज़ तराना टाइम्स,142677.0,UPURD/2016/70122,HABIBUR RAHMAN,UP,GAUTAM BUDDHA NAGAR,D
UPHIN45688,E.N.C. TIMES,ईएनसी टाइम्स,134823.0,UPHIN/2015/62268,INDIA LEGAL PUBLISHERS PVT. LTD.,UP,GAUTAM BUDDHA NAGAR,D
UPHIN51574,FUTURE LINE TIMES,फ्यूचर लाइन टाईम्स,160228.0,UPHIN/2022/87673,FUTURE LINE TRUST,UP,GAUTAM BUDDHA NAGAR,D
UPHIN43269,CHANDRAHAR TIMES,nan,121378.0,UPHIN/2012/48823,RAJESH MISHRA,UP,GAUTAM BUDDHA NAGAR,D
UPHIN22169,SARJANA TIMES,सरंजना टाइम्‍स,68647.0,68647/ 98,JAGAT SINGH AWANA,UP,GAUTAM BUDDHA NAGAR,D
UPHIN46149,KANAK TIMES,कनक टाइम्स,133502.0,UPHIN/2014/60947,RAMVEER SINGH YADAV,UP,GAUTAM BUDDHA NAGAR,D
UPURD04890,SAFA TIMES,सफा टाईम्स,128149.0,UPURD/2014/55594,HABIBUR REHMAN,UP,GAUTAM BUDDHA NAGAR,D
UPURD04865,SHASTRI TIMES,शास्त्री टाइम्स,134510.0,UPURD/2014/61955,POOJA PUBLICATION,UP,GAUTAM BUDDHA NAGAR,D
UPHIN40969,TIMES NEWS,nan,123755.0,UPHIN/2012/51200,SANJAY SHARMA,UP,GAUTAM BUDDHA NAGAR,D
UPHIN43567,SHASTRI TIMES,nan,121638.0,UPHIN/2013/49083,POOJA PUBLICATIONS,UP,GAUTAM BUDDHA NAGAR,D
UPURD04875,SHASAN TIMES,शासन टाइम्स,134608.0,UPURD/2014/62053,SHASAN TIMES,UP,GAUTAM BUDDHA NAGAR,D
UPHIN50719,JANBHAWNA TIMES,जनभावना टाइम्स,157054.0,UPHIN/2023/84499,ADITYA VASHISTHA,UP,GAUTAM BUDDHA NAGAR,D
UPBIL04077,NORTH EAST WEST SOUTH TIMES,nan,125282.0,UPBIL/2013/52727,NARGIS AFLATOON,UP,GAUTAM BUDDHA NAGAR,M
UPBIL04966,IMPACT TIMES,इम्पैक्ट टाइम्स,146576.0,UPBIL/2017/74021,ANURADHA SRIVASTAVA,UP,GAUTAM BUDDHA NAGAR,M
UPHIN48694,NIRMANSHALA TIMES,निर्माणशाला टाइम्स,149230.0,UPHIN/2018/76675,SYED NAUSHAD MANZER,UP,GAUTAM BUDDHA NAGAR,M
UPHIN49488,THE WOMANIYA TIMES,द वुमनिया टाइम्स,154234.0,UPHIN/2021/81679,PREETI PANDEY,UP,GAUTAM BUDDHA NAGAR,M
UPENG04108,THE SALON SPA & FITNESS TIMES,nan,141619.0,UPENG/2016/69064,RAJ KUMAR SINGH,UP,GAUTAM BUDDHA NAGAR,M
UPBIL04053,TIMES OF FUTURE,nan,126000.0,UPBIL/2013/53445,NEELAM,UP,GAUTAM BUDDHA NAGAR,W
UPHIN39378,KANAK TIMES,nan,109350.0,UPHIN/2009/36793,RAMVEER SINGH YADAV,UP,GAUTAM BUDDHA NAGAR,W
UPHIN48311,FUTURE LINE TIMES,फ्यूचर लाइन टाईम्‍स,145474.0,UPHIN/2017/72919,FUTURE LINE TRUST,UP,GAUTAM BUDDHA NAGAR,W
UPHIN44763,VIRUPAKSH TIMES,विरूपाक्ष टाइम्स,127803.0,UPHIN/2014/55248,SUKHRAM SINGH,UP,GAUTAM BUDDHA NAGAR,W
UPENG02765,THE FUTURZ TIMES,nan,82604.0,UPENG/2002/10047,AJAY NARANG,UP,GAUTAM BUDDHA NAGAR,W
UPHIN38130,AFIFA TIMES,अफीफा टाइम्स,102030.0,UPHIN/2008/29473,IDRISH KHAN,UP,GAUTAM BUDDHA NAGAR,W
UPENG00891,NOIDA TIMES,nan,36382.0,36382/ 80,C.M. BARGOTA,UP,GAUTAM BUDDHA NAGAR,W
UPHIN30943,TANUL TIMES,nan,78868.0,UPHIN/2002/06311,SUNIL KUMAR,UP,GAUTAM BUDDHA NAGAR,W
UPBIL03166,ADVERTIMES WORLD,एडवरटाइम्‍स वर्ल्‍ड,90009.0,UPBIL/2004/17452,ASHWANI SAJAWAL,UP,GAUTAM BUDDHA NAGAR,W
UPHIN17763,CAPTAIN TIMES,nan,58360.0,58360/ 93,ANISA,UP,GAUTAM BUDDHA NAGAR,W
UPBIL03957,PACHAURI TIMES,nan,110720.0,UPBIL/2011/38163,ALOK PACHAURI,UP,GAUTAM BUDDHA NAGAR,W
UPHIN44105,SARNI TIMES,सरनी टाइम्स,127706.0,UPHIN/2013/55151,BOBY BHATI,UP,GAUTAM BUDDHA NAGAR,W
UPHIN45895,SREE TIMES,श्री टाइम्स,131968.0,UPHIN/2014/59413,SHRI MEDIA VENTURES PVT. LTD.,UP,GAUTAM BUDH NAGAR,D
UPHIN45959,AMIR KHUSRO TIMES,अमीर खुसरो टाइम्‍स,132642.0,UPHIN/2013/60087,SARWAR HUSSAIN,UP,GAUTAM BUDH NAGAR,W
UPHIN33686,ADHUNIK TIMES,आधुनिक टाइम्स,92009.0,UPHIN/2007/19452,M/S. ADHUNIK MEDIA PVT. LTD.,UP,GAUTAMBUDDH NAGAR,M
UPHIN35287,GREAT JEWAR TIMES,ग्रेट जेवर टाइम्स,92582.0,UPHIN/2007/20025,MUKESH KUMAR MASOOM,UP,GAUTAMBUDH NAGAR (NOIDA),M
UPHIN37061,GREAT JEWAR TIMES,ग्रेट जेवर टाइम्स,95096.0,UPHIN/2007/22539,MUKESH KUMAR MASOOM,UP,GAUTAMBUDH NAGAR (NOIDA),W
UPHIN20079,JAN JAGRAN TIMES,nan,61768.0,61768/ 95,VEENA BAGHEL,UP,GAZIABAD,W
UPBIL05173,KESARIYA TIMES,केसरिया टाइम्स,155130.0,UPBIL/2021/82575,ARJUN KUMAR,UP,GHAZIABAD,BM
UPENG04139,THE PULP AND PAPER TIMES,nan,141151.0,UPENG/2016/68596,ROHIT MITTAL,UP,GHAZIABAD,BM
UPHIN48714,NIWAN TIMES,निवाण टाइम्स,148250.0,UPHIN/2018/75695,KAPIL TYAGI,UP,GHAZIABAD,D
UPHIN50059,NAVGRAH TIMES,nan,,nan,SYED ALI MEHNDI,UP,GHAZIABAD,D
UPHIN46441,SAANVI TIMES,सानवी टाइम्स,135838.0,UPHIN/2015/63283,YOGESH KUMAR SHARMA,UP,GHAZIABAD,D
UPHIN41822,VIKAS TIMES,nan,109161.0,UPHIN/2011/36604,ANAND TIWARI,UP,GHAZIABAD,D
UPHIN44000,SHASTRI TIMES,nan,123014.0,UPHIN/2013/50459,POOJA PUBLICATION,UP,GHAZIABAD,D
UPHIN36962,SANKALP TIMES,संकल्प टाइम्स,96076.0,UPHIN/2007/23519,TAJINDER KAUR,UP,GHAZIABAD,D
UPHIN18573,GOPAL TIMES,nan,59545.0,59545/ 94,SUBHASH CHAND SHARMA,UP,GHAZIABAD,D
UPHIN46081,KATYAN TIMES,कात्यान टाइम्स,132960.0,UPHIN/2014/60405,PRADEEP KUMAR,UP,GHAZIABAD,D
UPHIN46083,NATIONAL PRESS TIMES,नेशनल प्रेस टाइम्स,137134.0,UPHIN/2015/64579,SUKHPAL SINGH,UP,GHAZIABAD,D
UPHIN44001,SAAMNA TIMES,सामना टाइम्स,129481.0,UPHIN/2013/56926,SHIV DARSHAN PRAKASHAN,UP,GHAZIABAD,D
UPENG03822,TIMES DAY,nan,120025.0,UPENG/2012/47468,MANISH SARAF,UP,GHAZIABAD,D
UPHIN28975,EVEREST TIMES,nan,72661.0,UPHIN/1998/00104,ANIL KUMAR SHARMA,UP,GHAZIABAD,D
UPHIN45314,SOCIAL MEDIA TIMES,सोशल मीडिया टाइम्स,130821.0,UPHIN/2014/58266,GANGA SHARAN SHARMA,UP,GHAZIABAD,D
UPHIN38697,SEARCH POL TIMES,nan,64157.0,64157/ 96,S. HASSAN,UP,GHAZIABAD,F
UPHIN13463,MUKUL TIMES,nan,51743.0,51743/ 91,MUKESH KUMAR,UP,GHAZIABAD,F
UPBIL03737,THE GAURSONS TIMES,द गौड़सन्स टाइम्स,102027.0,UPBIL/2009/29470,GAURSONS INDIA LIMITED,UP,GHAZIABAD,F
UPENG02762,SUN CITY TIMES,nan,78821.0,UPENG/2002/06264,ABHISHEK,UP,GHAZIABAD,F
UPHIN26010,A B TIMES,nan,40266.0,40266/ 83,M/S HOUSE OF A. B.,UP,GHAZIABAD,F
UPMUL00670,SUMERA TIMES,सुमेरा टाईम्स,149707.0,UPMUL/2017/77152,ATHAR KAMAL,UP,GHAZIABAD,F
UPHIN22487,SAYA TIMES,nan,68016.0,68016/ 97,DR. DINESH KUMAR,UP,GHAZIABAD,F
UPHIN09109,RAJNAGAR TIMES,nan,43134.0,43134/ 84,SUNIL SARAN,UP,GHAZIABAD,F
UPHIN18100,CITY POST TIMES,सिटी पोस्ट टाइम्स,58501.0,58501/ 94,KRISHAN DEEP PARKASH,UP,GHAZIABAD,F
UPENG03573,IMS TIMES,आईएमएस टाईम्स,105016.0,UPENG/2010/32459,INSTITUTE OF MANAGEMENT STUDIES,UP,GHAZIABAD,HY
UPENG04118,SELFIE TIMES,सेल्फ़ी टाइम्स,138952.0,UPENG/2016/66397,MOHAMMAD ANWARUL HUDA,UP,GHAZIABAD,M
UPBIL03897,GLOBAL PROPERTY TIMES,ग्लोबल प्रॉपर्टी टाइम्स,107653.0,UPBIL/2010/35096,SUDHIR JAIN,UP,GHAZIABAD,M
UPENG02602,PATEL TIMES,nan,77038.0,UPENG/2001/04481,KUSUM SACHAN,UP,GHAZIABAD,M
UPENG03738,ENTREPRENEUR TIMES,इंटरप्रेन्योर टाइम्स,116413.0,UPENG/2012/43856,HIMANSHU SHEKHAR PATRA,UP,GHAZIABAD,M
UPHIN27657,PATEL TIMES,nan,72383.0,72383/ 99,KUSUM SACHAN,UP,GHAZIABAD,M
UPHIN32385,BHARAT RATAN DR.AMBEDKAR TIMES,nan,84145.0,UPHIN/2003/11588,KRISHNA MURARI JATAV,UP,GHAZIABAD,M
UPHIN31402,SAI LEELA TIMES,nan,80703.0,UPHIN/2002/08146,POONAM CHANDNA,UP,GHAZIABAD,M
UPHIN26797,MAGNET TIMES,nan,36433.0,36433/ 80,DR. J. SINGH,UP,GHAZIABAD,M
UPHIN39291,FOUNDATION TIMES,फाउन्डेशन टाइम्स,104117.0,UPHIN/2010/31560,R.P. SAURAKHIA,UP,GHAZIABAD,M
UPBIL03366,CURRENT AFFAIRS LAW TIMES,करंट अफेयर्स लॉ टाइम्स,94219.0,UPBIL/2007/21662,MOHD. TAHIR HUSAIN,UP,GHAZIABAD,M
UPHIN33727,PRIYANKA TIMES,nan,87802.0,UPHIN/2005/15245,MR J NAVEEN,UP,GHAZIABAD,M
UPHIN33326,SAI BABA TIMES,सांई बाबा टाइम्‍स,90988.0,UPHIN/2005/18431,GOPAL KRISHAN CHANDNA,UP,GHAZIABAD,W
UPHIN03685,GANASALTA TIMES,nan,50975.0,50975/ 90,M. K. MALHOTRA,UP,GHAZIABAD,W
UPHIN42472,NIWAN TIMES,nan,114153.0,UPHIN/2012/41596,KAPIL TYAGI,UP,GHAZIABAD,W
UPHIN21278,RUHELA TIMES,nan,62455.0,62455/ 95,DHAN KUMAR RUHELA,UP,GHAZIABAD,W
UPHIN18496,PRADEEP TIMES,प्रदीप टाइम्स,57569.0,57569/ 93,RAM PAL SINGH,UP,GHAZIABAD,W
UPHIN27980,DALLO TIMES,nan,72032.0,72032/ 99,DR. RAJKUMAR CHAUDHARY,UP,GHAZIABAD,W
UPHIN31608,CLUE TIMES,nan,81266.0,UPHIN/2002/08709,SURENDRA KUMAR GUPTA,UP,GHAZIABAD,W
UPHIN34016,CHARCHA TIMES,चर्चा टाइम्‍स,97631.0,UPHIN/2006/25074,D.K.GAUTAM,UP,GHAZIABAD,W
UPHIN47548,NIDAR VANI TIMES,निडर वाणी टाइम्स,140310.0,UPHIN/2016/67755,VINOD KUMAR DIXIT,UP,GHAZIABAD,W
UPHIN44009,KATYAN TIMES,nan,123769.0,UPHIN/2013/51214,PRADEEP KUMAR,UP,GHAZIABAD,W
UPHIN42424,THE GLORIOUS PUBLIC TIMES,nan,130923.0,UPHIN/2014/58368,TANVEER CHAUDHARY,UP,GHAZIABAD,W
UPHIN21523,A V TIMES,एवी टाइम्स,62345.0,62345/ 95,MANJU GUPTA,UP,GHAZIABAD,W
UPHIN19315,AVLOKAN TIMES,nan,59727.0,59727/ 94,ATEESH CHAUDHARY,UP,GHAZIABAD,W
UPHIN25110,ALL INDIA TIMES,nan,68788.0,68788/ 98,SANJAY KUMAR,UP,GHAZIABAD,W
UPHIN37327,SUMIT TIMES,सुमित टाइम्स,100844.0,UPHIN/2008/28287,VINOD KUMAR VARMA,UP,GHAZIABAD,W
UPHIN03741,GHAZIABAD TIMES,nan,6939.0,6939/ 60,JAI PRAKASH GUPTA,UP,GHAZIABAD,W
UPHIN31893,LONI TIMES,nan,83577.0,UPHIN/2003/11020,MEENA RANI,UP,GHAZIABAD,W
UPHIN25799,BHARATIYA TOOFAN TIMES,nan,70913.0,70913/ 99,ARVIND KUMAR AKELA,UP,GHAZIABAD,W
UPHIN39020,MAHAGANGA TIMES,महागंगा टाईम्स,101712.0,UPHIN/2009/29155,RAKESH KUMAR VERMA,UP,GHAZIABAD,W
UPHIN50912,AMIR KHUSRO TIMES,अमीर खुसरो टाइम्स,157040.0,UPHIN/2021/84485,SARWAR HUSSAIN,UP,GHAZIABAD,W
UPHIN06361,LOKALOK TIMES,nan,51633.0,51633/ 90,SANJIV GAUD,UP,GHAZIABAD,W
UPHIN40708,PRANJAL TIMES,प्रांजल टाइम्स,105897.0,UPHIN/2010/33340,PRANJAL SHARMA,UP,GHAZIABAD,W
UPHIN22614,GAGAN TIMES,nan,64924.0,64924/ 96,SMT. SYAMALA SINGH,UP,GHAZIABAD,W
UPHIN25551,ANKASH TIMES,nan,70877.0,70877/ 98,SHAILESH KUMAR,UP,GHAZIABAD,W
UPHIN26334,CITI POST TIMES,सिटी पोस्ट टाइम्स,58347.0,58347/ 93,KRISHNADEEP PRAKASH,UP,GHAZIABAD,W
UPENG03824,YUDHISTHIR TIMES,युधिष्ठिर टाइम्स,137403.0,UPENG/2013/64848,SUSHANT THAKUR,UP,GHAZIABAD,W
UPENG02978,SAI LEELA TIMES,nan,86653.0,UPENG/2004/14096,POONAM CHANDNA,UP,GHAZIABAD,W
UPHIN03202,DO ALL TIMES,डू आल टाइम्स,64236.0,64236/ 92,MANOJ KUMAR BHATNAGAR,UP,GHAZIABAD,W
UPHIN20543,DHAULANA TIMES,nan,62843.0,62843/ 95,KRISHNAPAL SINGH TOMAR,UP,GHAZIABAD,W
UPHIN20242,YOGI TIMES,योगी टाइम्स,62242.0,62242/ 95,RASHTRIYA PURATAN YOG EVAM SAMMOHAN SANSTHAN,UP,GHAZIABAD,W
UPHIN21013,SARHIND TIMES,nan,62647.0,62647/ 95,DR. RAJENDRA CHAUDHARI,UP,GHAZIABAD,W
UPHIN24566,TANUL TIMES,nan,68556.0,68556/ 98,SUNIL KUMAR,UP,GHAZIABAD,W
UPBIL02599,SHRUM TIMES,श्रम टाइम्स,19359.0,19359/ 69,KRISHNA SWAMY,UP,GHAZIABAD,W
UPBIL03779,HND TIMES,HND TIMES,106524.0,UPBIL/2010/33967,AJAY YADAV,UP,GHAZIABAD,W
UPHIN19988,SEARCH POL TIMES,nan,59742.0,59742/ 94,S. HASSAN,UP,GHAZIABAD,W
UPHIN18715,EVREST TIMES,nan,58452.0,58452/ 94,ANIL KUMAR SHARMA,UP,GHAZIABAD,W
UPHIN28286,GARH PRAHARI TIMES,गढ़ प्रहरी टाइम्स,74043.0,UPHIN/1999/01486,BHUTESWAR P. SHARMA,UP,GHAZIABAD,W
UPHIN30540,HEADLINE TIMES,nan,78696.0,UPHIN/2002/06139,MEENAKSHI BANSAL,UP,GHAZIABAD,W
UPHIN48644,KALCHHINA TIMES,कलछीना टाइम्‍स,148725.0,UPHIN/2018/76170,MOHD. HASAN,UP,GHAZIABAD,W
UPHIN51398,BRIGHT SUN TIMES,nan,,nan,SYED ALI MEHNDI,UP,GHAZIABAD,W
UPHIN40585,MAA PARMESHWARI TIMES,माँ परमेश्वरी टाइम्स,105848.0,UPHIN/2010/33291,MANOJ KUMAR 'GOLA',UP,GHAZIABAD,W
UPHIN39025,JAINU TIMES,जैनू टाइम्स,104681.0,UPHIN/2009/32124,HARIOM GOYAL,UP,GHAZIABAD,W
UPHIN18116,RITU TIMES,nan,57500.0,57500/ 93,RITU SHARMA,UP,GHAZIABAD,W
UPHIN32839,IDEAS TIMES,nan,84816.0,UPHIN/2004/12259,RIYAJUDDIN,UP,GHAZIABAD,W
UPHIN37067,SARVOTTAM TIMES,सर्वोत्तम टाईम्स,96642.0,UPHIN/2008/24085,MUKESH AGRAWAL,UP,GHAZIABAD,W
UPHIN34291,GAUPATH TIMES,nan,88583.0,UPHIN/2005/16026,S. K. BHATT,UP,GHAZIABAD,W
UPHIN38665,BHAVYA ATMA TIMES,nan,62512.0,62512/ 94,JOSEPH NAVEEN,UP,GHAZIABAD,W
UPHIN42198,DIDARSHAH TIMES,दीदारशाह टाइम्‍स,131502.0,UPHIN/2012/58947,SAYED SEHJAD ALI,UP,GHAZIABAD,W
UPHIN48509,DEV MANAV TIMES,देव मानव टाइम्‍स,148873.0,UPHIN/2018/76318,SACHIN KUMAR,UP,GHAZIABAD,W
UPHIN18958,VISHAW ATMA TIMES,nan,59553.0,59553/ 94,SUSHIL GOYEL,UP,GHAZIABAD,W
UPHIN19334,NOIDA NEWS TIMES,nan,62706.0,62706/ 95,POOJA VERMA,UP,GHAZIABAD,W
UPHIN21511,YASHLOK TIMES,यशलोक टाइम्स,63602.0,63602/ 96,MANOJ JAIN PAPU,UP,GHAZIABAD,W
UPENG03572,UP INFOTIMES,यूपी इंफोटाइम्स,103274.0,UPENG/2010/30717,SUDEEP CHOWDHURY,UP,GHAZIABAD,W
UPHIN38636,NISHPAKSH PURWANCHAL TIMES,nan,58381.0,58381/ 93,MANJUSHRI,UP,GHAZIPUR,D
UPHIN18976,NISPAKSH POORVANCHAL TIMES,nan,66949.0,66949/ 96,MANJU SHREE,UP,GHAZIPUR,D
UPHIN24424,KAMSAAR TIMES,nan,70684.0,70684/ 97,RAJKUMAR SINGH,UP,GHAZIPUR,W
UPHIN03707,GHAZIPUR TIMES,nan,46053.0,46053/ 85,JANKBOYOG UPADIYA,UP,GHAZIPUR,W
UPHIN44240,AFTAB TIMES,nan,123954.0,UPHIN/2013/51399,MOHD FAROOQ KHAN,UP,GONDA,D
UPHIN46346,SANDAULI TIMES,संदौली टाइम्स,134698.0,UPHIN/2015/62143,VIKAS YADAV,UP,GONDA,D
UPHIN46760,YUGNAV TIMES,युगनव टाइम्स,136711.0,UPHIN/2015/64156,JATASHANKAR SINGH,UP,GONDA,D
UPHIN40699,AFTAB TIMES,आफताब टाइम्स,106854.0,UPHIN/2010/34297,MOHD. FAROOQ KHAN,UP,GONDA,F
UPHIN40697,PANCHSHEEL TIMES,nan,110187.0,UPHIN/2011/37630,RAMESH GAUTAM,UP,GONDA,W
UPHIN24734,JANREETI TIMES,nan,68329.0,68329/ 98,DINESH CHANDRA SRIVASTAVA,UP,GONDA,W
UPHIN21252,LOK PRIYA TIMES,nan,63794.0,63794/ 96,AVDHESH KUMAR MANAV,UP,GONDA,W
UPHIN39042,DHANI TIMES,धानी टाइम्स,105662.0,UPHIN/2009/33105,VINOD SINGH,UP,GONDA,W
UPHIN42741,YUGNAV TIMES,युगनव टाइम्स,122139.0,UPHIN/2013/49584,JATASHANKAR SINGH,UP,GONDA,W
UPHIN19206,TIMES OF CHETNA,nan,58472.0,58472/ 94,KRISHAN KUMAR GUPTA,UP,GONDA,W
UPHIN19205,DEVI PATAN TIMES,nan,61423.0,61423/ 94,BRIJESH KUMAR GUPTA,UP,GONDA,W
UPHIN06862,MANKAPUR TIMES,nan,51653.0,51653/ 89,MOHD. YUNUS KHAN,UP,GONDA,W
UPHIN47268,GONDA TIMES,गाेण्‍डा टाइम्‍स,148561.0,UPHIN/2017/76006,NAND KUMAR DUBEY,UP,GONDA,W
UPHIN19838,PARAKH TIMES,nan,61339.0,61339/ 94,DHARMENDER KUMAR,UP,GONDA,W
UPHIN38678,U P INDIA TIMES,nan,63088.0,63088/ 95,S. SRIVASTAVA,UP,GONDA,W
UPHIN37193,RASHTRA NAMAN TIMES,nan,110160.0,UPHIN/2009/37603,SHANKAR SAHAY MISHRA,UP,GONDA,W
UPURD02950,ADAB TIMES,nan,63495.0,63495/ 96,SMT. T.R. RIJVI,UP,GONDA,W
UPENG03962,ORIENTAL TIMES,ओरियन्टल टाइम्स,130665.0,UPENG/2014/58110,M. J. ANSARI,UP,GORAKHPUR,D
UPHIN44726,CITY TIMES,nan,126900.0,UPHIN/2013/54345,M C I 5 MEDIA COMMUNICATION PVT. LTD,UP,GORAKHPUR,D
UPHIN45907,BHAGWAT TIMES,भागवत टाइम्‍स,132093.0,UPHIN/2014/59538,KISMAT SIDDIQUE,UP,GORAKHPUR,D
UPHIN38194,GORAKHNATH TIMES,गोरखनाथ टाइम्‍स,98763.0,UPHIN/2008/26206,NAVRATAN LAL,UP,GORAKHPUR,D
UPHIN37875,GORAKHDHAM TIMES,गोरखधाम टाइम्‍स,98890.0,UPHIN/2008/26333,DINESH KUMAR JAISWAL,UP,GORAKHPUR,D
UPURD04867,CITY TIMES,nan,126918.0,UPURD/2013/54363,M C I 5 MEDIA COMMUNICATION PVT. LTD,UP,GORAKHPUR,D
UPHIN43256,JAN SANDESH TIMES,जन संदेश टाइम्स,118745.0,UPHIN/2012/46188,JAN SANDESH TIMES PVT. LTD.,UP,GORAKHPUR,D
UPHIN44725,CITY TIMES,nan,126898.0,UPHIN/2013/54343,M C I 5 MEDIA COMMUNICATION PVT. LTD,UP,GORAKHPUR,DE
UPHIN15018,AHAWAN CAMPUS TIMES,nan,57527.0,57527/ 93,ADESH SINGH,UP,GORAKHPUR,F
UPBIL04709,BORIK TIMES,nan,26627.0,26627/ 74,"M/S BORIK REMEDIES, RAIGANJ,",UP,GORAKHPUR,M
UPHIN43301,CHAURI CHAURA TIMES,nan,118904.0,UPHIN/2011/46347,RAMKRISHAN PATTOO,UP,GORAKHPUR,M
UPHIN32847,YOUTH TIMES,nan,85914.0,UPHIN/2004/13357,RAMENDRA PRATAP CHAND,UP,GORAKHPUR,M
UPHIN43118,AWARE TIMES,nan,121914.0,UPHIN/2013/49359,ASHISH KUMAR PANDEY,UP,GORAKHPUR,M
UPHIN08508,POORVI TIMES,nan,12545.0,12545/ 65,POORVI TIMES PRAKASHAN PVT LTD,UP,GORAKHPUR,TWW
UPHIN13916,GORAKHPUR TIMES,गोरखपुर टाइम्स,9930.0,9930/ 64,SANT KUMAR,UP,GORAKHPUR,W
UPHIN19843,GIDA TIMES,nan,62650.0,62650/ 95,RAMCHANDER GUPTA,UP,GORAKHPUR,W
UPHIN30296,CHAURI CHAURA TIMES,nan,78980.0,UPHIN/2001/06423,RAMKRISHAN PATTOO,UP,GORAKHPUR,W
UPHIN19122,RAPTI TIMES,nan,63740.0,63740/ 95,AMBE PRAKASHAN,UP,GORAKHPUR,W
UPHIN51169,LOCAL VOICE TIMES,nan,,UR,SHAREEF NAWAZ,UP,GORAKHPUR,W
UPHIN34654,ALKA TIMES,अलका टाइम्स,94672.0,UPHIN/2006/22115,RAJNI BHUSHAN SAHAY,UP,GORAKHPUR,W
UPHIN35705,GORAKHNATH TIMES,गोरखनाथ टाइम्स,96055.0,UPHIN/2008/23498,NAVRATAN LAL,UP,GORAKHPUR,W
UPHIN46666,APOORV TIMES,अपूर्व टाइम्स,147762.0,UPHIN/2015/75207,RAVI KUMAR GUPTA,UP,GORAKHPUR,W
UPHIN26788,LUMBANI TIMES,nan,69396.0,69396/ 98,RUPA TRIPATHI,UP,GORAKHPUR,W
UPHIN29022,GOODWILL TIMES,nan,74901.0,UPHIN/2000/02344,KHURSHID AHMAD,UP,GORAKHPUR,W
UPHIN40370,TECHNO VELOCITY TIMES,टेक्नो वेलोसिटी टाइम्स,104704.0,UPHIN/2010/32147,NITESH RAI,UP,GORAKHPUR,W
UPHIN38543,PADRONA TIMES,nan,43260.0,43260/ 85,CHANDRAVATI DEVI,UP,GORAKHPUR,W
UPHIN39943,GORAKHDHAM TIMES,गोरखधाम टाइम्स,101878.0,UPHIN/2009/29321,DINESH KUMAR JAISWAL,UP,GORAKHPUR,W
UPHIN19554,RAPTI NAGAR TIMES,nan,62599.0,62599/ 94,KANCHAN RANI,UP,GORAKHPUR,W
UPHIN43929,BHAGWAT TIMES,nan,126595.0,UPHIN/2013/54040,KISMAT SIDDIQUE,UP,GORAKHPUR,W
UPHIN51286,TOP TIMES,nan,,UR,MOHD NASEEM,UP,GORAKHPUR,W
UPHIN19080,NITYA TIMES,nan,64597.0,64597/ 96,JAI KARAN PRASAD,UP,GORAKHPUR,W
UPHIN51090,PURVA TIMES,nan,,UR,RAJESH SHARMA,UP,GORAKHPUR,W
UPHIN09034,REDICAL TIMES,रेडिकल टाइम्स,47954.0,47954/ 89,MANISH DUBEY,UP,HAMIRPUR,D
UPHIN50875,HAMIRPUR TIMES,nan,,nan,VISHVA BEER,UP,HAMIRPUR,M
UPHIN44640,NETWORK TIMES,नेटवर्क टाइम्स,135735.0,UPHIN/2014/63180,RAHUL NIGAM,UP,HAMIRPUR,M
UPENG04390,TIMESTECH BUZZ,nan,154141.0,UPENG/2021/81586,TIMESTECH PRINT MEDIA,UP,HAPUR,M
UPHIN44665,MARHABA TIMES,मरहबा टाइम्स,132183.0,UPHIN/2015/59628,MOHAMMAD NAIM PRINCE,UP,HAPUR,Q
UPHIN03158,DINESH TIMES,nan,35411.0,35411/ 79,DINESH KUMAR SINHAL,UP,HAPUR,W
UPHIN51187,VOCAL TIMES NEWS,nan,,UR,SAFIA NAIM,UP,HAPUR,W
UPHIN20413,RAJSHREE TIMES,nan,62010.0,62010/ 95,RAJESHWAR PRASAD TYAGI,UP,HAPUR,W
UPHIN40492,HARDOI TIMES,हरदोई टाइम्स,103576.0,UPHIN/2009/31019,KUSUM SINGH,UP,HARDOI,D
UPURD04534,PIHANI TIMES,nan,109684.0,UPURD/2010/37127,SMT.WASIM FATIMA ZA,UP,HARDOI,D
UPHIN50223,SARV SAMAJ TIMES,सर्व समाज टाइम्स,157889.0,UPHIN/2023/85334,KALEEM ULLAH FAROOQUI,UP,HARDOI,D
UPURD04849,ARIF TIMES,आरिफ टाइम्स,129873.0,UPURD/2014/57318,SHARMILI KHATOON,UP,HARDOI,D
UPHIN41907,PIHANI TIMES,nan,109710.0,UPHIN/2010/37153,SMT.WASIM FATIMA ZA,UP,HARDOI,D
UPHIN38276,MARIYAM TIMES,मरियम टाइम्स,99832.0,UPHIN/2008/27275,KALEEM ULLA FAROUKI,UP,HARDOI,D
UPHIN46893,SONI TIMES,सोनी टाइम्स,139291.0,UPHIN/2016/66736,PRADEEP SONI,UP,HARDOI,W
UPHIN50191,DHADKAN TIMES,धड़कन टाइम्‍स,156711.0,UPHIN/2023/84156,PRAMOD SINGH,UP,HARDOI,W
UPHIN50425,ANUREET TIMES,अनुरीत टाइम्स,158692.0,UPHIN/2023/86137,ANURAG GAUTAM,UP,HARDOI,W
UPHIN37996,BAGHAULI TIMES,बघौली टाइम्स,100518.0,UPHIN/2008/27961,JITENDRA KUMAR SINGH,UP,HARDOI,W
UPHIN19215,PIHANI TIMES,nan,58502.0,58502/ 94,WASIM FATIMA ZAIDI,UP,HARDOI,W
UPHIN49843,NOW EXPLORE TIMES,nan,,nan,SANDHYA SRIVASTAV,UP,HARDOI,W
UPHIN04146,HARDOI TIMES,हरदोई टाइम्‍स,58385.0,58385/ 92,KUSUM SINGH,UP,HARDOI,W
UPHIN24998,K.M.B. TIMES,nan,68562.0,68562/ 98,KRISHNA MURARI BAJPAI,UP,HARDOI,W
UPHIN28504,SATISH TIMES,nan,75041.0,UPHIN/1999/02484,SATISH GUPTA,UP,HARDOI,W
UPHIN00427,AKELA TIMES,nan,46273.0,46273/ 86,RAKESH KUMAR AKELA,UP,HARDOI,W
UPURD02659,PIHANI TIMES,nan,58436.0,58436/ 94,WASIM FATIMA ZAIDI,UP,HARDOI,W
UPHIN46769,CAPTURE TIMES,कैप्चर टाइम्स,147415.0,UPHIN/2015/74860,MOHD.ASHIF,UP,HARDOI,W
UPHIN29889,TANUL TIMES,तनुल टाइम्स,76378.0,UTTHIN/2000/03821,SUNIL KUMAR,UP,HARIDWAR,W
UPHIN25898,NARSAN TIMES,nan,71422.0,71422/ 99,SARITA DEVI,UP,HARIDWAR,W
UPHIN13791,LOK TIMES,nan,13665.0,13665/ 64,SHYAM GANDHI,UP,HATHRAS,D
UPHIN04315,HATHRAS TIMES,nan,15384.0,15384/ 62,SMT. BHAGWAN DEVI ARYA,UP,HATHRAS,D
UPHIN09594,RUPESH TIMES,nan,36337.0,36337/ 80,MITHLESH JAIN,UP,HATHRAS,W
UPHIN32565,LAPATA TIMES,nan,84544.0,UPHIN/2003/11987,MUNNI DEVI,UP,HATHRAS,W
UPHIN49879,TIMES OF MACHINE,nan,,nan,NISHBAT ULLA KHAN,UP,JALAUN,BM
UPURD05109,JOHAR TIMES,जोहर टाईम्‍स,138965.0,UPURD/2016/66410,KIFAYAT ULLAH KHAN,UP,JALAUN,D
UPHIN48514,ENTICE TIMES,इन्टाइस टाइम्स,149770.0,UPHIN/2018/77215,A MAJID ARMAN,UP,JALAUN,D
UPHIN26929,ORAI TIMES,उरई टाइम्स,15343.0,15343/ 68,DHEERAJ MAN SINGH,UP,JALAUN,D
UPHIN45216,LOKHIT TIMES,लोकहित टाइम्‍स,144464.0,UPHIN/2016/71909,SUDHIR KUMAR TRIPATHI,UP,JALAUN,D
UPHIN26728,KONCH TIMES,nan,15370.0,15370/ 68,MUKUNDI LAL AGARWAL,UP,JALAUN,W
UPHIN04805,JALAUN TIMES,जालौन टाइम्स,23463.0,23463/ 72,GANESH PRASAD CHATURVEDI,UP,JALAUN,W
UPHIN42130,URAI TIMES,उरई टाइम्स,116060.0,UPHIN/2012/43503,VIJAY KUMAR GUPTA,UP,JALAUN,W
UPHIN33794,PARATIMES,परा टाइम्‍स,91018.0,UPHIN/2005/18461,MADHUBALA TRIPATHI,UP,JALAUN/ ORAI,M
UPHIN39600,JASUSI VIDHAN TIMES,जासूसी विधान टाइम्स,101311.0,UPHIN/2009/28754,DEEPCHAND YADAV,UP,JAUNPUR,D
UPHIN44241,PREET TIMES,nan,124695.0,UPHIN/2010/52140,ARUN KUMAR,UP,JAUNPUR,D
UPHIN47530,MAJEET TIMES,मजीत टाइम्‍स,144469.0,UPHIN/2016/71914,ANIL KUMAR GAUTAM,UP,JAUNPUR,F
UPHIN48725,BATESHWAR TIMES,बटेश्वर टाइम्स,153137.0,UPHIN/2019/80582,AMIT KUMAR PANDEY,UP,JAUNPUR,M
UPBIL04617,EAST INDIA TIMES,ईस्ट इण्डिया टाइम्स,137571.0,UPBIL/2015/65016,PAWAN SHARMA,UP,JAUNPUR,W
UPHIN49142,GYAN UJALA TIMES,nan,,nan,MOHD IKBAL KHAN,UP,JAUNPUR,W
UPHIN46790,VIJAY PRATAP TIMES,विजय प्रताप टाइम्‍स,145986.0,UPHIN/2015/73431,VIJAY PRATAP INSTITUTE AND TECHNOLOGY AND WELFARE SOCIETY,UP,JAUNPUR,W
UPHIN37415,JASUSI VIDHAN TIMES,जासूसी विधान टाइम्‍स,98518.0,UPHIN/2008/25961,DEEPCHAND YADAV,UP,JAUNPUR,W
UPHIN46789,JAUNPUR DAILY TIMES,जौनपुर डेली टाइम्‍स,145987.0,UPHIN/2015/73432,24 U.P.NEWS DOT COM CHARITABLE TRUST,UP,JAUNPUR,W
UPHIN37697,PREET TIMES,प्रीत टाइम्žस,101634.0,UPHIN/2008/29077,ARUN KUMAR,UP,JAUNPUR,W
UPHIN34287,MACHHALI SHAHR TIMES,nan,19326.0,19326/ 69,DR. ANJANI NANDAN VERMA,UP,JAUNPUR,W
UPHIN13332,VIVEK TIMES,nan,56070.0,56070/ 92,MAHESH PRASAD AGARWAL,UP,JHANSI,D
UPHIN38954,BPN TIMES,nan,107823.0,UPHIN/2009/35266,B.S. BAGHEL,UP,JHANSI,D
UPHIN01950,BINDE TIMES,nan,58566.0,58566/ 94,BHARAT RAI,UP,JHANSI,D
UPHIN26462,GARH KUNDAR TIMES,nan,45992.0,45992/ 86,ASHOK KUMAR,UP,JHANSI,D
UPHIN43554,T.N.A.TIMES,nan,122636.0,UPHIN/2013/50081,OM PRAKASH,UP,JHANSI,D
UPHIN49001,LOKHIT TIMES,लोकहित टाइम्स,150753.0,UPHIN/2019/78198,SUDHIR KUMAR TRIPATHI,UP,JHANSI,D
UPHIN39792,D.L. TIMES,डी.एल. टाइम्स,104528.0,UPHIN/2010/31971,DEEPAK LIKHDHARI,UP,JHANSI,DE
UPENG02499,LAW TIMES,nan,26547.0,26547/ 74,RAJENDRA NR SAXENA,UP,JHANSI,M
UPHIN06269,LAW TIMES,nan,28610.0,28610/ 75,RAJENDRA NARAIN SAXENA,UP,JHANSI,M
UPHIN13442,KORA KAGAJ TIMES,nan,51773.0,51773/ 91,MOHD ISLAM,UP,JHANSI,W
UPHIN13571,BUNDELKHAND TIMES,बुंदेलखंड टाइम्स,4820.0,4820/ 59,KAILASH CHANDRA RICHHARIJ,UP,JHANSI,W
UPURD02660,KORA KAGAJ TIMES,nan,58377.0,58377/ 93,MOHD ISLAM,UP,JHANSI,W
UPHIN22408,JHANSI VIKALANG TIMES,झांसी विकलांग टाइम्स,64117.0,64117/ 96,NANNU KHAN,UP,JHANSI,W
UPHIN21860,RANI JHANSI TIMES,रानी झांसी टाइम्स,63127.0,63127/ 95,SAROJ VERMA,UP,JHANSI,W
UPHIN13475,PARSHAV SAGAR TIMES,nan,51127.0,51127/ 86,TRILOK CHAND JAIN,UP,JHANSI,W
UPHIN15032,JHANSI CITY TIMES,झांसी सिटी टाइम्स,54316.0,54316/ 91,HANIF KHAN BHARTI,UP,JHANSI,W
UPHIN44829,PASMANDA TIMES,पसमांदा टाइम्स,135155.0,UPHIN/2015/62600,SHER KHAN,UP,JHANSI,W
UPHIN24663,SAPTAHIK UDDESHYA TIMES,nan,68691.0,68691/ 98,MURARI LAL CHAURASIYA,UP,JHANSI,W
UPHIN29559,CURRENT MEDIA TIMES,nan,76490.0,UPHIN2001/03933,ASHOK SAXENA,UP,JHANSI,W
UPHIN51289,HIM VARSH TIMES,nan,,nan,MOHAMMAD IDREESH KHA,UP,JHANSI,W
UPHIN03623,GARH KUNDAR TIMES,nan,43323.0,43323/ 85,ASHOK KUMAR,UP,JHANSI,W
UPHIN37699,VEERANGANA TIMES,वीरांगना टाईम्žस,100099.0,UPHIN/2008/27542,AMIT MOHAN GOYAL,UP,JHANSI,W
UPHIN23701,VISHVA RAJDHANI TIMES,nan,67666.0,67666/ 97,KRISHNA GOPAL DWIVEDI,UP,JHANSI,W
UPHIN18253,MONTH TIMES,nan,59644.0,59644/ 93,ARVIND KUMAR DUBEY,UP,JHANSI,W
UPHIN22518,BHARAT PROBLEM TIMES,nan,64748.0,64748/ 96,GULAB SINGH CHAUHAN,UP,JHANSI,W
UPURD03187,RANI JHANSI TIMES,रानी झांसी टाइम्स,68152.0,68152/ 96,SAROJ VERMA,UP,JHANSI,W
UPHIN02560,CHIRGAON TIMES,nan,38740.0,38740/ 81,GOVIND RAM MUKHARIYA,UP,JHANSI,W
UPHIN51263,JAN DHAMAKA TIMES,जन धमाका टाइम्स,159670.0,UPHIN/2021/87115,JAI PRAKASH MISHRA,UP,JOUNPUR,D
UPHIN22036,JAN DHAMAKA TIMES,nan,63903.0,63903/ 96,JAI PRAKASH MISHRA,UP,JOUNPUR,W
UPHIN38919,GAJRAULA TIMES,गजरौला टाइम्स,100440.0,UPHIN/2009/27883,GURMUKH SINGH CHAHAL,UP,JYOTIBAFULENAGAR,W
UPHIN44830,SADBHAV TIMES,सद्‌भाव टाइम्स,129655.0,UPHIN/2014/57100,MD. SALIM FAROOQUI,UP,KANNAUJ,D
UPHIN05487,KANNAUJ TIMES,nan,15202.0,15202/ 67,KAMAL PRAKASH MISRA,UP,KANNAUJ,F
UPHIN33926,GANPATI TIMES,nan,88563.0,UPHIN/2005/16006,RAVI KUMAR DWIVEDI,UP,KANNAUJ,W
UPHIN38152,NEHA TIMES,नेहा टाइम्स,101380.0,UPHIN/2008/28823,MOHD. IMRAN KHAN,UP,KANNAUJ,W
UPHIN29271,DINAR TIMES,nan,74003.0,UPHIN/2000/01446,MANOJ KHARE,UP,KANPUR,D
UPENG01396,HINDUSTAN TIMES,हिंदुस्तान टाइम्स,2004.0,2004/ 57,THE HINDUSTAN TIMES LTD,UP,KANPUR,D
UPHIN50932,BHOLE NATH TIMES,भोलेनाथ टाइम्स,157418.0,UPHIN/2021/84863,SUNDER LAL YADAV,UP,KANPUR,D
UPHIN01681,BHARAT BHU TIMES,nan,50997.0,50997/ 90,PRADEEP SHUKLA,UP,KANPUR,D
UPHIN42859,JAN SANDESH TIMES,जन संदेश टाइम्स,115249.0,UPHIN/2011/42692,JAN SANDESH TIMES PVT. LTD.,UP,KANPUR,D
UPHIN13533,RAWAT TIMES,nan,51835.0,51835/ 91,ANANDESHWARI RAWAT,UP,KANPUR,F
UPHIN16570,NAVEEN ALPSANKHYAK TIMES,nan,56793.0,56793/ 92,SATYENDER,UP,KANPUR,F
UPURD02499,HASRAT URDU TIMES,nan,57490.0,57490/ 93,MAHE TILAT SIDDIQUI,UP,KANPUR,F
UPMUL00125,ROAD TRANSPORT TIMES,nan,40170.0,40170/ 81,L. D. BHATIA,UP,KANPUR,M
UPHIN01682,BHARAT BHU TIMES,nan,51007.0,51007/ 89,PRADEEP SHUKLA,UP,KANPUR,M
UPMUL00436,U P TRANSPORT TIMES,nan,19313.0,19313/ 67,UMMED MAL JAIN,UP,KANPUR,M
UPBIL01353,TALREJA TIMES,nan,62181.0,62181/ 95,PRAKASH KUMAR TALREJA,UP,KANPUR,Q
UPHIN15052,LALGANJ TIMES,nan,51902.0,51902/ 91,PUSHP LATA,UP,KANPUR,W
UPURD02515,GREEN WITCH TIMES,nan,56896.0,56896/ 93,MOHD. MOBIN,UP,KANPUR,W
UPURD03035,NIDA URDU TIMES,nan,64984.0,64984/ 96,MEERAJUDDIN,UP,KANPUR,W
UPHIN38577,VISHVAMITRA TIMES,nan,51868.0,51868/ 91,PT. GRAPHICS PVT. LTD.,UP,KANPUR,W
UPHIN09275,RAN SANGRAM TIMES,nan,51783.0,51783/ 91,SHAILENDRA,UP,KANPUR,W
UPHIN23800,NEEL RAJ TIMES,nan,66538.0,66538/ 97,NEELAM CHATURVEDI,UP,KANPUR,W
UPHIN34280,GWALTOLI TIMES,nan,26572.0,26572/ 74,NARENDRA KUMAR,UP,KANPUR,W
UPURD04208,JAJMAU TIMES,nan,56739.0,56739/ 92,ABDUL WAHEED,UP,KANPUR,W
UPHIN23182,BHAVYA BHAGIRATHI TIMES,nan,70464.0,70464/ 98,ASHOK KUMAR BAJPAYEE,UP,KANPUR,W
UPHIN28758,SISAMAU TIMES,nan,74415.0,UPHIN/2000/01858,VINOD KUMAR VAJPAYEE,UP,KANPUR,W
UPHIN26975,PORVAK TIMES,nan,56663.0,56663/ 92,NOT GIVEN,UP,KANPUR,W
UPURD03324,HASRAT URDU TIMES,nan,58512.0,58512/ 94,MAHE TIALAT SIDDIQUI,UP,KANPUR,W
UPHIN12631,VEERA TIMES,nan,51642.0,51642/ 90,AVADH KUMAR DWIVEDI,UP,KANPUR DEHAT,D
UPHIN27416,UNNAO TIMES,nan,64682.0,64682/ 96,SHAKUNTLA SHUKLA,UP,KANPUR DEHAT/ AKBARPUR,F
UPHIN43424,UDYOG NAGARI TIMES,nan,119777.0,UPHIN/2010/47220,FAISAL HAYAT,UP,KANPUR NAGAR,D
UPHIN50945,ARVAACHEEN TIMES,अर्वाचीन टाइम्‍स,157155.0,UPHIN/2023/84600,UMA DEVI,UP,KANPUR NAGAR,D
UPHIN50874,MATHURA KASHI TIMES,मथुरा काशी टाइम्स,159180.0,UPHIN/2023/86625,RAJ KUMARI,UP,KANPUR NAGAR,D
UPHIN46260,BAKSHI TIMES,बक्शी टाइम्स,136198.0,UPHIN/2015/63643,ANAM RASHEED,UP,KANPUR NAGAR,D
UPHIN48870,NAVBHARAT TIMES,नवभारत टाइम्स,150851.0,UPHIN/2019/78296,"BENNETT, COLEMAN AND COMPANY LIMITED",UP,KANPUR NAGAR,D
UPHIN37016,VIDHI TIMES,विधि टाइम्स,95739.0,UPHIN/2008/23182,RUPESH JAISWAL,UP,KANPUR NAGAR,D
UPHIN47233,SHASHWAT TIMES,शाश्वत टाइम्स,140075.0,UPHIN/2016/67520,MAMTA SHUKLA,UP,KANPUR NAGAR,D
UPENG03829,PROMPT TIMES,nan,120259.0,UPENG/2012/47702,SATYA DEV TIWARI,UP,KANPUR NAGAR,D
UPHIN45758,AYODHYA TIMES,अयोध्या टाइम्स,139839.0,UPHIN/2015/67284,BRAJESH KUMAR MOURYA,UP,KANPUR NAGAR,D
UPHIN45896,SREE TIMES,श्री टाइम्स,131969.0,UPHIN/2014/59414,SHRI MEDIA VENTURES PVT. LTD.,UP,KANPUR NAGAR,D
UPHIN50330,KULGAON TIMES,कुलगांव टाइम्‍स,156647.0,UPHIN/2022/84092,RAMAN SHUKLA,UP,KANPUR NAGAR,D
UPHIN05493,KANPUR GRAMEEN TIMES,कानपुर ग्रामीण टाइम्स,46005.0,46005/ 86,SHYAM SUDAR AWASTHI,UP,KANPUR NAGAR,D
UPBIL00081,ANNA TIMES,nan,47922.0,47922/ 88,BHARAT SINGH ANNA BHAIYA,UP,KANPUR NAGAR,D
UPHIN43566,JAGAT ANANDESHWAR TIMES,nan,123444.0,UPHIN/2013/50889,RAGHVENDRA SINGH CHAUHAN,UP,KANPUR NAGAR,D
UPHIN49657,THE BULLET TIMES,द बुलेट टाइम्स,152341.0,UPHIN/2020/79786,SABA GUFRAN,UP,KANPUR NAGAR,D
UPHIN44464,JANHIT MANVADHIKAR TIMES,जनहित मानवाधिकार टाइम्स,127710.0,UPHIN/2013/55155,PRADEEP KUMAR SRIVASTAV,UP,KANPUR NAGAR,F
UPHIN42352,SPECIAL TIMES,nan,126982.0,UPHIN/2012/54427,RUBY SRIVASTAVA,UP,KANPUR NAGAR,F
UPBIL04315,MAHAKALESHWAR TIMES,महाकालेश्वर टाइम्स,128247.0,UPBIL/2014/55692,VISHNU SHANKER TRIPATHI,UP,KANPUR NAGAR,F
UPHIN40865,JAYANTI TIMES,nan,107707.0,UPHIN/2010/35150,MANJU RAI,UP,KANPUR NAGAR,M
UPURD02684,FAISAL TIMES,nan,61681.0,61681/ 94,KHURSHEED JAHAN,UP,KANPUR NAGAR,M
UPBIL04967,TIMES AND SPACE,टाइम्‍स एंड स्‍पेस,146241.0,UPBIL/2017/73686,HIMANSHU SRIVASTAVA,UP,KANPUR NAGAR,M
UPHIN45341,JANHIT MANVADHIKAR TIMES,जनहित मानवाधिकार टाइम्स,133224.0,UPHIN/2014/60669,PRADEEP KUMAR SRIVASTAV,UP,KANPUR NAGAR,M
UPHIN38555,SANSKRITIK TIMES,nan,47845.0,47845/ 88,OMENDRA KUMAR,UP,KANPUR NAGAR,M
UPBIL04059,VIEW INDIA TIMES,nan,120111.0,UPBIL/2011/47554,RUPENDRA KUMAR,UP,KANPUR NAGAR,M
UPHIN45892,PRISM TIMES,प्रिज्य टाइम्स,133798.0,UPHIN/2015/61243,RAJKUMAR SHUKLA,UP,KANPUR NAGAR,M
UPHIN10756,SANSKRITIK TIMES,सांस्कृतिक टाइम्स,59584.0,59584/ 88,DR. OMENDRA KUMAR,UP,KANPUR NAGAR,M
UPHIN21368,SANSKRITIK TIMES,nan,62597.0,62597/ 95,NAUSHAD HUSSAIN SIDDIQI,UP,KANPUR NAGAR,M
UPHIN42093,INDIAN JOB TIMES,nan,112276.0,UPHIN/2011/39719,MURLI SINGH PARIHAR,UP,KANPUR NAGAR,W
UPHIN41083,HARSHIT TIMES,हर्षित टाइम्स,106192.0,UPHIN/2010/33635,VIKRAM MEHTA,UP,KANPUR NAGAR,W
UPHIN48446,MEERPUR TIMES,मीरपुर टाइम्स,147221.0,UPHIN/2017/74666,NIZAMUDDIN IDRISI,UP,KANPUR NAGAR,W
UPHIN40616,PRATIPAL TIMES,nan,110055.0,UPHIN/2010/37498,MANOJ KASHYP,UP,KANPUR NAGAR,W
UPHIN40172,ANTI CRIME TIMES,एंटी क्राइम टाइम्स,104703.0,UPHIN/2010/32146,AKHLAQ AHMAD,UP,KANPUR NAGAR,W
UPHIN42351,ANANDESHWAR TIMES,nan,113871.0,UPHIN/2011/41314,ARUN KUMAR,UP,KANPUR NAGAR,W
UPHIN31761,PHOTIFICATION TIMES,nan,83731.0,UPHIN/2003/11174,NEERAJ GUPTA,UP,KANPUR NAGAR,W
UPHIN48288,AMAR SAMVAD TIMES,अमर संवाद टाइम्स,148239.0,UPHIN/2017/75684,GIRISH KUMAR,UP,KANPUR NAGAR,W
UPHIN50254,BAWAN AVATAR TIMES,nan,156982.0,UPHIN/2022/84427,ANKUR GUPTA,UP,KANPUR NAGAR,W
UPHIN38683,BHARAT BHU TIMES,nan,63589.0,63589/ 91,PRADEEP SHUKLA,UP,KANPUR NAGAR,W
UPHIN46371,BITHOOR TIMES,बिठूर टाइम्स,140035.0,UPHIN/2015/67480,KALICHARAN DIXIT,UP,KANPUR NAGAR,W
UPHIN48873,KALYANPUR TIMES,कल्यानपुर टाइम्स,150724.0,UPHIN/2019/78169,VINAY KUMAR SINHA,UP,KANPUR NAGAR,W
UPHIN27797,PARIHAR TIMES MAIL,परिहार टाइम्स मेल,71305.0,71305/ 99,JAG MOHAN PARIHAR,UP,KANPUR NAGAR,W
UPHIN39951,UDYOG NAGARI TIMES,उद्योग नगरी टाइम्स,102911.0,UPHIN/2009/30354,FAISAL HAYAT,UP,KANPUR NAGAR,W
UPURD05203,MOHSIN TIMES,मोहसिन टाइम्स,138969.0,UPURD/2016/66414,MOHD. MOHSIN SIDDIQUI,UP,KANPUR NAGAR,W
UPHIN49883,DAILY MORNING TIMES,डेली मोर्निंग टाइम्स,157229.0,UPHIN/2021/84674,FARHA,UP,KANPUR NAGAR,W
UPHIN46747,SAMAY SANDESH TIMES,समय संदेश टाइम्स,137477.0,UPHIN/2015/64922,VIKAS JAIN,UP,KANPUR NAGAR,W
UPHIN46369,THE BULLET TIMES,द बुलेट टाइम्स,136555.0,UPHIN/2015/64000,SABA GUFRAN,UP,KANPUR NAGAR,W
UPBIL00320,ELECTRO HOMEO MEDICAL TIMES,nan,47928.0,47928/ 88,DR. V.KUMAR,UP,KANPUR NAGAR,W
UPBIL04392,AANKHEN TIMES,आँखे टाइम्स,134224.0,UPBIL/2014/61669,HARI BAHADUR SRIVASTAVA,UP,KANPUR NAGAR,W
UPHIN47185,UPSANHAR TIMES,उपसंहार टाइम्स,141746.0,UPHIN/2016/69191,SHIV PRASAD KUSHWAHA,UP,KANPUR NAGAR,W
UPHIN46200,BIGUL TIMES,बिगुल टाइम्स,137299.0,UPHIN/2015/64744,DEVENDRA SINGH BHADAURIA,UP,KANPUR NAGAR,W
UPHIN32470,BILHAUR TIMES,nan,85142.0,UPHIN/2003/12585,NASIM SIDDIQUI,UP,KANPUR NAGAR,W
UPHIN07849,NIRLEP TIMES,nan,48038.0,48038/ 89,DR. V. KUMAR,UP,KANPUR NAGAR,W
UPHIN48579,BAKSHI TIMES,बख्शी टाइम्स,146363.0,UPHIN/2017/73808,ANAM RASHEED,UP,KANPUR NAGAR,W
UPHIN04872,JAJ MAU TIMES,nan,47902.0,47902/ 88,SABEER ALI KHAN,UP,KANPUR NAGAR,W
UPHIN38278,VIDHI TIMES,विधि टाइम्‍स,98625.0,UPHIN/2008/26068,RUPESH JAISWAL,UP,KANPUR NAGAR,W
UPURD05085,CANTT TIMES,कैंट टाइम्स,136751.0,UPURD/2015/64196,NADEEM AHMAD ANSARI,UP,KANPUR NAGAR,W
UPHIN16804,KHULASA TIMES,nan,64767.0,64767/ 96,SUNIL KUMAR,UP,KANPUR NAGAR,W
UPHIN09166,RAJANI TIMES,nan,46118.0,46118/ 86,RAJNISH STRIVASTAVA,UP,KANPUR NAGAR,W
UPHIN26003,K.C.I.ECHO PEACE TIMES,nan,71932.0,71932/ 99,KRISHN CHANDRA,UP,KANPUR NAGAR,W
UPHIN32216,VISHWA TIMES SANDESH,विश्व टाइम्स संदेश,83313.0,UPHIN/2003/10756,DHANNAJAY KUMAR,UP,KANPUR NAGAR,W
UPHIN37894,OM TAPESHWARI TIMES,ओम तपेश्žवरी टाइम्žस,100077.0,UPHIN/2008/27520,GOPAL SINGH CHAUHAN,UP,KANPUR NAGAR,W
UPHIN50781,DESHAYAN TIMES,देशायन टाइम्स,157415.0,UPHIN/2023/84860,VIPIN SINGH,UP,KANPUR NAGAR,W
UPHIN40087,IMRAN TIMES,इमरान टाइम्स,103165.0,UPHIN/2009/30608,KHAN IMRAN BARQUI,UP,KANPUR NAGAR,W
UPHIN40453,DALIT JAGRAN TIMES,दलित जागरण टाइम्स,105941.0,UPHIN/2010/33384,DHEERAJ CHOWDHARY,UP,KANPUR NAGAR,W
UPHIN43310,GANGA GOMATI TIMES,nan,122789.0,UPHIN/2013/50234,MANISH TRIPATHI,UP,KANPUR NAGAR,W
UPHIN50119,ARVAACHEEN TIMES,अर्वाचीन टाइम्स,155635.0,UPHIN/2021/83080,UMA DEVI,UP,KANPUR NAGAR,W
UPHIN47232,UPDESH TIMES,उपदेश टाइम्स,140501.0,UPHIN/2016/67946,UMA SHANKAR TYAGI,UP,KANPUR NAGAR,W
UPHIN45027,RASHTRAGHOSH TIMES,राष्ट्रघोष टाइम्स,132657.0,UPHIN/2014/60102,AJAY KUMAR VAJPAYEE,UP,KANPUR NAGAR,W
UPHIN36012,HAMRA KANPUR TIMES,हमारा कानपुर टाइम्स,93932.0,UPHIN/2007/21375,VIKAS MISHRA,UP,KANPUR NAGAR,W
UPHIN43120,NINE ONE TIMES,nan,120877.0,UPHIN/2012/48321,VIRENDER KUMAR,UP,KANPUR NAGAR,W
UPHIN07562,NEUTRAL TIMES,nan,38899.0,38899/ 81,MAHAVIR SINGH VERMA,UP,KASGANJ,M
UPHIN27405,U P TIMES,nan,13510.0,13510/ 67,R. L. GUPTA,UP,KASGANJ,W
UPHIN43070,AMIR KHUSRO TIMES,nan,117787.0,UPHIN/2012/45230,SARWAR HUSSAIN,UP,KASHIRAM NAGAR,W
UPHIN31102,B.R.TIMES,nan,79863.0,UPHIN/2001/07306,BALRAM DIXIT,UP,KAUSHAMBI,W
UPHIN41853,SHUBHAM TIMES,nan,110730.0,UPHIN/2011/38173,AMBRISH SHARAN GUPT,UP,KHEERI,W
UPHIN42242,SAMAR TIMES,nan,122800.0,UPHIN/2012/50245,VINOD SINGH,UP,KHERI,W
UPHIN45344,TIMES OF PUBLICITY,टाइम्स ऑफ पब्लिसिटी,130121.0,UPHIN/2014/57566,MOHAN TRIVEDI,UP,KHERI,W
UPHIN42736,PRANTIYA SANDESH TIMES,प्रांतीय संदेश टाइम्स,122991.0,UPHIN/2012/50436,RAMESH CHANDRA SHUKLA,UP,KHERI,W
UPHIN40552,MEDIA TIMES LUCKNOW,nan,109331.0,UPHIN/2010/36774,ARMEEN ANSARI,UP,KHERI,W
UPHIN46604,TIMES OF SARITA,टाइम्स ऑफ सरिता,138115.0,UPHIN/2015/65560,SARITA RANI,UP,KHERI,W
UPHIN30757,NARESH TIMES,नरेश टाइम्स,80876.0,UPHIN/2002/08319,NARESH TIWARI,UP,KHIRI,W
UPHIN25328,SIDHUA TIMES,सिधुआ टाइम्स,69088.0,69088/ 98,PRADEEP GOYAL,UP,KUSHINAGAR,W
UPHIN44684,YADUVANSHI TIMES,यदुवंशी टाइम्स,129314.0,UPHIN/2014/56759,PARMESHWAR YADAV,UP,KUSHINAGAR,W
UPHIN40503,MATDATA TIMES,nan,109814.0,UPHIN/2011/37257,NARENDRA KUMAR VARMA,UP,KUSHINAGAR,W
UPHIN47294,VILLAGE FAST TIMES,विलेज फास्‍ट टाइम्‍स,141751.0,UPHIN/2016/69196,PUSHPA PANDEY,UP,KUSHINAGAR,W
UPHIN41196,TIMES OF KUSHINAGAR,nan,109352.0,UPHIN/2010/36795,AJAY KUMAR TRIPATHI,UP,KUSHINAGAR,W
UPHIN42432,DHARAMSHAMDA TIMES,nan,115625.0,UPHIN/2012/43068,MUNNA MISHRA,UP,KUSHINAGAR,W
UPHIN37059,YUGANDHAR TIMES,युगान्‍धर टाइम्‍स,98578.0,UPHIN/2008/26021,ARVIND KUMAR SRIVASTAVA,UP,KUSHINAGAR,W
UPHIN49359,SWAR MALA TIMES,स्वर माला टाइम्स,152350.0,UPHIN/2020/79795,KADIR ALI WARSI,UP,KUSHINAGAR,W
UPHIN42341,GAUTAM BUDDHA TIMES,गौतम बुद्ध टाइम्स,115807.0,UPHIN/2012/43250,SANJAY KUMAR SRIVASTAVA,UP,KUSHINAGAR,W
UPHIN37974,DAK TIMES,डाक टाइम्žस,100098.0,UPHIN/2008/27541,ANIRUDDH GUPTA,UP,KUSHINAGAR,W
UPHIN26459,GANJAR TIMES,nan,26608.0,26608/ 74,VINDESHWARI PD. RAIZADA,UP,LAKHIMPUR KHERI,F
UPHIN51021,HISTORY TIMES NEWS,nan,,nan,VIKASINI DEVI,UP,LAKHIMPUR KHERI,M
UPHIN11569,SHYAMANJLI TIMES,nan,57662.0,57662/ 92,SHYAM KR SHUKLA,UP,LAKHIMPUR KHERI,W
UPHIN24780,KANAK SHRUNGA TIMES,nan,68984.0,68984/ 98,SHASHI KANT RASTOGI,UP,LAKHIMPUR KHERI,W
UPHIN21254,INDO NEPAL TIMES,nan,62106.0,62106/ 95,CHANDRAPAL SINGH,UP,LAKHIMPUR KHERI,W
UPHIN49434,ABHIGYA TIMES,nan,,nan,DIWAKAR TRIVEDI,UP,LAKHIMPUR KHERI,W
UPHIN29389,SWAJAAG TIMES,nan,75366.0,UPHIN/2000/02809,VIKAS SHUKL,UP,LAKHIMPUR KHERI,W
UPHIN36926,NATRAJ TIMES,नटराज टाइम्स,102544.0,UPHIN/2008/29987,ASHOK SAXENA,UP,LAKHIMPUR KHERI,W
UPHIN05777,KHERI TIMES,nan,23496.0,23496/ 72,SHANTI SWAROOP TRIPATHI,UP,LAKHIPUR KHERI,W
UPHIN51441,UPALI TIMES,nan,,nan,MAHESH SEN,UP,LALITPUR,D
UPHIN43498,BHARAT GARH TIMES,nan,122140.0,UPHIN/2013/49585,SHASHI BHUSHAN SANGYA,UP,LALITPUR,F
UPHIN47098,GOLD SMITH TIMES,गोल्ड स्मिथ टाइम्स,140790.0,UPHIN/2016/68235,SHARAD KUMAR SONI,UP,LALITPUR,M
UPHIN49628,PITAMBARA TIMES,nan,,nan,KRISHNA KANT SONI,UP,LALITPUR,W
UPHIN35134,SHATRANG TIMES,शतरंग टाइम्स,96617.0,UPHIN/2006/24060,RAJENDRA AGNIHOTRI,UP,LALITPUR,W
UPHIN47379,DEVGARH TIMES,देवगढ़ टाईम्स,147283.0,UPHIN/2017/74728,ANANT KUMAR,UP,LALITPUR,W
UPHIN33621,ANORA TIMES,अनौरा टाइम्स,94351.0,UPHIN/2006/21794,ABHISHAK ANORA,UP,LALITPUR,W
UPHIN48131,HAZARIYA TIMES,हजारिया टाइम्‍स,144499.0,UPHIN/2017/71944,RAJKUMARI GOSWAMI,UP,LALITPUR,W
UPHIN50659,RANCHHOR TIMES,रणछोर टाइम्स,157559.0,UPHIN/2023/85004,VINAYKUMAR,UP,LALITPUR,W
UPHIN50076,MOTHER GARGI TIMES,मदर गार्गी टाइम्‍स,156633.0,UPHIN/2023/84078,SANJAY KUMAR MISHRA,UP,LUCKNOW,BM
UPBIL05038,KALINJAR TIMES,कालिंजर टाइम्स,152159.0,UPBIL/2021/79604,SADHNA GUPTA,UP,LUCKNOW,BM
UPHIN36220,AUDITION TIMES,ऑडिशन टाइम्स,97076.0,UPHIN/2008/24519,MAHESH GUPTA,UP,LUCKNOW,D
UPHIN45998,METRO NEWS KHABAR TIMES,मेट्रो न्यूज खबर टाइम्स,135703.0,UPHIN/2015/63148,ARVINDAM BHATTACHARYA,UP,LUCKNOW,D
UPHIN26913,NISHPKSH NAV SAMVAD TIMES,निष्पक्ष नव संवाद टाइम्स,57474.0,57474/ 93,PUJA SHRIVASTAVA,UP,LUCKNOW,D
UPENG03155,THE ECONOMIC TIMES,दि इकोनॉमिक टाइम्‍स,92630.0,UPENG/2006/20073,"BENNETT, COLEMAN & CO.LTD",UP,LUCKNOW,D
UPENG03831,KRAMSHRI TIMES,nan,126852.0,UPENG/2013/54297,RAMANAND SHASTRI,UP,LUCKNOW,D
UPHIN48185,OPERATION TIMES,आपरेशन टाइम्‍स,142402.0,UPHIN/2016/69847,HARSHIT LOCHAN TRIPATHI,UP,LUCKNOW,D
UPURD04294,SIYASAT MUDDA TIMES,सियासत मुददा टाइम्स,100429.0,UPURD/2009/27872,VIVEK AVASTHI,UP,LUCKNOW,D
UPHIN47325,CARE TIMES,केयर टाइम्स,139739.0,UPHIN/2016/67184,VINOD KUMAR YADAV,UP,LUCKNOW,D
UPHIN32222,KALBE ABID TIMES,nan,82413.0,UPHIN/2002/09856,SHASHILATA,UP,LUCKNOW,D
UPHIN46710,NIRVAN TIMES,निर्वाण टाइम्स,138038.0,UPHIN/2015/65483,NIRVAN PANDEY,UP,LUCKNOW,D
UPHIN45762,MONARCH TIMES,मोनार्क टाइम्स,134149.0,UPHIN/2015/61594,NITEESH KUMAR PRAJAPATI,UP,LUCKNOW,D
UPHIN45264,KRAMSHRI TIMES,कर्मश्री टाइम्स,129606.0,UPHIN/2014/57051,RAMANAND SHASTRI,UP,LUCKNOW,D
UPHIN45269,DIVYA SHAKTI TIMES,दिव्य शक्ति टाइम्स,128976.0,UPHIN/2014/56421,RAVI SRIVASTAVA,UP,LUCKNOW,D
UPHIN46576,TRUE TIMES,ट्रू टाइम्स,137251.0,UPHIN/2015/64696,AKHILESH PANDEY,UP,LUCKNOW,D
UPENG03957,PROGRESSIVE TIMES,प्रोग्रेसिव टाइम्स,131462.0,UPENG/2014/58907,HARSH PANDEY,UP,LUCKNOW,D
UPENG01704,HINDUSTAN TIMES,हिंदुस्तान टाइम्स,66165.0,66165/ 97,HT MEDIA LTD,UP,LUCKNOW,D
UPURD05020,MUKHALFAT TIMES,मुखालफत टाइम्स,134303.0,UPURD/2015/61748,ARCHANA TIWARI,UP,LUCKNOW,D
UPHIN41483,EUREKA TIMES,यूरेका टाइम्स,106947.0,UPHIN/2010/34390,RAM SINGH YADAV,UP,LUCKNOW,D
UPHIN41530,SINDHU TIMES,nan,111620.0,UPHIN/2010/39063,IMRAN HASAN SIDDIQUI,UP,LUCKNOW,D
UPHIN40529,NAV DURGA TIMES,नव दुर्गा टाइम्स,105482.0,UPHIN/2010/32925,SHIV KUMAR PANDEY,UP,LUCKNOW,D
UPURD05126,RUMI URDU TIMES,रूमी उर्दू टाइम्स,139248.0,UPURD/2016/66693,MOHD.ROOMI SIDDIQUI,UP,LUCKNOW,D
UPHIN40433,UTTAR PRADESH TIMES JADEED,उत्तर प्रदेश टाइम्स जदीद,103396.0,UPHIN/2010/30839,MUJIBUDDIN SIDDIQUI,UP,LUCKNOW,D
UPHIN42785,SHAKUN TIMES,nan,117843.0,UPHIN/2012/45286,RAJ KUMAR YADAV,UP,LUCKNOW,D
UPHIN50785,SHUDH VANI TIMES,nan,,UR,EESHA AWASTHI,UP,LUCKNOW,D
UPHIN50409,SALAM TIMES,सलाम टाइम्स,156857.0,UPHIN/2022/84302,SONAL YADAV,UP,LUCKNOW,D
UPHIN50837,ALEEZA TIMES,nan,,nan,NOORI KHAN,UP,LUCKNOW,D
UPHIN51613,JANBHAWNA TIMES,nan,,UR,ADITYA VASHISTHA,UP,LUCKNOW,D
UPHIN02632,VIVIECHNA TIMES,विवेचना टाइम्स,154707.0,UPHIN/2021/82152,GYAN DEVI,UP,LUCKNOW,D
UPHIN48130,PRATIBIMB TIMES,प्रतिबिम्ब टाइम्स,149288.0,UPHIN/2017/76733,NEHA KUMARI,UP,LUCKNOW,D
UPHIN45282,BIJAY RAJ TIMES,बिजयराज टाइम्स,133792.0,UPHIN/2015/61237,B.B. SINGH CHAUHAN,UP,LUCKNOW,D
UPHIN45589,YOUTHMANCH TIMES,युथमंच टाइम्स,130567.0,UPHIN/2014/58012,S. K. TRIVEDI,UP,LUCKNOW,D
UPHIN47611,PRATAP TIMES,प्रताप टाइम्‍स,141432.0,UPHIN/2016/68877,MAMTA SINGH,UP,LUCKNOW,D
UPHIN47633,INDRAVATI TIMES,इन्द्रावती टाइम्स,139633.0,UPHIN/2016/67078,PUSHPA RAY,UP,LUCKNOW,D
UPHIN47659,MUKUND TIMES,मुकुन्‍द टाइम्‍स,141735.0,UPHIN/2016/69180,GYAN PRAKASH DIXIT,UP,LUCKNOW,D
UPHIN32990,VARTMAN SAMAJVAD TIMES,nan,84855.0,UPHIN/2004/12298,RANJANA SHUKLA,UP,LUCKNOW,D
UPHIN44144,DILIP TIMES,nan,123437.0,UPHIN/2013/50882,VIKAS YADAV,UP,LUCKNOW,D
UPHIN40135,KANWHIZ TIMES,कैनविज टाइम्स,105155.0,UPHIN/2010/32598,RAKESH KUMAR PANDEY,UP,LUCKNOW,D
UPHIN50375,GARG TIMES,गर्ग टाइम्स,156867.0,UPHIN/2022/84312,HIMANSHU GARG,UP,LUCKNOW,D
UPHIN43968,SATARK TIMES,nan,122484.0,UPHIN/2013/49929,SIMMI SIDDIQUI,UP,LUCKNOW,D
UPURD04762,TIJARAT TIMES,तिजारत टाइम्स,125298.0,UPURD/2013/52743,ZEBA MEHDI,UP,LUCKNOW,D
UPURD04763,CHAK DE TIMES,nan,122638.0,UPURD/2013/50083,SAJID ALI KHAN,UP,LUCKNOW,D
UPURD04805,RIDA TIMES,nan,126477.0,UPURD/2013/53922,NASEEM ALIYA,UP,LUCKNOW,D
UPURD04827,TIMES DAY,nan,125953.0,UPURD/2013/53398,MANISH SARRAF,UP,LUCKNOW,D
UPHIN51494,ARISHA TIMES,nan,,nan,JAVED ALI SIDDIQUI,UP,LUCKNOW,D
UPHIN30679,AIM TIMES,nan,78361.0,UPHIN/2001/05804,ANAND SHUKLA,UP,LUCKNOW,D
UPHIN46706,MARIYAM TIMES,मरियम टाइम्स,136372.0,UPHIN/2015/63817,KALEEM ULLA FAROUKI,UP,LUCKNOW,D
UPHIN46779,HONEST TIMES,ऑनेस्ट टाइम्स,139886.0,UPHIN/2015/67331,MANISH SRIVASTAVA,UP,LUCKNOW,D
UPURD03820,SARDAR TIMES,सरदार टाईम्स,90400.0,UPURD/2005/17843,BUSHRA KHAN,UP,LUCKNOW,D
UPHIN40846,JAN SANDESH TIMES,जन संदेश टाइम्स,105302.0,UPHIN/2010/32745,JAN SANDESH TIMES PVT. LTD.,UP,LUCKNOW,D
UPHIN42179,SREE TIMES,nan,111483.0,UPHIN/2011/38926,SHRI MEDIA VENTURES PVT. LTD.,UP,LUCKNOW,D
UPHIN24112,A.K.G. TIMES,nan,68641.0,68641/ 98,A.K.MISHRA,UP,LUCKNOW,D
UPENG03766,THE AWAKENING TIMES,nan,120630.0,UPENG/2012/48074,RAEES AHMAD KHAN,UP,LUCKNOW,D
UPBIL03596,LUCKNOW TIMES,लखनऊ टाइम्स,95799.0,UPBIL/2008/23242,BAHAR INTERNATIONAL,UP,LUCKNOW,D
UPENG04028,TIMES OF MOVEMENT,टाइम्स ऑफ मूवमेन्ट,136155.0,UPENG/2015/63600,MOHD. WASEEM,UP,LUCKNOW,D
UPBIL04762,SANJARI TIMES,संजरी टाइम्स,139921.0,UPBIL/2016/67366,NIKHAT AFREEN,UP,LUCKNOW,D
UPBIL04300,UMRAI TIMES,उमराई टाइम्स,130123.0,UPBIL/2014/57568,SURYA BHANU SINGH,UP,LUCKNOW,D
UPENG02909,BRIJ TIMES,nan,83655.0,UPENG/2003/11098,AKSHAT AGARWAL,UP,LUCKNOW,D
UPENG03501,THE SHAHEER TIMES,द शहीद टाइम्स,104484.0,UPENG/2010/31927,SHAHNAZ HYDER,UP,LUCKNOW,D
UPSAN00109,MAHADEV TIMES,nan,,nan,RISHAB RAMANI,UP,LUCKNOW,D
UPHIN00741,YUG PRAVARTAK TIMES,युग प्रवर्तक टाइम्स,153362.0,UPHIN/2020/80807,JWALA PRASAD MISHRA,UP,LUCKNOW,D
UPHIN50217,SAHSIK TIMES,nan,,UR,BINDESHWRY PRASAD,UP,LUCKNOW,D
UPHIN50985,CHAYAL TIMES,चायल टाइम्स,157297.0,UPHIN/2022/84742,ASIF JAFRI VIKRAT,UP,LUCKNOW,D
UPHIN42052,STATE NEWS TIMES,nan,110898.0,UPHIN/2011/38341,MOHD. SHAHNAWAZ KHAN,UP,LUCKNOW,D
UPHIN50881,COMMONWHEEL TIMES,कॉमनवील टाइम्स,156952.0,UPHIN/2022/84397,SHASHI SHARMA,UP,LUCKNOW,D
UPHIN43233,RUCHI TIMES,nan,118578.0,UPHIN/2012/46021,PANKAJ KUMAR SRIVASTAVA,UP,LUCKNOW,D
UPHIN43255,RAMESHWARAM TIMES,nan,118744.0,UPHIN/2011/46187,S.P. SHUKLA,UP,LUCKNOW,D
UPHIN44973,SPECTRA TIMES,स्पेक्ट्रा टाइम्स,131726.0,UPHIN/2014/59171,ASHISH SINGH,UP,LUCKNOW,D
UPENG04507,AMERICAN TIMES,nan,,nan,JAMIL AHMAD,UP,LUCKNOW,D
UPHIN51270,AKHAND BHARAT TIMES,nan,,nan,DEVENDRA SINGH YADAV,UP,LUCKNOW,D
UPENG04459,URGENT TIMES,nan,159868.0,UPENG/2023/87313,ANITA CHANDRA,UP,LUCKNOW,D
UPHIN50811,PRAGATI VEER TIMES,प्रगति वीर टाइम्स,159113.0,UPHIN/2023/86558,GAURAV VERMA,UP,LUCKNOW,D
UPHIN39601,NISHPAKSH SAHARA TIMES,निष्पक्ष सहारा टाइम्स,101294.0,UPHIN/2009/28737,MOHANLAL MEHROTRA,UP,LUCKNOW,D
UPHIN37808,RASHTRIYA NAVAL TIMES,राष्‍टीय नवल टाइम्‍स,96939.0,UPHIN/2008/24382,NAVAL KISHORE TRIPATHI,UP,LUCKNOW,D
UPHIN38080,TIRTHRAJ TIMES,तीर्थराज टाइम्‍स,98160.0,UPHIN/2008/25603,G. P. TIWARI,UP,LUCKNOW,D
UPHIN38576,ANAND TIMES,nan,51854.0,51854/ 91,VIRENDRA SINGH ANAND,UP,LUCKNOW,D
UPHIN34448,PARIVARTAN TIMES,परिवर्तन टाइम्‍स,89748.0,UPHIN/2005/17191,RAKESH KUMAR SINGH,UP,LUCKNOW,D
UPHIN33068,MOTION TIMES,nan,86271.0,UPHIN/2004/13714,SHABANA,UP,LUCKNOW,D
UPHIN37657,MIRJAPUR TIMES,मिर्जापुर टाइम्स,96531.0,UPHIN/2008/23974,AJAY SHANKAR,UP,LUCKNOW,D
UPHIN36830,KABIR TIMES,कबीर टाइम्स,94596.0,UPHIN/2007/22039,M/S. MEDIA BOOK INDIA PVT. LTD.,UP,LUCKNOW,D
UPHIN48840,ITAUNJA TIMES,इटौंजा टाइम्स,158599.0,UPHIN/2019/86044,ARJUN JOURNALIST WELFARE ASSOCIATION,UP,LUCKNOW,D
UPENG03388,RAAHAT TIMES,राहत टाइम्स,97958.0,UPENG/2008/25401,M.C. SAXENA,UP,LUCKNOW,D
UPHIN36600,ADBHUT TIMES,अदभुत टाइम्स,93547.0,UPHIN/2007/20990,BHAGWAT SINGH BISHT,UP,LUCKNOW,D
UPHIN36601,NORTH INDIA TIMES,नार्थ इण्डिया टाइम्स,93505.0,UPHIN/2006/20948,MAMTA PRADEEP,UP,LUCKNOW,D
UPURD05125,ZOYA TIMES,जोया टाइम्स,141334.0,UPURD/2016/68779,MIRZA ARIF BEG,UP,LUCKNOW,D
UPURD04622,IRAM AL HUDA TIMES,nan,116279.0,UPURD/2012/43722,MOHD. JUNAID FAROOQUI,UP,LUCKNOW,D
UPURD04624,TABLIGH TIMES,nan,122161.0,UPURD/2012/49606,MEDIA BOOK INDIA PVT. LTD.,UP,LUCKNOW,D
UPURD04950,YAKJEHTI TIMES,यकजहती टाइम्स,135701.0,UPURD/2015/63146,SARDAR NAQI LAL,UP,LUCKNOW,D
UPHIN51511,AANJANEYAM TIMES,nan,,nan,VIVEK VERMA,UP,LUCKNOW,D
UPURD04245,LAXMAN PURI TIMES,लक्ष्मणपुरी टाइम्स,100559.0,UPURD/2009/28002,TARA VERMA,UP,LUCKNOW,D
UPHIN50828,THE TANPURA TIMES,द तानपुरा टाइम्स,159702.0,UPHIN/2023/87147,MANISH KUMAR PANDAY,UP,LUCKNOW,D
UPHIN37589,MAIHER TIMES,मैहर टाइम्‍स,99374.0,UPHIN/2008/26817,RAM PRAKASH VERMA,UP,LUCKNOW,D
UPHIN41769,SARVODAY TIMES,सर्वोदय टाइम्स,110845.0,UPHIN/2011/38288,ALOK KUMAR GUPTA,UP,LUCKNOW,D
UPHIN35567,NASRA TIMES,नसरा टाइम्स,92594.0,UPHIN/2007/20037,JAMIL AHMAD,UP,LUCKNOW,D
UPHIN39509,INDIA VOICE TIMES,इंडिया वाइस टाइम्स,103619.0,UPHIN/2010/31062,GEETA SINGH,UP,LUCKNOW,D
UPHIN37771,RASHTRIYA SUCHANA TIMES,राष्ट्रीय सूचना टाइम्स,100827.0,UPHIN/2008/28270,ARVIND PANDEY,UP,LUCKNOW,D
UPHIN43583,DEHRADUN TIMES,nan,121647.0,UPHIN/2013/49092,ANIL VERMA,UP,LUCKNOW,D
UPHIN42921,SUPRABHAT TIMES,nan,116293.0,UPHIN/2012/43736,REETA SINGH,UP,LUCKNOW,D
UPHIN42654,SWECHHA TIMES,स्वेच्छा टाइम्स,131932.0,UPHIN/2013/59377,ANOOP KUMAR SHARMA,UP,LUCKNOW,D
UPHIN44734,GANINATH TIMES,nan,126814.0,UPHIN/2013/54259,GOVIND PRASAD GUPTA,UP,LUCKNOW,D
UPHIN44617,RASHTRIYA SATYAMEWA TIMES,nan,128867.0,UPHIN/2013/56312,RAMANAND SHASTRI,UP,LUCKNOW,D
UPHIN43616,JAN JEEVAN TIMES,nan,124905.0,UPHIN/2013/52350,INDRA BHAN MISHRA,UP,LUCKNOW,D
UPHIN43996,NILAY TIMES,nan,122646.0,UPHIN/2013/50091,EKTA SHRIVASTAVA,UP,LUCKNOW,D
UPHIN45483,FOCUS TIMES,फोकस टाइम्स,130008.0,UPHIN/2014/57453,POONAM SINGH,UP,LUCKNOW,D
UPHIN24936,VISHWA VIJETA TIMES,विश्‍व विजेता टाइम्‍स,74247.0,UPHIN/1999/01690,VINEETA TOMAR,UP,LUCKNOW,D
UPENG03493,MANI TIMES,मनी टाइम्स,101182.0,UPENG/2009/28625,MANI SHANKER PANDEY,UP,LUCKNOW,D
UPENG03723,THE YAM TIMES,nan,118264.0,UPENG/2012/45707,MIR FIRASATH ALI BAQRI,UP,LUCKNOW,D
UPENG04449,COMMONWHEEL TIMES,कॉमनवील टाइम्‍स,156849.0,UPENG/2022/84294,SHASHI SHARMA,UP,LUCKNOW,D
UPHIN50843,NEXT INDIA TIMES DAILY NEWSPAPER,नेक्स्ट इंडिया टाइम्स डेली न्यूजपेपर,156582.0,UPHIN/2021/84027,NEXT INDIA PRIVATE LIMITED,UP,LUCKNOW,D
UPURD04582,ARSH TIMES,nan,119828.0,UPURD/2012/47271,SYED VIQAR MEHDI RIZVI,UP,LUCKNOW,D
UPURD05051,SALAM TIMES,सलाम टाइम्स,133082.0,UPURD/2014/60527,SONAL YADAV,UP,LUCKNOW,D
UPHIN46582,ANWARUL TIMES,अनवारूल टाइम्‍स,137214.0,UPHIN/2015/64659,MOHMAD ANWARUL HAQ,UP,LUCKNOW,D
UPHIN45001,BHOLE NATH TIMES,भोलेनाथ टाइम्स,130357.0,UPHIN/2014/57802,SUNDER LAL YADAV,UP,LUCKNOW,D
UPHIN35663,RAHAT TIMES,राहत टाइम्स,94922.0,UPHIN/2007/22365,DR. M.C. SAXENA,UP,LUCKNOW,D
UPBIL04705,VISHWAVANI TIMES,विश्ववाणी टाइम्स,137609.0,UPBIL/2015/65054,RAMANAND SHASTRI,UP,LUCKNOW,D
UPBIL04904,THE TIMES OF LEGEND,nan,142372.0,UPBIL/2016/69817,NEERAJ KUMAR KANOJIA,UP,LUCKNOW,D
UPHIN19549,DADARI SAMACHAR TIMES,nan,59784.0,59784/ 94,DEENA NATH GUPTA,UP,LUCKNOW,D
UPENG03847,BAREILLY TIMES OF INDIA,nan,145577.0,UPENG/2015/73022,"BENNETT, COLEMAN & CO.LTD",UP,LUCKNOW,D
UPENG03892,TIMES DAY,nan,124524.0,UPENG/2013/51969,MANISH SARAF,UP,LUCKNOW,D
UPENG03759,PROMPT TIMES,nan,116014.0,UPENG/2012/43457,SATYA DEV TIWARI,UP,LUCKNOW,D
UPHIN43317,PATHSHALA TIMES,nan,119001.0,UPHIN/2012/46444,PANKAJ AGNIHOTRI,UP,LUCKNOW,D
UPHIN47965,6AM NEWSTIMES,6 एएम न्यूज टाइम्स,147856.0,UPHIN/2017/75301,ANJALI YADAV,UP,LUCKNOW,D
UPHIN32805,UDYAMI RAJDHANI TIMES,nan,84372.0,UPHIN/2003/11815,SURESH KRISHAN,UP,LUCKNOW,D
UPHIN45755,TOSS TIMES,टास टाइम्स,133148.0,UPHIN/2014/60593,OMKAR TIWARI,UP,LUCKNOW,D
UPURD04040,RAHAT TIMES,राहत टाइम्‍स,97959.0,UPURD/2008/25402,M.C. SAXENA,UP,LUCKNOW,D
UPHIN51299,PUBLIC NEWS TIMES,पब्लिक न्यूज़ टाइम्स,158648.0,UPHIN/2019/86093,KUSHAL SINGH,UP,LUCKNOW,D
UPHIN51025,NAVDOOT TIMES,नवदूत टाइम्‍स,159558.0,UPHIN/2023/87003,SANTOSH SHUKLA,UP,LUCKNOW,D
UPHIN50928,SHRIMAD TIMES,nan,,UR,DEVENDRA SINGH YADAV,UP,LUCKNOW,D
UPHIN50655,GURUTVA TIMES,गुरूत्वा टाइम्स,159110.0,UPHIN/2023/86555,GAURAV VERMA,UP,LUCKNOW,D
UPHIN34193,WAHEED BHARAT TIMES,वहीद भारत टाइम्स,88072.0,UPHIN/2005/15515,ARIF MUQEEM,UP,LUCKNOW,D
UPHIN32145,SUMAN SARITA TIMES,सुमन सरिता टाइम्स,82848.0,UPHIN/2003/10291,SMT. ASHA KOL,UP,LUCKNOW,D
UPHIN36766,HUSAINI TIMES,हुसैनी टाइम्स,94035.0,UPHIN/2007/21478,NAZAR MEHANDI,UP,LUCKNOW,D
UPHIN45328,LOC TIMES,एल ओ सी टाइम्स,133404.0,UPHIN/2015/60849,DINESH KUMAR MISHRA,UP,LUCKNOW,D
UPHIN45132,DISHA TIMES,दिशा टाइम्स,128455.0,UPHIN/2014/55900,SUNITA GUPTA,UP,LUCKNOW,D
UPURD04327,AMERICAN TIMES,अमेरिकन टाइम्स,102400.0,UPURD/2009/29843,JAMIL AHMAD,UP,LUCKNOW,D
UPURD03957,MIRZAPUR TIMES,मिर्जापुर टाइम्स,96059.0,UPURD/2008/23502,AJAY SHANKAR,UP,LUCKNOW,D
UPURD04060,ADAB TIMES,अदब टाइम्स,95838.0,UPURD/2008/23281,SMT. T.R. RIJVI,UP,LUCKNOW,D
UPHIN47165,DEEPRAJ TIMES,दीपराज टाइम्स,138108.0,UPHIN/2015/65553,KRIPASHANKAR AWASTHI,UP,LUCKNOW,D
UPHIN47597,THE UNITY TIMES,द यूनिटी टाइम्स,150428.0,UPHIN/2016/77873,YAMUNA PRASAD PANDEY,UP,LUCKNOW,D
UPHIN47757,WRITERS TIMES,रायटर्स टाइम्स,150962.0,UPHIN/2019/78407,MUKESH KUMAR SHRIVASTAVA,UP,LUCKNOW,D
UPHIN37235,UNITECH TIMES,यूनिटेक टाइम्स,97041.0,UPHIN/2008/24484,AMIT KUMAR BAJPAI,UP,LUCKNOW,D
UPHIN39726,SHAN TIMES,शान टाइम्स,102841.0,UPHIN/2009/30284,J.B.S.MASS COMMUNICATION,UP,LUCKNOW,D
UPURD04783,NAZISH TIMES,nan,124594.0,UPURD/2013/52039,KAMRAN ASAD,UP,LUCKNOW,D
UPHIN27679,CITY TIMES,nan,74958.0,UPHIN/1999/02401,M C I 5 MEDIA COMMUNICATION PVT. LTD,UP,LUCKNOW,D
UPHIN37714,LAXMAN PURI TIMES,लक्ष्मणपुरी टाइम्स,96566.0,UPHIN/2007/24009,TARA VARMA,UP,LUCKNOW,D
UPHIN37750,JAN NEWS TIMES,nan,98862.0,UPHIN/2008/26305,UMESH SINGH,UP,LUCKNOW,D
UPENG04014,RAJWADA TIMES,रजवाड़ा टाइम्‍स,144662.0,UPENG/2016/72107,B.B.SINGH CHAUHAN,UP,LUCKNOW,D
UPHIN42771,KANWHIZ TIMES,nan,114620.0,UPHIN/2012/42063,RAKESH KUMAR PANDEY,UP,LUCKNOW,D
UPHIN49798,PROGRESSIVE TIMES,प्रोग्रेसिव टाइम्स,154497.0,UPHIN/2021/81942,HARSH PANDEY,UP,LUCKNOW,D
UPHIN43440,MUDRA TIMES,मुद्रा टाइम्स,133701.0,UPHIN/2014/61146,M/S V.M.T. MEDIA,UP,LUCKNOW,D
UPHIN43728,JAN UPKAR TIMES,nan,124055.0,UPHIN/2013/51500,VINOD KUMAR SHUKLA,UP,LUCKNOW,D
UPHIN44041,PRADESH RAKSHAK TIMES,प्रदेश रक्षक टाइम्स,122891.0,UPHIN/2013/50336,LAL BABU GIRI,UP,LUCKNOW,D
UPHIN44219,MUDGAL TIMES,nan,126130.0,UPHIN/2012/53575,ANUJ KUMAR SHARMA,UP,LUCKNOW,D
UPHIN50997,GREENWAY TIMES,nan,,nan,DHARMENDRA ARYA,UP,LUCKNOW,D
UPHIN50906,CITIZEN TIMES,सिटीजन टाइम्स,156955.0,UPHIN/2022/84400,YOGESH KUMAR,UP,LUCKNOW,D
UPHIN50691,SHIRDI TIMES,शिरडी टाइम्स,156887.0,UPHIN/2023/84332,SRI PRAKASH VISHWAKARMA,UP,LUCKNOW,D
UPHIN49041,DEJI TIMES,डेजी टाइम्स,150918.0,UPHIN/2018/78363,ANWAR HUSSAIN,UP,LUCKNOW,D
UPHIN46352,DILKUSHA TIMES,दिलकुशा टाइम्स,137405.0,UPHIN/2015/64850,SAMEER SINGH,UP,LUCKNOW,D
UPHIN35622,SCHOLAR TIMES,स्‍कालर टाइम्‍स,90851.0,UPHIN/2006/18294,AJAY BHALLA,UP,LUCKNOW,D
UPHIN45081,NATIONAL DETECTIVE TIMES,नेशनल डिटेक्टिव टाइम्स,128329.0,UPHIN/2014/55774,SHIV KUMAR PANDEY,UP,LUCKNOW,D
UPHIN47087,THE CLASSICAL TIMES,द क्लासिकल टाइम्स,140629.0,UPHIN/2016/68074,SARITA KUSHWAHA,UP,LUCKNOW,D
UPHIN33298,PRADHAN TIMES,nan,85378.0,UPHIN/2004/12821,SUBHASH SHARMA,UP,LUCKNOW,D
UPHIN24999,KUBER TIMES,nan,67115.0,67115/ 97,M/S KUBER MEDIA LTD.,UP,LUCKNOW,D
UPHIN11935,TARUN TIMES,nan,35463.0,35463/ 79,YOGESH KUMAR YOGIRAJAN,UP,LUCKNOW,D
UPURD05058,LEADER TIMES,लीडर टाइम्स,136279.0,UPURD/2015/63724,SHAHID ABBAS,UP,LUCKNOW,D
UPURD04671,NAVED TIMES,nan,121295.0,UPURD/2013/48740,SHIV BAHADUR SINGH,UP,LUCKNOW,D
UPHIN45802,THE ACHIEVER TIMES,द अचीवर टाइम्स,133457.0,UPHIN/2015/60902,VIVEK SRIVASTAVA,UP,LUCKNOW,D
UPHIN45905,SHUBHANJALI TIMES,शुभांजलि टाइम्‍स,132033.0,UPHIN/2014/59478,ATUL KUMAR MISHRA,UP,LUCKNOW,D
UPHIN41469,DASTAK TIMES,nan,110349.0,UPHIN/2010/37792,RAM KUMAR SINGH,UP,LUCKNOW,D
UPHIN44557,PRABHUSATTA TIMES,प्रभुसत्ता टाइम्स,128392.0,UPHIN/2014/55837,UMESH CHANDRA KHARWAR,UP,LUCKNOW,D
UPENG04157,PRAJATANTRA TIMES,प्रजातंत्र टाइम्žस,142038.0,UPENG/2016/69483,YOGESH BAJPAI,UP,LUCKNOW,D
UPENG02747,LUCKNOW TIMES OF INDIA,लखनऊ टाइम्स ऑफ़ इंडिया,78510.0,UPENG/2002/05853,"BENNETT, COLEMAN & CO.LTD",UP,LUCKNOW,D
UPHIN19394,HIRA TIMES,nan,58389.0,58389/ 93,SUBHASH CHANDRA,UP,LUCKNOW,D
UPHIN50488,DIGNITY TIMES,nan,,nan,AMRISH SHUKLA,UP,LUCKNOW,D
UPHIN40432,SHAH TIMES,शाह टाइम्स,104020.0,UPHIN/2009/31463,M/S SHAH PUBLICATION,UP,LUCKNOW,D
UPHIN40134,USHA TENDER TIMES,उषा टेंडर टाइम्स,102520.0,UPHIN/2009/29963,USHA VERMA,UP,LUCKNOW,D
UPHIN44423,SANDAULI TIMES,nan,126771.0,UPHIN/2013/54216,VIKAS YADAV,UP,LUCKNOW,D
UPHIN46634,DIYA TIMES,दिया टाइम्स,136023.0,UPHIN/2015/63468,RAJENDRA KUMAR YADAV,UP,LUCKNOW,D
UPHIN46688,PRABAL TIMES,प्रबल टाइम्स,136313.0,UPHIN/2015/63758,KRISHAN KUMAR SRIVASTAVA,UP,LUCKNOW,D
UPHIN45485,PRIME TIMES,प्राईम टाईम्‍स,130021.0,UPHIN/2014/57466,MAHIMA PANDEY,UP,LUCKNOW,D
UPHIN38863,SHAURYA TIMES,शौर्य टाइम्स,102512.0,UPHIN/2009/29955,ARCHANA SHUKLA,UP,LUCKNOW,D
UPHIN35360,SARHAD TIMES,सरहद टाइम्‍स,91001.0,UPHIN/2005/18444,FATIMA SIDDIQUI,UP,LUCKNOW,D
UPHIN42836,ARJIT TIMES,nan,121374.0,UPHIN/2012/48819,ABHA SINGH,UP,LUCKNOW,D
UPHIN18957,TULIKA TIMES,nan,62259.0,62259/ 94,SUMITRA SRIVASTAVA,UP,LUCKNOW,D
UPENG03442,CALL OF TIMES,कॉल ऑफ टाइम्स,101151.0,UPENG/2009/28594,SYED AKHTARUL MULK,UP,LUCKNOW,D
UPENG03845,AGRA TIMES,आगरा टाइम्स,135952.0,UPENG/2015/63397,"BENNETT, COLEMAN & CO.LTD",UP,LUCKNOW,D
UPENG03849,MEERUT TIMES OF INDIA,मेरठ टाइम्स ऑफ़ इंडिया,134897.0,UPENG/2015/62342,"BENNETT, COLEMAN & CO.LTD",UP,LUCKNOW,D
UPHIN51558,RASHTRIYA LOKMAT TIMES,राष्ट्रीय लोकमत टाइम्स,160397.0,UPHIN/2022/87842,MOHAMMAD IQBAL,UP,LUCKNOW,D
UPENG04479,SALAM TIMES,nan,,nan,SONAL YADAV,UP,LUCKNOW,D
UPHIN50492,RUDRA TIMES,nan,,nan,SNEH LATA,UP,LUCKNOW,D
UPHIN48948,RIDA TIMES,रिदा टाइम्स,151946.0,UPHIN/2020/79391,NASEEM ALIYA,UP,LUCKNOW,D
UPHIN49240,GOVARDHAN TIMES,गोवर्धन टाइम्स,153652.0,UPHIN/2021/81097,MANOJ KUMAR DUBEY,UP,LUCKNOW,D
UPHIN49588,PRAKHAR MIMANSA TIMES,nan,156856.0,UPHIN/2021/84301,JAGESHWARI DWIVEDI,UP,LUCKNOW,D
UPHIN50242,SHIZA TIMES,शिज़ा टाइम्स,155952.0,UPHIN/2022/83397,ASIFA,UP,LUCKNOW,D
UPURD03955,HUSAINI TIMES,हुसैनी टाइम्स,94051.0,UPURD/2007/21494,NAZAR MEHANDI,UP,LUCKNOW,D
UPURD03962,CITY TIMES,nan,96537.0,UPURD/2008/23980,M C I 5 MEDIA COMMUNICATION PVT. LTD,UP,LUCKNOW,D
UPURD05478,QISMAT TIMES,किस्मत टाइम्स,156180.0,UPURD/2022/83625,SANTOSH SHUKLA,UP,LUCKNOW,D
UPHIN02665,TIMES OF SARITA,टाइम्स ऑफ सरिता,155404.0,UPHIN/2019/82849,SARITA RANI,UP,LUCKNOW,D
UPHIN50524,SAJJAD TIMES,सज्जाद टाइम्स,155608.0,UPHIN/2022/83053,JAMAL MIRZA,UP,LUCKNOW,D
UPHIN36204,WAHEED BHARAT TIMES,वहीद भारत टाइम्स,92782.0,UPHIN/2006/20225,ARIF MUQEEM,UP,LUCKNOW,DE
UPHIN36643,CITY TIMES,सिटी टाइम्स,93674.0,UPHIN/2007/21117,M C I 5 MEDIA COMMUNICATION PVT. LTD,UP,LUCKNOW,DE
UPHIN49528,SUNO TIMES,सुनो टाइम्स,158353.0,UPHIN/2021/85798,VIJAY SEN YADAV,UP,LUCKNOW,DE
UPHIN14912,URJA TIMES,ऊर्जा टाइम्स,54301.0,54301/ 91,AARTI TRIPATHI,UP,LUCKNOW,DE
UPENG02284,THE TIMES OF INDIA,द टाइम्स ऑफ़ इंडिया,40361.0,40361/ 83,"BENNETT, COLEMAN & CO. LTD.",UP,LUCKNOW,DS
UPENG03689,ARABIAN TIMES,अरेबियन टाइम्‍स,144725.0,UPENG/2016/72170,MOHAMMAD TARIQUE SALEEM,UP,LUCKNOW,F
UPHIN18121,NEW GLEYAR TIMES,न्यू ग्लेयर टाइम्स,58373.0,58373/ 93,HIMANSU BHATNAGAR,UP,LUCKNOW,F
UPBIL03377,MIRACLE TIMES,मिराइकल टाइम्स,93588.0,UPBIL/2007/21031,MOHD. JAFAR KHAN,UP,LUCKNOW,F
UPHIN38855,MINORITY TIMES,माइनारिटी टाइम्स,101139.0,UPHIN/2009/28582,ABDUL HALIM,UP,LUCKNOW,F
UPHIN43836,FOCUS TIMES,nan,125809.0,UPHIN/2013/53254,POONAM SINGH,UP,LUCKNOW,F
UPBIL04835,NEWS TIMES POST,nan,,UR,SAURABH MISHRA,UP,LUCKNOW,F
UPHIN20325,DHANGAURAV TIMES,nan,62586.0,62586/ 95,VIJAY KUMAR DIXIT,UP,LUCKNOW,F
UPHIN30606,SANGHMITRA TIMES,nan,80532.0,UPHIN/2002/07975,SUJIT KUMAR SINGH,UP,LUCKNOW,F
UPHIN33080,AVIRAL TIMES,nan,86408.0,UPHIN/2004/13851,VINOD TANDAN,UP,LUCKNOW,F
UPURD04041,PRADESH MUDDA TIMES,प्रदेश मुददा टाइम्स,97949.0,UPURD/2008/25392,MOHD. WASEEM,UP,LUCKNOW,F
UPHIN51291,RASHTRIYA LOKSATTA TIMES,nan,,UR,MOHAMMAD IQBAL,UP,LUCKNOW,F
UPENG04278,NEWS TIMES POST,न्यूज टाइम्स पोस्ट,144482.0,UPENG/2016/71927,SAURABH MISHRA,UP,LUCKNOW,F
UPHIN16948,KALBE ABID TIMES,nan,51671.0,51671/ 89,SHASHILATA,UP,LUCKNOW,F
UPHIN31222,VIKENDRIT SATTA TIMES,nan,80823.0,UPHIN/2002/08266,SUNIL SINGH,UP,LUCKNOW,F
UPHIN48425,NEWS TIMES POST,न्‍यूज टाइम्‍स पोस्‍ट,144480.0,UPHIN/2016/71925,SAURABH MISHRA,UP,LUCKNOW,F
UPHIN43511,DIVYA SHAKTI TIMES,nan,122854.0,UPHIN/2013/50299,RAVI SRIVASTAVA,UP,LUCKNOW,F
UPHIN49259,RASHTRIYA LOKMAT TIMES,राष्ट्रीय लोकमत टाइम्स,153340.0,UPHIN/2020/80785,MOHAMMAD IQBAL,UP,LUCKNOW,F
UPHIN50280,INGITA TIMES,इंगिता टाइम्स,156746.0,UPHIN/2023/84191,RAJESH KUMAR GUPTA,UP,LUCKNOW,F
UPHIN17736,MAA SHAKTI ARCHANA TIMES,nan,57554.0,57554/ 93,KEDAR NATH,UP,LUCKNOW,F
UPHIN17989,SWATANTRA SANKALP TIMES,स्वतंत्र संकल्प टाइम्स,63877.0,63877/ 93,NIDHI SRIVASTAVA,UP,LUCKNOW,F
UPHIN21227,RASHTRIYA EKIKARAN TIMES,nan,68479.0,68479/ 97,LEELAWATI PAL,UP,LUCKNOW,F
UPHIN36229,INDIA CITYZEN TIMES,इंडिया सिटीजन टाइम्स,96649.0,UPHIN/2008/24092,MOHD. WASEEM,UP,LUCKNOW,F
UPHIN25507,SUYASH AANAND TIMES,nan,70764.0,70764/ 99,RAMANAND SHASTRI,UP,LUCKNOW,F
UPBIL02017,NISHPAKSH RAJDHANI TIMES,nan,59701.0,59701/ 94,YASIR BARNI,UP,LUCKNOW,F
UPURD03866,LABOUR LARI TIMES,लेबर लारी टाइम्स,95367.0,UPURD/2007/22810,ASANGATHIT MAZDOOR,UP,LUCKNOW,F
UPHIN44676,KUSHAGRA TIMES,कुशाग्र टाइम्स,131993.0,UPHIN/2014/59438,SHRAD NIGAM,UP,LUCKNOW,F
UPHIN38701,MAYA SAMACHAR TIMES BUREAU,nan,64265.0,64265/ 94,K.R. VINOD,UP,LUCKNOW,F
UPHIN24518,SURYANCHAL TIMES,nan,66979.0,66979/ 97,AJAY DIXIT,UP,LUCKNOW,F
UPHIN50958,CITIZEN TIMES,nan,157099.0,UPHIN/2022/84544,YOGESH KUMAR,UP,LUCKNOW,F
UPHIN17754,HUSAINI TIMES,nan,55904.0,55904/ 92,NAZAR MEHANDI,UP,LUCKNOW,F
UPHIN31061,VIDHATA TIMES,nan,81863.0,UPHIN/2002/09306,WASIM FATIMA ZAIDI,UP,LUCKNOW,F
UPHIN18359,UDIT TIMES,nan,62681.0,62681/ 93,MANOJ KUMAR SHARMA,UP,LUCKNOW,F
UPHIN41221,UDBHAV TIMES,उदभव टाइम्स,106978.0,UPHIN/2010/34421,ANAMIKA MISHRA,UP,LUCKNOW,F
UPHIN20654,MA SHAKTI VINDHYA TIMES,nan,63514.0,63514/ 95,SARASWATI VERMA,UP,LUCKNOW,F
UPBIL02014,NISHPAKSH RAJDHANI TIMES,nan,59702.0,59702/ 94,YASIR BARNI,UP,LUCKNOW,F
UPHIN15183,RASHTRIYA ANUPAM TIMES,nan,56680.0,56680/ 92,JAMIL AHMAD,UP,LUCKNOW,F
UPHIN50769,VIKENDRIT TIMES,विकेन्‍द्रित टाइम्‍स,160744.0,UPHIN/2023/88189,SUNIL SINGH,UP,LUCKNOW,F
UPHIN22976,SUMAN SARITA TIMES,सुमन सरिता टाइम्स,65895.0,65895/ 96,ASHA KOUL,UP,LUCKNOW,F
UPHIN31798,NANDMAHAR TIMES,nan,82687.0,UPHIN/2003/10130,UPENDRA VERMA,UP,LUCKNOW,F
UPHIN40220,DIVAM TIMES,दिवम टाइम्स,102839.0,UPHIN/2009/30282,MAMTA SINGH,UP,LUCKNOW,F
UPHIN32123,NEW ERA TIMES,nan,86021.0,UPHIN/2004/13464,SARVJEET SINGH CHAUHAN,UP,LUCKNOW,F
UPHIN39861,GANINATH TIMES,गणिनाथ टाइम्स,105473.0,UPHIN/2010/32916,GOVIND PRASAD GUPTA,UP,LUCKNOW,F
UPHIN30276,ODIYAN TIMES,nan,79063.0,UPHIN/2002/06506,SAVITRI DEVI,UP,LUCKNOW,F
UPHIN35931,CITY TIMES,nan,92074.0,UPHIN/2006/19517,M C I 5 MEDIA COMMUNICATION PVT. LTD,UP,LUCKNOW,F
UPHIN32753,LABOUR LARI TIMES,nan,87360.0,UPHIN/2005/14803,ASANGATHIT MAZDOOR MORCHA UNION,UP,LUCKNOW,F
UPHIN44130,KUSUM TIMES,nan,126014.0,UPHIN/2013/53459,ANIL KUMAR SINGH,UP,LUCKNOW,M
UPHIN43622,JANODAYA TIMES,जनोदय टाइम्स,132113.0,UPHIN/2014/59558,R.D. BAJPAI,UP,LUCKNOW,M
UPHIN43635,EUREKA TIMES,nan,120677.0,UPHIN/2012/48121,RAM SINGH YADAV,UP,LUCKNOW,M
UPHIN32619,GRAMIN HARYALI TIMES,nan,83439.0,UPHIN/2003/10882,PYARE LAL,UP,LUCKNOW,M
UPHIN46258,SHATRANG TIMES,शतरंग टाइम्‍स,137149.0,UPHIN/2014/64594,RAJENDRA AGNIHOTRI,UP,LUCKNOW,M
UPHIN48339,DIYA TIMES,दिया टाइम्‍स,143309.0,UPHIN/2016/70754,RAJENDRA KUMAR YADAV,UP,LUCKNOW,M
UPBIL04807,THE TIMES OF LEGEND,द टाइम्स ऑफ़ लेजेंड,140445.0,UPBIL/2016/67890,NEERAJ KUMAR KANOJIA,UP,LUCKNOW,M
UPENG01250,TRUEMAN'S TIMES,nan,19205.0,19205/ 69,MANOHAR SINGH ARORA,UP,LUCKNOW,M
UPENG00710,LIFE AND TIMES,nan,40252.0,40252/ 83,ARVIND SINGH BISHT,UP,LUCKNOW,M
UPHIN42588,THE HARMAT TIMES,nan,126662.0,UPHIN/2013/54107,AJAY KHANNA,UP,LUCKNOW,M
UPHIN47852,MANASVI TIMES,मानस्‍वी टाइम्‍स,143095.0,UPHIN/2016/70540,SHALINI SINGH,UP,LUCKNOW,M
UPHIN43106,ARSHAN TIMES,अरशान टाइम्स,120313.0,UPHIN/2012/47756,SYED AKHTAR ALI NAQVI,UP,LUCKNOW,M
UPHIN50919,RISHI TIMES,nan,,UR,KIRAN BHARTI,UP,LUCKNOW,M
UPHIN50462,RAM MURTI TIMES,राम मूर्ति टाइम्स,156570.0,UPHIN/2022/84015,RAJU KUMAR YADAV,UP,LUCKNOW,M
UPHIN51579,PUBLIC NEWS TIMES,पब्लिक न्यूज़ टाइम्स,160310.0,UPHIN/2022/87755,KUSHAL SINGH,UP,LUCKNOW,M
UPHIN50379,SAHAJ TIMES,सहज टाइम्स,156552.0,UPHIN/2022/83997,ASHUTOSH MISHRA,UP,LUCKNOW,M
UPHIN42889,PRIME TIMES,nan,115541.0,UPHIN/2012/42984,MAHIMA PANDEY,UP,LUCKNOW,M
UPHIN42965,DIVAM TIMES,nan,116779.0,UPHIN/2012/44222,MAMTA SINGH,UP,LUCKNOW,M
UPHIN51432,SAJAG PRABHAT TIMES,nan,,nan,VINEET RAJAN SRIVASTAVA,UP,LUCKNOW,M
UPHIN22357,BAHUJAN YOUTH TIMES,nan,66501.0,66501/ 97,ANURADHA,UP,LUCKNOW,M
UPENG00077,ALL INDIA TAX LAW TIMES,nan,33026.0,33026/ 78,H.R. PUBLICATIONS,UP,LUCKNOW,M
UPHIN45786,BUSINESS TIMES,बिज़नेस टाइम्स,131527.0,UPHIN/2014/58972,MAYANK DUBEY,UP,LUCKNOW,M
UPHIN43784,ANTRIKSH TIMES,nan,124381.0,UPHIN/2013/51826,RAJESHWARI RANA,UP,LUCKNOW,M
UPHIN26897,NCC RAJYA KARAMCHARI TIMES,nan,43161.0,43161/ 84,"UP NCC CLAN III STATE EMPLOYEES UNION, LUCKNOW",UP,LUCKNOW,M
UPHIN30815,FAMOUS TIMES,nan,80480.0,UPHIN/2002/07923,MANOJ CHANDANI,UP,LUCKNOW,M
UPHIN34425,BHARATIYA SUBHASH TIMES,nan,88596.0,UPHIN/2005/16039,ARVIND PRATAP SINGH,UP,LUCKNOW,M
UPHIN31727,CITY TIMES,nan,80916.0,UPHIN/2002/08359,M C I 5 MEDIA COMMUNICATION PVT. LTD,UP,LUCKNOW,M
UPHIN51066,GAON JAWAR TIMES,nan,,nan,JITENDRA KUMAR SINGH,UP,LUCKNOW,M
UPHIN21876,VENUS SAMACHAR TIMES,वीनस समाचार टाइम्स,69889.0,69889/ 96,INDRESH KUMAR SHUKLA,UP,LUCKNOW,M
UPHIN34335,DASTAK TIMES,दस्तक टाइम्स,94162.0,UPHIN/2006/21605,RAM KUMAR SINGH,UP,LUCKNOW,M
UPHIN51235,SRISHTI NIRMAN TIMES,nan,,UR,MANNU GUPTA,UP,LUCKNOW,M
UPHIN48650,CARE TIMES,केयर टाइम्स,147668.0,UPHIN/2017/75113,VINOD KUMAR YADAV,UP,LUCKNOW,M
UPHIN50661,SAMLOK TIMES,समलोक टाइम्स,158026.0,UPHIN/2023/85471,RITIKA TIWARI,UP,LUCKNOW,M
UPHIN51401,KAKORI TIMES,nan,,nan,DHARMENDRA KUMAR,UP,LUCKNOW,M
UPHIN48859,PRABAL TIMES,प्रबल टाइम्स,149864.0,UPHIN/2018/77309,KRISHAN KUMAR SRIVASTAVA,UP,LUCKNOW,M
UPHIN50917,YUG JAGRAN TIMES,nan,,nan,MOHAN KUMAR BHARATYA,UP,LUCKNOW,M
UPHIN51580,NIRBHIK TIMES,nan,,UR,DEEPAK AWASTHI,UP,LUCKNOW,M
UPBIL04092,TRIMURTI TIMES,nan,118651.0,UPBIL/2012/46094,ANKUR TIWARI,UP,LUCKNOW,M
UPENG03330,DOCLAND TIMES,nan,119594.0,UPENG/2008/47037,DOCLAND SERVICES LIMITED,UP,LUCKNOW,M
UPHIN20926,PUJYA SIDHARTH TIMES,nan,63473.0,63473/ 95,NIRBHAY KUMAR,UP,LUCKNOW,M
UPHIN46279,ANANT TIMES NEWS,अनन्त टाइम्स न्यूज,134346.0,UPHIN/2014/61791,SHIV KRIPAL MISHRA,UP,LUCKNOW,M
UPENG00725,LAWYERS LAW TIMES,nan,36306.0,36306/ 80,S.R. SIKKA,UP,LUCKNOW,M
UPHIN39914,PENWORK TIMES,पेनवर्क टाइम्स,102687.0,UPHIN/2009/30130,RAJ KUMAR MANGAL,UP,LUCKNOW,M
UPHIN37766,RAGHUVANSHI TIMES,रघुवंशी टाइम्‍स,98064.0,UPHIN/2008/25507,SATISH RAGHUVANSHI,UP,LUCKNOW,M
UPHIN31585,TALK OF TIMES,nan,80444.0,UPHIN/2002/07887,SATYA KUMAR DARBARI,UP,LUCKNOW,M
UPENG02882,SCHOLAR TIMES,nan,82576.0,UPENG/2003/10019,AJAY BHALLA,UP,LUCKNOW,M
UPENG04474,THE LEGACY TIMES,nan,157123.0,UPENG/2023/84568,MOHAMMAD ZAHID AKHTAR,UP,LUCKNOW,M
UPHIN49396,TIMES OF JOURNALIST,टाइम्स ऑफ जर्नलिस्ट,153961.0,UPHIN/2021/81406,ATIQUR RAHMAN SIDDIQUE,UP,LUCKNOW,M
UPHIN48712,HITECH TIMES,nan,,nan,HITECH NEWS PRIVATE LIMITED,UP,LUCKNOW,M
UPHIN33592,GENTLEMAN TIMES,nan,87361.0,UPHIN/2005/14804,RAKESH KUMAR,UP,LUCKNOW,M
UPHIN51051,SHAURYA TIMES,nan,,UR,ARCHANA SHUKLA,UP,LUCKNOW,M
UPHIN29317,UPTODATE TIMES,nan,77960.0,UPHIN/2001/05403,KAMAL KANT SINHA,UP,LUCKNOW,M
UPENG00313,THE DEVELOPMENT TIMES,nan,40281.0,40281/ 83,KAILASH VERMA,UP,LUCKNOW,M
UPENG01483,LUCKNOW LAW TIMES,nan,4805.0,4805/ 60,EASTERN BOOK COMPANY,UP,LUCKNOW,M
UPHIN50959,CITIZEN TIMES,nan,157534.0,UPHIN/2022/84979,YOGESH KUMAR,UP,LUCKNOW,M
UPHIN32908,ANTI-SOCIAL TIMES,nan,84121.0,UPHIN/2003/11564,AJAY DAMLA,UP,LUCKNOW,M
UPHIN49070,JANAVEG TIMES,जनआवेग टाईम्स,151962.0,UPHIN/2020/79407,PAWAN KUMAR SINGH,UP,LUCKNOW,M
UPHIN49230,PRAKHAR LOKSATTA TIMES,प्रखर लोकसत्ता टाइम्स,156949.0,UPHIN/2021/84394,RAJEEV KUMAR SINGH,UP,LUCKNOW,M
UPHIN46486,KRAMSHRI TIMES,कर्मश्री टाइम्स,135268.0,UPHIN/2015/62713,RAMANAND SHASTRI,UP,LUCKNOW,M
UPHIN46705,MARIYAM TIMES,मरियम टाइम्स,136373.0,UPHIN/2015/63818,KALEEM ULLAH FAROOQUI,UP,LUCKNOW,M
UPHIN31079,HINDUSTAN KI MAHAK TIMES,nan,80262.0,UPHIN/2002/07705,MIRZA TAUSEEF BEIG,UP,LUCKNOW,M
UPHIN38944,CHAUGAWAN TIMES,चौगवॉ टाइम्‍स,99600.0,UPHIN/2008/27043,SUSHIL KUMAR AWASTHI,UP,LUCKNOW,M
UPHIN29272,AIM TIMES,nan,76316.0,UPHIN/2000/03759,ANAND SHUKLA,UP,LUCKNOW,M
UPHIN51252,KARTAVYAVANI TIMES,nan,,UR,LAVANYA PANDE,UP,LUCKNOW,M
UPHIN50079,PARAMARTH TIMES,परमार्थ टाइम्स,154731.0,UPHIN/2022/82176,RAMDHARI,UP,LUCKNOW,M
UPHIN30152,LABOUR TIMES,nan,80805.0,UPHIN/2002/08248,UMA SHANKAR MISHRA,UP,LUCKNOW,M
UPHIN40613,SEEMAPURI TIMES,सीमापुरी टाइम्स,104072.0,UPHIN/2010/31515,R.P. VERMA,UP,LUCKNOW,M
UPHIN27305,STUDENTS TIMES,nan,6920.0,6920/ 61,ASHOK KUMAR NIGAM,UP,LUCKNOW,M
UPBIL04160,JHAKKAS TIMES,nan,124189.0,UPBIL/2013/51634,ANIL BALLANI,UP,LUCKNOW,M
UPBIL04881,PRESSMEN TIMES,प्रेसमैन टाइम्स,148907.0,UPBIL/2018/76352,PRIYA BHATT,UP,LUCKNOW,M
UPARA00023,ARABIAN TIMES,अरेबियन टाइम्स,101584.0,UPARA/2008/29027,MOHD. TARIQ SALIM,UP,LUCKNOW,M
UPENG03770,ARABIAN TIMES,nan,126735.0,UPENG/2013/54180,MOHD.TARIQ SALIM,UP,LUCKNOW,M
UPHIN51007,SAJJAD TIMES,nan,157478.0,UPHIN/2022/84923,JAMAL MIRZA,UP,LUCKNOW,M
UPHIN46882,NAVTEJ TIMES,नवतेज टाईम्स,139531.0,UPHIN/2015/66976,ROHIT TIWARI,UP,LUCKNOW,M
UPHIN50951,COMMONWHEEL TIMES,कामनवहील टाइम्स,156957.0,UPHIN/2022/84402,SHASHI SHARMA,UP,LUCKNOW,M
UPHIN20295,INTERNATIONAL COMPETITION NEWS BUREAU TIMES,nan,65643.0,65643/ 96,SIYARAM VERMA,UP,LUCKNOW,OP
UPHIN31189,DEVARSHIH TIMES,nan,77541.0,UPHIN/2001/04984,MANVENDRA MISHRA,UP,LUCKNOW,Q
UPHIN37705,CITY TIMES,nan,96383.0,UPHIN/2007/23826,M C I 5 MEDIA COMMUNICATION PVT. LTD,UP,LUCKNOW,Q
UPHIN49983,PARIJAAT TIMES,nan,,nan,UPENDRA DIXIT,UP,LUCKNOW,Q
UPHIN35020,KAMLAPURI TIMES,कमलापुरी टाइम्स,92565.0,UPHIN/2006/20008,ASHOK KUMAR KAMLAPURI,UP,LUCKNOW,Q
UPHIN31915,SWADESHI HEALTH TIMES,nan,83663.0,UPHIN/2003/11106,DR. OMPRAKASH GUPTA,UP,LUCKNOW,Q
UPHIN23299,SHIVAM TIMES,nan,66266.0,66266/ 97,RADHEY MOHAN MISHRA,UP,LUCKNOW,W
UPHIN23435,NISHPAKSH MESSAGE TIMES,nan,65985.0,65985/ 97,CHAUDHARY MUSHIR AHMED,UP,LUCKNOW,W
UPBIL03963,NAV VANI TIMES,nan,108879.0,UPBIL/2010/36322,SANJAY KUMAR AGRAWAL,UP,LUCKNOW,W
UPENG01975,CAREER & COMPETITION TIMES,nan,58565.0,58565/ 94,"BENNETT, COLEMAN & CO.LTD",UP,LUCKNOW,W
UPENG02810,SUNDAY HINDUSTAN TIMES,संडे हिंदुस्तान टाइम्स,80121.0,UPENG/2002/07564,HT MEDIA LTD,UP,LUCKNOW,W
UPBIL04199,4U TIMES,nan,122533.0,UPBIL/2013/49978,N3 MEDIA PVT. LTD.,UP,LUCKNOW,W
UPURD04218,NISPAKSH RAJDHANI TIMES,nan,62775.0,62775/ 95,YASIR BARNI,UP,LUCKNOW,W
UPHIN47122,BUDHE BABA TIMES,बूढ़े बाबा टाइम्स,139926.0,UPHIN/2016/67371,AKHILESH KUMAR AWASTHI,UP,LUCKNOW,W
UPHIN47721,RAMSHABAD TIMES,राम शब्‍द टाइम्‍स,141649.0,UPHIN/2016/69094,RAM SHABD MISHRA,UP,LUCKNOW,W
UPHIN35735,BRAHMAN UTTHAN TIMES,ब्राह्मण उत्थान टाइम्स,95733.0,UPHIN/2007/23176,SWETA DIXIT,UP,LUCKNOW,W
UPHIN35891,JUDGEMENT TIMES,जजमेन्ट टाइम्स,94895.0,UPHIN/2007/22338,MOHD ASIF,UP,LUCKNOW,W
UPHIN34450,DIVAM TIMES,दिवम टाइम्‍स,90772.0,UPHIN/2006/18215,MAMTA SINGH,UP,LUCKNOW,W
UPHIN35079,AVADH PUBLIC TIMES,अवध पब्लिक टाइम्स,95722.0,UPHIN/2008/23165,IBAD ULLAH KHAN,UP,LUCKNOW,W
UPHIN33228,DISHA TIMES,दिशा टाइम्स,88798.0,UPHIN/2005/16241,SUNITA GUPTA,UP,LUCKNOW,W
UPHIN33420,JANSANCHAR TIMES,nan,86190.0,UPHIN/2004/13633,PRAMOD KUMAR KASHYAP,UP,LUCKNOW,W
UPHIN33426,NEW GLARE TIMES,न्यू ग्लेयर टाइम्स,64184.0,64184/ 96,HIMANSHU BHATNAGAR,UP,LUCKNOW,W
UPHIN44604,SUPER SUN TIMES,सुपर सन टाइम्स,127674.0,UPHIN/2014/55119,DILIP KUMAR TIWARI,UP,LUCKNOW,W
UPHIN31191,CITY TIMES,nan,79835.0,UPHIN/2002/07278,M C I 5 MEDIA COMMUNICATION PVT. LTD,UP,LUCKNOW,W
UPHIN06612,MAHILA ABADH TIMES,nan,51115.0,51115/ 90,ZAKIYA SULTANA,UP,LUCKNOW,W
UPENG03938,ICNGO TIMES,आईसीएनजीओ टाइम्स,131967.0,UPENG/2014/59412,INDIAN CHAMBER OF NON GOVERNMENT ORAGANIZATION,UP,LUCKNOW,W
UPHIN25569,MUMTAZ TIMES,nan,70728.0,70728/ 99,MUMTAZ FATIMA,UP,LUCKNOW,W
UPHIN37564,BAHUJAN SAMAJ TIMES,बहुजन समाज टाइम्स,101052.0,UPHIN/2009/28495,UMESH KUMAR SHUKLA,UP,LUCKNOW,W
UPHIN39587,SUPRABHAT TIMES,सुप्रभात टाइम्स,103390.0,UPHIN/2009/30833,REETA SINGH,UP,LUCKNOW,W
UPHIN47010,RAJHANS TIMES,राजहंस टाइम्स,139574.0,UPHIN/2016/67019,SHEKHAR SINGH,UP,LUCKNOW,W
UPENG03153,THE ECONOMIC TIMES ON SUNDAY,दी इकोनोमिक टाइम्स आन सण्डे,91967.0,UPENG/2006/19410,"BENNETT, COLEMAN & CO.LTD",UP,LUCKNOW,W
UPHIN37765,PRADESH RAKSHAK TIMES,प्रदेश रक्षक टाइम्‍स,98395.0,UPHIN/2008/25838,LAL BABU GIRI,UP,LUCKNOW,W
UPHIN20276,JUNG LAHAR TIMES,nan,68046.0,68046/ 97,ANIL SHUKAL,UP,LUCKNOW,W
UPHIN21151,NETAJI TIMES,nan,64601.0,64601/ 96,M.A. AZAD,UP,LUCKNOW,W
UPHIN36218,TIRANGA TIMES,तिरंगा टाइम्स,95102.0,UPHIN/2007/22545,MOHD. ISMAIL,UP,LUCKNOW,W
UPHIN42449,ZOYA TIMES,nan,115283.0,UPHIN/2012/42726,MIRZA ARIF BEG,UP,LUCKNOW,W
UPMUL00304,MEHSIL E HAYAT TIMES,nan,64364.0,64364/ 96,SYED MOHAMMAD AZAM,UP,LUCKNOW,W
UPHIN43028,MAPLES TIMES,nan,119149.0,UPHIN/2012/46592,KRISHNA KUMAR VERMA,UP,LUCKNOW,W
UPHIN40844,ANUGYA TIMES,अनुज्ञा टाइम्स,106575.0,UPHIN/2010/34018,BHAWANA VERMA,UP,LUCKNOW,W
UPHIN40628,INVESTIGATION TIMES,nan,113279.0,UPHIN/2010/40722,SHIVENDRA KUMAR PANDEY,UP,LUCKNOW,W
UPHIN40636,AMAR SHAHEED TIMES,अमर शहीद टाइम्स,105915.0,UPHIN/2010/33358,SURESH KUMAR,UP,LUCKNOW,W
UPURD02509,HUSAINI TIMES,nan,56814.0,56814/ 93,NAZAR MEHANDI,UP,LUCKNOW,W
UPHIN28104,INDICA TIMES,nan,79035.0,UPHIN/2001/06478,M.M.KHAN,UP,LUCKNOW,W
UPHIN50930,RASHTRIYA SASHAKT SAMVAD TIMES,nan,,UR,GULAMHUSAIN SAYED,UP,LUCKNOW,W
UPBIL04524,VISHWAVANI TIMES,विश्ववाणी टाइम्स,134893.0,UPBIL/2015/62338,RAMANAND SHASTRI,UP,LUCKNOW,W
UPHIN15249,LUCKNOW OLYMPIYA TIMES,nan,59695.0,59695/ 94,SEEMA HASHMI,UP,LUCKNOW,W
UPHIN29529,MODEL TIMES,nan,77057.0,UPHIN/2001/04500,RENU SAHAY,UP,LUCKNOW,W
UPHIN27238,SEVAN DE TIMES,nan,51867.0,51867/ 91,ANIL RANA,UP,LUCKNOW,W
UPHIN18557,JAGRUK SAMAJ TIMES,जागरूक समाज टाइम्‍स,58624.0,58624/ 94,KRISHNA GOPAL SWAMI,UP,LUCKNOW,W
UPHIN34597,RASHTRAVASI TIMES,nan,95726.0,UPHIN/2008/23169,FAIZAN AHMAD,UP,LUCKNOW,W
UPHIN34083,CHAUGAWAN TIMES,nan,88468.0,UPHIN/2005/15911,SUSHIL KUMAR AWASTHI,UP,LUCKNOW,W
UPHIN34168,GREAT HOME TIMES,nan,87358.0,UPHIN/2004/14801,R. P. TRIPATHI,UP,LUCKNOW,W
UPHIN23246,DILIP TIMES,nan,67821.0,67821/ 97,VIKAS YADAV,UP,LUCKNOW,W
UPHIN23373,WAHEED BHARAT TIMES,वहीद भारत टाइम्स,65587.0,65587/ 97,ARIF MUQEEM,UP,LUCKNOW,W
UPHIN36327,UPBHOKTA TIMES,उपभोक्ता टाइम्स,94674.0,UPHIN/2007/22117,MINAKSHI PANDEY,UP,LUCKNOW,W
UPHIN36579,EUREKA TIMES,यूरेका टाइम्स,95786.0,UPHIN/2008/23229,RAM SINGH YADAV,UP,LUCKNOW,W
UPHIN36745,PANCHMORCHA TIMES,पंचमोर्चा टाइम्स,95357.0,UPHIN/2007/22800,RAJEEV JAISWAL,UP,LUCKNOW,W
UPHIN29845,HUSAINI TIMES,nan,56062.0,56062/ 92,NAZAR MEHANDI,UP,LUCKNOW,W
UPHIN29876,SWARASHTRA TIMES,स्‍वराष्‍ट्र टाइम्‍स,76504.0,UPHIN/2001/03947,GEETA DUBEY,UP,LUCKNOW,W
UPHIN31510,AMIT TIMES,nan,83213.0,UPHIN/2002/10656,TARA SINGH,UP,LUCKNOW,W
UPHIN31560,TOUCHSTONE TIMES,nan,81178.0,UPHIN/2002/08621,MOHD. AKRAM ANSARI,UP,LUCKNOW,W
UPHIN31820,MALTI TIMES,nan,82128.0,UPHIN/2003/09571,MALTI THAKUR,UP,LUCKNOW,W
UPHIN31913,BUSINESS TIMES,nan,83625.0,UPHIN/2003/11068,MAYANK DUBEY,UP,LUCKNOW,W
UPHIN32351,MONI TIMES,nan,84373.0,UPHIN/2003/11816,MONI,UP,LUCKNOW,W
UPHIN38600,SAPTAHIK NIYAZ TIMES HIND,nan,55889.0,55889/ 92,TAUQEER HUSSAIN,UP,LUCKNOW,W
UPHIN22319,THE CUTE TIMES,nan,64160.0,64160/ 96,ANSAR UDDIN AMAN,UP,LUCKNOW,W
UPHIN23936,MODI TIMES,nan,66582.0,66582/ 97,NEERAJ SAXENA,UP,LUCKNOW,W
UPHIN39894,J.A.D. TIMES,जे.ए.डी. टाइम्स,103313.0,UPHIN/2009/30756,ANURG MISHRA,UP,LUCKNOW,W
UPHIN40026,MANYAVAR TIMES,मान्यवर टाइम्स,106754.0,UPHIN/2010/34197,POONAM SINGH,UP,LUCKNOW,W
UPHIN39741,SABIYA MAJID TIMES,सबिया मजीद टाइम्स,102466.0,UPHIN/2009/29909,MAJID ALI,UP,LUCKNOW,W
UPHIN26905,NIRALA TIMES,nan,69104.0,69104/ 98,SANJEEVAN YADAV,UP,LUCKNOW,W
UPHIN26039,ABHA LOK TIMES,nan,58558.0,58558/ 94,ANURAG KUMAR SAXENA,UP,LUCKNOW,W
UPURD04564,CHAK DE TIMES,nan,114556.0,UPURD/2011/41999,SAJID ALI KHAN,UP,LUCKNOW,W
UPHIN41823,NIRBHIK TIMES,nan,110348.0,UR,DEEPAK AWASTHI,UP,LUCKNOW,W
UPHIN28451,THE KALING TIMES,द कलिंग टाइम्स,78036.0,UPHIN/2001/05479,REKHA PANDEY,UP,LUCKNOW,W
UPHIN28668,SARTHAK SWADESHI TIMES,nan,78104.0,UPHIN/2000/05547,T. TRIVEDI 'SUNIL',UP,LUCKNOW,W
UPHIN20836,NISPAKSH SENANI TIMES,nan,63660.0,63660/ 95,REKHA SAXENA,UP,LUCKNOW,W
UPHIN20877,ATMABHAV TIMES,nan,63885.0,63885/ 95,SMT. SHILA DEVI,UP,LUCKNOW,W
UPHIN19662,UPHAR TIMES,nan,59534.0,59534/ 94,PIYUS KUMAR,UP,LUCKNOW,W
UPHIN42608,PENINSULA TIMES,nan,114656.0,UPHIN/2012/42099,RAZIA SHOEB,UP,LUCKNOW,W
UPHIN49907,ATHARAV UJALA TIMES,nan,,nan,DHARMENDRA KUMAR,UP,LUCKNOW,W
UPURD02463,ACHAR-VICHAR TIMES,nan,56709.0,56709/ 93,TOUSHIF HUSSAIN,UP,LUCKNOW,W
UPHIN47398,MANSOORI VIKAS TIMES,मंसूरी विकास टाइम्स,139965.0,UPHIN/2016/67410,AFAQ AHMAD,UP,LUCKNOW,W
UPHIN32635,ASHA TIMES,nan,86310.0,UPHIN/2004/13753,ASHA GUPTA,UP,LUCKNOW,W
UPHIN32824,MUNAVVAR TIMES,nan,88249.0,UPHIN/2004/15692,MUJAFFAR ALI,UP,LUCKNOW,W
UPHIN35809,AVIRAL TIMES,अविरल टाइम्‍स,91403.0,UPHIN/2006/18846,VINOD TANDAN,UP,LUCKNOW,W
UPHIN35253,ARCHNA TIMES,अर्चना टाइम्‍स,91160.0,UPHIN/2006/18603,ARCHNA RAWAT,UP,LUCKNOW,W
UPHIN35496,OASIS TIMES,ओएसिस टाइम्स,92354.0,UPHIN/2007/19797,NAGESHWAR PRASAD SINGH,UP,LUCKNOW,W
UPHIN35588,TANUL TIMES,nan,69423.0,69423/ 98,SUNIL KUMAR,UP,LUCKNOW,W
UPHIN49362,SHRI BAL YOGESHWAR TIMES,nan,,UR,SUNIL YADAV,UP,LUCKNOW,W
UPHIN43513,DEEPRAJ TIMES,दीपराज टाइम्स,126474.0,UPHIN/2013/53919,KRIPASHANKAR AWASTHI,UP,LUCKNOW,W
UPHIN43380,TIPU TIMES,nan,123329.0,UPHIN/2013/50774,KALAM AHMAD,UP,LUCKNOW,W
UPHIN30281,SWARUP TIMES,स्वरुप टाइम्स,78206.0,UPHIN/2001/05649,CHANDRAVATI MISHRA,UP,LUCKNOW,W
UPHIN31001,PIHANI TIMES,nan,81864.0,UPHIN/2003/09307,SMT.WASIM FATIMA ZA,UP,LUCKNOW,W
UPHIN31209,KAMAL SHRI TIMES,nan,80974.0,UPHIN/2002/08417,DR.ASHOK SINGH,UP,LUCKNOW,W
UPHIN49834,HUNGAMA TIMES,हंगामा टाइम्‍स,156583.0,UPHIN/2021/84028,AMIT KASHYAP,UP,LUCKNOW,W
UPHIN50624,SABBAGH TIMES,सब्बाग टाइम्स,156858.0,UPHIN/2023/84303,ABDUL SABOOR,UP,LUCKNOW,W
UPHIN35537,DEEPANKAR TIMES,दीपांकर टाइम्‍स,93200.0,UPHIN/2007/20643,SONI ANAND,UP,LUCKNOW,W
UPHIN34992,KABIR TIMES,कबीर टाइम्‍स,91705.0,UPHIN/2007/19148,M/S. MEDIA BOOK INDIA PVT. LTD.,UP,LUCKNOW,W
UPHIN38116,PHALKAAN TIMES,फलकान टाइम्स,102242.0,UPHIN/2009/29685,MOHD. SHAKEEL SIDDIQUI,UP,LUCKNOW,W
UPHIN39196,NEELAM TIMES,नीलम टाइम्स,102197.0,UPHIN/2009/29640,HIMANCHAL VERMA,UP,LUCKNOW,W
UPHIN41024,SULTAN TIMES,nan,108877.0,UPHIN/2010/36320,MOHD. SAMIUDDIN,UP,LUCKNOW,W
UPHIN40190,UNITED TIMES,यूनाइटेड टाइम्स,127385.0,UPHIN/2010/54830,MOHAMMAD WASEEM,UP,LUCKNOW,W
UPHIN48039,JANJAN TIMES,जनजन टाइम्स,148438.0,UPHIN/2018/75883,YUGVARTA FOUNDATION,UP,LUCKNOW,W
UPHIN38795,REPORTER TIMES,nan,70455.0,70455/ 99,RAVINDRA PRAKASH AGNIHOTRI,UP,LUCKNOW,W
UPHIN30169,NAARAD TIMES,nan,78033.0,UPHIN/2001/05476,ARVIND KUMAR SAHU,UP,LUCKNOW,W
UPHIN29754,RESEARCH TIMES,nan,78294.0,UPHIN/2001/05737,SIDDHARTH SEN GUPTA,UP,LUCKNOW,W
UPHIN29802,YUVA DARSHAN TIMES,nan,76915.0,UPHIN/2001/04358,SANJEEV BHATTACHARYA,UP,LUCKNOW,W
UPHIN36788,NAUVA TIMES,नौवा टाईम्स,96394.0,UPHIN/2008/23837,RAM SEVAK PAL,UP,LUCKNOW,W
UPHIN46182,VISUAL TIMES,विजुअल टाइम्स,135570.0,UPHIN/2015/63015,SHYAM NARESH GUPTA,UP,LUCKNOW,W
UPHIN37588,SAHIBABAD TIMES,साहिबाबाद टाइम्žस,100612.0,UPHIN/2009/28055,REETU PRAKASH,UP,LUCKNOW,W
UPHIN47086,NEETU TIMES,नीतू टाइम्स,140290.0,UPHIN/2016/67735,RAM PRAKASH YADAV,UP,LUCKNOW,W
UPHIN43625,BHAROSA TIMES,nan,123052.0,UPHIN/2013/50497,MOHAMMAD SHAMEEM,UP,LUCKNOW,W
UPHIN44381,COMMONWHEEL TIMES,कामनवील टाइम्स,129230.0,UPHIN/2014/56675,SHASHI SHARMA,UP,LUCKNOW,W
UPHIN44433,KALPVRIKSH TIMES,कल्पवृक्ष टाइम्स,129799.0,UPHIN/2014/57244,ANUJ KUMAR GUPTA,UP,LUCKNOW,W
UPENG03604,WAKE UP TIMES,nan,114042.0,UPENG/2012/41485,VISHESH KAPOOR,UP,LUCKNOW,W
UPHIN18138,ANUPAM SAMACHAR TIMES,अनुपम समाचार टाइम्स,58430.0,58430/ 93,UDAY SHANKAR UPADHYAY,UP,LUCKNOW,W
UPHIN18751,MAA BHAVANI TIMES,nan,64222.0,64222/ 96,R.H. CHAUDHARY,UP,LUCKNOW,W
UPHIN19288,KESARI NANDAN TIMES,nan,59528.0,59528/ 94,AKASH SINGH GAUR,UP,LUCKNOW,W
UPHIN50480,PARINAAM TIMES,परिणाम टाइम्स,156989.0,UPHIN/2022/84434,RAVINDRA NATH SHUKLA,UP,LUCKNOW,W
UPENG02620,LUCKNOW TIMES,nan,72768.0,UPENG/2000/00211,BAHAR INTERNATIONAL,UP,LUCKNOW,W
UPENG02797,SUNDAY TIMES OF INDIA,संडे टाईम्‍स ऑफ इंडिया,90304.0,UPENG/2002/17747,"BENNETT, COLEMAN & CO.LTD",UP,LUCKNOW,W
UPHIN46724,KADAMBARI TIMES,कादम्बरी टाइम्स,139349.0,UPHIN/2015/66794,VINOD KUMAR,UP,LUCKNOW,W
UPHIN20792,CHARCHA PARICHARCHA TIMES,nan,63057.0,63057/ 95,R.D. BAJPAI,UP,LUCKNOW,W
UPHIN43516,HANS TIMES,nan,122985.0,UPHIN/2013/50430,RAVI PRASAD,UP,LUCKNOW,W
UPHIN42504,NATIONAL DETECTIVE TIMES,nan,115624.0,UPHIN/2012/43067,SHIV KUMAR PANDEY,UP,LUCKNOW,W
UPHIN42795,SRISHTI JAGRAN TIMES,सृष्टि जागरण टाइम्स,121797.0,UPHIN/2012/49242,CHANDRA KISHORE SHARMA,UP,LUCKNOW,W
UPHIN42281,AKELA TIMES,nan,111514.0,UPHIN/2010/38957,RAKESH KUMAR AKELA,UP,LUCKNOW,W
UPHIN42410,MANOKAMNA TIMES,nan,113981.0,UPHIN/2011/41424,RAMESH CHANDRA GUPTA,UP,LUCKNOW,W
UPMUL00395,GAHAMAR TIMES,nan,70255.0,70255/ 99,RAJBAHADUR YADAV,UP,LUCKNOW,W
UPURD04854,AAFIYAT TIMES,आफियत टाइम्स,127343.0,UPURD/2014/54788,MOHAMMAD RASHID,UP,LUCKNOW,W
UPHIN41584,CHAK DE TIMES,nan,110130.0,UPHIN/2011/37573,SAJID ALI KHAN,UP,LUCKNOW,W
UPHIN41980,MANAV VANSH TIMES,nan,114106.0,UPHIN/2011/41549,ABDUL KADIR RAINI,UP,LUCKNOW,W
UPHIN41243,INDRMURTI TIMES,nan,116576.0,UPHIN/2012/44019,D.P. SHUKLA,UP,LUCKNOW,W
UPHIN49984,SARTHAK VICHAR TIMES,सार्थक विचार टाइम्स,156550.0,UPHIN/2022/83995,UPASANA DEVI,UP,LUCKNOW,W
UPHIN29059,NARI UTPEEDAN TIMES,नारी उत्पीड़न टाइम्स,75595.0,UPHIN/2000/03038,DR.RAJESH DIXIT,UP,LUCKNOW,W
UPHIN29060,NIRDOSH TIMES,nan,76343.0,UPHIN/2001/03786,NIRDOSH KUMAR,UP,LUCKNOW,W
UPBIL04073,SAMRIDDHI TIMES,nan,115731.0,UPBIL/2012/43174,SUNIL KUMAR SRIVASTAVA,UP,LUCKNOW,W
UPHIN22820,JUNAID TIMES,nan,56858.0,56858/ 93,RIZVANA,UP,LUCKNOW,W
UPHIN23498,NACHIKETA TIMES,nan,66455.0,66455/ 97,DR. VASHIST MUNI PANDEY,UP,LUCKNOW,W
UPHIN19678,AMAR LOK TIMES,nan,59678.0,59678/ 94,RAJESH KUMAR GUPTA,UP,LUCKNOW,W
UPHIN19037,AZAD SHKYA TIMES,nan,62725.0,62725/ 94,ANJUM RIZVI,UP,LUCKNOW,W
UPHIN37857,SATITVA TIMES,सतीत्‍व टाइम्‍स,98962.0,UPHIN/2008/26405,SUMAN PANDEY,UP,LUCKNOW,W
UPHIN39128,BHARATIYA SAMPADAK SANGH TIMES,nan,109107.0,UPHIN/2010/36550,BHARTIYA SAMPADAK SANGH,UP,LUCKNOW,W
UPHIN32704,REHBAR TIMES,nan,85094.0,UPHIN/2004/12537,REHAN AHMED,UP,LUCKNOW,W
UPHIN30699,SPEED NEWS TIMES,nan,79634.0,UPHIN/2002/10630,KUSUM SINGH,UP,LUCKNOW,W
UPHIN30205,LAKHAN TIMES,nan,78300.0,UPHIN/2001/05743,CHANDRAWATI MISHRA,UP,LUCKNOW,W
UPHIN35560,FALAK TIMES,फलक टाइम्‍स,92334.0,UPHIN/2007/19777,SYYED MOHAMMED JAVED,UP,LUCKNOW,W
UPHIN42715,SAJJAD TIMES,nan,117740.0,UPHIN/2012/45183,JAMAL MIRZA,UP,LUCKNOW,W
UPHIN33475,LAXMAN PURI TIMES,LAXMAN PURI TIMES,47840.0,47840/ 88,TARA VARMA,UP,LUCKNOW,W
UPHIN44380,NEEL DARPAN TIMES,नील दर्पण टाइम्‍स,129342.0,UPHIN/2014/56787,SANT PRASAD SHUKLA,UP,LUCKNOW,W
UPHIN25174,VIBHED TIMES,nan,68741.0,68741/ 98,CHANDRA KUMAR VERMA,UP,LUCKNOW,W
UPHIN25376,NEW MRINAL TIMES,nan,69446.0,69446/ 98,DESH GAURAV,UP,LUCKNOW,W
UPHIN25051,THE ARVIND TIMES,nan,68040.0,68040/ 98,DR. P.S. MISHRA,UP,LUCKNOW,W
UPHIN25863,ATT DIPO TIMES,nan,70849.0,70849/ 99,RAMESH CHANDRA,UP,LUCKNOW,W
UPHIN39239,U.P. CENTRAL TIMES,यू.पी. सेन्ट्रल टाइम्स,101902.0,UPHIN/2009/29345,RAMAN TRIVEDI,UP,LUCKNOW,W
UPHIN39448,USHA TENDER TIMES,उषा टेन्डर टाइम्स,101348.0,UPHIN/2009/28791,USHA VERMA,UP,LUCKNOW,W
UPHIN39497,PUSHKAR TIMES,पुष्कर टाइम्स,102361.0,UPHIN/2009/29804,DHARMENDRA KUMAR,UP,LUCKNOW,W
UPHIN36339,PARVAT PRAKASH TIMES,पर्वत प्रकाश टाइम्स,94019.0,UPHIN/2007/21462,MOHAN CHANDRA JOSHI,UP,LUCKNOW,W
UPHIN36440,RUCHI TIMES,रुचि टाइम्स,94721.0,UPHIN/2007/22164,PANKAJ KUMAR SRIVASTAVA,UP,LUCKNOW,W
UPHIN41678,OPERATION TIMES,nan,110425.0,UPHIN/2011/37868,HARSHIT LOCHAN TRIPATHI,UP,LUCKNOW,W
UPHIN41088,PATHSHALA TIMES,nan,111110.0,UPHIN/2010/38553,PANKAJ AGNIHOTRI,UP,LUCKNOW,W
UPHIN37480,NEST INDIA TIMES,नेस्‍ट इण्डिया टाइम्‍स,97547.0,UPHIN/2008/24990,AMAR ANAND MAISI,UP,LUCKNOW,W
UPENG04384,BEYOND TIMES,nan,155308.0,UPENG/2021/82753,SHASHWAT MALHOTRA,UP,LUCKNOW,W
UPHIN28659,THE OMNI TIMES,nan,78118.0,UPHIN/2001/05561,R.K.THUKRAL,UP,LUCKNOW,W
UPURD04389,IDEA TIMES,आइडिया टाइम्स,105116.0,UPURD/2010/32559,MD. ABUL QASIM,UP,LUCKNOW,W
UPURD03301,IRAM AL HUDA TIMES,इरम अल-हुदा टाइम्स,64721.0,64721/ 96,MOHD. JUNAID FAROOQUI,UP,LUCKNOW,W
UPURD03688,PIHANI TIMES,nan,81892.0,UPURD/2003/09335,WASIM FATIMA JAIDI,UP,LUCKNOW,W
UPHIN49839,TRIGUN TIMES,त्रिगुण टाइम्स,153906.0,UPHIN/2021/81351,TRINATH KUMAR,UP,LUCKNOW,W
UPHIN40632,ASHTADHAYI TIMES,अष्टाधायी टाइम्स,106372.0,UPHIN/2010/33815,KAMAL KISHOR TRIPATHI,UP,LUCKNOW,W
UPURD03883,INQUILAB TIMES,इन्कलाब टाइम्स,94892.0,UPURD/2007/22335,MOHD. MUZAFFAR MOHSIN,UP,LUCKNOW,W
UPHIN46220,JAN SUCHNA TIMES,जन सूचना टाइम्‍स,147077.0,UPHIN/2015/74522,RIYA SINGH,UP,LUCKNOW,W
UPHIN47154,REAL PICTURE TIMES,रियल पिक्चर टाइम्स,146674.0,UPHIN/2016/74119,CHANDRA PRAKASH SRIVASTAVA,UP,LUCKNOW,W
UPHIN46477,KALYANI TIMES,कल्‍यानी टाइम्‍स,141710.0,UPHIN/2016/69155,ASHOK CHAKLADER,UP,LUCKNOW,W
UPURD03477,SITAPUR TIMES,nan,32988.0,32988/ 77,KRISHAN KUMAR MISHRA,UP,LUCKNOW,W
UPURD04405,SHARIK TIMES,SHARIK TIMES,104795.0,UPURD/2010/32238,SHARIQ ALI,UP,LUCKNOW,W
UPHIN43253,SHINE INDIA TIMES,nan,122037.0,UPHIN/2012/49482,SHINE WELFARE SOCIETY,UP,LUCKNOW,W
UPHIN42701,SATARK TIMES,nan,119429.0,UPHIN/2012/46872,SIMMI SIDDIQUI,UP,LUCKNOW,W
UPHIN49680,FIRST EXPRESS TIMES,फर्स्ट एक्सप्रेस टाइम्स,154768.0,UPHIN/2021/82213,AKASH TRIPATHI,UP,LUCKNOW,W
UPMUL00446,MADHYA-POORV TIMES,nan,72111.0,72111/ 99,SHIV PRASAD,UP,LUCKNOW,W
UPHIN37769,THE UTKARSH TIMES,दि उत्‍कर्ष टाइम्‍स,98460.0,UPHIN/2008/25903,POONAM PAUL,UP,LUCKNOW,W
UPHIN29425,WARIS TIMES,वारिस टाइम्‍स,76461.0,UPHIN/2001/03904,ISHRAT JAHAN,UP,LUCKNOW,W
UPHIN29649,LOKPRIYA NISHPAKSH TIMES PATRA,nan,78668.0,UPHIN/2001/06011,RUMANA,UP,LUCKNOW,W
UPHIN32841,KAZARA TIMES,nan,86025.0,UPHIN/2004/13468,AKIL ALI,UP,LUCKNOW,W
UPHIN32587,VARTMAN SAMAJVAD TIMES,nan,83977.0,UPHIN/2003/11420,RANJAN SHUKLA,UP,LUCKNOW,W
UPHIN33174,UNIVERSITY TIMES,nan,86326.0,UPHIN/2004/13769,NISHEETH SRIVASTAVA,UP,LUCKNOW,W
UPHIN33196,SARHAD TIMES,nan,85883.0,UPHIN/2004/13326,FATIMI SIDDIQUI,UP,LUCKNOW,W
UPHIN34899,VINAMRA TIMES,विनम्र टाइम्‍स,90913.0,UPHIN/2006/18356,SHYAMA RASTOGI,UP,LUCKNOW,W
UPHIN34987,PRIME TIMES,प्राईम टाईम्स,98443.0,UPHIN/2007/25886,MAHIMA PANDEY,UP,LUCKNOW,W
UPHIN35541,KARISHMA KIRTI TIMES,करिश्मा कीर्ति टाइम्स,93587.0,UPHIN/2007/21030,JYOTI SINGH,UP,LUCKNOW,W
UPHIN34302,RAMUS TIMES,रामुस टाइम्स,94615.0,UPHIN/2006/22058,SUDHISH CHANDRE MISHR,UP,LUCKNOW,W
UPHIN36707,MALIHABAD TIMES,मलिहाबाद टाइम्स,95811.0,UPHIN/2008/23254,NAND KISHOR DIWEDI (VYAS),UP,LUCKNOW,W
UPHIN45983,HUDHUD TIMES,हुदहुद टाइम्‍स,141928.0,UPHIN/2015/69373,ADITYA KUMAR YADAV,UP,LUCKNOW,W
UPHIN30635,AAMRAVAN TIMES,nan,79439.0,UPHIN/2002/06882,ANITA SAINI,UP,LUCKNOW,W
UPHIN30718,SET TIMES SAMACHAR,सेट टाइम्स समाचार,79429.0,UPHIN/2002/06872,RAEES AHMAD AZAD,UP,LUCKNOW,W
UPHIN43653,SHRI RAJ TIMES,nan,125136.0,UPHIN/2013/52581,PREETI SHUKLA,UP,LUCKNOW,W
UPHIN45853,CHERISH TIMES,चेरिश टाइम्स,134873.0,UPHIN/2015/62318,VINEETA RANI GUPTA,UP,LUCKNOW,W
UPHIN36120,SHUBHANJALI TIMES,शुभांजलि टाइम्स,92983.0,UPHIN/2007/20426,ATUL KUMAR MISHRA,UP,LUCKNOW,W
UPHIN27024,POOJA SIDHANATH TIMES,nan,64422.0,64422/ 96,NIRBHAY KUMAR,UP,LUCKNOW,W
UPHIN27763,DEVARSHIH TIMES,nan,71495.0,71495/ 99,MAANAVENDRA MISHRA,UP,LUCKNOW,W
UPURD04638,DIDAR E AVADH TIMES,nan,123345.0,UPURD/2013/50790,AHMED ULLAH KHAN,UP,LUCKNOW,W
UPHIN48408,SWATEJTA TIMES,स्‍वतेजता टाइम्‍स,146309.0,UPHIN/2017/73754,PURNIMA PANDEY,UP,LUCKNOW,W
UPHIN38601,NISHPAKSH SAHKARITA TIMES,nan,55912.0,55912/ 92,NEETA SINGH,UP,LUCKNOW,W
UPHIN21178,SAARC TIMES,nan,63147.0,63147/ 95,ABDULLAH GHAZALI,UP,LUCKNOW,W
UPHIN19820,JAMESHED TIMES,nan,61003.0,61003/ 94,JAMSHED RAHMAN,UP,LUCKNOW,W
UPHIN21640,U.P. INDIA TIMES,nan,67401.0,67401/ 96,SMT. S.SRIVASTAV,UP,LUCKNOW,W
UPHIN21935,JAN CRIME TIMES,nan,63851.0,63851/ 96,AHMED ABBAS,UP,LUCKNOW,W
UPHIN23963,USARNA TIMES,nan,67742.0,67742/ 97,RAM MAGAN SINGH,UP,LUCKNOW,W
UPBIL03075,ALL INDIA KHALSA TIMES,nan,84247.0,UPBIL/2003/11690,GURVINDER SINGH,UP,LUCKNOW,W
UPBIL04024,RAINBOW TIMES,nan,116982.0,UPBIL/2011/44425,RAKESH SRIVASTAVA,UP,LUCKNOW,W
UPHIN25480,NAYA PAIGAM TIMES,नया पैगाम टाइम्स,70123.0,70123/ 97,RIZWAAN A.KHAN,UP,LUCKNOW,W
UPHIN17326,MADHUPAL TIMES,मधूपाल टाइम्स,56084.0,56084/ 92,KUMKUM GUPTA,UP,LUCKNOW,W
UPENG03685,MANI TIMES,मणि टाइम्स,106383.0,UPENG/2009/33826,MANI SHANKER PANDEY,UP,LUCKNOW,W
UPBIL04412,MIRACLE TIMES,मिरैकल टाइम्स,128547.0,UPBIL/2014/55992,MOHD. JAFAR KHAN,UP,LUCKNOW,W
UPHIN43283,NAGRIK TIMES,nan,124790.0,UPHIN/2013/52235,NARENDRA BHADAURIA,UP,LUCKNOW,W
UPHIN49065,LAKSHMANPURI TIMES,लक्ष्मनपुरी टाईम्स,151279.0,UPHIN/2020/78724,SUSHIL KUMAR,UP,LUCKNOW,W
UPURD04476,FIRANGI MAHAL TIMES,nan,117529.0,UPURD/2012/44972,MOHD. TALHA,UP,LUCKNOW,W
UPHIN47598,NEW BHARAT VIKAS TIMES,न्‍यू भारत विकास टाइम्‍स,142035.0,UPHIN/2016/69480,AFAQ AHMAD,UP,LUCKNOW,W
UPHIN45826,PUBLIC NEWS TIMES,पब्लिक न्यूज टाइम्स,134333.0,UPHIN/2015/61778,KUSHAL SINGH,UP,LUCKNOW,W
UPHIN45894,SHRI HARI TIMES,श्री हरि टाइम्स,134157.0,UPHIN/2015/61602,PAWAN KUMAR RASTOGI,UP,LUCKNOW,W
UPHIN18835,BHARAT LOK DARPAN TIMES,nan,67316.0,67316/ 94,PYARE MOHAN SINHA,UP,LUCKNOW,W
UPHIN19047,NAVEEN VYVASTHA TIMES,nan,64395.0,64395/ 96,NEERJA PANDEY,UP,LUCKNOW,W
UPHIN31694,SCHOLAR TIMES,nan,85735.0,UPHIN/2003/13178,AJAY BHALLA,UP,LUCKNOW,W
UPHIN22805,PARAKH QUAMI TIMES,nan,64691.0,64691/ 96,NISSAR AHMED FARUQUI,UP,LUCKNOW,W
UPBIL02218,ASMA TIMES,nan,64433.0,64433/ 96,MOHD HALEEM,UP,LUCKNOW,W
UPHIN44230,UJAGAR TIMES,nan,125718.0,UPHIN/2013/53163,ARVIND KUMAR SHUKLA,UP,LUCKNOW,W
UPHIN44469,INDRAVATI TIMES,nan,126695.0,UPHIN/2013/54140,PUSHPA RAY,UP,LUCKNOW,W
UPHIN46265,KRAMSHRI TIMES,कर्म श्री टाइम्स,134128.0,UPHIN/2015/61573,RAMANAND SHASTRI,UP,LUCKNOW,W
UPURD04922,RUMI URDU TIMES,रूमी उर्दू टाइम्स,130358.0,UPURD/2014/57803,MOHAMMAD ROOMI SIDDIQUI,UP,LUCKNOW,W
UPURD05048,SAMAD TIMES,समद टाइम्स,135583.0,UPURD/2015/63028,MOHD TAHIR,UP,LUCKNOW,W
UPHIN41101,RAMESHWARAM TIMES,रामेश्वरम टाइम्स,105935.0,UPHIN/2010/33378,S.P. SHUKLA,UP,LUCKNOW,W
UPHIN41248,KISAN AVAM MAZDOOR TIMES,किसान एवं मजदूर टाइम्स,108312.0,UPHIN/2010/35755,ANIL KUMAR,UP,LUCKNOW,W
UPHIN40836,MAHILA MORCHA TIMES,महिला मोर्चा टाइम्स,106572.0,UPHIN/2010/34015,NEELAM VERMA,UP,LUCKNOW,W
UPHIN40860,SHARIK TIMES,SHARIK TIMES,105285.0,UPHIN/2010/32728,SHARIQ ALI,UP,LUCKNOW,W
UPHIN48133,AWADH CULTURE TIMES,अवध कल्चर टाइम्स,147759.0,UPHIN/2017/75204,SHASHI PANDEY,UP,LUCKNOW,W
UPHIN38482,BHARAT NEPAL TIMES,nan,59788.0,59788/ 94,SWAMI PRASAD MISHRA,UP,LUCKNOW,W
UPHIN42053,NAVARATRI TIMES,nan,115273.0,UPHIN/2011/42716,ARVIND KUMAR AWASTHI,UP,LUCKNOW,W
UPURD04698,SALAM TIMES,nan,123238.0,UPURD/2013/50683,SONAL YADAV,UP,LUCKNOW,W
UPHIN32663,SAMAJBAD TIMES,nan,84233.0,UPHIN/2003/11676,SHAHALA RIZVI,UP,LUCKNOW,W
UPHIN32360,GAANGEYA-TIMES,nan,84415.0,UPHIN/2003/11858,RAVINDRA SINGH,UP,LUCKNOW,W
UPHIN32138,RATNA SHIKHA TIMES,nan,87685.0,UPHIN/2003/15128,SUNNY VISHRAM SINGH,UP,LUCKNOW,W
UPHIN39722,DIYA TIMES,दिया टाइम्स,102793.0,UPHIN/2009/30236,RAJENDRA KUMAR YADAV,UP,LUCKNOW,W
UPHIN39734,PRESSCO TIMES,nan,109046.0,UPHIN/2011/36489,PREM SHANKAR PANDEY,UP,LUCKNOW,W
UPHIN39500,SURVEYER TIMES,सर्वेयर टाइम्स,102840.0,UPHIN/2009/30283,ARUN KUMAR SINGHAL,UP,LUCKNOW,W
UPHIN30203,ANUSUCHIT JATI TIMES,अनुसूचित जाति टाइम्स,78297.0,UPHIN/2001/05740,SHARIF AHMED,UP,LUCKNOW,W
UPHIN31074,SHEETALA TIMES,nan,81555.0,UPHIN/2002/08998,RUBINA SIDDIQUI,UP,LUCKNOW,W
UPHIN46066,SADHNA VIJAY TIMES,साधना विजय टाइम्स,136168.0,UPHIN/2015/63613,SADHNA MISHRA,UP,LUCKNOW,W
UPHIN32889,BHARATIYA SUBHASH TIMES,nan,88620.0,UPHIN/2004/16063,ARVIND PRATAP SINGH,UP,LUCKNOW,W
UPHIN33531,NISHPAKSH KALYANI TIMES,nan,88372.0,UPHIN/2005/15815,PINKI VARMA,UP,LUCKNOW,W
UPHIN33557,NORTH INDIA TIMES,नार्थ इण्डिया टाइम्‍स,89758.0,UPHIN/2006/17201,MAMTA PRADEEP,UP,LUCKNOW,W
UPHIN15128,ANTARRASHTRIYA PRIVARATAN TIMES,nan,56080.0,56080/ 92,JAMIL AHMAD,UP,LUCKNOW,W
UPHIN36554,MAHAVNESH TIMES DOT COM,महावनेश टाइम्स डॉट कॉम,95362.0,UPHIN/2007/22805,RAHUL MAHAVNESH,UP,LUCKNOW,W
UPHIN36950,ACHAL TIMES,अचल टाइम्‍स,97590.0,UPHIN/2008/25033,ASHOK KUMAR DIWEDI,UP,LUCKNOW,W
UPHIN47316,VIVIECHNA TIMES,विवेचना टाइम्स,140667.0,UPHIN/2016/68112,GYAN DEVI,UP,LUCKNOW,W
UPHIN34329,PRAVEEN TIMES,प्रवीन टाइम्स,88491.0,UPHIN/2005/15934,PRAVEEN KUMAR SRIVASTAVA,UP,LUCKNOW,W
UPHIN34058,MINAKSHI TIMES,nan,88546.0,UPHIN/2005/15989,MINAKSHI PANDEY,UP,LUCKNOW,W
UPHIN38227,LAWYER TIMES,लॉयर टाइम्स,101511.0,UPHIN/2009/28954,PRADEEP MISHRA,UP,LUCKNOW,W
UPHIN25152,MONO LAHAR TIMES,nan,68327.0,68327/ 98,MONIKA PRASAD,UP,LUCKNOW,W
UPHIN24633,MAISI TIMES,nan,68607.0,68607/ 98,REKHA MASSEY,UP,LUCKNOW,W
UPHIN44741,YOUTHMANCH TIMES,यूथमंच टाइम्स,128454.0,UPHIN/2014/55899,S. K. TRIVEDI,UP,LUCKNOW,W
UPHIN32867,READER TIMES,रीडर टाइम्‍स,97972.0,UPHIN/2006/25415,RAVISHANKAR PANDEY,UP,LUCKNOW,W
UPHIN31384,METRO TIMES,nan,80025.0,UPHIN/1996/07468,MOHD. KAMIL ANSARI,UP,LUCKNOW,W
UPHIN47966,VANDAVI TIMES,वनदेेवी टाइम्‍स,142665.0,UPHIN/2016/70110,SWEETY DUBEY,UP,LUCKNOW,W
UPURD02771,KHALID TIMES,nan,62926.0,62926/ 95,KHALDA BHARTI,UP,LUCKNOW,W
UPHIN40454,KHAMMAN TIMES,खम्मन टाइम्स,104045.0,UPHIN/2010/31488,MOHD. ATHER RAZA,UP,LUCKNOW,W
UPHIN43117,SWIKAR TIMES,nan,119254.0,UPHIN/2012/46697,POONAM TIWARI,UP,LUCKNOW,W
UPHIN42409,ABHILASH TIMES,nan,116224.0,UPHIN/2011/43667,ANITA MAURYA,UP,LUCKNOW,W
UPHIN49682,CITIZEN TIMES,सिटीजन टाइम्स,153479.0,UPHIN/2021/80924,YOGESH KUMAR,UP,LUCKNOW,W
UPHIN49826,PARMIN TIMES,nan,,UR,PARMIN JAHAN,UP,LUCKNOW,W
UPHIN48868,DEORIA TIMES,देवरिया टाइम्स,150537.0,UPHIN/2019/77982,GAURAV KUMAR PANDEY,UP,LUCKNOW,W
UPHIN50408,FIRDOSH TIMES,फिरदौस टाइम्‍स,156657.0,UPHIN/2023/84102,SAJID ALI,UP,LUCKNOW,W
UPHIN30831,AVIKUSH TIMES,nan,79957.0,UPHIN/2002/07400,AJIT KUMAR,UP,LUCKNOW,W
UPHIN39561,AVADH REGAL TIMES,अवध रीगल टाइम्स,104469.0,UPHIN/2009/31912,MANJU SHUKLA,UP,LUCKNOW,W
UPHIN29760,DAYA TIMES,nan,82850.0,UPHIN/2001/10293,DAYA SHIKSHAN SANSTHAN,UP,LUCKNOW,W
UPHIN29898,UDYAMI RAJDHANI TIMES,nan,77814.0,UPHIN/2001/05257,SURESH KRISHAN,UP,LUCKNOW,W
UPHIN30116,MANGALDATA TIMES,nan,78141.0,UPHIN/2001/05584,DEPPA CHAWLA,UP,LUCKNOW,W
UPHIN30422,MUJHOLI TIMES,nan,79065.0,UPHIN/2002/06508,DEVENDRA NEGI,UP,LUCKNOW,W
UPHIN30527,MAHARAJA TIMES,nan,79455.0,UPHIN/2002/06896,RAM KISHUN,UP,LUCKNOW,W
UPHIN34801,ADBHUT TIMES,अद्भुत टाइम्‍स,90730.0,UPHIN/2006/18173,BHAGWAT SINGH BISHT,UP,LUCKNOW,W
UPHIN45706,ANIL TIMES,अनिल टाइम्स,135357.0,UPHIN/2015/62802,ANOOP GHOSH,UP,LUCKNOW,W
UPHIN36609,SHIVPAAL TIMES,शिवपाल टाइम्स,95011.0,UPHIN/2007/22454,KAMRAAN ASAD,UP,LUCKNOW,W
UPHIN45281,PRABAL TIMES,nan,130895.0,UPHIN/2014/58340,KRISHAN KUMAR SRIVASTAVA,UP,LUCKNOW,W
UPHIN42054,ASHLESHA TIMES,nan,120997.0,UPHIN/2012/48441,ARTI SINGH,UP,LUCKNOW,W
UPHIN41432,NAV DURGA TIMES,नव दुर्गा टाइम्स,106992.0,UPHIN/2010/34435,SHIV KUMAR PANDEY,UP,LUCKNOW,W
UPHIN37318,ALI TIMES,अली टाइम्‍स,98696.0,UPHIN/2008/26139,AMINA ALI,UP,LUCKNOW,W
UPHIN37590,SEEMAPURI TIMES,सीमापुरी टाइम्žस,100595.0,UPHIN/2008/28038,R.P. VERMA,UP,LUCKNOW,W
UPHIN27786,SAMIYA MADHU TIMES,nan,72419.0,72419/ 99,MADHU REFRIGERATION PVT. LTD.,UP,LUCKNOW,W
UPHIN47682,INDEVIN TIMES,इंडेविन टाइम्‍स,143697.0,UPHIN/2016/71142,SHUBHAM TRIVEDI,UP,LUCKNOW,W
UPHIN21737,AZAD LOK PRATIKSHA TIMES,nan,63681.0,63681/ 95,HAIDER HUSSAIN,UP,LUCKNOW,W
UPHIN39382,AAGAAZ TIMES,आगाज़ टाइम्स,101126.0,UPHIN/2009/28569,FALAK KHAN,UP,LUCKNOW,W
UPHIN39522,SINDHU TIMES,सिन्धु टाइम्स,106288.0,UPHIN/2009/33731,IMRAN HASAN SIDDIQUI,UP,LUCKNOW,W
UPHIN19305,NEELGAGAN SAMACHAR TIMES,nan,61006.0,61006/ 94,VIJAY ANAND VERMA,UP,LUCKNOW,W
UPBIL04386,TRIMURTI TIMES,त्रिमूर्ति टाइम्स,127966.0,UPBIL/2013/55411,ANKUR TIWARI,UP,LUCKNOW,W
UPHIN36454,SARVJAN TIMES,सर्वजन टाइम्स,94808.0,UPHIN/2007/22251,DESH GAURAV PANDEY,UP,LUCKNOW,W
UPHIN17334,KAMAL GATIMAN TIMES,nan,57658.0,57658/ 93,INDVIR MISHRA,UP,LUCKNOW,W
UPHIN34006,LUCKNOW TIMES,nan,87065.0,UPHIN/2005/14508,BAHAR INTERNATIONAL,UP,LUCKNOW,W
UPENG03417,SECURITY AND SAFETY TIMES,"""सिक्‍योरिटी एण्‍ड सेफ्टी टाइम्‍स""",97587.0,UPENG/2008/25030,ARMAN KHAN,UP,LUCKNOW,W
UPENG04210,BABY MARTIN TIMES,बेबी मार्टिन टाइम्स,143487.0,UR,DR.R.K.RAJU,UP,LUCKNOW,W
UPHIN22666,TANVIR TIMES,nan,64035.0,64035/ 96,TANVEER FATIMA,UP,LUCKNOW,W
UPHIN22918,CHAKRAVIEW TIMES,nan,67675.0,67675/ 97,SUNIL KUMAR KASHYAP,UP,LUCKNOW,W
UPHIN50155,ITIHAASH TIMES,इतिहास टाइम्स,155324.0,UPHIN/2022/82769,MOHAMMAD CHAND,UP,LUCKNOW,W
UPHIN31302,YAMIN TIMES,nan,80709.0,UPHIN/2002/08152,MOHD.YAMIN SIDDIQUI,UP,LUCKNOW,W
UPHIN46530,PUBLIC INFORMATION TIMES,पब्लिक इन्फारमेशन टाइम्स,137044.0,UPHIN/2015/64489,UMASHANKAR PANDEY,UP,LUCKNOW,W
UPHIN31095,PARBANPUR TIMES,nan,79217.0,UPHIN/2002/06660,VIVEK RANJAN,UP,LUCKNOW,W
UPHIN26542,HIRENDRA TIMES,nan,70962.0,70962/ 98,RAKESH CHANDRA MISRA,UP,LUCKNOW,W
UPHIN37569,SHIPRO NEWS TIMES,शिप्रो न्‍यूज टाइम्‍स,98981.0,UPHIN/2008/26424,SHEETLA PRASAD,UP,LUCKNOW,W
UPHIN39483,ANANT TIMES NEWS,अनंत टाइम्स न्यूज,102510.0,UPHIN/2009/29953,SHIV KRIPAL MISHRA,UP,LUCKNOW,W
UPHIN39588,TRIBHUVAN TIMES,त्रिभुवन टाइम्स,103393.0,UPHIN/2009/30836,SHIV VIJAY SINGH,UP,LUCKNOW,W
UPURD02527,FLOWER TIMES,nan,56815.0,56815/ 93,SHAKEEL AHMED ANSARI,UP,LUCKNOW,W
UPHIN27761,BADRIKA TIMES,nan,71414.0,71414/ 99,PANKAJ KUMAR SHRIVASTAV,UP,LUCKNOW,W
UPHIN41016,SAMAN TIMES,nan,109106.0,UPHIN/2010/36549,VIMAL GUPTA,UP,LUCKNOW,W
UPHIN41183,YUG LAHAR TIMES,nan,109418.0,UPHIN/2010/36861,AMIT KUMAR DIXIT,UP,LUCKNOW,W
UPURD04575,AFZAL TIMES,nan,121018.0,UPURD/2012/48462,SYED QAYAM RAZA,UP,LUCKNOW,W
UPURD04584,UMMAH TIMES,nan,121048.0,UPURD/2012/48492,ARMAAN KHAN,UP,LUCKNOW,W
UPHIN41236,ALAMI TIMES,nan,115101.0,UPHIN/2011/42544,JEESHAN AHMAD AZMI,UP,LUCKNOW,W
UPHIN34040,CHAUPAR TIMES,चौपार टाइम्‍स,91113.0,UPHIN/2006/18556,S. HUSAIN AKHTAR,UP,LUCKNOW,W
UPHIN13454,MOHAN LAL GANJ TIMES,nan,56893.0,56893/ 92,RAJESH KUMAR TIWARI,UP,LUCKNOW,W
UPHIN16811,NEW HERAMB TIMES,nan,55843.0,55843/ 92,MONA CHAWLA,UP,LUCKNOW,W
UPHIN31596,GRAMIN HARYALI TIMES,nan,83438.0,UPHIN/2003/10881,PYARE LAL,UP,LUCKNOW,W
UPHIN32623,PARIVARTAN TIMES,nan,85961.0,UPHIN/2004/13404,RAKESH KUMAR SINGH,UP,LUCKNOW,W
UPHIN33045,SHANTIDEEP TIMES,शांतिदीप टाइम्स,85891.0,UPHIN/2004/13334,MO.ABOOJAR KIDWAI,UP,LUCKNOW,W
UPHIN33180,RAJNAITIK PARICHARYA TIMES,nan,86107.0,UPHIN/2004/13550,ANOOP VARMA,UP,LUCKNOW,W
UPHIN33226,WEEKEND TIMES,वीक एंड टाइम्‍स,90465.0,UPHIN/2005/17908,SANJAY SHARMA,UP,LUCKNOW,W
UPHIN36019,LOKPRIYA SOOCHNA TIMES,लोकप्रिय सूचना टाइम्‍स,97763.0,UPHIN/2007/25206,AMOD KRISHAN DUBEY,UP,LUCKNOW,W
UPHIN45199,SAMAY CHAKRA TIMES,समय चक्र टाइम्स,130650.0,UPHIN/2014/58095,RAKESH KUMAR,UP,LUCKNOW,W
UPHIN35777,RASHTRIYA NAVAL TIMES,राष्ट्रीय नवल टाइम्स,94797.0,UPHIN/2007/22240,NAVAL KISHORE TRIPATHI,UP,LUCKNOW,W
UPHIN48338,SARVODAY TIMES,सर्वोदय टाइम्‍स,143176.0,UPHIN/2015/70621,ALOK KUMAR GUPTA,UP,LUCKNOW,W
UPHIN38738,NISHPAKSH SAHARA TIMES,nan,66368.0,66368/ 97,MOHAN LAL MEHROTRA,UP,LUCKNOW,W
UPHIN38596,MAYA SAMACHAR TIMES BAURO,nan,54492.0,54492/ 91,K.R. VINOD,UP,LUCKNOW,W
UPHIN45659,ZAMAN TIMES,ज़मन टाइम्स,130810.0,UPHIN/2014/58255,NIGAR ZAHRA,UP,LUCKNOW,W
UPHIN20331,TALK OF TIMES,nan,63090.0,63090/ 95,SATYA KUMAR DARBARI,UP,LUCKNOW,W
UPHIN20393,JANHIT MANAS TIMES,nan,71672.0,71672/ 96,RANJANA SRIVASTAVA,UP,LUCKNOW,W
UPHIN00744,ANANT VICHAR TIMES,अनन्‍त विचार टाइम्‍स,54392.0,54392/ 91,MRS. NAHID SABIR,UP,LUCKNOW,W
UPHIN22806,GRAMIN JAGRUKATA TIMES,nan,64122.0,64122/ 96,PRADEEP KUMAR TIWARI,UP,LUCKNOW,W
UPHIN22833,MEHTAB TIMES,nan,64525.0,64525/ 96,SHYAM SUNDER NAGPAL,UP,LUCKNOW,W
UPHIN21742,REETA TIMES,nan,63273.0,63273/ 96,RITA TRIPATHI,UP,LUCKNOW,W
UPHIN30715,AL RAUNAK TIMES,nan,80530.0,UPHIN/2002/07973,RUKHSANA KHAN,UP,LUCKNOW,W
UPENG03154,THE ECONOMIC TIMES ON SATURDAY,दी इकोनोमिक टाइम्स आन सैटरडे,92003.0,UPENG/2006/19446,"BENNETT, COLEMAN & CO.LTD",UP,LUCKNOW,W
UPENG03908,THE ECONOMIC TIMES MAGAZINE,द इकोनॉमिक टाइम्स मैगजीन,128775.0,UPENG/2014/56220,"BENNETT, COLEMAN & CO.LTD",UP,LUCKNOW,W
UPHIN25377,QAZMI TIMES,nan,70621.0,70621/ 98,SAYYED HASHIM HUSSAIN QAZAMI,UP,LUCKNOW,W
UPHIN43435,AVGAT TIMES,अवगत टाइम्स,130657.0,UPHIN/2014/58102,RAJESH KUMAR SINGH,UP,LUCKNOW,W
UPHIN41984,MONIKA TIMES,nan,117581.0,UPHIN/2012/45024,KIRAN SRIVASTAVA,UP,LUCKNOW,W
UPHIN43388,RASHTRIYA SANDESH TIMES,राष्ट्रीय संदेश टाइम्स,130824.0,UPHIN/2013/58269,HABIB HUSAIN,UP,LUCKNOW,W
UPHIN21160,NISPAKSH TARA TIMES,nan,65007.0,65007/ 96,SYED GHULAME HASAN RIZVI,UP,LUCKNOW,W
UPHIN42582,LOK NIRMAN TIMES,nan,118191.0,UPHIN/2012/45634,SHASHILATA GUPTA,UP,LUCKNOW,W
UPENG04436,ANIRUDH TIMES,अनिरुद्ध टाइम्स,156299.0,UPENG/2022/83744,ROHIT SRIVASTAVA,UP,LUCKNOW,W
UPHIN44989,MUDRANKAN TIMES,मुद्रांकन टाइम्स,139401.0,UPHIN/2016/66846,MUDRA DUBEY,UP,LUCKNOW W,W
UPHIN13457,MAHARAJAGANJ TIMES,nan,54308.0,54308/ 91,DEVENDER SHUKLA,UP,MAHARAJAGANJ,W
UPHIN50106,HARSHODAY TIMES,हर्षोदय टाइम्स,156111.0,UPHIN/2022/83556,SHESHMANI PANDEY,UP,MAHARAJGANJ,M
UPHIN50568,NICHLAUL TIMES,nan,,nan,MAHESH PRASAD,UP,MAHARAJGANJ,M
UPHIN43121,HARPUR TIMES,nan,120415.0,UPHIN/2012/47858,SHYAMJI MISHRA,UP,MAHARAJGANJ,W
UPHIN33376,PINK CITY TIMES,nan,86407.0,UPHIN/2004/13850,MITHILESH SAXENA,UP,MAINPURI,W
UPHIN19834,REPORTER TIMES,nan,59623.0,59623/ 94,RAVINDER PR AGNIHOTRI,UP,MAINPURI,W
UPENG01303,UTTAR TIMES,nan,20194.0,20194/ 69,GYAN PRAKASH,UP,MAINPURI,W
UPHIN15745,RAWAL TIMES,nan,51707.0,51707/ 87,BODHPAL SINGH,UP,MAINPURI,W
UPHIN38548,JAGAT TIMES,nan,45982.0,45982/ 86,MURARI LAL AGARWAL,UP,MATHURA,D
UPHIN24249,REFINERY TEL SHODHAK MAZDOOR TIMES,nan,66426.0,66426/ 97,VIJENDRA SINGH,UP,MATHURA,F
UPBIL03112,THE R.B.TIMES,nan,85026.0,UPBIL/2004/12469,RAJ BAHADUR GAUTAM,UP,MATHURA,F
UPHIN45654,GARGACHARYA TIMES,गर्गाचार्य टाइम्स,132767.0,UPHIN/2014/60212,VIVEK KUMAR GARG,UP,MATHURA,M
UPHIN13855,BALDEO TIMES,nan,12610.0,12610/ 66,JAGADISH PRASAD SHARMA,UP,MATHURA,W
UPBIL02226,RAMCHARAN TIMES,nan,67409.0,67409/ 97,KISHAN SINGH,UP,MATHURA,W
UPHIN04992,JANTA BHARTI TIMES,nan,33082.0,33082/ 78,VIJAY KUMAR SHARMA,UP,MATHURA,W
UPHIN26204,BALDEO TIMES,nan,23460.0,23460/ 72,N.R.SHARMA,UP,MATHURA,W
UPHIN13935,JAGAT TIMES,जगत टाइम्स,9626.0,9626/ 63,MURARI LAL AGRAWAL,UP,MATHURA,W
UPHIN26277,BRINDABAN TIMES,nan,36292.0,36292/ 79,SHYAM PRAKASH GAUTAM,UP,MATHURA/ VRINDAVAN,W
UPHIN27016,PRAYAGRAJ TIMES,nan,51083.0,51083/ 90,ANWAR AHMAD,UP,MAU,D
UPHIN42880,YUVAN TIMES,nan,115349.0,UPHIN/2011/42792,SUDHA VERMA,UP,MAU,M
UPHIN28024,DOLFIN TIMES,nan,78570.0,UPHIN/2000/06013,GHANSHYAM PANDEY,UP,MAU,W
UPHIN31960,SAMACHAR MAIL TIMES,समाचार मेल टाइम्स,83184.0,UPHIN/2003/10627,NEERU VASHIST,UP,MEERUT,BM
UPHIN34192,JOLLY TIMES,nan,88522.0,UPHIN/2005/15965,PANKAJ JOLLY,UP,MEERUT,D
UPHIN40051,SU JAAN TIMES,सुजान टाइम्स,106093.0,UPHIN/2009/33536,SUNEET MOHAN SHARMA,UP,MEERUT,D
UPHIN27476,VIJAY DARPAN TIMES,विजय दर्पण टाइम्स,59740.0,59740/ 94,BIJENDRA AGGARWAL,UP,MEERUT,D
UPHIN02857,DEEP TIMES,दीप टाइम्स,46251.0,46251/ 87,PRADEEP KUMAR GAUTAM,UP,MEERUT,D
UPHIN30144,HIRA TIMES,nan,51089.0,51089/ 90,SUBHASH CHANDRA,UP,MEERUT,D
UPHIN45073,RADHA GOVIND TIMES,राधा गोविन्द टाइम्स,129217.0,UPHIN/2014/56662,NAJIM CHOUDHARY,UP,MEERUT,D
UPHIN36540,SHAH TIMES,शाह टाइम्स,93218.0,UPHIN/2007/20661,M/S SHAH PUBLICATION,UP,MEERUT,D
UPHIN26257,BIHANG DRUSHTI TIMES,nan,57576.0,57576/ 93,SHRI SANJAY SHARMA,UP,MEERUT,D
UPHIN05395,KAPIL TIMES,nan,19296.0,19296/ 69,ASHOK KUMAR KAPIL,UP,MEERUT,D
UPHIN42204,VICHAR PRAHARI TIMES,विचार प्रहरी टाइम्स,111103.0,UPHIN/2011/38546,PINKI UPADHYAY,UP,MEERUT,D
UPHIN26701,KESAR KHUSHBU TIMES,nan,51092.0,51092/ 90,RAVI KUMAR BISHNOI,UP,MEERUT,D
UPHIN13490,SAMUH TIMES,nan,51757.0,51757/ 91,KIRAN VISHNOI,UP,MEERUT,D
UPHIN14892,MAHAN VANI TIMES,nan,51874.0,51874/ 91,KIRAN VISHNOI,UP,MEERUT,D
UPHIN44750,DESTINY TIMES,डेस्टिनी टाइम्स,128277.0,UPHIN/2014/55722,MANOJ BEDI,UP,MEERUT,D
UPHIN33427,DEEP TIMES,दीप टाइम्स,59630.0,59630/ 87,PRADEEP KUMAR GAUTAM,UP,MEERUT,D
UPHIN35098,TEHELKA TIMES,तहलका टाइम्‍स,90644.0,UPHIN/2006/18087,MEENAKSHI BALI,UP,MEERUT,D
UPHIN03743,GANESH TIMES,गणेश टाइम्स,46051.0,46051/ 86,PINKI UPADHYAY,UP,MEERUT,D
UPHIN49448,DINKAR TIMES,दिनकर टाइम्स,153061.0,UPHIN/2021/80506,DINESH KUMAR AHLAWAT,UP,MEERUT,D
UPHIN39147,A.K. TIMES,ए.के. टाइम्स,101898.0,UPHIN/2009/29341,ANJUMAN,UP,MEERUT,DE
UPHIN10591,SAMRAT TIMES,nan,38827.0,38827/ 81,AHSAN RAZA,UP,MEERUT,F
UPHIN47111,THE CONVERSATION TIMES,दी कॉन्वर्सेशन टाइम्स,139073.0,UPHIN/2016/66518,GUNJAN GARG,UP,MEERUT,F
UPBIL01441,MEERUT TIMES,मेरठ टाइम्स,9508.0,9508/ 63,F .R .KHAN,UP,MEERUT,F
UPHIN31918,VIPIN DARPAN TIMES,विपिन दर्पण टाइम्स,62752.0,62752/ 95,VIPIN MOHAN SHARMA,UP,MEERUT,F
UPHIN18587,MUKESH TIMES,nan,58408.0,58408/ 94,MUKESH GUPTA,UP,MEERUT,M
UPBIL04420,THE EFFORT TIMES,nan,141210.0,UPBIL/2016/68655,I. A KHAN,UP,MEERUT,M
UPHIN45524,NIDHI TIMES,निधि टाइम्स,133587.0,UPHIN/2015/61032,VIJAY SAGAR,UP,MEERUT,M
UPENG03428,CIVIL APEX TIMES,सिविल एपेक्स टाइम्स,98695.0,UPENG/2008/26138,VISHWAS SHARMA,UP,MEERUT,M
UPHIN34664,GURU NIHAL TIMES,गुरू निहाल टाइम्स,99675.0,UPHIN/2007/27118,SANJAY KUMAR JAIN,UP,MEERUT,M
UPHIN32157,VISHVA PARIKRMA TIMES,nan,83188.0,UPHIN/2003/10631,VINOD MALIK,UP,MEERUT,M
UPHIN33942,EXCELL TIMES,nan,88096.0,UPHIN/2005/15539,OMVEER SINGH TOMAR,UP,MEERUT,M
UPHIN08190,PARDISH TIMES,nan,56754.0,56754/ 92,U P JILLA PARISHAD W,UP,MEERUT,M
UPHIN30150,HARIT PRABHA TIMES,nan,78292.0,UPHIN/2001/05735,MOHD.AHMAD ALVI,UP,MEERUT,M
UPHIN38668,MEERUT KI BOLI TIMES,nan,62583.0,62583/ 94,SANJEEV KUMAR,UP,MEERUT,Q
UPBIL05319,ROYAL CHARITABLE SOCIETY'S RESEARCH TIMES: AN INTERNATIONAL JOURNAL FOR LANGUAGES AND TECHNOLOGY,nan,,nan,"ROYAL CHARITABLE SOCIETY FOR EDUCATION AND TECHNOLOGY MEERUT, UTTAR PRADESH INDIA",UP,MEERUT,Q
UPHIN21654,THE TIMES OF KHALEEJ FOR INDIA,nan,66047.0,66047/ 97,MOHAMMAD SALIM,UP,MEERUT,W
UPBIL04661,SUNDAY TIMES,nan,2352.0,2352/ 57,SAVEERA VINOD,UP,MEERUT,W
UPHIN22370,SHASTRI NAGAR TIMES,nan,64263.0,64263/ 96,SATISH MAITREY JIGYASU,UP,MEERUT,W
UPHIN17481,NARMOLAK TIMES,nan,57492.0,57492/ 93,MAKKHAN SINGH,UP,MEERUT,W
UPHIN17577,HEENA TIMES,nan,57508.0,57508/ 93,S.ZAFARI,UP,MEERUT,W
UPHIN16764,VICHAR PRAHARI TIMES,विचार प्रहरी टाइम्‍स,55963.0,55963/ 92,PINKI UPADHYAY,UP,MEERUT,W
UPHIN09889,SUPER TIMES,nan,54376.0,54376/ 88,RAJENDER KUMAR ARORA,UP,MEERUT,W
UPHIN04614,IRON TIMES,nan,26650.0,26650/ 75,SUBHASH CHAND SHARMA,UP,MEERUT,W
UPHIN05244,K K TIMES,nan,40140.0,40140/ 82,DR. KRISHAN KANT TIWARI,UP,MEERUT,W
UPHIN27963,SHIVANGI TIMES,nan,71797.0,71797/ 99,SUNIL KUMAR BHATI,UP,MEERUT,W
UPHIN28450,JAY RAMJI TIMES,nan,73794.0,UPHIN/2000/01237,NARESH CHAND SINHAL,UP,MEERUT,W
UPHIN27296,SKYLINE TIMES,nan,69389.0,69389/ 98,ARUN SHARMA,UP,MEERUT,W
UPHIN35869,NARAYAN TIMES,नारायण टाइम्स,93730.0,UPHIN/2007/21173,SAHANSAR PAL SINGH,UP,MEERUT,W
UPHIN25108,VARAN TIMES,nan,70022.0,70022/ 98,MAHAKAAR SINGH,UP,MEERUT,W
UPHIN43793,AKSHAR TIMES,nan,123881.0,UPHIN/2013/51326,PRIYA SHARMA,UP,MEERUT,W
UPHIN43151,JANNAT TIMES,nan,119835.0,UPHIN/2012/47278,KASHIF ALI,UP,MEERUT,W
UPHIN29818,SAMUH TIMES,nan,56036.0,56036/ 92,KISAN VISHNOI,UP,MEERUT,W
UPHIN18027,KAL KI ADALAT TIMES,nan,58424.0,58424/ 93,SANJAY SHARMA,UP,MEERUT,W
UPHIN23934,GAHLAUT TIMES,nan,66235.0,66235/ 97,NARENDER SINGH GAHLAUT,UP,MEERUT,W
UPHIN08122,PANDEY TIMES,nan,71740.0,71740/ 99,JAI PRAKASH PANDEY,UP,MEERUT,W
UPHIN19199,TIMES OF MEERUT,nan,59581.0,59581/ 94,SUDHA GARG,UP,MEERUT,W
UPHIN18873,ROHTA TIMES,nan,58561.0,58561/ 94,BINESH KUMAR,UP,MEERUT,W
UPHIN19537,KOHINOOR TIMES,nan,59651.0,59651/ 94,AHSAN AHMED,UP,MEERUT,W
UPHIN18458,VIHANG DRISTI TIMES,nan,58546.0,58546/ 94,SANJAY SHARMA,UP,MEERUT,W
UPHIN06327,LAVINDER TIMES,nan,36354.0,36354/ 76,LAVINDER BHUSHAN SHARMA,UP,MEERUT,W
UPHIN14891,DEVANSHI TIMES,nan,54490.0,54490/ 91,SH ASHOK KUMAR VERMA,UP,MEERUT,W
UPHIN48009,TEYYAB TIMES,तैय्यब टाइम्स,147349.0,UR,TEYYAB,UP,MEERUT,W
UPHIN18017,SAHARA JAGRAN TIMES,nan,56929.0,56929/ 93,ANAND GARG,UP,MEERUT,W
UPHIN18029,ELECRA WORLD TIMES,nan,57486.0,57486/ 93,SMT.RITU SHARMA,UP,MEERUT,W
UPHIN16735,PRABAL VEDANA TIMES,nan,68030.0,68030/ 94,ANIL KUMAR,UP,MEERUT,W
UPHIN49460,ATULYA TIMES,अतुल्य टाइम्स,153421.0,UPHIN/2021/80866,ANITA TYAGI,UP,MEERUT,W
UPHIN33285,ABHAY TIMES,nan,87073.0,UPHIN/2004/14516,AJAY KUMAR PATHAK,UP,MEERUT,W
UPHIN29560,GRAMEEN DARPAN TIMES,nan,75666.0,UPHIN/2001/03109,MANOJ KUMAR,UP,MEERUT,W
UPHIN29775,VAIBHAV TIMES,nan,76225.0,UPHIN/2001/03668,BRAJESH KUMAR SHARMA,UP,MEERUT,W
UPHIN06817,MANDAKNI TIMES,nan,47857.0,47857/ 88,MADHU TYAGI,UP,MEERUT,W
UPHIN02047,BIR BHARAT TIMES,nan,43251.0,43251/ 84,SANT KUMAR PATHAK,UP,MEERUT,W
UPHIN27224,SATYA TIMES,nan,38667.0,38667/ 81,JAGDISH ARORA,UP,MEERUT,W
UPHIN16733,VIPIN DARPAN TIMES,विपिन दर्पण टाइम्स,62490.0,62490/ 95,VIPIN MOHAN SHARMA,UP,MEERUT,W
UPHIN43329,HASTINAPUR TIMES,nan,120260.0,UPHIN/2012/47703,ARVIND KUMAR RASTOGI,UP,MEERUT,W
UPHIN26841,MAWANA TIMES,nan,43307.0,43307/ 82,PRADEEP KR. GAUTAM,UP,MEERUT,W
UPHIN26847,MEERUT BHEDI TIMES,nan,43185.0,43185/ 85,PARSHU RAM SHARMA,UP,MEERUT,W
UPHIN19499,PASHCHIM TIMES,nan,58580.0,58580/ 94,KRISHNA KUMAR SHARMA,UP,MEERUT,W
UPHIN24390,BHRIGU TIMES,nan,69444.0,69444/ 98,PUNEET SHARMA,UP,MEERUT,W
UPHIN25825,SEVEN TIMES,nan,70509.0,70509/ 99,SUNIL AGRAWAL,UP,MEERUT,W
UPHIN12005,TIMES OF TIGER,टाइम्स ऑफ़ टाइगर,46037.0,46037/ 86,KUNWAR NAUSHEMAN,UP,MEERUT,W
UPHIN10311,SAINI TIMES,nan,36472.0,36472/ 80,VIJENDRA KUMAR SAINI,UP,MEERUT,W
UPHIN18574,SUSHIL TIMES,nan,57644.0,57644/ 93,SUSHIL STEPHEN,UP,MEERUT,W
UPHIN23567,TRIPUND TIMES,nan,65282.0,65282/ 97,MUKESH KUMAR,UP,MEERUT,W
UPHIN23852,RUSTAM TIMES,nan,67196.0,67196/ 97,MAMTA GUPTA,UP,MEERUT,W
UPHIN23932,AKHIL TIMES,nan,66191.0,66191/ 97,RAJENDRA KUMAR SHARMA,UP,MEERUT,W
UPHIN40150,SONA CHANDI TIMES,nan,109303.0,UPHIN/2010/36746,SANT KUMAR VERMA,UP,MEERUT,W
UPHIN34197,SARTHAK TIMES,सार्थक टाइम्‍स,89417.0,UPHIN/2005/16860,LALIT PARASHAR,UP,MEERUT,W
UPHIN17225,PRINCE TIMES,nan,56812.0,56812/ 92,SIVASA,UP,MEERUT,W
UPHIN07567,NOUCHANDI TIMES,nan,47813.0,47813/ 88,OM PRAKASH SHARMA,UP,MEERUT,W
UPHIN05545,KASHYAP TIMES,nan,13489.0,13489/ 67,BABU LAL TOMES,UP,MEERUT,W
UPHIN03766,SHRI GANGA TIMES,nan,36312.0,36312/ 80,SARDAR SINGH,UP,MEERUT,W
UPHIN22689,VINAYATA TIMES,nan,64427.0,64427/ 96,AJAY MITTAL,UP,MEERUT,W
UPHIN12952,WELLDONE TIMES,nan,43256.0,43256/ 81,SATISH KUMAR,UP,MEERUT,W
UPHIN07885,NISHANT TIMES,nan,40160.0,40160/ 82,ARUN KUMAR JAIN,UP,MEERUT,W
UPHIN17226,PASWADA TIMES,nan,56701.0,56701/ 92,VINOD KUMAR,UP,MEERUT,W
UPHIN21795,BROADWAY TIMES,nan,63790.0,63790/ 96,SUNDER LAL AGRAWAL,UP,MEERUT,W
UPHIN22693,MEERUT CURFEW TIMES,nan,63858.0,63858/ 96,SANJIV JAIN,UP,MEERUT,W
UPHIN19941,UGTA SURAJ TIMES,nan,59688.0,59688/ 94,HARISH KUMAR,UP,MEERUT,W
UPHIN19388,UMANG PARWANA TIMES,nan,59515.0,59515/ 94,LALIT GOSWAMI,UP,MEERUT,W
UPHIN10869,SARVAJATIYA TIMES,nan,54493.0,54493/ 88,JAY BHAGWAN SINGH KHOKHAR,UP,MEERUT,W
UPHIN06997,MOURYA TIMES,nan,43392.0,43392/ 86,R K MAURYA,UP,MEERUT,W
UPHIN29929,MANI NEWS TIMES,nan,78491.0,UPHIN/2001/05934,JITENDRA MANI SHARMA,UP,MEERUT,W
UPHIN18581,MEERUT KI BOLI TIMES,MERRUT KI BOLI TIMES,57531.0,57531/ 93,KAVITA VASISHT,UP,MEERUT,W
UPHIN38741,IRAN TIMES,nan,66500.0,66500/ 96,MADHU VASHNEY,UP,MEERUT,W
UPHIN19531,DUGGAL TIMES,nan,59786.0,59786/ 94,JITENDRA KUMAR DUGGAL,UP,MEERUT,W
UPHIN20439,MITHUSI TIMES,nan,62069.0,62069/ 95,LOKESH AGARWAL,UP,MEERUT,W
UPHIN25266,BHAIRAVI TIMES,nan,62344.0,62344/ 95,DR S K SHARMA,UP,MEERUT,W
UPHIN45141,BINESH TIMES,बिनेश टाइम्स,135558.0,UPHIN/2014/63003,BINESH KUMAR TEVATIYA,UP,MEERUT,W
UPHIN29293,SOMA TIMES,nan,75015.0,UPHIN/2000/02458,DINESHKUMAR,UP,MEERUT,W
UPHIN24178,ABAD TIMES,nan,66388.0,66388/ 97,SANJIV KUMAR,UP,MEERUT,W
UPHIN08626,PRAGYA PATH TIMES,प्रज्ञा पथ टाइम्स,20404.0,20404/ 71,SATYA WATI SANATIKA,UP,MEERUT,W
UPHIN28512,SINGH WEEK TIMES,nan,75815.0,UPHIN/2000/03258,RINKU SINGH,UP,MEERUT,W
UPHIN18487,AGRIM TIMES,nan,57481.0,57481/ 93,ROHTASH KUMAR,UP,MEERUT,W
UPHIN24035,ROSEMARY TIMES,nan,66040.0,66040/ 97,ONKAR GUPTA,UP,MEERUT,W
UPHIN24038,HUMANITY TIMES,nan,66083.0,66083/ 97,AMBARISH KUMAR KAUSHIK,UP,MEERUT,W
UPHIN24969,CRIME AND CRIMINAL TIMES,nan,67834.0,67834/ 98,RAJESH KUMAR,UP,MEERUT,W
UPHIN30114,SUDHA TIMES,nan,78186.0,UPHIN/2001/05629,SUBHASH CHAND,UP,MEERUT,W
UPHIN29085,HAKEEM BULLETIN TIMES,nan,76792.0,UPHIN2001/04235,HAKEEM MAQSOOD AHMAD,UP,MEERUT,W
UPHIN02010,BIJOLI TIMES,nan,26722.0,26722/ 74,HABIB KHAN JINOJIYA,UP,MEERUT,W
UPHIN00109,P.C.TIMES,पी.सी.टाइम्स,29322.0,29322/ 73,PRAKASH CHANDRA,UP,MEERUT,W
UPHIN27291,SINGHAL TIMES,nan,55999.0,55999/ 92,PUNEET SINGHAL,UP,MEERUT,W
UPHIN34585,MIRJAPUR TIMES,मिर्जापुर टाइम्स,88931.0,UPHIN/1999/16374,AJAY SHANKAR,UP,MIRJAPUR,D
UPENG03453,CHOICE TIMES,च्‍वाइस टाइम्‍स,98561.0,UPENG/2008/26004,SANJEEV KUMAR MISHRA,UP,MIRZAPUR,D
UPHIN46545,JANESHWAR TIMES,जनेश्वर टाइम्स,136367.0,UPHIN/2015/63812,JAG PRAKASH DWIVEDI,UP,MIRZAPUR,D
UPHIN32900,AAKROSH TIMES,nan,88962.0,UPHIN/2005/16405,SUNITA PANDEY,UP,MIRZAPUR,D
UPHIN40206,CHOICE TIMES,च्वाइस टाइम्स,104009.0,UPHIN/2009/31452,SANJEEV KUMAR MISHRA,UP,MIRZAPUR,D
UPURD04132,MIRJAPUR TIMES,मिर्जापुर टाइम्‍स,98340.0,UPURD/2008/25783,AJAY SHANKAR,UP,MIRZAPUR,D
UPHIN26329,CHUNAR TIMES,nan,40105.0,40105/ 81,S. DANBEER SINGH,UP,MIRZAPUR,W
UPHIN22557,MIRJAPUR TIMES,मिर्जापुर टाइम्स,64365.0,64365/ 96,AJAY SHANKAR,UP,MIRZAPUR,W
UPHIN03399,EAST ASAIN TIMES,nan,33194.0,33194/ 78,SULTAN SHAHARYAR KHAN,UP,MIRZAPUR,W
UPHIN46004,CITY TIMES,सिटी टाइम्स,132496.0,UPHIN/2014/59941,M C I 5 MEDIA COMMUNICATION PVT. LTD,UP,MORADABAD,D
UPHIN34179,MOVIS TIMES,nan,87502.0,UPHIN/2004/14945,NASIR QURESHI,UP,MORADABAD,D
UPHIN20426,SUNEHRA TIR TIMES,nan,63955.0,63955/ 96,SMT. MADHURI VARSHANYA,UP,MORADABAD,D
UPHIN33096,MAHANAGAR TIMES,महानगर टाइम्स,84861.0,UPHIN/2004/12304,GOPAL SHARMA,UP,MORADABAD,D
UPURD04694,RABTA TIMES,nan,121649.0,UPURD/2013/49094,AYAAN PUBLICATION PVT LTD,UP,MORADABAD,D
UPHIN32560,BRIJ TIMES,nan,83616.0,UPHIN/2003/11059,AKSHAT AGARWAL,UP,MORADABAD,D
UPHIN26065,AGRSURYA TIMES,nan,50999.0,50999/ 90,NOT GIVEN,UP,MORADABAD,D
UPURD05034,CITY TIMES,सिटी टाइम्स,132497.0,UPURD/2014/59942,M C I 5 MEDIA COMMUNICATION PVT. LTD,UP,MORADABAD,D
UPHIN38212,BALLI TIMES,बल्ली टाइम्स,100642.0,UPHIN/2008/28085,VINOD VIG,UP,MORADABAD,DE
UPHIN17007,AMAR INDIA TIMES,nan,54315.0,54315/ 90,JAKI SAJJAD AHMED KATHERI,UP,MORADABAD,F
UPBIL00463,HOTEL TIMES,होटल टाइम्स,9882.0,9882/ 65,RAM KRIPAL SHARMA,UP,MORADABAD,M
UPHIN31846,PATHAK TIMES,nan,83958.0,UPHIN/2003/11401,DINANATH PATHAK,UP,MORADABAD,W
UPHIN35214,HAQ TIMES,हक़ टाइम्स,93031.0,UPHIN/2006/20474,MOHD. ISHRAT NIYAZI,UP,MORADABAD,W
UPHIN49176,AGAVANPUR TIMES,अगवानपुर टाइम्स,151748.0,UPHIN/2020/79193,MUZAHID HUSAIN,UP,MORADABAD,W
UPBIL04955,THE TIMES OF UTTAR PRADESH,द टाइम्स ऑफ उत्तर प्रदेश,150442.0,UPBIL/2019/77887,DR MOHD MUSTAQUIM,UP,MORADABAD,W
UPHIN45580,MANSHI NEWS TIMES,मानसी न्‍यूज टाइम्‍स,141621.0,UPHIN/2015/69066,RAM KISHORE RASTOGI,UP,MORADABAD,W
UPHIN36277,NEW MADAD TIMES,न्यू मदद टाइम्स,94707.0,UPHIN/2007/22150,MOHD. AHSAN ABBASSI,UP,MORADABAD,W
UPHIN27515,PITTAL NAGAR TIMES,nan,56870.0,56870/ 92,RAHUL GUPTA,UP,MORADABAD,W
UPHIN30324,BALLI TIMES,nan,78873.0,UPHIN/2001/06316,VINOD VIG,UP,MORADABAD,W
UPHIN16796,THAKUR DWARA TIMES,nan,43225.0,43225/ 85,BENI PRASAD SAXENA,UP,MORADABAD,W
UPHIN50430,DILARI TIMES,nan,,nan,MOHD. BARIS,UP,MORADABAD,W
UPHIN45928,NEURON TIMES,न्‍यूरोन टाइम्‍स,144538.0,UPHIN/2016/71983,A.K.SINGH,UP,MORADABAD,W
UPHIN19472,TARAI JAUN TIMES,nan,59637.0,59637/ 94,REHANA SAIFI,UP,MORADABAD,W
UPHIN31112,MORADABAD TIMES,nan,80167.0,UPHIN/2002/07610,MOHD. DANISH ANSARI,UP,MORADABAD,W
UPHIN36181,HIKMAT TIMES,nan,114092.0,UPHIN/2007/41535,MOH. LAIK,UP,MORADABAD,W
UPHIN50433,DILARI TIMES,nan,,nan,MOHD. BARIS,UP,MORADABAD,W
UPHIN32263,SUNEHRA TEER TIMES,nan,82695.0,UPHIN/2002/10138,SMT. MADHURI VARSH-,UP,MORADABAD,W
UPBIL00162,BILARI TIMES,nan,19290.0,19290/ 69,PADAM CHAND JAIN,UP,MORADABAD,W
UPHIN21818,GOYAL AGRAWAL TIMES,nan,63193.0,63193/ 96,GOPAL DAS AGARWAL,UP,MORADABAD,W
UPHIN17660,KUNDARKI TIMES,nan,59613.0,59613/ 94,MAHAFOOZ KHAN,UP,MORADABAD,W
UPHIN21577,BRAHM TARANG TIMES,nan,67055.0,67055/ 95,ASHOK KUMAR SHARMA,UP,MORADABAD,W
UPHIN38634,SATYADHAM TIMES,nan,57735.0,57735/ 93,NASIM RANA,UP,MUJAFFARNAGAR,W
UPHIN28298,SHAH TIMES,शाह टाइम्स,71843.0,71843/ 99,SHAH PUBLICATION PVT. LTD.,UP,MUJJAFARNAGAR,D
UPHIN32356,SHAH TIMES,शाह टाइम्स,82820.0,UPHIN/2003/10263,M/S SHAH PUBLICATION,UP,MURADABAD,D
UPHIN31670,ISHI TIMES,nan,81086.0,UPHIN/2002/08529,OM PRAKASH GUPTA,UP,MURADABAD,W
UPHIN29297,SANA TIMES,nan,75061.0,UPHIN/2000/02504,SAYED MATLOOB HASAN,UP,MURADABAD,W
UPHIN31903,MOVIS TIMES,nan,82734.0,UPHIN/2003/10177,NASIR QURAISHI,UP,MURADABAD,W
UPHIN26931,P K TIMES,पी.के.टाइम्‍स,40204.0,40204/ 82,PRAMOD KUMAR TYAGI,UP,MUZAFARNAGAR,W
UPHIN32396,MEET TIMES,nan,84010.0,UPHIN/2003/11453,MANOJ KUMAR,UP,MUZAFFAR NAGAR,W
UPHIN47210,MIRAPUR TIMES,मीरापुर टाइम्स,141088.0,UPHIN/2016/68533,SHAHNAWAJ,UP,MUZAFFARNAGAR,BM
UPHIN43997,BHOO GARIMA TIMES,nan,122598.0,UPHIN/2013/50043,BHOODEV SHARMA,UP,MUZAFFARNAGAR,D
UPURD04565,JAG CHARCHA TIMES,nan,125186.0,UPURD/2013/52631,SATYA PRAKASH SHARMA,UP,MUZAFFARNAGAR,D
UPHIN18765,MUZAFFAR NAGAR EKTA TIMES,nan,59704.0,59704/ 94,YOGENDER SHARMA,UP,MUZAFFARNAGAR,D
UPHIN50372,KARNAIYA TIMES,nan,,nan,RAB CHARETABLE TRUST,UP,MUZAFFARNAGAR,D
UPHIN43903,CORONA TIMES,nan,123810.0,UPHIN/2013/51255,AJENDRA KUMAR,UP,MUZAFFARNAGAR,D
UPHIN50733,MAHA SHABHA TIMES,महासभा टाइम्स,159382.0,UPHIN/2023/86827,ADNAN KHAN,UP,MUZAFFARNAGAR,D
UPHIN47765,WADEKAR TIMES,वाडेकर टाइम्स,149704.0,UPHIN/2016/77149,RAM KISHAN,UP,MUZAFFARNAGAR,D
UPHIN51130,JANBHAWNA TIMES,nan,,nan,ADITYA VASHISTHA,UP,MUZAFFARNAGAR,D
UPHIN51137,LOK SHASAK TIMES,nan,,UR,NAFEES AHMAD,UP,MUZAFFARNAGAR,D
UPHIN26863,MUZAFFARNAGAR AKATHA TIMES,nan,58479.0,58479/ 94,NOT GIVEN,UP,MUZAFFARNAGAR,D
UPHIN47147,NAMOKAR TIMES,नमोकार टाइम्स,139292.0,UPHIN/2016/66737,RITU JAIN,UP,MUZAFFARNAGAR,D
UPHIN26264,BISSU BHAI TIMES,nan,40169.0,40169/ 82,VISHWANATH BHARTIA BISSU BHAI,UP,MUZAFFARNAGAR,D
UPHIN36521,MUDGAL TIMES,मुदगल टाइम्स,95382.0,UPHIN/2007/22825,ANUJ KUMAR SHARMA,UP,MUZAFFARNAGAR,D
UPHIN29220,LALIT TIMES,nan,73797.0,UPHIN/2000/01240,LALIT KUMAR JAIN,UP,MUZAFFARNAGAR,D
UPHIN13378,MEERUT MANDAL TIMES,nan,51797.0,51797/ 91,MOHD. ARSHAD RAHI,UP,MUZAFFARNAGAR,D
UPHIN07257,MORNA TIMES,nan,36232.0,36232/ 79,HARPAL SINGH PANWAR,UP,MUZAFFARNAGAR,F
UPHIN18428,RAJAT TIMES,रजत टाइम्स,62664.0,62664/ 95,DR. LATA MISHRA,UP,MUZAFFARNAGAR,F
UPHIN38512,SUNITI TIMES,nan,26495.0,26495/ 73,MAN MOHAN KUMAR MITTAL,UP,MUZAFFARNAGAR,F
UPHIN26717,KIRANA TIMES,nan,36414.0,36414/ 80,DR. SHIV KUMAR SHARMA,UP,MUZAFFARNAGAR,F
UPHIN40050,VATSA TIMES,वत्स टाइम्स,105680.0,UPHIN/2010/33123,VINOD KUMAR SHARMA,UP,MUZAFFARNAGAR,F
UPHIN20507,KATARIYA TIMES,nan,60420.0,60420/ 95,SURENDRA KUMAR,UP,MUZAFFARNAGAR,F
UPHIN19401,LAXMI TIMES,nan,62286.0,62286/ 95,AMIT KUMAR JAIN,UP,MUZAFFARNAGAR,M
UPHIN11206,SHALIMAR TIMES,nan,35545.0,35545/ 79,ASHOK ASHK,UP,MUZAFFARNAGAR,M
UPHIN51147,PRIME MIRROR TIMES,nan,,nan,RIZWAN AHMAD,UP,MUZAFFARNAGAR,M
UPHIN41704,PARSHVANATH TIMES,पार्श्वनाथ टाइम्स,112604.0,UPHIN/2011/40047,AMIT KUMAR JAIN,UP,MUZAFFARNAGAR,M
UPHIN24864,MAIDIAN TIMES,nan,69908.0,69908/ 98,RAKESH KUMAR MAIDIAN,UP,MUZAFFARNAGAR,M
UPHIN35528,ADHARAN TIMES,आधरान टाइम्स,92554.0,UPHIN/2007/19997,SUKHRAM SINGH,UP,MUZAFFARNAGAR,W
UPHIN28583,AL-MEEZAN TIMES,nan,73975.0,UPHIN/2000/01418,MO.ARIF ANSARI,UP,MUZAFFARNAGAR,W
UPHIN26604,JANSETH TIMES,nan,36348.0,36348/ 79,KRISHAN AVTAR SHARMA,UP,MUZAFFARNAGAR,W
UPHIN47803,BHATNAGAR TIMES,nan,69580.0,69580/ 98,DINESH KUMAR BHATNAGAR,UP,MUZAFFARNAGAR,W
UPHIN47158,MAAYDA TIMES,मायदा टाईम्स,141361.0,UPHIN/2016/68806,SHUJA ABBAS ZAIDI,UP,MUZAFFARNAGAR,W
UPHIN47095,KHATAULI TIMES,खतौली टाइम्‍स,143120.0,UPHIN/2016/70565,RAJESH SHARMA,UP,MUZAFFARNAGAR,W
UPHIN19154,PUSHPANJALI TIMES,nan,58448.0,58448/ 94,SURENDRA PRAKASH GOYAL,UP,MUZAFFARNAGAR,W
UPHIN20973,REKHACHITRA TIMES,nan,62491.0,62491/ 95,SOHAN VEER SINGH,UP,MUZAFFARNAGAR,W
UPHIN17430,THANVI MUZAFFARNAGAR TIMES,थानवी मुजफ्फरनगर टाइम्‍स,56786.0,56786/ 93,DR. NASIM AHMED THANVI,UP,MUZAFFARNAGAR,W
UPHIN01551,BANKE BIHARI TIMES,nan,47939.0,47939/ 88,SURESH KUMAR BANSAL,UP,MUZAFFARNAGAR,W
UPHIN39854,SHAN NEWS TIMES,शान न्यूज टाइम्स,105067.0,UPHIN/2009/32510,RAM AVTAR MISHRA,UP,MUZAFFARNAGAR,W
UPHIN24901,RASHTRIYA JUNG TIMES,nan,67483.0,67483/ 97,MOHD. IQBAL HASAN,UP,MUZAFFARNAGAR,W
UPHIN20616,VIRESH TIMES,nan,65369.0,65369/ 97,VIRESH CHAUHAN,UP,MUZAFFARNAGAR,W
UPHIN17475,HIRA EKTA TIMES,हीरा एकता टाइम्स,56666.0,56666/ 93,SUSHMA AGARWAL,UP,MUZAFFARNAGAR,W
UPHIN12436,UTTRAKHAND TIMES,nan,6888.0,6888/ 62,SATISH KUMAR BINDAL,UP,MUZAFFARNAGAR,W
UPHIN07319,MUKUL SHANDITYA TIMES,nan,51074.0,51074/ 90,PRAMESH KUMAR SHARMA,UP,MUZAFFARNAGAR,W
UPHIN33598,BHOO GARIMA TIMES,nan,87368.0,UPHIN/2004/14811,BHOODEV SHARMA,UP,MUZAFFARNAGAR,W
UPHIN47833,NISHCHAL TIMES,निश्‍चल टाइम्‍स,141756.0,UPHIN/2016/69201,NEELAM SHARMA,UP,MUZAFFARNAGAR,W
UPHIN42336,VISHESH TIMES,nan,121961.0,UPHIN/2012/49406,SHADAB AHMAD,UP,MUZAFFARNAGAR,W
UPHIN31825,DEV TIMES,nan,83761.0,UPHIN/2003/11204,VIVEK RAJ,UP,MUZAFFARNAGAR,W
UPHIN19368,RAMALA TIMES,nan,58541.0,58541/ 94,RAKESH KUMAR CHAUHAN,UP,MUZAFFARNAGAR,W
UPHIN42863,SARVA DHARMA TIMES,nan,117536.0,UPHIN/2012/44979,SHEETAL SHARMA,UP,MUZAFFARNAGAR,W
UPHIN18600,LAXMI NAGAR TIMES,nan,59628.0,59628/ 94,RAGHUNANDAN VERMA,UP,MUZAFFARNAGAR,W
UPHIN20504,JIGYASA TIMES,nan,61497.0,61497/ 95,SANJAY KUMAR SHARMA,UP,MUZAFFARNAGAR,W
UPHIN16056,DOABA TIMES,nan,23500.0,23500/ 72,THAKUR DAS CHANCHAL,UP,MUZAFFARNAGAR,W
UPHIN29091,LALIT TIMES,nan,73793.0,UPHIN/2000/01236,LALIT KUMAR JAIN,UP,MUZAFFARNAGAR,W
UPHIN28638,RASHTRIYA MANDAL TIMES,nan,76339.0,UPHIN/2000/03782,NARESH KUMAR SAINI,UP,MUZAFFARNAGAR,W
UPBIL02538,KANDHLA TIMES,nan,33154.0,33154/ 78,MOHD. INAM SIDDIQUI,UP,MUZAFFARNAGAR,W
UPHIN31551,WAHE GURU TIMES,nan,87486.0,UPHIN/2004/14929,PRAMOD KUMAR,UP,MUZAFFARNAGAR,W
UPHIN46917,MERI DUNIYA TIMES,मेरी दुनिया टाइम्स,138105.0,UPHIN/2015/65550,NEESHU CHAUDHARY,UP,MUZAFFARNAGAR,W
UPHIN36520,RAWA TIMES,रावा टाइम्स,94814.0,UPHIN/2007/22257,DR. RAVINDRA SINGH,UP,MUZAFFARNAGAR,W
UPHIN36066,FUGANA TIMES,फुगाना टाइम्‍स,97561.0,UPHIN/2008/25004,NIRANJAN SINGH,UP,MUZAFFARNAGAR,W
UPHIN35881,KARGIL TIMES,कारगिल टाइम्‍स,99063.0,UPHIN/2008/26506,VIJAY KUMAR,UP,MUZAFFARNAGAR,W
UPHIN45365,SOCIAL INDIA TIMES,सोशल इन्डिया टाईम्स,132907.0,UPHIN/2014/60352,SHAH ALAM,UP,MUZAFFARNAGAR,W
UPHIN31385,JAG CHARCHA TIMES,nan,81658.0,UPHIN/2002/09101,DR. SATYA PRAKASH SHARMA,UP,MUZAFFARNAGAR,W
UPURD04465,ALHARIS TIMES,nan,111381.0,UPURD/2011/38824,ALTAFUR REHMAN URF KALEEM,UP,MUZAFFARNAGAR,W
UPHIN12177,UDAYACHAL TIMES,उदयाचल टाइम्स,13566.0,13566/ 66,SUSHIL KUMAR NIRANJAN,UP,NAINITAL,W
UPHIN28052,NATIONAL CORBETT TIMES,नेशनल कॉर्बेट टाइम्स,76505.0,UTTHIN2001/03948,RAKESH KR.GUPTA,UP,NAINITAL,W
UPHIN38564,AMBA TIMES,nan,49074.0,49074/ 89,nan,UP,PATNA,D
UPHIN32374,BRIJ TIMES,ब्रिज टाइम्स,82954.0,UPHIN/2003/10397,AKSHAT AGRAVAL,UP,PILIBHIT,D
UPHIN08448,PILIBHIT TIMES,पीलीभीत टाइम्स,26504.0,26504/ 74,DR. LAKSHMI CHANDRA GUPTA,UP,PILIBHIT,M
UPBIL01933,FARJANA TIMES,फरजाना टाइम्स,57730.0,57730/ 93,BAHARA PILIBHITI,UP,PILIBHIT,M
UPHIN24526,SHAHJI TIMES,शाहजी टाइम्स,68711.0,68711/ 97,M. HASNAIN MALIK,UP,PILIBHIT,W
UPHIN50471,BRIGHT TIMES,ब्राइट टाइम्स,156227.0,UPHIN/2022/83672,GAURAV SRIVASTAVA,UP,PRATAPGARGH,D
UPURD04447,DAWAT TIMES,nan,107685.0,UPURD/2010/35128,MOHD.SHARIF KHAN,UP,PRATAPGARH,D
UPURD04278,HARMAIN TIMES,हरमैन टाइम्स,105665.0,UPURD/2010/33108,IMRAN AHMAD,UP,PRATAPGARH,D
UPHIN00731,ANAND TIMES,nan,50940.0,50940/ 88,VIRENDRA SINGH ANAND,UP,PRATAPGARH,D
UPHIN50133,LOKNAYAK TIMES,लोकनायक टाइम्स,156056.0,UPHIN/2021/83501,RAJESH KUMAR MISHRA,UP,PRATAPGARH,W
UPHIN51592,ANWARUL TIMES,nan,,UR,MOHMAD ANWARUL HAQ,UP,PRAYAGRAJ,D
UPHIN45107,KAUSHAMBI TIMES,कौशाम्बी टाइम्स,129432.0,UPHIN/2013/56877,KESAR SINGH,UP,RAE BARELI,D
UPHIN36729,DAILY BAISWARA TIMES,डेली बैसवाड़ा टाइम्स,9964.0,9964/ 65,SHRI DEVI PRASAD DIXIT,UP,RAI BAREILLY,D
UPHIN21390,JAISI TIMES,nan,76785.0,UPHIN/1997/04228,ESHRAT HUSSAIN,UP,RAI BAREILLY,W
UPHIN24748,SHAILENDRA TIMES,nan,69255.0,69255/ 98,SHAILENDRA SINGH,UP,RAI BAREILY,W
UPURD04272,ANAND TIMES,आनन्द टाइम्स,101478.0,UPURD/2009/28921,VIRENDRA SINGH ANAND,UP,RAIBAREILLY,D
UPHIN42110,RAHAT TIMES,nan,110588.0,UPHIN/2011/38031,DR. M.C. SAXENA,UP,RAIBAREILLY,D
UPHIN40434,RATNA TIMES,रत्न टाइम्स,103435.0,UPHIN/2009/30878,TIRTHRAJ SINGH,UP,RAIBAREILLY,D
UPHIN00732,ANAND TIMES,nan,46150.0,46150/ 86,VIRENDER SINGH ANAND,UP,RAIBAREILLY,D
UPHIN44534,PARIVED TIMES,परिवेद टाइम्स,128505.0,UPHIN/2014/55950,ASHUTOSH PANDEY,UP,RAIBAREILLY,F
UPHIN32527,SUMAN TIMES,सुमन टाइम्स,85077.0,UPHIN/2003/12520,CHANDRABHAN VARMA,UP,RAIBAREILLY,W
UPHIN22852,DISHERA TIMES,nan,64657.0,64657/ 96,RAJESH TRIVEDI,UP,RAIBAREILLY,W
UPHIN34032,RATNA TIMES,nan,88064.0,UPHIN/2005/15507,TIRTHRAJ SINGH,UP,RAIBAREILLY,W
UPHIN44795,VISHWANATH TIMES,विश्वनाथ टाइम्स,128991.0,UPHIN/2014/56436,SAROJ SRIVASTVA,UP,RAIBAREILLY,W
UPHIN23580,NAYAB TIMES,nan,72205.0,72205/ 99,NAYAB ALI LAKHNAVI,UP,RAIBAREILLY,W
UPHIN48724,DALMAU TIMES,डलमऊ टाइम्स,150333.0,UPHIN/2019/77778,ASHEESH KUMAR,UP,RAIBAREILLY,W
UPHIN44928,ABHAYDATA TIMES,अभयदाता टाइम्स,128995.0,UPHIN/2014/56440,RAM KRISHNA SHARMA,UP,RAIBAREILLY,W
UPHIN33666,DISHERA TIMES,nan,88672.0,UPHIN/2001/16115,RAJESH TIRVEDI,UP,RAIBAREILY,D
UPHIN36961,ANMOL TIMES,अनमोल टाइम्‍स,97384.0,UPHIN/2008/24827,RAUNAK ALI ANSARI,UP,RAMPUR,D
UPHIN18107,RUHELA TIGERS TIMES,रुहेला टाइगर्स टाइम्स,63086.0,63086/ 95,SOULAT ALI KHAN,UP,RAMPUR,D
UPHIN36866,HASAN TIMES,हसन टाइम्स,94453.0,UPHIN/2007/21896,DR. MEHDI HASAN,UP,RAMPUR,D
UPHIN22355,NIGOVAN TIMES,nan,67191.0,67191/ 96,VIRENDRAKUMAR SAXENA,UP,RAMPUR,F
UPHIN42337,VANCHIT TIMES,वंचित टाइम्स,114961.0,UPHIN/2011/42404,DINESH MANAV,UP,RAMPUR,F
UPHIN28412,ANMOL TIMES,nan,73539.0,UPHIN/2000/00982,RAUNAQ ALI ANSARI,UP,RAMPUR,F
UPBIL02027,FIVE STAR TIMES,nan,62043.0,62043/ 95,ABDUL SALAM KHAN,UP,RAMPUR,M
UPHIN44507,LOOK INDIA TIMES,लुक इंडिया टाइम्स,133593.0,UPHIN/2014/61038,ASHOK SINGH,UP,RAMPUR,M
UPHIN30243,QAUMI TIMES,nan,78734.0,UPHIN/2001/06177,KASHIF KHAN,UP,RAMPUR,OP
UPURD01418,TANDA TIMES,nan,35380.0,35380/ 77,MOHD. ISHTIAQ RAHI,UP,RAMPUR,W
UPURD02303,RAMPUR TIMES,nan,2329.0,2329/ 57,CHAND KUMAR SEXENA,UP,RAMPUR,W
UPHIN26047,ACHOOT TIMES,nan,23428.0,23428/ 72,SIA RAM SINGH RAYA,UP,RAMPUR,W
UPHIN27423,URO TIMES,nan,65374.0,65374/ 97,AMIT AGRAWAL HRIDAYESH,UP,RAMPUR,W
UPHIN38702,ALI BROTHERS TIMES,nan,64290.0,64290/ 93,KAMAR IQBAL KHAN,UP,RAMPUR,W
UPHIN41123,I WIN INDIA TIMES,nan,118523.0,UPHIN/2010/45966,MOHD. ALIM,UP,RAMPUR,W
UPHIN35862,HASAN TIMES,हसन टाइम्स,94230.0,UPHIN/2007/21673,DR. MEHDI HASAN,UP,RAMPUR,W
UPENG03909,JUDICIAL COMPETITION TIMES,जुडिशियल कम्पीटिशन टाइम्स,134305.0,UPENG/2015/61750,JUDICIAL COMPETITION TIMES,UP,SAHARANPUR,A
UPHIN26827,MANISH TIMES,nan,47783.0,47783/ 87,VIR SINGH,UP,SAHARANPUR,D
UPURD04533,PIHANI TIMES,nan,109732.0,UPURD/2010/37175,SMT.WASIM FATIMA ZA,UP,SAHARANPUR,D
UPHIN09534,ROORKEE TIMES,nan,20294.0,20294/ 70,A. K. AFGHANI,UP,SAHARANPUR,D
UPHIN41906,PIHANI TIMES,nan,109731.0,UPHIN/2010/37174,SMT.WASIM FATIMA ZA,UP,SAHARANPUR,D
UPHIN31188,PRADHAN TIMES,nan,79747.0,UPHIN/2001/07190,SUBHASH SHARMA,UP,SAHARANPUR,D
UPHIN28528,PARAS TODAY TIMES,nan,72748.0,UPHIN/2000/00191,OM PRAKASH JAIN,UP,SAHARANPUR,F
UPHIN27532,WORKERS TIMES,nan,36513.0,36513/ 81,VIRENDRA KUMAR KHURANA,UP,SAHARANPUR,F
UPHIN13374,UTTAM TIMES,nan,51738.0,51738/ 91,KULDEEP SINGH,UP,SAHARANPUR,F
UPHIN22240,HUNKAR TIMES,हुंकार टाइम्स,64371.0,64371/ 96,M.C.BHARAT,UP,SAHARANPUR,F
UPURD03295,DEOBAND TIMES,nan,19227.0,19227/ 69,AIJAZ AHMAD QUASMI,UP,SAHARANPUR,F
UPHIN04204,HARORA TIMES,nan,46012.0,46012/ 84,IRSHAD ALI KHAN,UP,SAHARANPUR,F
UPHIN28778,CHHUTMALPUR TODAY TIMES,nan,75645.0,UPHIN/2000/03088,S.K.KASHYAP,UP,SAHARANPUR,F
UPHIN24216,WARSHA VISHAL TIMES,nan,66658.0,66658/ 97,ASHWINI KUMAR GULATI,UP,SAHARANPUR,M
UPHIN42709,MIHIR BHOJ TIMES,nan,120759.0,UPHIN/2012/48203,ANAND PRAKASH ARYA,UP,SAHARANPUR,M
UPHIN20553,SHIV SHANKAR TIMES,nan,62634.0,62634/ 95,RAM BABU,UP,SAHARANPUR,M
UPHIN24698,WATAN TIMES,nan,68468.0,68468/ 98,RAJ KISHORE,UP,SAHARANPUR,OP
UPHIN05201,JUGAL TIMES,nan,46049.0,46049/ 86,ASHWINI KR SHARMA,UP,SAHARANPUR,W
UPHIN35316,MALIK TIMES,मलिक टाइम्‍स,90746.0,UPHIN/2006/18189,PRAVEZ ALI,UP,SAHARANPUR,W
UPHIN25411,BAWARE TIMES,nan,70622.0,70622/ 98,SATPAL SINGH,UP,SAHARANPUR,W
UPHIN35927,GAUTAM TIMES,गौतम टाईम्स,95669.0,UPHIN/2007/23112,DEEPA GAUTAM,UP,SAHARANPUR,W
UPHIN03517,GAJALA TIMES,nan,58545.0,58545/ 93,M AHMED RAJA,UP,SAHARANPUR,W
UPHIN25443,POWER PEETAX TIMES,nan,73335.0,UPHIN/2000/00778,AJIT KR. PARUTHI,UP,SAHARANPUR,W
UPHIN36845,ANAS TIMES,अनस टाइम्‍स,99257.0,UPHIN/2008/26700,KAMAL PASHA ANSARI,UP,SAHARANPUR,W
UPHIN37194,KHAN TIMES,खान टाइम्स,101085.0,UPHIN/2009/28528,JAHANGIR KHAN,UP,SAHARANPUR,W
UPHIN23790,DEEPANSH TIMES,दीपांश टाइम्स,66220.0,66220/ 97,DEEPAK KALRA,UP,SAHARANPUR,W
UPHIN23828,RAMAN TIMES,nan,66811.0,66811/ 97,PAWAN KUMAR,UP,SAHARANPUR,W
UPHIN18366,HARISH TIMES,nan,58386.0,58386/ 93,SHALIM AHMAD SAMANI,UP,SAHARANPUR,W
UPHIN15118,SAHARANPUR KALYUG DARPAN TIMES,nan,55849.0,55849/ 91,BAL KISHAN,UP,SAHARANPUR,W
UPHIN25192,HARORA TIMES,nan,69086.0,69086/ 98,LATA GILHOTRA,UP,SAHARANPUR,W
UPHIN25258,BIGJOG TIMES,nan,70817.0,70817/ 98,MOHIT RANA,UP,SAHARANPUR,W
UPURD00319,BHARAT TIMES,nan,21939.0,21939/ 57,TAK CHAND BHARATI,UP,SAHARANPUR,W
UPHIN25089,LIGENJI TIMES,nan,68983.0,68983/ 98,ATUL GILHOTRA,UP,SAHARANPUR,W
UPHIN41905,BHARTIYA GURJAR TIMES,nan,116974.0,UPHIN/2011/44417,SACHIN VERMA,UP,SAHARANPUR,W
UPHIN34736,BHARSHTACHAR SUDHARAK TIMES,भ्रष्टाचार सुधारक टाइम्स,101375.0,UPHIN/2006/28818,RAJ KUMAR RUHELA,UP,SAHARANPUR,W
UPHIN04573,INDIRA TIMES,nan,33057.0,33057/ 78,DESHRAJ,UP,SAHARANPUR,W
UPHIN30561,KSHETRIYA TIMES,nan,80765.0,UPHIN/2002/08208,SUDHIR KUMAR CHAUHAN,UP,SAHARANPUR,W
UPHIN06848,MANISH TIMES,nan,46046.0,46046/ 85,VIR SINGH,UP,SAHARANPUR,W
UPURD03949,BHARAT TIMES,nan,6962.0,6962/ 61,TEK CHAND BHARTI,UP,SAHARANPUR,W
UPHIN26978,POORAB PASHCHIM TIMES,nan,40166.0,40166/ 82,SHAMSHER SINGH VERMA,UP,SAHARANPUR,W
UPHIN00816,ANSAR TIMES,nan,66011.0,66011/ 97,M AZAD ANSARI,UP,SAHARANPUR,W
UPHIN17111,SAHARANPUR TIMES,nan,4748.0,4748/ 59,KHAN CHAND MIGLANI,UP,SAHARANPUR,W
UPHIN43133,DHARA TIMES,nan,121348.0,UPHIN/2013/48793,KULDEEP ARORA,UP,SAHARANPUR,W
UPHIN34734,PULKIT TIMES,पुलकित टाइम्‍स,91225.0,UPHIN/2006/18668,CHANDER PRAKASH ARORA,UP,SAHARANPUR,W
UPHIN26246,BHAVANISH TIMES,nan,47994.0,47994/ 89,BHAVNISH SINGH,UP,SAHARANPUR,W
UPHIN28632,GANGOH SECULAR TIMES,nan,73772.0,UPHIN/2000/01215,DR.SHAHJAD H.MIRZA,UP,SAHARANPUR,W
UPHIN29334,SUMANGALAM TIMES,सुमंगलम टाइम्स,75102.0,UPHIN/2000/02545,SANJEEV KUMAR,UP,SAHARANPUR,W
UPHIN27962,SHYAM TARANG TIMES,nan,70816.0,70816/ 98,SHYAM KR.MALHOTRA,UP,SAHARANPUR,W
UPHIN04200,HARIT TIMES,nan,46014.0,46014/ 85,MANJU HARIT,UP,SAHARANPUR,W
UPHIN10552,SAMBHAL TIMES,nan,15386.0,15386/ 68,(1) KRISHNA KUMAR AGARWAL AND (2) HARI OM SHUKLA,UP,SAMBHAL,F
UPHIN26303,CHANDAUSI TIMES,nan,35393.0,35393/ 74,SARVESH KUMAR,UP,SAMBHAL,W
UPHIN38835,ABHIJEET TIMES,nan,105210.0,UPHIN/2009/32653,JAGBEER SRIVASTAVA,UP,SANT KABIR NAGAR,D
UPHIN21124,KASHI PRAYAG TIMES,nan,62818.0,62818/ 95,SRIDHAR MISHRA,UP,SANT RAVIDAS NAGAR,Q
UPHIN38409,NEW KANTIDOOT TIMES,न्यू कांतिदूत टाइम्स,104706.0,UPHIN/2009/32149,RAKESH KUMAR TIWARI,UP,SANT RAVIDAS NAGAR,W
UPHIN38421,SHEKHAR TIMES,शेखर टाइम्स,101655.0,UPHIN/2008/29098,VALUE PUBLISHING PRIVATE LIMITED,UP,SHAHJAHANPUR,D
UPHIN45521,SANDAULI TIMES,संदौली टाइम्स,130338.0,UPHIN/2014/57783,VIKAS YADAV,UP,SHAHJAHANPUR,D
UPHIN40706,HUSAINI TIMES,हुसैनी टाइम्स,104363.0,UPHIN/2010/31806,NAZAR MEHANDI,UP,SHAHJAHANPUR,D
UPURD04449,HUSAINI TIMES,हुसैनी टाइम्स,104366.0,UPURD/2010/31809,NAZAR MEHANDI,UP,SHAHJAHANPUR,D
UPHIN51371,PARI EXPRESS TIMES,परी एक्सप्रेस टाइम्स,160589.0,UPHIN/2023/88034,ARVIND KUMAR KANOUJIYA,UP,SHAHJAHANPUR,D
UPHIN11139,SHAHJAHANPUR TIMES,nan,36425.0,36425/ 80,RAJESH CHAND KHANNA & SUSHIL KUMAR NARANG,UP,SHAHJAHANPUR,F
UPHIN50856,SUNAHRA TIMES,सुनहरा टाइम्स,159073.0,UPHIN/2023/86518,UDAY VEER SINGH,UP,SHAHJAHANPUR,M
UPBIL05303,BRAHMATMAJ TIMES,nan,,UR,ASHISH TRIPATHI,UP,SHAHJAHANPUR,M
UPHIN16913,SCIENCE TIMES NEWS & VIEWS,nan,56773.0,56773/ 92,IFRAN HAYUMAN,UP,SHAHJAHANPUR,M
UPHIN49000,ALLAHGANJ TIMES,nan,,nan,AMIT KUMAR VAJPAI,UP,SHAHJAHANPUR,Q
UPHIN48901,PARI EXPRESS TIMES,परी एक्स्प्रेस टाइम्स,152161.0,UPHIN/2019/79606,ARVIND KUMAR KANOUJIYA,UP,SHAHJAHANPUR,W
UPHIN48148,ACROSS TIMES,आक्रॉस टाइम्स,147206.0,UPHIN/2016/74651,GYAN PRAKASH,UP,SHAHJAHANPUR,W
UPHIN22128,NARANG PRADESH TIMES,nan,79131.0,UPHIN/2002/06574,SUSHEEL KUMAR NARANG,UP,SHAHJAHANPUR,W
UPHIN30440,GOLD STAR TIMES,nan,78705.0,UPHIN/2002/06148,MOHAMMAD AHMAD,UP,SHAHJAHANPUR,W
UPHIN47579,AMAR ASAR TIMES,अमर असर टाइम्‍स,145978.0,UPHIN/2016/73423,SHAHEEN BEGUM,UP,SHAHJAHANPUR,W
UPHIN50130,TAHZEEB TIMES,nan,,nan,SUHEL SHAH,UP,SHAHJAHANPUR,W
UPHIN34224,VEER SIKANDAR TIMES,nan,88610.0,UPHIN/2005/16053,ISLAM KHAN,UP,SHAHJAHANPUR,W
UPHIN49900,THE ANTRA TIMES,द अंतरा टाइम्स,156685.0,UPHIN/2021/84130,SYED RIZWAN ABBAS,UP,SHAHJAHANPUR,W
UPBIL04191,RAINBOW TIMES,nan,119527.0,UPBIL/2012/46970,RAKESH SRIVASTAVA,UP,SHAJAHANPUR,W
UPURD05143,RAMALA TIMES,रमाला टाइम्स,138106.0,UPURD/2015/65551,RAKESH KUMAR CHAUHAN,UP,SHAMLI,D
UPHIN00316,AGRAJANYA TIMES,nan,51858.0,51858/ 91,RAVINDRA KUMAR KISHORE,UP,SHAMLI,F
UPHIN13828,ADARSH TIMES,nan,6843.0,6843/ 62,MAN MOHAN SINGH GULHATI,UP,SHAMLI,W
UPHIN14002,MUZAFFARNAGAR TIMES,मुज़फ्फरनगर टाइम्स,9927.0,9927/ 63,ROSHAN LAL,UP,SHANLI,W
UPURD04874,BHINGA TIMES,nan,126969.0,UPURD/2013/54414,UMESH CHANDRA GUPTA,UP,SHRAVASTI,D
UPHIN31445,BHINGA TIMES,nan,80133.0,UPHIN/2002/07576,UMESH CHANDRA GUPTA,UP,SHRAVASTI,D
UPHIN39888,TATHAGAT TIMES,तथागत टाइम्स,103836.0,UPHIN/2009/31279,DR. VIJAY BAHADUR SRIVASTAVA,UP,SIDDHARTHNAGAR,D
UPHIN31800,SIDDHARTH NAGAR TIMES,nan,82409.0,UPHIN/2003/09852,RAMDEV DWIVEDI,UP,SIDDHARTHNAGAR,D
UPHIN49885,PUNARWAS TIMES,nan,,nan,VIJAY BAHADUR SHRIVASTAVA,UP,SIDDHARTHNAGAR,D
UPHIN49884,COMMUNITY TIMES,nan,,nan,VIJAY BAHADUR SRIVASTAVA,UP,SIDDHARTHNAGAR,D
UPHIN39752,SATYANSH TIMES,सत्यांश टाइम्स,102799.0,UPHIN/2009/30242,YASHODA DEVI,UP,SIDDHARTHNAGAR,W
UPHIN43315,LADAKH TIMES,लदाख टाइम्स,125463.0,UPHIN/2012/52908,MAHESHWAR PRATAP SINGH,UP,SIDDHARTHNAGAR,W
UPHIN45515,SHWET TIMES,श्वेत टाइम्स,131376.0,UPHIN/2014/58821,AMAR KANT PANDEY,UP,SIDDHARTHNAGAR,W
UPHIN45759,MONTAGE TIMES,मोन्टेज टाइम्स,139314.0,UPHIN/2015/66759,ABDUL AHAD,UP,SIDDHARTHNAGAR,W
UPHIN43897,RASHTRIYA PRAKASH TIMES,राष्ट्रीय प्रकाश टाइम्स,140457.0,UPHIN/2013/67902,AVINASH KUMAR AZAD,UP,SIDDHARTHNAGAR,W
UPHIN37366,FRIENDS TIMES,फ्रेन्‍ड्स टाईम्‍स,98737.0,UPHIN/2008/26180,ABHAY KUMAR,UP,SIDDHARTHNAGAR,W
UPHIN29520,SIDARTHNAGAR TIMES,nan,78304.0,UPHIN/2001/05747,SHEELA DWIVEDI,UP,SIDDHARTHNAGAR,W
UPHIN45726,ANURAG TIMES,अनुराग टाइम्स,133553.0,UPHIN/2015/60998,ANURAG SRIVASTAVA,UP,SIDDHARTHNAGAR,W
UPHIN43543,AMEENA TIMES,nan,122163.0,UPHIN/2013/49608,ABDUL SALAM CHAUDHARY,UP,SIDDHARTHNAGAR,W
UPHIN33608,OM TIMES,ॐ टाइम्स,94445.0,UPHIN/2004/21888,RAMDEV DWIVEDI,UP,SIDHARTH NAGAR,W
UPHIN20642,HARVINDER TIMES,nan,61916.0,61916/ 95,HARVINDER PAL SINGH,UP,SIDHARTH NAGAR,W
UPHIN50009,SADAGATI TIMES,सदागति टाइम्स,157033.0,UPHIN/2022/84478,RAJESH KUMAR SHUKLA,UP,SITAPUR,BM
UPHIN43414,BISWAN TIMES,बिसवां टाइम्स,122809.0,UPHIN/2013/50254,SUNIL KUMAR,UP,SITAPUR,D
UPHIN46960,DAHELIYA TIMES,डहेलिया टाइम्स,139268.0,UPHIN/2015/66713,ASIT TIWARI,UP,SITAPUR,D
UPHIN48071,SIRAJ TIMES,सिराज टाइम्स,152284.0,UPHIN/2016/79729,SIRAJ AHMAD,UP,SITAPUR,D
UPHIN40428,JAGRUK SAMAJ TIMES,जागरूक समाज टाइम्स,103371.0,UPHIN/2009/30814,KRISHNA GOPAL SWAMI,UP,SITAPUR,D
UPHIN47628,BISWAN TIMES,बिसवां टाइम्स,139701.0,UPHIN/2016/67146,SUNIL KUMAR,UP,SITAPUR,F
UPHIN51349,AJATASHATRU TIMES,अजातशत्रु टाइम्स,159299.0,UPHIN/2023/86744,SURAJ PRASAD RAI,UP,SITAPUR,HY
UPHIN34295,MADHAV TIMES,nan,89088.0,UPHIN/2006/16531,ALOK KUMAR BAJPAI,UP,SITAPUR,W
UPHIN22700,MASHAL TIMES,मशाल टाइम्स,64497.0,64497/ 96,RAIS AHMED KHAN,UP,SITAPUR,W
UPHIN38789,SUMAN SARITA TIMES,सुमन सरिता टाइम्स,70035.0,70035/ 98,ASHA KAUL,UP,SITAPUR,W
UPURD01599,SITAPUR TIMES,nan,23373.0,23373/ 72,KRISHNA KUMAR MISRA,UP,SITAPUR,W
UPHIN46876,JAZBAT TIMES,जजबात टाइम्स,139566.0,UPHIN/2015/67011,SANTOSH KUMAR,UP,SITAPUR,W
UPHIN49995,ARTICLE TIMES,आर्टिकल टाइम्स,156069.0,UPHIN/2022/83514,AYAZ AHMAD,UP,SITAPUR,W
UPHIN21997,LOHA TIMES,nan,63682.0,63682/ 96,SAYED AHMED KHAN,UP,SITAPUR,W
UPHIN22697,DESH TIMES,nan,68148.0,68148/ 97,FARHAT HUSAIN KHAN,UP,SITAPUR,W
UPBIL01409,INTERNATIONAL TIMES,इंटरनेशनल टाइम्स,9809.0,9809/ 64,KRISHNA KUMAR SHUKLA,UP,SITAPUR,W
UPHIN48060,AJATASHATRU TIMES,अजातशत्रु टाइम्स,149863.0,UPHIN/2018/77308,SURAJ PRASAD RAI,UP,SITAPUR,W
UPHIN22001,VISHWA MANGLA TIMES,nan,63665.0,63665/ 96,DEEPA SINGH,UP,SITAPUR,W
UPHIN22695,NAIMISH TIMES,nan,63978.0,63978/ 96,CHANDARBHAL RATHOR,UP,SITAPUR,W
UPHIN44042,SIRAJ TIMES,nan,124693.0,UPHIN/2013/52138,SIRAJ AHMAD,UP,SITAPUR,W
UPHIN22008,NAYA PAIGAM TIMES,नया पैगाम टाइम्स,63507.0,63507/ 96,RIZVAN AHMED KHAN,UP,SITAPUR,W
UPHIN48501,DORAKUND TIMES,nan,,UR,SURENDRA BAHADUR SINGH,UP,SONBHADRA,D
UPHIN48067,SONBHADRA TIMES,सोनभद्र टाइम्स,149526.0,UPHIN/2017/76971,RAJESH JAISWAL,UP,SONBHADRA,M
UPHIN40893,KAIMOOR TIMES,कैमूर टाइम्स,135205.0,UPHIN/2011/62650,VIJAY SHANKAR CHATURVEDI,UP,SONBHADRA,M
UPHIN45060,BHARAT SHREYA TIMES,भारत श्रेया टाइम,133683.0,UPHIN/2014/61128,MANISHANKAR SINHA,UP,SONBHADRA,W
UPHIN45593,BEBAK KHABAR TIMES,बेबाक खबर टाइम्स,136025.0,UPHIN/2014/63470,AJAY KUMAR GUPTA,UP,SONBHADRA,W
UPHIN47423,NAV DURGA TIMES,नव दुर्गा टाइम्स,138932.0,UPHIN/2015/66377,SHIV KUMAR PANDEY,UP,SULTANPUR,D
UPHIN00481,AMAR BHARAT TIMES,nan,46274.0,46274/ 87,BHARAT JI CHOBEY,UP,SULTANPUR,D
UPHIN40780,CHOICE TIMES,चॉइस टाइम्स,104623.0,UPHIN/2010/32066,SANJEEV KUMAR MISHRA,UP,SULTANPUR,D
UPHIN41534,NEW GEETANJALI TIMES,न्यू गीतांजति टाइम्स,109701.0,UPHIN/2011/37144,SANDHYA TIWARI,UP,SULTANPUR,D
UPHIN49745,SPECTRUM TIMES,nan,,nan,ANAND SAWARAN,UP,SULTANPUR,Q
UPHIN44039,SHIPRO NEWS TIMES,nan,122941.0,UPHIN/2013/50386,SHEETLA PRASAD,UP,SULTANPUR,W
UPHIN45574,SULTANPUR TIMES,सुलतानपुर टाइम्स,133841.0,UPHIN/2014/61286,NITESH KUMAR VISHWAS,UP,SULTANPUR,W
UPHIN46619,LENIN TIMES,लेनिन टाइम्स,139399.0,UPHIN/2015/66844,SUMAN LATA MAURYA,UP,SULTANPUR,W
UPHIN42103,ALFA TIMES,nan,114614.0,UPHIN/2011/42057,RIZWAN AHMAD,UP,SULTANPUR,W
UPHIN41202,SHAMA TIMES,nan,109670.0,UPHIN/2011/37113,A.Q. ANSARI,UP,SULTANPUR,W
UPHIN45009,VIMAL TIMES,विमल टाइम्स,130372.0,UPHIN/2014/57817,RAHUL TIWARI,UP,SULTANPUR,W
UPHIN49175,AKSHAT TIMES,अक्षत टाइम्स,152630.0,UPHIN/2020/80075,POONAM SINGH,UP,UNNAO,D
UPHIN46266,LOK SHAIKSHIK TIMES,लोक शैक्षिक टाइम्स,134061.0,UPHIN/2013/61506,SUDHIR KUMAR SHUKLA,UP,UNNAO,D
UPHIN13813,UNNAO TIMES,उन्नाव टाइम्स,9742.0,9742/ 61,SHAKUNTALA SHUKLA,UP,UNNAO,D
UPHIN19731,ASHUTOSH TIMES,nan,59647.0,59647/ 94,ARUN KUMAR SHUKALA,UP,UNNAO,F
UPHIN01167,AVADH TIMES,nan,19268.0,19268/ 69,MAHA DEO PRASAD MISHRA SARAL,UP,UNNAO,F
UPHIN22869,TANKAR TIMES,nan,65192.0,65192/ 96,SONE LAL,UP,UNNAO,W
UPHIN50062,MAURAWAN TIMES,मौरावाँ टाइम्स,155722.0,UPHIN/2021/83167,SUNIL KUMAR MISHRA,UP,UNNAO,W
UPHIN32994,LOK SHAIKSHIK TIMES,nan,86493.0,UPHIN/2004/13936,SUDHIR KUMAR SHUKLA,UP,UNNAO,W
UPURD02654,SAFIPUR TIMES,nan,58603.0,58603/ 94,MOHAMUD AHMED NAQVI,UP,UNNAO,W
UPHIN15301,BANGAAR MAU TIMES,nan,56808.0,56808/ 92,ARUN KUMAR SHUKLA,UP,UNNAO,W
UPHIN26165,AVADH BHARATI TIMES,nan,64389.0,64389/ 96,ABRAR HUSSAIN,UP,UNNAO,W
UPHIN33793,VISHNU TIMES,विष्‍णु टाइम्‍स,91359.0,UPHIN/2006/18802,VISHNU BHAGWAN TRIPATHI,UP,URAI,W
UPHIN43248,JAN SANDESH TIMES,जन संदेश टाइम्स,118778.0,UPHIN/2012/46221,JAN SANDESH TIMES PVT. LTD.,UP,VARANASI,D
UPURD05024,CITY TIMES,सिटी टाइम्स,132490.0,UPURD/2014/59935,M C I 5 MEDIA COMMUNICATION PVT. LTD,UP,VARANASI,D
UPHIN43384,GYANSHIKHA TIMES,nan,123051.0,UPHIN/2013/50496,NILAM SINGH,UP,VARANASI,D
UPHIN45501,CITY TIMES,सिटी टाइम्स,130108.0,UPHIN/2014/57553,M C I 5 MEDIA COMMUNICATION PVT. LTD,UP,VARANASI,D
UPHIN43620,BHARAT EKTA TIMES,nan,125781.0,UPHIN/2013/53226,MEDIATEXT PVT.LTD.,UP,VARANASI,D
UPHIN23220,MURALI DHARA TIMES,nan,66206.0,66206/ 97,MUNNA LAL SAHNI,UP,VARANASI,D
UPHIN18591,B P TIMES,nan,58483.0,58483/ 94,VIRENDRA PRATAP SINGH,UP,VARANASI,F
UPENG03402,M.T. TIMES,एम.टी.टाइम्‍स,99668.0,UPENG/2008/27111,MODERN TECHNODREAM PVT. LTD.,UP,VARANASI,F
UPHIN37060,M.T. TIMES,एम.टी. टाइम्‍स,99673.0,UPHIN/2008/27116,MODERN TECHNODREAM PVT. LTD.,UP,VARANASI,F
UPHIN50808,ADARSH PRAJA MANDAL TIMES,nan,,nan,JAI RAM PANDEY,UP,VARANASI,F
UPHIN26489,GRAMIN ANCHAL TIMES,nan,69092.0,69092/ 98,RAJENDRA PRASAD SHUKLA,UP,VARANASI,F
UPHIN16357,SARVESHWARI TIMES,सर्वेश्वरी टाइम्स,9826.0,9826/ 65,SARVESHWARI SAMOOH,UP,VARANASI,F
UPHIN31777,CLOWN TIMES,nan,82694.0,UPHIN/2003/10137,ANIL KUMAR MISHRA,UP,VARANASI,M
UPHIN33594,VIKALP TIMES,विकल्प टाइम्स,94564.0,UPHIN/2007/22007,SHAILENDRA KUMAR SI-,UP,VARANASI,M
UPHIN24318,KAASHI CHILDREN TIMES,nan,70882.0,70882/ 98,SALEEM RAJA,UP,VARANASI,M
UPBIL02429,SHREE JEE PUBLICATION CITY TIMES,nan,72950.0,UPBIL/1998/00393,ALOK PARIKH,UP,VARANASI,M
UPHIN27289,SIMBAK TIMES,nan,69361.0,69361/ 98,RAMKRIT YADAV,UP,VARANASI,W
UPHIN17217,APRADH KANOON TIMES,nan,56770.0,56770/ 92,USHA RASTOGI,UP,VARANASI,W
UPHIN27723,JAIDEV TIMES,nan,71738.0,71738/ 99,NEELU SINGH,UP,VARANASI,W
UPHIN12539,VARANASI TIMES,वाराणसी टाइम्स,9904.0,9904/ 66,QURASHI PUBLICATIONS,UP,VARANASI,W
UPENG01930,THE VESCO TIMES,nan,57617.0,57617/ 93,DR.VISHWA NATH VERMA,UP,VARANASI,W
UPHIN22765,NISHPAKSH HERITAGE TIMES,nan,73458.0,UPHIN/1999/00901,MADHU SRIVASTAV,UP,VARANASI,W
UPHIN51308,ROYAL SHINE TIMES,nan,,UR,VIVEK KUMAR,UP,VARANASI,W
UPHIN26727,KOLSALA TIMES,nan,57535.0,57535/ 93,SHIVA VIDYARTH,UP,VARANASI,W
UPHIN25537,DAYAL TIMES,nan,70863.0,70863/ 98,RAJEEV KUMAR SINGH,UP,VARANASI,W
UPHIN15188,SAMACHAR TIMES,nan,15195.0,15195/ 67,VINOD KAMAL,UP,VARANASI,W
UPHIN15275,SARNATH TIMES,nan,56001.0,56001/ 92,SUMAN MANJUSHA PUBLI,UP,VARANASI,W
UPHIN25801,NAAZIR TIMES,nan,71255.0,71255/ 99,SAYYED NAZIR HUSAIN,UP,VARANASI,W
UPHIN48040,BHARAT EKTA TIMES,भारत एकता टाइम्स,141160.0,UPHIN/2016/68605,MEDIATEXT PVT.LTD.,UP,VARANASI,W
UPHIN43529,MAA JWALA TIMES,माँ ज्वाला टाइम्स,132006.0,UPHIN/2013/59451,VINOD KUMAR SAINY,UP,VARANASI,W
UTTHIN03903,PRADHAN TIMES,प्रधान टाइम्स,128485.0,UTTHIN/2014/55930,SUBHASH SHARMA,UTT,ALMORA,D
UTTHIN05741,DEV SHIKHAR TIMES,nan,,nan,DHARAM SINGH,UTT,ALMORA,D
UTTHIN01850,RANI KHET TIMES,रानीखेत टाइम्स,116666.0,UTTHIN/2010/44109,JAGDISH CHANDRA TIWARI,UTT,ALMORA,W
UTTHIN01736,UTTARANCHAL PRAKHAR TIMES,उत्तरांचल प्रखर टाइम्स,101237.0,UTTHIN/2009/28680,NEELAM GOEL,UTT,ALMORA,W
UTTHIN04677,ALMODA TIMES,अल्मोड़ा टाइम्स,51696.0,51696/ 88,PRAKASH CHANDRA PANT,UTT,ALMORA,W
UTTHIN04575,DRONACHAL TIMES,द्रोणाचल टाइम्स,40321.0,40321/ 82,UDAY KIROLA,UTT,ALMORA,W
UTTHIN02918,NAVSRIJAN TIMES,नवसृजन टाइम्स,118467.0,UTTHIN/2012/45910,JAGDISH UPADHAYAY,UTT,BAGESHWAR,F
UTTHIN01652,UTTARANCHAL PRAKHAR TIMES,उत्तरांचल प्रखर टाइम्‍स,100437.0,UTTHIN/2009/27880,NEELAM GOEL,UTT,BAGESHWAR,W
UTTHIN02648,SWARGAROHINI TIMES,स्वर्गरोहिणी टाइम्स,123599.0,UTTHIN/2013/51044,VINOD RAWAT,UTT,CHAMOLI,W
UTTHIN04996,CHAMOLI TIMES,चमोली टाइम्स,139631.0,UTTHIN/2015/67076,HARENDRA PRASAD,UTT,CHAMOLI,W
UTTHIN02744,UTTARANCHAL PRAKHAR TIMES,उत्तरांचल प्रखर टाइम्स,111205.0,UTTHIN/2011/38648,NEELAM GOEL,UTT,CHAMPAWAT,W
UTTHIN01301,DEHRADUN TIMES,देहरादून टाइम्स,69953.0,69953/ 98,ANIL VERMA,UTT,DEHRADOON,DE
UTTHIN01302,DEHRADUN TIMES,देहरादून टाइम्स,95842.0,UTTHIN/2008/23285,ANIL VERMA,UTT,DEHRADOON,DE
UTTHIN00925,DOON MANSOORI TIMES,दून मसूरी टाइम्स,92473.0,UTTHIN/2006/19916,PUSHPA KANDWAL,UTT,DEHRADOON,W
UTTHIN01402,DEHRADUN TIMES,देहरादून टाइम्‍स,97946.0,UTTHIN/2008/25389,ANIL VERMA,UTT,DEHRADOON,W
UTTHIN01954,SAURABH TIMES,सौरभ टाइम्स,106289.0,UTTHIN/2010/33732,ANITA CHAUHAN,UTT,DEHRADU;N,W
UTTBIL00573,THE GAIROLA TIMES,nan,,nan,AADESH GUPTA,UTT,DEHRADUN,BM
UTTENG00294,THE HIMACHAL TIMES,द हिमाचल टाइम्स,15357.0,15357/ 67,PETROLEUM & ENERGY PUBLICATIONS PVT.LTD,UTT,DEHRADUN,D
UTTHIN05442,HINDON TIMES,nan,,nan,DEEPAK RAJGURU,UTT,DEHRADUN,D
UTTHIN05562,CHARDHAM TIMES,nan,157615.0,UTTHIN/2022/85060,POONAM SINGH,UTT,DEHRADUN,D
UTTHIN03019,BAVIYAAN TIMES,बावियां टाइम्स,114945.0,UTTHIN/2012/42388,MANJU GUPTA,UTT,DEHRADUN,D
UTTHIN01974,KHABAR KHAZANA TIMES,खबर खजाना टाइम्स,105664.0,UTTHIN/2010/33107,HEMLATA,UTT,DEHRADUN,D
UTTENG00241,KRAMSHRI TIMES,कर्मश्री टाइम्स,129047.0,UTTENG/2014/56492,RAMANAND SHASTRI,UTT,DEHRADUN,D
UTTHIN05718,NAVODAYA TIMES,nan,,UR,PUNJAB KESARI PUBLISHING HOUSE PRIVATE LIMITED,UTT,DEHRADUN,D
UTTHIN02521,THAKUR SAHAB TIMES,ठाकुर साहब टाइम्स,109105.0,UTTHIN/2011/36548,THAKUR MANOJ MANOJANAND JI MAHARAJ,UTT,DEHRADUN,D
UTTHIN01524,MANISH TIMES,मनीष टाइम्स,69448.0,69448/ 98,VEER SINGH,UTT,DEHRADUN,D
UTTURD00114,NITYA TIMES,नित्य टाइम्स,129332.0,UTTURD/2014/56777,RAMANAND SHASTRI,UTT,DEHRADUN,D
UTTHIN04267,THE HINDI HIMACHAL TIMES,द हिंदी हिमाचल टाइम्स,2029.0,2029/ 57,PETROLEUM & ENERGY PUBLICATIONS PVT. LTD.,UTT,DEHRADUN,D
UTTHIN05516,JANBHAWNA TIMES,जनभावना टाइम्स,156994.0,UTTHIN/2023/84439,ADITYA VASHISTHA,UTT,DEHRADUN,D
UTTENG00255,PROMPT TIMES,प्रोम्प्ट टाईम्स,133407.0,UTTENG/2015/60852,SATYA DEV TIWARI,UTT,DEHRADUN,D
UTTBIL00299,UNNATI TIMES,उन्नति टाइम्स,113575.0,UTTBIL/2012/41018,YOGENDRA SINGH RATHI,UTT,DEHRADUN,D
UTTHIN03150,CITY TIMES,सिटी टाइम्स,114129.0,UTTHIN/2011/41572,M C I 5 MEDIA COMMUNICATION PVT. LTD,UTT,DEHRADUN,D
UTTHIN00847,PRADHAN TIMES,प्रधान टाइम्स,89219.0,UTTHIN/2006/16662,SUBHASH SHARMA,UTT,DEHRADUN,D
UTTHIN01239,MIRJAPUR TIMES,मिर्जापुर टाइम्‍स,97600.0,UTTHIN/2008/25043,AJAY SHANKAR,UTT,DEHRADUN,D
UTTHIN03149,INGITA TIMES,इंगिता टाइम्स,114080.0,UTTHIN/2011/41523,RAJESH KUMAR GUPTA,UTT,DEHRADUN,D
UTTHIN02223,ABHIYAN TIMES,अभियान टाइम्स,105377.0,UTTHIN/2010/32820,RAJKUMAR CHHABRA,UTT,DEHRADUN,D
UTTHIN02376,HIMVANT TIMES,हिमवंत टाइम्स,107416.0,UTTHIN/2010/34859,UDAIPRATAP SINGH JASWAL,UTT,DEHRADUN,D
UTTHIN04435,SHIWALIK TIMES,शिवालिक टाइम्स,20376.0,20376/ 71,TEK CHAND GUPTA,UTT,DEHRADUN,D
UTTURD00141,PRADHAN TIMES,प्रधान टाइम्स,64751.0,64751/ 96,SUBHASH SHARMA,UTT,DEHRADUN,D
UTTENG00202,TIMES DAY,टाइम्स डे,113713.0,UTTENG/2012/41156,MANISH SARAF,UTT,DEHRADUN,D
UTTHIN01619,TANEESHA TIMES,तनीषा टाइम्स,101171.0,UTTHIN/2009/28614,ANIL VERMA,UTT,DEHRADUN,D
UTTHIN00100,SHAH TIMES,शाह टाइम्‍स,78213.0,UTTHIN/2001/05656,M/S SHAH PUBLICATION PVT LTD.,UTT,DEHRADUN,D
UTTHIN03319,IN SUGANDHA TIMES,इन सुगंधा टाइम्स,115578.0,UTTHIN/2011/43021,NIRMAL SINGH,UTT,DEHRADUN,F
UTTHIN01412,BEENA TIMES,बीना टाईम्‍स,99339.0,UTTHIN/2008/26782,BEENA GULATI,UTT,DEHRADUN,F
UTTHIN03928,FIVE TIMES,फाइव टाइम्स,139119.0,UTTHIN/2015/66564,DINESH KUMAR ASTHANA,UTT,DEHRADUN,F
UTTENG00197,THE LEISURE TIMES,द लेजर टाइम्स,122033.0,UTTENG/2012/49478,NIRMAL KALA,UTT,DEHRADUN,F
UTTHIN01416,GINNI TIMES,गिन्नी टाइम्स,104859.0,UTTHIN/2010/32302,RAJ KUMAR SHARMA,UTT,DEHRADUN,F
UTTHIN01463,HARISH CHANDRA TIMES,हरीश चन्द्र टाइम्स,102311.0,UTTHIN/2009/29754,HARISH CHANDRA YADAV,UTT,DEHRADUN,F
UTTURD00139,RUQAYYA TIMES,रुकय्या टाइम्स,140413.0,UTTURD/2016/67858,MUSARRAT KHAN,UTT,DEHRADUN,F
UTTHIN04756,WARNING TIMES,वार्निंग टाइम्स,56901.0,56901/ 93,VIKAS KAMBOJ,UTT,DEHRADUN,F
UTTHIN03225,RAMALA TIMES,रमाला टाइम्स,114565.0,UTTHIN/2011/42008,RAKESH KUMAR CHAUHAN,UTT,DEHRADUN,F
UTTHIN02432,INGITA TIMES,इंगिता टाइम्स,112024.0,UTTHIN/2011/39467,RAJESH KUMAR GUPTA,UTT,DEHRADUN,F
UTTHIN05772,KANIKA TIMES,कनिका टाइम्स,159675.0,UTTHIN/2023/87120,GAJENDER SINGH YADAV,UTT,DEHRADUN,F
UTTHIN05769,JASPUR TIMES,जसपुर टाइम्स,159713.0,UTTHIN/2021/87158,ALAM RAJA,UTT,DEHRADUN,F
UTTHIN02933,VIVIDH TIMES,विविध टाइम्स,119009.0,UTTHIN/2012/46452,MADHU LOHANI,UTT,DEHRADUN,F
UTTHIN01846,VISHWAKARMA TIMES,विश्वकर्मा टाइम्स,108225.0,UTTHIN/2010/35668,MUKESH KUMAR,UTT,DEHRADUN,F
UTTHIN05565,AARNA TIMES,आरना टाइम्स,159401.0,UTTHIN/2023/86846,ASHA BHATT,UTT,DEHRADUN,F
UTTHIN03287,VIRESH TIMES,वीरेश टाइम्स,115146.0,UTTHIN/2011/42589,VIRESH CHAUHAN,UTT,DEHRADUN,F
UTTHIN01073,PROPERTY SAMPARK TIMES,प्रोपर्टी सम्पर्क टाईम्स,100322.0,UTTHIN/2009/27765,VIJAY ROHIT,UTT,DEHRADUN,M
UTTENG00188,INDIA TIMES THE POWER,इंडिया टाइम्स द पावर,119363.0,UTTENG/2012/46806,DEVENDRA SINGH NEGI,UTT,DEHRADUN,M
UTTHIN02591,WINNER TIMES,विनर टाइम्स,123827.0,UTTHIN/2013/51272,TRILOK CHANDRA,UTT,DEHRADUN,M
UTTHIN01097,DUN VALLEY TIMES,दून वैली टाइम्स,93184.0,UTTHIN/2007/20627,INTEZAR AHMAD,UTT,DEHRADUN,M
UTTHIN05089,KARAN TIMES,करन टाईम्स,144573.0,UTTHIN/2017/72018,PRADEEP SHARMA,UTT,DEHRADUN,M
UTTHIN04454,BADRINATH TIMES,बदरीनाथ टाइम्स,137658.0,UTTHIN/2015/65103,PANKAJ BHANDARI,UTT,DEHRADUN,M
UTTENG00182,UTTARAKHAND SIDDH TIMES,उत्तराखंड सिद्ध टाइम्स,115113.0,UTTENG/2011/42556,SHANKAR VERMA,UTT,DEHRADUN,M
UTTHIN00601,PUNJAB TIMES,पंजाब टाइम्स,92920.0,UTTHIN/2005/20363,MOHAN SINGH KHALSA,UTT,DEHRADUN,M
UTTHIN04537,CULTURAL TIMES,कल्चरल टाइम्स,36295.0,36295/ 79,NEERA NANDA,UTT,DEHRADUN,M
UTTBIL00117,INDIA TIMES THE PERFECT PACKAGE,इंडिया टाइम्स द परफेक्ट पैकेज,93166.0,UTTBIL/2006/20609,DEVENDRA SINGH NEGI,UTT,DEHRADUN,M
UTTHIN04035,VICHAR MANTHAN TIMES,विचार मंथन टाईम्स,136117.0,UTTHIN/2015/63562,ANJALI,UTT,DEHRADUN,M
UTTHIN02388,GARHWAL DHAM TIMES,गढ़वाल धाम टाइम्स,108916.0,UTTHIN/2011/36359,DHEERAJ RASTOGI,UTT,DEHRADUN,M
UTTHIN04650,MAHAVIR TIMES,महावीर टाइम्स,47828.0,47828/ 88,VED PRAKASH MAHAVAR,UTT,DEHRADUN,M
UTTHIN03719,UTTARAKHAND SIDDH TIMES,उत्तराखंड सिद्ध टाइम्स,124880.0,UTTHIN/2013/52325,SHANKAR VERMA,UTT,DEHRADUN,M
UTTHIN03930,INDIA TIMES THE PERFECT PACKAGE,इंडिया टाइम्स द परफैक्ट पैकेज,134532.0,UTTHIN/2013/61977,DEVENDRA SINGH NEGI,UTT,DEHRADUN,W
UTTHIN03450,BREAKING TIMES,ब्रेकिंग टाइम्स,122096.0,UTTHIN/2012/49541,MADAN LAL CHANDNA,UTT,DEHRADUN,W
UTTHIN05495,JAUNSAR TIMES,nan,,nan,PRIYANKA TOMAR,UTT,DEHRADUN,W
UTTHIN00177,THE BINDRA TIMES,द बिंद्रा टाइम्स,82857.0,UTTHIN/2002/10300,SUNNY BINDRA,UTT,DEHRADUN,W
UTTHIN00483,JASKALIAN TIMES,JASKALIAN टाइम्स,87328.0,UTTHIN/2004/14771,ARVIND KUMAR SHARMA,UTT,DEHRADUN,W
UTTHIN05088,NAAZ TIMES,नाज़ टाईम्स,144023.0,UTTHIN/2017/71468,ZEBA NAAZ ANSARI,UTT,DEHRADUN,W
UTTHIN05152,SATHI TIMES,साथी टाइम्स,146223.0,UTTHIN/2017/73668,SANA KAUSHAR,UTT,DEHRADUN,W
UTTHIN01445,SHAMBOOK TIMES,शम्žबूक टाईम्žस,101187.0,UTTHIN/2009/28630,ADESH NARAYAN,UTT,DEHRADUN,W
UTTHIN01838,NISHANK TIMES,nan,115505.0,UTTHIN/2011/42948,ROHIT KUMAR,UTT,DEHRADUN,W
UTTHIN04781,GIRIRAJ HIMALAYA TIMES,गिरिराज हिमालय टाइम्स,59751.0,59751/ 94,VIVEK BAHUGUNA,UTT,DEHRADUN,W
UTTHIN03064,VATAN HUME SABSE PYARA TIMES,वतन हमे सबसे प्यारा टाइम्स,114956.0,UTTHIN/2012/42399,ABHA AGRAWAL,UTT,DEHRADUN,W
UTTHIN03209,MIRROR TIMES UTTARAKHAND,मिरर टाइम्स उत्तराखंड,121371.0,UTTHIN/2012/48816,LEENA BHANDARI,UTT,DEHRADUN,W
UTTHIN03313,PARTIBADDH SAMACHAR TIMES,प्रतिबद्ध समाचार टाइम्स,121786.0,UTTHIN/2013/49231,LEENA CHANANA,UTT,DEHRADUN,W
UTTHIN03375,NAMBARDAR TIMES,नम्बरदार टाइम्स,127834.0,UTTHIN/2014/55279,DINESH CHANDRA VARSHNEY,UTT,DEHRADUN,W
UTTHIN02381,YASHITA TIMES,यशिता टाइम्स,111902.0,UTTHIN/2011/39345,RAJESH SINGH,UTT,DEHRADUN,W
UTTHIN02787,CHUNAUTI TIMES,चुनौती टाइम्स,113048.0,UTTHIN/2011/40491,PREMLATA BHARTARI,UTT,DEHRADUN,W
UTTHIN02849,CHASHMADEED TIMES,चश्मदीद टाइम्स,115942.0,UTTHIN/2011/43385,MAHESH NARAYAN,UTT,DEHRADUN,W
UTTHIN05724,RAZAKAR TIMES,nan,,nan,VIRENDRA SINGH NEGI,UTT,DEHRADUN,W
UTTHIN02164,SEVA BHARAT TIMES,सेवा भारत टाइम्स,113666.0,UTTHIN/2010/41109,RAJEEV MATHEW,UTT,DEHRADUN,W
UTTHIN02672,UKRAND TIMES,उक्रांद टाइम्स,120665.0,UTTHIN/2013/48109,RAJ SHEKHAR BHATT,UTT,DEHRADUN,W
UTTHIN05572,RAJNI TIMES,रजनी टाइम्स,159056.0,UTTHIN/2023/86501,RAMAN KUMAR JAYASWAL,UTT,DEHRADUN,W
UTTHIN01897,PRIYADARSHAN TIMES,प्रियदर्शन टाइम्स,103358.0,UTTHIN/2009/30801,PRADEEP SAHNI,UTT,DEHRADUN,W
UTTHIN02910,SURMANI TIMES,सुरमनी टाइम्स,113920.0,UTTHIN/2011/41363,MANVENDRA SINGH RANA,UTT,DEHRADUN,W
UTTHIN00525,DRON GHAATI TIMES,द्रोण घाटी टाइम्स,87528.0,UTTHIN/2005/14971,BIR SINGH,UTT,DEHRADUN,W
UTTHIN00543,DEVBHOOMI TIMES,देवभूमि टाइम्स,87530.0,UTTHIN/2005/14973,ANJU CHAUHAN,UTT,DEHRADUN,W
UTTHIN00572,DOON DULARA TIMES,दून दुलारा टाइम्‍स,89381.0,UTTHIN/2005/16824,ANIL KUMAR SHARMA,UTT,DEHRADUN,W
UTTHIN02540,KAIPRI TIMES,कैपरी टाइम्स,120515.0,UTTHIN/2012/47959,REKHA SHARMA,UTT,DEHRADUN,W
UTTHIN02804,BADRINATH TIMES,बद्रीनाथ टाइम्स,115151.0,UTTHIN/2011/42594,PANKAJ BHANDARI,UTT,DEHRADUN,W
UTTHIN04935,TANUL TIMES,तनुल टाइम्स,72595.0,UPHIN/1998/00038,SUNIL KUMAR,UTT,DEHRADUN,W
UTTHIN01611,GARH VIKAS TIMES,गढ़ विकास टाइम्स,104423.0,UTTHIN/2009/31866,JAIKRIT SINGH KANDWAL,UTT,DEHRADUN,W
UTTHIN04612,VIJAY SHREE TIMES,विजय श्री टाइम्स,46045.0,46045/ 82,DAVID PAUL,UTT,DEHRADUN,W
UTTHIN04723,HISAB TIMES,हिसाब टाइम्‍स,56660.0,56660/ 92,ARUNA RAWAT,UTT,DEHRADUN,W
UTTHIN04727,RISHI BADRI TIMES,ऋषि बद्री टाइम्स,56698.0,56698/ 91,PRAVEEN KUMAR JAIN,UTT,DEHRADUN,W
UTTBIL00317,LOKSARANG TIMES,लोकसारंग टाइम्स,113274.0,UTTBIL/2011/40717,SATYAKAM BHARDWAJ,UTT,DEHRADUN,W
UTTBIL00343,SUNDAY COFFEE TIMES,संडे कॉफ़ी टाइम्स,119188.0,UTTBIL/2012/46631,DEEPAK GARG,UTT,DEHRADUN,W
UTTHIN01231,UNIQUE TIMES,यूनीक टाईम्स,95255.0,UTTHIN/2007/22698,MOHD. USMAN KHAN,UTT,DEHRADUN,W
UTTHIN03265,JOGATH TIMES,जोगथ टाइम्स,119816.0,UTTHIN/2012/47259,PUSHPA DEVI,UTT,DEHRADUN,W
UTTHIN04678,PARWATIYA DESHAM TIMES,पर्वतीय देशम टाइम्स,51701.0,51701/ 90,PUSHPA KHANDURI,UTT,DEHRADUN,W
UTTHIN04801,RITI NITI TIMES,रीति नीति टाइम्स,62887.0,62887/ 93,SUSHIL CHANDRA CHAMOLI,UTT,DEHRADUN,W
UTTHIN04224,LUTHRA TIMES,लूथरा टाईम्स,143759.0,UTTHIN/2015/71204,SUKHDEV LUTHRA,UTT,DEHRADUN,W
UTTHIN03263,BADIYAR TIMES,बडियार टाइम्स,117210.0,UTTHIN/2012/44653,DELIP SINGH PAWAR,UTT,DEHRADUN,W
UTTHIN03489,SHAAN TIMES,शान टाइम्स,121352.0,UTTHIN/2013/48797,SHAN MIYA KHAN,UTT,DEHRADUN,W
UTTHIN02248,PRAJJWAL TIMES,प्रज्ज्वल टाइम्स,113625.0,UTTHIN/2011/41068,SUCHITRA BHARGAV,UTT,DEHRADUN,W
UTTHIN02213,ARMAN TIMES,अरमान टाइम्स,116981.0,UTTHIN/2010/44424,NAFEES AHMED,UTT,DEHRADUN,W
UTTHIN02982,SHRADHA TIMES,श्रद्धा टाइम्स,114975.0,UTTHIN/2012/42418,MINAKSHI,UTT,DEHRADUN,W
UTTHIN02824,ISTAHAR TIMES,इस्तहार टाइम्स,115688.0,UTTHIN/2012/43131,AKHILESH NARAYAN,UTT,DEHRADUN,W
UTTHIN02913,JOUNSAR TIMES,जौनसार टाइम्स,117986.0,UTTHIN/2011/45429,KASIM SHAH,UTT,DEHRADUN,W
UTTHIN01615,PAWAN GOLD TIMES,पवन गोल्ड टाइम्स,103304.0,UTTHIN/2009/30747,PRIYANKA GUPTA,UTT,DEHRADUN,W
UTTHIN05451,SAMPOORNA TIMES,सम्‍पूर्ण टाइम्‍स,156233.0,UTTHIN/2022/83678,VISHNU PRAKASH,UTT,DEHRADUN,W
UTTHIN03990,PARANTAP TIMES,परन्तप टाइम्स,137613.0,UTTHIN/2015/65058,RAVINDRA NATH DUBEY,UTT,DEHRADUN,W
UTTHIN03893,ANIKET TIMES SAMACHAR,अनिकेत टाईम्स समाचार,131380.0,UTTHIN/2014/58825,KRIPAL SINGH,UTT,DEHRADUN,W
UTTHIN02310,CITY TIMES,सिटी टाइम्स,108566.0,UTTHIN/2010/36009,M C I 5 MEDIA COMMUNICATION PVT. LTD,UTT,DEHRADUN,W
UTTENG00297,THE HIMACHAL TIMES,द हिमाचल टाइम्स,2022.0,2022/ 57,PETROLEUM & ENERGY PUBLICATIONS PVT. LTD.,UTT,DEHRADUN,W
UTTHIN00523,SHIVANI TIMES,शिवानी टाइम्स,87699.0,UTTHIN/2005/15142,SANJAY KUMAR,UTT,DEHRADUN,W
UTTHIN04820,SPOT WITNESS TIMES,स्पॉट विटनेस टाइम्स,64412.0,64412/ 96,DHARAMPAL SINGH RAWAT,UTT,DEHRADUN,W
UTTHIN00042,PRABHU TIMES,प्रभु टाइम्‍स,84004.0,UTTHIN/2001/11447,S.R.YADAV,UTT,DEHRADUN,W
UTTHIN00435,VIBHU TIMES,विभु टाइम्स,87700.0,UTTHIN/2004/15143,ABHINN KUMAR,UTT,DEHRADUN,W
UTTHIN01376,RASHTRIYA VISHAL TIMES,राष्‍ट्रीय विशाल टाइम्‍स,99066.0,UTTHIN/2008/26509,MANOJ KUMAR,UTT,DEHRADUN,W
UTTHIN01037,GAURSAIND TIMES,गैरसैंण टाइम्स,93839.0,UTTHIN/2007/21282,S.C. MATHUR,UTT,DEHRADUN,W
UTTBIL00162,GALAXY TIMES OF DEHRADUN,गैलेक्सी टाईम्स ऑफ देहरादून,93571.0,UTTBIL/2007/21014,KAPIL GARG,UTT,DEHRADUN,W
UTTHIN04826,DARSHAN SAHITYA TIMES,दर्शन साहित्य टाइम्स,62745.0,62745/ 95,CHANDRA SHEKHAR PANDEY,UTT,DEHRADUN,W
UTTHIN01791,POORNAGIRI TIMES,पूर्णागिरी टाइम्स,102888.0,UTTHIN/2009/30331,MANJU VERMA,UTT,DEHRADUN,W
UTTHIN05316,KWALITY TIMES,क्वालिटी टाइम्स,153769.0,UTTHIN/2021/81214,MOHD FAROOQ,UTT,DEHRADUN,W
UTTHIN02908,GOMTESH TIMES,गोमटेश टाइम्स,118312.0,UTTHIN/2011/45755,HIMANSHU JAIN,UTT,DEHRADUN,W
UTTHIN02596,YAMKESHWAR TIMES,यमकेश्वर टाइम्स,116668.0,UTTHIN/2011/44111,SUDHIR BADOLA,UTT,DEHRADUN,W
UTTHIN02806,UTTRAKHAND CRIME TIMES,उत्तराखंड क्राइम टाइम्स,113924.0,UTTHIN/2011/41367,RAVINDER RATHORE,UTT,DEHRADUN,W
UTTHIN02819,SURMAYI TIMES,सुरमयी टाइम्स,114669.0,UTTHIN/2011/42112,RICHA PARCHHA,UTT,DEHRADUN,W
UTTHIN02945,SARASU TIMES,सरसु टाइम्स,117174.0,UTTHIN/2012/44617,SANGEETA GHILDIYAL,UTT,DEHRADUN,W
UTTHIN03052,PARDAFASH TIMES,पर्दाफाश टाइम्स,115691.0,UTTHIN/2012/43134,C. CHANDRA,UTT,DEHRADUN,W
UTTHIN03128,MAYAPUR TIMES,मायापुर टाइम्स,113955.0,UTTHIN/2011/41398,JITENDRA CHAURASIYA,UTT,DEHRADUN,W
UTTHIN01900,VASUNDHARA TIMES,बसुन्धरा टाइम्स,103360.0,UTTHIN/2009/30803,LAKSHMI BISHT,UTT,DEHRADUN,W
UTTBIL00580,BUDDHA GLOBAL TIMES,बुद्धा ग्‍लोबल टाईम्‍स,157803.0,UTTBIL/2021/85248,PAUL JOHN,UTT,DEHRADUN,W
UTTHIN00607,DRON TIMES,द्रोण टाइम्स,87750.0,UTTHIN/2005/15193,JAYDEV SHARMA,UTT,DEHRADUN,W
UTTBIL00531,UTTARAKHAND DIVYANG TIMES,उत्तराखण्ड दिव्यांग टाईम्स,152038.0,UTTBIL/2016/79483,ANANT PRAKASH MEHRA,UTT,DEHRADUN,W
UTTENG00068,WHISPERING TIMES,विस्प्रिंग टाइम्स,92889.0,UTTENG/2006/20332,SURESH VACHANI,UTT,DEHRADUN,W
UTTENG00161,DICTION TIMES,डिक्शन टाइम्स,113572.0,UTTENG/2011/41015,RAJEEV KUMAR,UTT,DEHRADUN,W
UTTHIN05390,CHESHTA TIMES,चेष्टा टाइम्स,158146.0,UTTHIN/2021/85591,PREETI SHARMA,UTT,DEHRADUN,W
UTTHIN00807,SIDDH BALI TIMES,सिद्वबली टाइम्‍स,89427.0,UTTHIN/2006/16870,VED KISHORE JUGRAN,UTT,DEHRADUN,W
UTTHIN00828,THAKUR SAHAB TIMES,ठाकुर साहब टाइम्स,91979.0,UTTHIN/2006/19422,THAKUR MANOJ MANOJANAND JI MAHARAJ,UTT,DEHRADUN,W
UTTHIN01351,NISHKARSH TIMES,निष्कर्ष टाइम्स,99045.0,UTTHIN/2008/26488,CHANDRAMOHAN DHOUNDIYAL,UTT,DEHRADUN,W
UTTHIN01512,NANDSAROVER TIMES,नंदसरोवर टाइम्स,55934.0,55934/ 91,RAMESH KUMAR BHUTANI,UTT,DEHRADUN,W
UTTHIN04170,FOZIYA TIMES,फोज़िया टाईम्स,139180.0,UTTHIN/2015/66625,FOZIYA,UTT,DEHRADUN,W
UTTHIN04242,ASTITVA TIMES,अस्तित्व टाइम्स,144490.0,UTTHIN/2015/71935,M.S.MALIK,UTT,DEHRADUN,W
UTTHIN04625,MUSSOORIE TIMES,मसूरी टाइम्स,46193.0,46193/ 87,ANIL PANTHI,UTT,DEHRADUN,W
UTTHIN04767,TAKANA TIMES,टकाना टाइम्स,56939.0,56939/ 93,UMESH CHANDRA PANT,UTT,DEHRADUN,W
UTTHIN04784,HAMARA RASHTRIYA KRISHNA TIMES,हमारा राष्ट्रीय कृष्ण टाइम्स,59764.0,59764/ 94,MAAN SINGH,UTT,DEHRADUN,W
UTTHIN02626,VEDIKA TIMES,वेदिका टाइम्स,115153.0,UTTHIN/2011/42596,CHANDRA MOHAN NAUTIYAL,UTT,DEHRADUN,W
UTTHIN01899,IN SUGANDHA TIMES,इन सुगन्धा टाइम्स,103634.0,UTTHIN/2010/31077,NIRMAL SINGH,UTT,DEHRADUN,W
UTTHIN01997,SEVA AUR SAMARPAN TIMES,सेवा और सर्म्पण टाईम्स,105442.0,UTTHIN/2010/32885,AJAY TIWARI,UTT,DEHRADUN,W
UTTHIN03254,HARIHAR TIMES,हरिहर टाइम्स,117305.0,UTTHIN/2012/44748,RAJESH KUMAR SHARMA,UTT,DEHRADUN,W
UTTHIN03074,MARDAN TIMES,मर्दान टाइम्स,119455.0,UTTHIN/2012/46898,PRADEEP KUMAR,UTT,DEHRADUN,W
UTTHIN02193,PARAM TIMES,परम टाइम्स,107173.0,UTTHIN/2010/34616,DINESH KUMAR SHARMA,UTT,DEHRADUN,W
UTTHIN02378,RENUKA TIMES,रेणुका टाइम्स,111899.0,UTTHIN/2010/39342,SUNITA DEVI,UTT,DEHRADUN,W
UTTHIN05028,POORNA TIMES,पूर्ण टाईम्स,140663.0,UTTHIN/2015/68108,TRIBHUWAN SINGH,UTT,DEHRADUN,W
UTTHIN05068,YOU AND YOUR TIMES,यू एण्ड योर टाईम्स,143173.0,UTTHIN/2016/70618,ANCHAL,UTT,DEHRADUN,W
UTTPUN00012,AMRIT TIMES,अमृत टाइम्स,119186.0,UTTPUN/2012/46629,AMRITA KAUR SONDHI,UTT,DEHRADUN,W
UTTURD00011,MILI TIMES,मिल्ली टाईम्स,93003.0,UTTURD/2006/20446,INAMUL HAQUE RAMZI,UTT,DEHRADUN,W
UTTURD00105,ABHIYAN TIMES,अभियान टाइम्स,121927.0,UTTURD/2013/49372,RAJ KUMAR CHHABRA,UTT,DEHRADUN,W
UTTHIN01959,ROHILA TIMES,रोहिला टाइम्स,104682.0,UTTHIN/2010/32125,ARJUN SINGH ROHILA,UTT,DEHRADUN,W
UTTHIN02069,DOON VISHAL TIMES,दून विशाल टाइम्स,105294.0,UTTHIN/2010/32737,GOPAL SHRAMA,UTT,DEHRADUN,W
UTTHIN02534,ARNAV TIMES,अर्णव टाइम्स,111129.0,UTTHIN/2011/38572,GAURAV KHANDURI,UTT,DEHRADUN,W
UTTHIN02621,CHAMATKAR TIMES,चमत्कार टाइम्स,113174.0,UTTHIN/2011/40617,POONAM AGRAWAL,UTT,DEHRADUN,W
UTTHIN02711,CHAMOLI TIMES,चमोली टाइम्स,111623.0,UTTHIN/2011/39066,HARENDRA PRASAD,UTT,DEHRADUN,W
UTTHIN02887,FARMAN TIMES,फरमान टाइम्स,115506.0,UTTHIN/2011/42949,PREMVATI,UTT,DEHRADUN,W
UTTHIN02955,DUNIYA TIMES,दुनिया टाइम्स,115492.0,UTTHIN/2012/42935,RAJIV SHARMA,UTT,DEHRADUN,W
UTTHIN04086,THAULDHAR TIMES,थौलधार टाइम्स,144558.0,UTTHIN/2016/72003,MUKESH CHAND RAMOLA,UTT,DEHRADUN,W
UTTHIN04212,CHAUKHAMBA TIMES,चौखम्बा टाइम्स,140583.0,UTTHIN/2015/68028,GANGESHWARI SEMWAL,UTT,DEHRADUN,W
UTTBIL00263,TIMES OF ANGEL,टाइम्स ऑफ़ एंजेल,112551.0,UTTBIL/2011/39994,RAJU MAURYA,UTT,DEHRADUN,W
UTTHIN00142,THE WHDO TIMES,द WHDO टाइम्स,79761.0,UTTHIN/2002/07204,A.M.MATHUR,UTT,DEHRADUN,W
UTTENG00358,KRAMSHRI TIMES,कर्मश्री टाइम्स,139777.0,UTTENG/2015/67222,RAMANAND SHASTRI,UTT,DEHRADUN,W
UTTHIN05265,NAGTIBBA TIMES,नागटिब्बा टाईम्स,151492.0,UTTHIN/2020/78937,RAVINDRA SINGH,UTT,DEHRADUN,W
UTTHIN01423,HARSHITA TIMES,हर्षिता टाइम्स,101203.0,UTTHIN/2008/28646,SUBODH BHATT,UTT,DEHRADUN,W
UTTHIN01839,RITESH TIMES,रितेश टाइम्स,103260.0,UTTHIN/2009/30703,RITESH BADOLA,UTT,DEHRADUN,W
UTTHIN02093,UTTARAKHAND SIDDH TIMES,उत्तराखंड सिद्ध टाइम्स,105421.0,UTTHIN/2010/32864,SHANKAR VERMA,UTT,DEHRADUN,W
UTTHIN00785,LAKHA MANDAL TIMES,लाखा मण्‍डल टाइम्‍स,90022.0,UTTHIN/2006/17465,RAJESH THAPLIYAL,UTT,DEHRADUN,W
UTTHIN00263,NEERAJ TIMES,नीरज टाइम्स,83522.0,UTTHIN/2002/10965,ANSHIKA ROHILA,UTT,DEHRADUN,W
UTTHIN04667,UTTAR TIMES,उत्तर टाइम्स,50970.0,50970/ 89,UTTAR TIMES PUBLICATIONS,UTT,DEHRADUN,W
UTTHIN05571,EAST MAN TIMES,ईस्ट मैन टाइम्स,159115.0,UTTHIN/2023/86560,ANMOL PACHORI,UTT,DEHRADUN,W
UTTHIN03541,NEWS CONTROL TIMES,न्यूज़ कन्ट्रोल टाईम्स,128785.0,UTTHIN/2014/56230,RAHUL SHARMA,UTT,DEHRADUN,W
UTTHIN03622,KOTHARI TIMES,कोठारी टाइम्स,130519.0,UTTHIN/2013/57964,SAROJ KOTHARI,UTT,DEHRADUN,W
UTTHIN01348,GULAB TIMES,गुलाब टाइम्स,99490.0,UTTHIN/2008/26933,DEEPSHIKHA MADAN,UTT,DEHRADUN,W
UTTHIN01730,PUNJAB TIMES,पंजाब टाइम्स,101124.0,UTTHIN/2009/28567,MOHAN SINGH KHALSA,UTT,DEHRADUN,W
UTTHIN01871,HIMALAYA SOODAN TIMES,हिमालय सूदन टाइम्स,104014.0,UTTHIN/2010/31457,SURENDRA SHARMA,UTT,DEHRADUN,W
UTTHIN01924,SAMBHAV TIMES,सम्भव टाईम्स,106096.0,UTTHIN/2010/33539,DEEPAK GULANI,UTT,DEHRADUN,W
UTTHIN02005,COMFORT TIMES,कम्फर्ट टाइम्स,104892.0,UTTHIN/2010/32335,RAJEEV VERMA,UTT,DEHRADUN,W
UTTHIN02220,CHARDHAM TIMES,चारधाम टाइम्स,110064.0,UTTHIN/2011/37507,POONAM SINGH,UTT,DEHRADUN,W
UTTHIN02300,SHIV GANGA TIMES,शिव गंगा टाइम्स,112057.0,UTTHIN/2010/39500,MOHIT SHARMA,UTT,DEHRADUN,W
UTTHIN04725,ATIYERS TIMES,nan,56693.0,56693/ 92,INDRAJIT SHARMA,UTT,DEHRADUN,W
UTTHIN00248,VIRESH TIMES,वीरेश टाइम्स,82392.0,UTTHIN/2003/09835,VIRESH CHAUHAN,UTT,DEHRADUN,W
UTTHIN04903,HIM LOK TIMES,हिम लोक टाइम्स,69217.0,69217/ 98,SUREN RAWAT,UTT,DEHRADUN,W
UTTHIN04928,SATYA SHIKHAR TIMES,सत्य शिखर टाइम्स,69925.0,69925/ 97,SUREN RAVAT,UTT,DEHRADUN,W
UTTHIN03216,SAMPARK VEERBHUMI TIMES,संपर्क वीरभूमि टाइम्स,125433.0,UTTHIN/2013/52878,VIJAY ROHIT,UTT,DEHRADUN,W
UTTHIN03441,JANPAKSH TIMES,जनपक्ष टाइम्स,124341.0,UTTHIN/2013/51786,KISHAN SINGH MEHTA,UTT,DEHRADUN,W
UTTHIN03804,SWARNIK TIMES,स्वर्णिक टाइम्स,128912.0,UTTHIN/2014/56357,RAKESH KUMAR VERMA,UTT,DEHRADUN,W
UTTHIN02946,DOON ZEROGRAPHICS TIMES,दून ज़ेरोग्राफिक्स टाइम्स,117134.0,UTTHIN/2012/44577,NAVEEN GHILDIYAL,UTT,DEHRADUN,W
UTTHIN00890,DEVANCHAL TIMES,देवांचल टाईम्‍स,90612.0,UTTHIN/2006/18055,SACHIN SHARMA,UTT,DEHRADUN,W
UTTHIN01286,ABHIYAN TIMES,अभियान टाइम्स,103034.0,UTTHIN/2008/30477,RAJKUMAR CHHABRA,UTT,DEHRADUN,W
UTTHIN04279,GARHWAL TIMES,गढ़वाल टाइम्स,51643.0,51643/ 91,OM PRAKASH AHUJA,UTT,DEHRADUN,W
UTTBIL00398,MUNGARSANTI TIMES,मुंगरसन्ति टाइम्स,129582.0,UTTBIL/2014/57027,PREM KUMAR GARWAN,UTT,DEHRADUN,W
UTTHIN05510,PANCH KAILASH TIMES,पंच कैलाश टाइम्स,158347.0,UTTHIN/2021/85792,JITENDER SINGH,UTT,DEHRADUN,W
UTTHIN00216,RAMALA TIMES,रमाला टाइम्स,81641.0,UTTHIN/2003/09084,RAKESH KUMAR CHAUHAN,UTT,DEHRADUN,W
UTTHIN00586,NIVESH TIMES,निवेश टाइम्स,87497.0,UTTHIN/2005/14940,JAI SINGH,UTT,DEHRADUN,W
UTTHIN02587,HIMVANT TIMES,हिमवंत टाइम्स,109733.0,UTTHIN/2010/37176,UDAIPRATAP SINGH JASWAL,UTT,DEHRADUN,W
UTTHIN02732,MAA GOURI DEVI TIMES,मां गौरी देवी टाइम्स,114785.0,UTTHIN/2011/42228,GEETA KALA,UTT,DEHRADUN,W
UTTHIN02864,SANJIVANI TIMES,संजीवनी टाइम्स,114149.0,UTTHIN/2011/41592,KAPIL AGRAWAL,UTT,DEHRADUN,W
UTTHIN02876,VASUDEV KUTUMB TIMES,वासुदेव कुटुंब टाइम्स,119008.0,UTTHIN/2011/46451,ABHA AGRAWAL,UTT,DEHRADUN,W
UTTHIN02911,PANTHYA TIMES,पंथ्या टाइम्स,113922.0,UTTHIN/2012/41365,VIJAY PRAKASH KALA,UTT,DEHRADUN,W
UTTHIN05551,SHAILSHAKTI TIMES,शैलशक्ति टाइम्स,158925.0,UTTHIN/2023/86370,KEDAR DUTT BANGWAL,UTT,DEHRADUN,W
UTTHIN01051,BHAGIRATHI TIMES,भागीरथी टाइम्‍स,98231.0,UTTHIN/2008/25674,NARENDRA KUMAR,UTT,DEHRADUN,W
UTTHIN01322,SAUMYA TIMES,सौम्‍या टाईम्‍स,98569.0,UTTHIN/2008/26012,ANJU BALI PANDEY,UTT,DEHRADUN,W
UTTHIN01457,UTTARANCHAL PRAKHAR TIMES,उत्तरांचल प्रखर टाइम्‍स,98986.0,UTTHIN/2008/26429,NEELAM GOEL,UTT,DEHRADUN,W
UTTHIN04722,SAHGAL TIMES,सहगल टाइम्स,55903.0,55903/ 91,M.P.SAHGAL,UTT,DEHRADUN,W
UTTHIN04739,NIYARA TIMES,नियरा टाइम्स,55982.0,55982/ 92,ADIL KHAN,UTT,DEHRADUN,W
UTTHIN04780,DHRUV TIMES,ध्रुव टाइम्स,59748.0,59748/ 94,TEJ BAHADUR SINGH,UTT,DEHRADUN,W
UTTHIN00624,NITESH TIMES,नितेश टाइम्स,88159.0,UTTHIN/2005/15602,VISHNU KUMAR SHARMA,UTT,DEHRADUN,W
UTTHIN02488,NAITHANI TIMES,नैथानी टाइम्स,110985.0,UTTHIN/2011/38428,NARESH MOHAN,UTT,DEHRADUN,W
UTTHIN03176,DHYANI TIMES,ध्यानी टाइम्स,116864.0,UTTHIN/2012/44307,RAVI DHYANI,UTT,DEHRADUN,W
UTTHIN02089,VEDANSH TIMES,वेदांश टाइम्स,116595.0,UTTHIN/2011/44038,POOJA NARAYAN,UTT,DEHRADUN,W
UTTHIN02286,NANDANI TIMES,नंदनी टाइम्स,110840.0,UTTHIN/2010/38283,JITENDRA NAYYAR,UTT,DEHRADUN,W
UTTHIN02398,JAITEE TIMES,जैती टाइम्स,108910.0,UTTHIN/2011/36353,DEEPA BISHT,UTT,DEHRADUN,W
UTTHIN05689,THE RANWAI TIMES,nan,,nan,SUNIL KUMAR SILWAL,UTT,DEHRADUN/ MUSSORIE,W
UTTHIN04605,PRADHAN TIMES,nan,43371.0,43371/ 85,SUBHASH SHARMA,UTT,DEHRADUN/ RISHIKESH,D
UTTHIN04763,THE ANANT SAKATI TIMES,nan,57619.0,57619/ 93,VIRENDRA SINGH RAGAD,UTT,DEHRADUN/ RISHIKESH,M
UTTHIN04341,PARVATRAJ TIMES,पर्वतराज टाइम्स,15362.0,15362/ 67,SHRI SUSHIL KUMAR NARINJAN,UTT,DEHRADUN/ RISHIKESH,W
UTTHIN00271,SHAH TIMES,शाह टाइम्स,82821.0,UTTHIN/2003/10264,M/S SHAH PUBLICATION,UTT,HALDWANI,D
UTTHIN01729,DEHRADUN TIMES,देहरादून टाइम्स,101153.0,UTTHIN/2009/28596,ANIL VERMA,UTT,HARDWAR,D
UTTHIN04669,PRADHAN TIMES,प्रधान टाइम्स,51008.0,51008/ 89,SUBHASH SHARMA,UTT,HARIDWAR,D
UTTHIN04592,MUDGAL TIMES,मुद्गल टाइम्स,139634.0,UTTHIN/2016/67079,ANUJ KUMAR SHARMA,UTT,HARIDWAR,D
UTTHIN01438,NARSINGH DEV TIMES,नरसिंह देव टाईम्स,100636.0,UTTHIN/2009/28079,GHANSHYAM VASHISHTH,UTT,HARIDWAR,D
UTTHIN00842,RUDRA TIMES,रुद्र टाइम्स,96067.0,UTTHIN/2007/23510,SNEH LATA,UTT,HARIDWAR,D
UTTHIN00845,GOLDEN TIMES,गोल्डन टाइम्स,92116.0,UTTHIN/2006/19559,JAMSHED USMANI,UTT,HARIDWAR,D
UTTHIN02642,ROZANA TIMES,रोज़ाना टाइम्स,111512.0,UTTHIN/2011/38955,ASHA YADAV,UTT,HARIDWAR,D
UTTHIN04808,HARIDWAR KA HRIDAY TIMES,हरिद्वार का ह्रदय टाइम्स,58607.0,58607/ 94,OM GAUTAM,UTT,HARIDWAR,F
UTTHIN03240,RAMALA TIMES,रमला टाइम्स,116235.0,UTTHIN/2011/43678,RAKESH KUMAR CHAUHAN,UTT,HARIDWAR,F
UTTHIN05773,THAULDHAR TIMES,थौलधार टाइम्स,160955.0,UR,MUKESH CHAND RAMOLA,UTT,HARIDWAR,F
UTTURD00026,SABIR TIMES,साबिर टाइम्स,100838.0,UTTURD/2009/28281,ASJAD BHARTI,UTT,HARIDWAR,F
UTTHIN03190,VIRESH TIMES,वीरेश टाइम्स,114347.0,UTTHIN/2011/41790,VIRESH CHAUHAN,UTT,HARIDWAR,F
UTTHIN02888,GOLDEN TIMES,गोल्डन टाइम्स,112075.0,UTTHIN/2011/39518,JAMSHED USMANI,UTT,HARIDWAR,F
UTTHIN02701,PRIYADARSHAN TIMES,प्रियदर्शन टाइम्स,111259.0,UTTHIN/2011/38702,PRADEEP SAHNI,UTT,HARIDWAR,M
UTTHIN03425,VEER DURYODHANA TIMES,वीर दुर्योधन टाइम्स,127771.0,UTTHIN/2013/55216,AMIT KUMAR,UTT,HARIDWAR,M
UTTHIN00254,HARIDWAR TIMES,हरिद्वार टाइम्स,83733.0,UTTHIN/2003/11176,ASHWANI VISHNOI,UTT,HARIDWAR,W
UTTHIN05078,SANDILYA TIMES,शांडिल्य टाइम्स,144854.0,UTTHIN/2017/72299,ASHOK KUMAR TIWARI,UTT,HARIDWAR,W
UTTHIN03310,MAN CHANGA KATHOTI ME GANGA TIMES,मन चंगा कठौती में गंगा टाइम्स,124517.0,UTTHIN/2013/51962,BALESH KUMARI,UTT,HARIDWAR,W
UTTHIN02018,SABIR TIMES,साबिर टाइम्स,29036.0,29036/ 74,ASJAD BHARTI,UTT,HARIDWAR,W
UTTHIN02067,GOLDEN TIMES,गोल्डन टाइम्स,104281.0,UTTHIN/2008/31724,JAMSHED USMANI,UTT,HARIDWAR,W
UTTHIN02789,HARSHIT TIMES,हर्षित टाइम्स,116141.0,UTTHIN/2011/43584,VIKRAM MEHTA,UTT,HARIDWAR,W
UTTHIN03929,SHIVPURAM TIMES,शिवपुरम टाइम्स,133408.0,UTTHIN/2014/60853,SUDESH KANT SHARMA,UTT,HARIDWAR,W
UTTHIN02365,KARM TIMES,कर्म टाइम्स,110285.0,UTTHIN/2011/37728,NARESH KUMAR VERMA,UTT,HARIDWAR,W
UTTHIN03988,UDHAM TIMES,उधम टाइम्स,134008.0,UTTHIN/2014/61453,UDHAM SINGH,UTT,HARIDWAR,W
UTTHIN03651,THAKUR SAHAB TIMES,ठाकुर साहब टाइम्स,122890.0,UTTHIN/2013/50335,THAKUR MANOJ MANOJANAND JI MAHARAJ,UTT,HARIDWAR,W
UTTHIN02965,NAVAL TIMES,नवल टाइम्स,115147.0,UTTHIN/2012/42590,SANJEEV SHARMA,UTT,HARIDWAR,W
UTTHIN02752,KISHAN TIMES,किशन टाइम्स,112578.0,UTTHIN/2011/40021,NAUSHAD KHAN,UTT,HARIDWAR,W
UTTHIN02474,AKSHARA TIMES,अक्षरा टाइम्स,113197.0,UTTHIN/2011/40640,MAYUR SAINI,UTT,HARIDWAR,W
UTTHIN05458,JWALAPUR TIMES,nan,,UR,ATHAR KHAN,UTT,HARIDWAR,W
UTTHIN04847,AROHI TIMES,आरोही टाइम्स,65326.0,65326/ 96,BRIJESH KAUSHAL,UTT,HARIDWAR,W
UTTHIN00604,MAYABHOOMI TIMES,मायाभूमि टाइम्स,89842.0,UTTHIN/2005/17285,AVIXIT RAMAN,UTT,HARIDWAR,W
UTTMUL00061,DEVSTHALI TIMES,nan,,nan,ANIL SATTI,UTT,HARIDWAR,W
UTTHIN01435,HANU TIMES,हनु टाइम्स,102000.0,UTTHIN/2008/29443,SIDHARTH GOEL,UTT,HARIDWAR,W
UTTHIN01405,VIRESH TIMES,वीरेश टाइम्‍स,98515.0,UTTHIN/2008/25958,VIRESH CHAUHAN,UTT,HARIDWAR,W
UTTHIN01808,SIDDHANT TIMES,सिद्धांत टाइम्स,109003.0,UTTHIN/2010/36446,SUNIL SHARMA,UTT,HARIDWAR,W
UTTHIN02950,VIKAS BHUMI TIMES,विकास भूमि टाइम्स,120614.0,UTTHIN/2012/48058,PRAVESH RAI,UTT,HARIDWAR,W
UTTHIN01404,RAMALA TIMES,रमाला टाइम्‍स,98528.0,UTTHIN/2008/25971,RAKESH KUMAR CHAUHAN,UTT,HARIDWAR,W
UTTHIN05482,ADITI TIMES,nan,,UR,ABHISHEK,UTT,HARIDWAR,W
UTTHIN04183,BHANWAR TIMES,भंवर टाइम्स,139400.0,UTTHIN/2015/66845,BHAWAR SINGH,UTT,HARIDWAR,W
UTTHIN01420,SHRIRAM HANU TIMES,श्रीराम हनु टाइम्स,100776.0,UTTHIN/2009/28219,ANAND PUROHIT,UTT,HARIDWAR,W
UTTHIN03446,POORNAGIRI TIMES,पूर्णागिरि टाइम्स,118257.0,UTTHIN/2012/45700,MANJU VERMA,UTT,HARIDWAR,W
UTTHIN03459,DAMKESHWAR TIMES,दमकेश्वर टाइम्स,121382.0,UTTHIN/2012/48827,YASHWANT SINGH RAWAT,UTT,HARIDWAR,W
UTTHIN04852,LINK TIMES,लिंक टाइम्स,63733.0,63733/ 96,VIKRAM SINGH,UTT,HARIDWAR,W
UTTHIN04985,HIMVANT TIMES,हिमवंत टाइम्स,78575.0,UTTHIN/2001/06018,UDAIPRATAP SINGH JASWAL,UTT,HARIDWAR,W
UTTHIN04362,SADACHAR TIMES,nan,12470.0,12470/ 65,KESHAV YADAV,UTT,HARIDWAR,W
UTTHIN00935,SQUARE CUBE TIMES,स्क्वायर क्यूब टाइम्स,90880.0,UTTHIN/2006/18323,BRIJPAL SINGH,UTT,HARIDWAR,W
UTTHIN01062,MAYAPUR TIMES,मायापुर टाइम्स,95164.0,UTTHIN/2007/22607,JITENDRA CHAURASIYA,UTT,HARIDWAR,W
UTTHIN05598,DISHERA TIMES,nan,,nan,RAJESH TRIVEDI,UTT,HARIDWAR,W
UTTHIN02852,SATYAOM SAI TIMES,सत्यओम साई टाइम्स,113726.0,UTTHIN/2011/41169,SURESH CHANDRA,UTT,HARIDWAR,W
UTTHIN03194,LAKSHYA PATH TIMES,लक्ष्य पथ टाइम्स,119151.0,UTTHIN/2012/46594,ASHISH KUMAR,UTT,HARIDWAR,W
UTTHIN05641,SOCIAL MEDIA TIMES,nan,,UR,GANGA SHARAN SHARMA,UTT,HARIDWAR/ ROORKEE,D
UTTHIN05376,YOGA TIMES,nan,,nan,USMAN ALI,UTT,HARIDWAR/ ROORKEE,W
UTTHIN00839,ROORKEE PATHIK TIMES,रुड़की पथिक टाइम्žस,90922.0,UTTHIN/2006/18365,SANJAY VATS,UTT,HARIDWAR/ ROORKEE,W
UTTHIN03303,RAMNAGAR TIMES,nan,116281.0,UTTHIN/2012/43724,MAZID ALI,UTT,"KASHIPUR, UDHAM SINGH NAGAR",W
UTTHIN01173,BRIJ TIMES,ब्रज टाइम्स,100991.0,UTTHIN/2009/28434,AKSHAT AGARWAL,UTT,NAINITAL,D
UTTHIN04797,BHARPTI MEICIM TIMES,nan,57713.0,57713/ 93,YOGESH BAJAJ,UTT,NAINITAL,D
UTTHIN03559,SAARTHI TIMES,सारथी टाइम्स,126741.0,UTTHIN/2013/54186,LAL SINGH BISHT,UTT,NAINITAL,D
UTTHIN03669,RUDRA TIMES,रुद्र टाइम्स,123234.0,UTTHIN/2013/50679,SNEH LATA,UTT,NAINITAL,D
UTTHIN00200,KUMAON TIMES,कुमाऊं टाइम्स,83531.0,UTTHIN/2003/10974,KRISHNA KUMAR GUPTA,UTT,NAINITAL,D
UTTHIN05083,MANTU TIMES,मन्टू टाइम्स,146826.0,UTTHIN/2017/74271,MANTU CHARITABLE TRUST,UTT,NAINITAL,F
UTTHIN01414,RUDRAKSH TIMES,रुद्राक्ष टाइम्स,104605.0,UTTHIN/2009/32048,MOHAN SINGH KOTLIYA,UTT,NAINITAL,F
UTTENG00336,KALIYUG TIMES,nan,38763.0,38763/ 81,BASANTI VERMA,UTT,NAINITAL,F
UTTHIN01331,UTTARANCHAL PRAKHAR TIMES,उत्‍तरांचल प्रखर टाइम्‍स,98655.0,UTTHIN/2008/26098,NEELAM GOEL,UTT,NAINITAL,F
UTTHIN05177,KASHIPUR TIMES,काशीपुर टाइम्स,146734.0,UTTHIN/2017/74179,AJIT GOYAL,UTT,NAINITAL,F
UTTHIN00280,RAMNAGAR TIMES,रामनगर टाइम्स,83762.0,UTTHIN/2003/11205,MAZID ALI,UTT,NAINITAL,W
UTTHIN01103,KURMANCHAL TIMES,कुर्मांचल टाइम्स,94231.0,UTTHIN/2007/21674,KRISHAN CHANDRA NAILWAL,UTT,NAINITAL,W
UTTHIN04274,TARAI TIMES,तराई टाइम्स,12496.0,12496/ 66,RANJIT SINGH BHAKUMI,UTT,NAINITAL,W
UTTHIN00095,THE HALDWANI TIMES,द हल्द्वानी टाइम्स,78885.0,UTTHIN/2002/06328,DEEPAK TIWARI,UTT,NAINITAL,W
UTTBIL00497,BHABER TIMES,nan,21999.0,21999/ 71,ISHWAR DUTT PATHAB,UTT,NAINITAL,W
UTTHIN04270,ABHAS TIMES,आभास टाइम्स,33192.0,33192/ 78,"ADHIKAR PARIVAR SAMITI, KASHIPUR",UTT,NAINITAL,W
UTTHIN04778,KASHIPUR TIMES,काशीपुर टाइम्स,59725.0,59725/ 94,AJIT GOYAL,UTT,NAINITAL,W
UTTHIN01168,UTTARAKHAND PRABHAT TIMES,उत्तराखण्ड प्रभात टाइम्स,93779.0,UTTHIN/2007/21222,PRABHAT KUMAR DHYANI,UTT,NAINITAL,W
UTTHIN01738,NANDA TIMES,नंदा टाइम्स,105870.0,UTTHIN/2010/33313,GANGA DEVI,UTT,NAINITAL,W
UTTHIN04087,THE VIR BHARAT NEWS TIMES,द वीर भारत न्यूज़ टाइम्स,133022.0,UTTHIN/2014/60467,SANDHYA KOTHARI,UTT,NAINITAL,W
UTTHIN04779,PARVAT VIKAS TIMES,पर्वत विकास टाइम्स,59733.0,59733/ 87,M. HUSNAIN,UTT,NAINITAL/ HALDWANI,F
UTTBIL00521,MUSLIM FOCUS NEWS TIMES,nan,147787.0,UTTBIL/2018/75232,ZAINUL ABIDEEN MADANI ANSARI VARSI,UTT,NAINITAL/ HALDWANI,M
UTTHIN05030,VASUNDHARA TIMES,वसुंधरा टाईम्स,140841.0,UTTHIN/2015/68286,LAKSHMI BISHT,UTT,NEW TEHRI,W
UTTMUL00057,KANVANAGRI TIMES,nan,151872.0,UTTMUL/2020/79317,PRAKASH CHANDRA KOTHARI,UTT,PAURI GARHWAL,W
UTTHIN02697,AAJAD HIND TIMES,आजाद हिन्द टाइम्स,130136.0,UTTHIN/2014/57581,RAJESHWARI,UTT,PAURI GARHWAL,W
UTTHIN05617,PITHORAGARH TIMES,nan,,nan,DR. KISHOR KUMAR,UTT,PITHORAGARH,FMY
UTTHIN05753,THE ADI KAILASH TIMES MAGAZINE,nan,,nan,KISHOR KUMAR,UTT,PITHORAGARH,M
UTTHIN01685,POORNA TIMES,पूर्ण टाइम्स,111229.0,UTTHIN/2011/38672,TRIBHUWAN SINGH,UTT,PITHORAGARH,W
UTTHIN03288,KASHIPUR TIMES,काशीपुर टाइम्स,115400.0,UTTHIN/2012/42843,AJIT GOYAL,UTT,PITHORAGARH,W
UTTHIN03132,UTTARANCHAL PRAKHAR TIMES,nan,114104.0,UTTHIN/2012/41547,NEELAM GOEL,UTT,PITHROGARH,W
UTTHIN01653,DEHRADUN TIMES,देहरादून टाइम्स,100884.0,UTTHIN/2009/28327,ANIL VERMA,UTT,TEHRI GARHWAL,D
UTTHIN05474,CHAMBA TIMES,nan,,nan,ARCHANA RANA,UTT,TEHRI GARHWAL,F
UTTHIN04945,GANESH PRAYAG TIMES,गणेश प्रयाग टाइम्स,74196.0,UPHIN/1999/01639,GANESH DUTT PENYULI,UTT,TEHRI GARHWAL,F
UTTHIN04701,ANTRISHA TIMES,अंतरिशा टाइम्स,54313.0,54313/ 87,SURYACHANDER SINGH CHOHAN,UTT,TEHRI GARHWAL,F
UTTHIN04332,TEHRI TIMES,टिहरी टाइम्स,25042.0,25042/ 73,BARAT SINGH RAWAT,UTT,TEHRI GARHWAL,W
UTTHIN01650,ANTRISHA TIMES,अन्तरिक्ष टाइम्स,100444.0,UTTHIN/2008/27887,SURYACHANDRA SINGH CHAUHAN,UTT,TEHRI GARHWAL,W
UTTHIN05311,ARNIT TIMES,अर्नित टाइम्स,152523.0,UTTHIN/2021/79968,MANBEER SINGH NEGI,UTT,TEHRI GARHWAL,W
UTTHIN04803,SURKANDA TIMES,सुरकुण्डा टाइम्स,63337.0,63337/ 96,KUSUMLATA BADAUNI,UTT,TEHRI GARHWAL,W
UTTHIN00698,UTTARANCHAL SHABD TIMES,उत्‍तरांचल शब्‍द टाइम्‍स,90875.0,UTTHIN/2006/18318,DEEPAK SHARMA,UTT,UDHAM SINGH NAGAR,D
UTTHIN02266,VANSHIKA TIMES,वंशिका टाइम्स,107191.0,UTTHIN/2010/34634,MUKUL MANAV,UTT,UDHAM SINGH NAGAR,F
UTTHIN02859,KOHLI TIMES,nan,114835.0,UTTHIN/2012/42278,NIRMAL KOHLI,UTT,UDHAM SINGH NAGAR,F
UTTHIN02485,ABHIMANYU TIMES,nan,109807.0,UTTHIN/2011/37250,SAURABH AGARWAL,UTT,UDHAM SINGH NAGAR,F
UTTHIN02637,SURYAVANSHAM TIMES,nan,116341.0,UTTHIN/2011/43784,NEERAJ KUMAR THAKUR,UTT,UDHAM SINGH NAGAR,F
UTTHIN02068,YUG PRERNA TIMES,युग प्रेरणा टाइम्स,107414.0,UTTHIN/2010/34857,JAYA MISHRA,UTT,UDHAM SINGH NAGAR,F
UTTHIN00645,KANIKA TIMES,कनिका टाइम्स,92858.0,UTTHIN/2006/20301,GAJENDER SINGH YADAV,UTT,UDHAM SINGH NAGAR,F
UTTHIN01258,SWARAJ TIMES,स्वराज टाइम्स,97121.0,UTTHIN/2008/24564,LAXMAN DAS GROVER,UTT,UDHAM SINGH NAGAR,F
UTTHIN01648,SAVITRI TIMES,सावित्री टाइम्स,102310.0,UTTHIN/2009/29753,SAVITRI DEVI,UTT,UDHAM SINGH NAGAR,F
UTTHIN04184,AMAN SHABD TIMES,अमन शब्द टाइम्स,136365.0,UTTHIN/2015/63810,GEETA CHAUHAN,UTT,UDHAM SINGH NAGAR,F
UTTHIN03470,AASHNA TIMES,nan,124855.0,UTTHIN/2013/52300,SHIV AVTAR SHARMA,UTT,UDHAM SINGH NAGAR,F
UTTHIN05703,SHAIL GLOBAL TIMES,nan,,UR,MOHINI,UTT,UDHAM SINGH NAGAR,F
UTTHIN01737,JAN KANOONI TIMES,nan,118332.0,UTTHIN/2010/45775,MUKTA,UTT,UDHAM SINGH NAGAR,F
UTTHIN03146,JASPUR TIMES,nan,119088.0,UTTHIN/2012/46531,ALAM RAJA,UTT,UDHAM SINGH NAGAR,F
UTTHIN02409,CHAUDHRY TIMES,nan,110062.0,UTTHIN/2011/37505,MOHD. MUSTAKEEM,UTT,UDHAM SINGH NAGAR,F
UTTHIN01714,AMAN YUVRAJ TIMES,अमन युवराज टाइम्स,102407.0,UTTHIN/2009/29850,SWATI CHAWLA,UTT,UDHAM SINGH NAGAR,F
UTTHIN04829,NAINI VAILI TIMES,नैनी वैली टाइम्स,63131.0,63131/ 96,DHARMENDRA TULI,UTT,UDHAM SINGH NAGAR,F
UTTHIN01629,VICHARDHARA TIMES,विचार धारा टाइम्स,101189.0,UTTHIN/2009/28632,ARUN CHAUHAN,UTT,UDHAM SINGH NAGAR,F
UTTHIN03683,SARASWATI TIMES,nan,126905.0,UTTHIN/2013/54350,JITENDRA KUMAR,UTT,UDHAM SINGH NAGAR,F
UTTHIN01928,AASIM TIMES,AASIM TIMES,107172.0,UTTHIN/2010/34615,PARVEJ AASIM,UTT,UDHAM SINGH NAGAR,F
UTTHIN04864,NEW UTTARANCHAL VIKAS TIMES,nan,68168.0,68168/ 97,KAMAL KISHORE AGRAWAL,UTT,UDHAM SINGH NAGAR,F
UTTBIL00523,GYANARTHI TIMES,ज्ञानार्थी टाइम्स,143093.0,UTTBIL/2016/70538,SANTOSH KUMAR MEHROTRA,UTT,UDHAM SINGH NAGAR,M
UTTHIN05709,RAJTANTRA TIMES,nan,,UR,SANDEEP PANDEY,UTT,UDHAM SINGH NAGAR,NDO
UTTHIN05612,PARAM SHABD TIMES,परम शब्द टाइम्स,159367.0,UTTHIN/2023/86812,KULDEEP SINGH,UTT,UDHAM SINGH NAGAR,W
UTTHIN00123,UTTARANCHAL PRAKHAR TIMES,nan,79344.0,UTTHIN/2002/06787,NEELAM GOEL,UTT,UDHAM SINGH NAGAR,W
UTTHIN03554,SAIYAM TIMES,nan,124606.0,UTTHIN/2013/52051,SANDEEP KUMAR,UTT,UDHAM SINGH NAGAR,W
UTTHIN03044,U P CENTRAL TIMES,nan,119392.0,UTTHIN/2012/46835,RAMAN TRIVEDI,UTT,UDHAM SINGH NAGAR,W
UTTHIN00073,CHAIRMAN TIMES,nan,78157.0,UTTHIN/2001/05600,GOVIND WADHWA,UTT,UDHAM SINGH NAGAR,W
UTTHIN01586,SEHBAAJ TIMES,शाहबाज टाइम्स,105206.0,UTTHIN/2009/32649,MD. RIZWAN,UTT,UDHAM SINGH NAGAR,W
UTTHIN05190,CHITRASTHALI TIMES,चित्रस्थली टाइम्स,148298.0,UTTHIN/2018/75743,AMIT SAXENA,UTT,UDHAM SINGH NAGAR,W
UTTHIN04840,NARAYAN DRUSTI VIKAS TIMES,नारायण दृष्टि विकास टाइम्स,64640.0,64640/ 96,SHIRISH KUMAR SINGH,UTT,UDHAM SINGH NAGAR,W
UTTHIN03040,BAZPUR TIMES,nan,116654.0,UTTHIN/2012/44097,LAKHBIR SINGH,UTT,UDHAM SINGH NAGAR,W
UTTHIN05098,YACHNA TIMES,याचना टाइम्स,144150.0,UTTHIN/2017/71595,SATISH KUMAR TANEJA,UTT,UDHAM SINGH NAGAR,W
UTTHIN02155,SCHOLAR TIMES,स्कॉलर टाइम्स,105296.0,UTTHIN/2010/32739,AJAY BHALLA,UTT,UDHAM SINGH NAGAR,W
UTTHIN05417,GOLJEW TIMES,गोल्ज्यू टाइम्स,160262.0,UTTHIN/2021/87707,HIMANSHU NEGI,UTT,UDHAM SINGH NAGAR,W
UTTHIN01339,MANISHI MANTHAN TIMES,मनीषी मंथन टाइम्स,99508.0,UTTHIN/2008/26951,RADHEYSHYAM SHARMA,UTT,UDHAM SINGH NAGAR,W
UTTHIN02869,SUDARSHAN TIMES,nan,118259.0,UTTHIN/2011/45702,RIZWAN AHASAN,UTT,UDHAM SINGH NAGAR,W
UTTHIN03443,NAITIK TIMES,nan,119765.0,UTTHIN/2012/47208,SANJAY KUMAR,UTT,UDHAM SINGH NAGAR,W
UTTHIN04672,MANGALBHUMI TIMES,मंगलभूमि टाइम्स,51046.0,51046/ 90,JASPAL SINGH CHADHA,UTT,UDHAM SINGH NAGAR/ KASHIPUR,DE
UTTHIN00113,AHERIYA TIMES,nan,79507.0,UTTHIN/2002/06950,JAYPAL SINGH AHERIYA,UTT,UDHAM SINGH NAGAR/ KASHIPUR,F
UTTHIN05563,KASHIPUR AASHIYANA TIMES,काशीपुर आशियाना टाइम्स,159088.0,UTTHIN/2023/86533,SADAF,UTT,UDHAM SINGH NAGAR/ KASHIPUR,F
UTTHIN05606,KASHI GOVISHAN TIMES,काशी गोविषाण टाइम्स,160726.0,UTTHIN/2023/88171,ARSHI,UTT,UDHAM SINGH NAGAR/ KASHIPUR,F
UTTHIN05597,NADEHI TIMES,नादेही टाइम्स,159209.0,UTTHIN/2023/86654,JITENDRA KUMAR,UTT,UDHAM SINGH NAGAR/ KASHIPUR,F
UTTHIN05000,KUMAON VARTA TIMES,कुमाँऊ वार्ता टाइम्स,141407.0,UTTHIN/2016/68852,MOHD.AKRAM,UTT,UDHAM SINGH NAGAR/ KASHIPUR,F
UTTHIN00427,MILAN TIMES,मिलन टाइम्स,85155.0,UTTHIN/2004/12598,JITENDRA VOHRA,UTT,UDHAM SINGH NAGAR/ KASHIPUR,W
UTTHIN03707,JANSAHIB TIMES,nan,127226.0,UTTHIN/2013/54671,ARUNDEEP SINGH JATHOUL,UTT,UDHAMSINGH NAGAR,W
UTTHIN03642,PIYUSH TIMES,पीयूष टाईम्स,133656.0,UTTHIN/2015/61101,HEMKANT NAUTIYAL,UTT,UTTARKASHI,W
UTTHIN05206,BARSALI TIMES,बरसाली टाइम्स,149647.0,UTTHIN/2019/77092,DIGBEER SINGH BISHT,UTT,UTTARKASHI,W
UTTHIN05181,ARANYARODAN TIMES,अरण्यारोदन टाईम्स,150331.0,UTTHIN/2018/77776,BALVEER PARMAR,UTT,UTTARKASHI,W
UTTHIN05199,PANCHKOSHI TIMES,nan,,nan,SURESH PANWAR,UTT,UTTARKASHI,W
UTTHIN00994,VARUNAWAT TIMES,वरुणावत टाइम्स,91785.0,UTTHIN/2006/19228,BUDDHI SINGH CHAUHAN,UTT,UTTARKASHI,W
UTTHIN02461,PAHADVASI TIMES,पहाड़वासी टाइम्स,111025.0,UTTHIN/2011/38468,PRATAP RAWAT,UTT,UTTARKASHI,W
WBBEN05421,SAIYADPUR TIMES,nan,53126.0,53126/ 89,PROVAT KUMAR,WB,ALIPORE,W
WBBEN13607,ARAMBAGH TIMES,nan,76715.0,WBBEN2001/04158,KAKALI CHATTERJEE,WB,ARAMBAGH,F
WBSAI00060,MANBHUM TIMES,nan,,UR,NIMAI CHARAN SAREN,WB,BANKURA,M
WBBEN13761,BANKURA TIMES,बांकुरा टाइम्स,102101.0,WBBEN/2009/29544,SANTOSH KUMAR RAKSHIT,WB,BANKURA,W
WBBEN08547,MAHAKUMA PRESS TIMES,nan,53179.0,53179/ 93,RADHA CHARAN GOSWAMI,WB,BARDHAMAN,F
WBBEN16051,KURMUN TIMES,nan,,nan,GOUTAM CHANDRA DAS,WB,BARDHAMAN,F
WBENG00502,DURGAPUR TIMES,nan,37200.0,37200/ 80,S R MUKKAMALA,WB,BARDHAMAN,W
WBMUL00684,ASANSOL TIMES,nan,,UR,BIRJEES ELAHI ANSARI,WB,BARDHAMAN/ ASANSOL,M
WBHIN01669,SOCIETY REVIEW TIMES,nan,148249.0,WBHIN/2017/75694,BINOD KUMAR JAISWAL,WB,BARDHAMAN/ ASANSOL,W
WBBEN16037,FRONT TIMES OF BENGAL,nan,,nan,SAIKAT SHARMA,WB,BARDHMAN/ DURGAPUR,A
WBHIN01149,SIGNET TIMES,nan,71043.0,71043/ 98,RAM SHANKAR YADAV,WB,BARDHMAN/ DURGAPUR,M
WBENG03039,SHILPAPARIKRAMA IND USHIAL TIMES,nan,53276.0,53276/ 94,SHIPRA GHOSH,WB,BARDHMAN/ DURGAPUR,Q
WBHIN01126,PNS TIMES,nan,68967.0,68967/ 98,PRADIP NATH SHARMA,WB,BARDHMAN/ DURGAPUR,W
WBBEN10781,LIGHT OF BIRBHUM IN THESE TIMES,लाइट ऑफ़ बीरभूम इन दीज़ टाइम्स,73841.0,WBBEN/1999/01284,MANAS BHATTACHARYYA,WB,BIRBHUM,W
WBBEN14134,BIRBHUM TIMES,nan,107916.0,WBBEN/2010/35359,SUBHAS KABIRAJ,WB,BIRBHUM,W
WBENG04040,NGO TIMES,एनजीओ टाइम्स,102551.0,WBENG/2009/29994,DEBASIS MAZUMDAR,WB,BURDWAN,F
WBBEN13516,TIMES OF INDUSTRY,टाइम्स ऑफ़ इंडस्ट्री,100897.0,WBBEN/2009/28340,BISWAJIT GHATAK,WB,BURDWAN,F
WBBEN13478,EVERY TIMES,nan,99121.0,WBBEN/2008/26564,SOMNATH BHATTACHARYYA,WB,BURDWAN,W
WBENG04121,THE ECONOMIC TIMES ON SATURDAY,nan,110795.0,WBENG/2011/38238,"BENNETT, COLEMAN & CO.LTD",WB,CALCUTTA,W
WBBEN09872,MANSAI TIMES,nan,73216.0,WBBEN/1999/00659,BISWADEB CHATTOPADHY,WB,COOCH BEHAR,F
WBBEN12727,THE BIOTIMES,दी बायोटाईम्‍स,94278.0,WBBEN/2006/21721,BIOCHEMIC MEDICAL ASSOCIATION OF INDIA,WB,COOCH BEHAR,M
WBBIL01902,TIMES OF DAKSHIN DINAJPUR,nan,158919.0,WBBIL/2023/86364,MADHUSREE SINGHA,WB,DAKSHIN DINAJPUR,W
WBBIL01810,DARJEELING TIMES,nan,43962.0,43962/ 85,BANSHIDHAR MITTAL,WB,DARJEELING,D
WBMUL00648,SILIGURI TIMES,nan,149200.0,WBMUL/2018/76645,ABHISEKH AGARWAL,WB,DARJEELING,M
WBENG02157,HIMALAYAN TIMES,हिमालयन टाइम्स,5075.0,5075/ 57,HIMALAYAN INDUSTRIAL & TRADING CORPORATION LTD.,WB,DARJEELING,W
WBENG00382,NORTH BENGAL TIMES,nan,37300.0,37300/ 79,PRABHAS C. ROY,WB,DARJEELING/ SILIGURI,W
WBBIL01627,THE EAST AND SOUTH TIMES,दि ईस्ट एंड साउथ टाइम्स,101563.0,WBBIL/2009/29006,HEMANT JACOB,WB,HOOGHLY,F
WBBEN07604,URBAN TIMES,nan,53262.0,53262/ 91,SOUMITRA DEB SARKAR,WB,HOOGHLY,F
WBENG01394,NATIONAL TIMES,nan,34814.0,34814/ 79,RADHA GOVINDA SARKAR,WB,HOOGHLY,F
WBHIN00590,RAJKAMAL TIMES,nan,18409.0,18409/ 70,GOVIND AGGRWAL,WB,HOWRAH,F
WBURD00085,HOWRAH TIMES,nan,18498.0,18498/ 70,BOARD OF HOWRAH TIME PUBLICATIONS,WB,HOWRAH,F
WBBEN14421,TIMES BANGLA,nan,124345.0,WBBEN/2012/51790,KOUSHIK CHAKRABORTY,WB,HOWRAH,W
WBENG02225,THE COMMERCIAL TIMES,द कमर्शियल टाइम्स,2988.0,2988/ 57,AMALENDU SYAM,WB,KOLKATA,BM
WBENG03400,SHIPPING TIMES,nan,34392.0,34392/ 82,NIKHIL N. MODI,WB,KOLKATA,D
WBENG03572,CALCUTTA TIMES OF INDIA,कलकत्ता टाइम्स ऑफ़ इंडिया,79120.0,WBENG/2002/06563,"BENNETT, COLEMAN & CO.LTD",WB,KOLKATA,D
WBENG00576,THE ECONOMIC TIMES,nan,29973.0,29973/ 76,"BENNETT, COLEMAN & CO.LTD",WB,KOLKATA,D
WBENG00367,CHOURANGEE TIMES,nan,18361.0,18361/ 70,INDER KUMAR LUNIA,WB,KOLKATA,D
WBENG02966,SOUTH ASIAN FINANCIAL TIMES,nan,53143.0,53143/ 93,ANANDA BAZAR PATRIKA,WB,KOLKATA,D
WBENG03443,THE TIMES OF INDIA,द टाइम्स ऑफ़ इंडिया,73619.0,WBENG/1999/01062,"BENNETT, COLEMAN & CO.LTD",WB,KOLKATA,D
WBENG03988,CHOICE TIMES,nan,98308.0,WBENG/2008/25751,SANJEEV KUMAR MISHRA,WB,KOLKATA,D
WBENG04484,PRAGATHI TIMES,nan,,nan,AFROZ QURESHI,WB,KOLKATA,D
WBHIN00641,STANDARD TIMES,nan,12010.0,12010/ 65,DEBNARAYAN JHA,WB,KOLKATA,D
WBBIL01748,SAHITYA TIMES,nan,128816.0,WBBIL/2014/56261,KEYUR MAJMUDAR,WB,KOLKATA,D
WBHIN00131,BENGAL TIMES,nan,5488.0,5488/ 63,DEOBRAT COUBEY,WB,KOLKATA,D
WBENG03529,HINDUSTAN TIMES,हिंदुस्तान टाइम्स,76317.0,WBENG/2001/03760,HT MEDIA LTD,WB,KOLKATA,D
WBHIN00852,CALCUTTA TIMES,कलकत्ता टाइम्स,2721.0,2721/ 57,CALCUTTA TIMES TRUST,WB,KOLKATA,D
WBHIN01095,JANESHWAR TIMES,जनेश्वर टाइम्स,63659.0,63659/ 96,JAG PRAKASH DWIVEDI,WB,KOLKATA,D
WBENG02967,BUSINESS AND FINANCIAL TIMES,nan,53142.0,53142/ 93,ANANDA BAZAR PATRIKA LTD,WB,KOLKATA,D
WBHIN00145,BHARATKHAND TIMES,भरतखण्ड टाइम्स,44168.0,44168/ 87,RAGHAV PANDEY,WB,KOLKATA,F
WBHIN01647,NAV YUVAK TIMES,nan,26054.0,26054/ 74,MOHAN LAL RAO,WB,KOLKATA,F
WBENG02309,ENGINEERING TIMES,nan,12108.0,12108/ 66,"ENGINEERING TIMES PUBLICATIONS PRIVATE LTD,",WB,KOLKATA,F
WBBEN14252,ALIPURE TIMES,nan,122622.0,WBBEN/2011/50067,DEBASISH BHATTACHARJEE,WB,KOLKATA,F
WBENG00215,BUSINESS EXPLORER TIMES,nan,48081.0,48081/ 88,C R BHANSALI (CRB CONSULTANTS (P) LTD.),WB,KOLKATA,F
WBENG02360,ENGINEERING TIMES & FOUNDRY NEWS,nan,5028.0,5028/ 58,E. H. TIPOO,WB,KOLKATA,M
WBHIN01097,TEACHER TIMES,nan,53272.0,53272/ 94,RAM JANAM SINGH,WB,KOLKATA,M
WBENG00381,THE INSURANCE TIMES,nan,37299.0,37299/ 80,SUSHIL KUMAR AGARWALA,WB,KOLKATA,M
WBENG02541,CYCLE TIMES,nan,5334.0,5334/ 60,HARI KRISHAN VIJAY,WB,KOLKATA,M
WBHIN01191,BOMBAY TIMES,nan,30085.0,30085/ 76,MAHABIR PRASAD PODDAR,WB,KOLKATA,M
WBHIN00204,CINE TIMES,nan,8649.0,8649/ 61,RAM KISHORE PODDAR,WB,KOLKATA,M
WBHIN01432,SRI DINESH HIMRAJ TIMES,श्री दिनेश हिमराज टाईम्‍स,90532.0,WBHIN/2005/17975,DINESH SHARMA,WB,KOLKATA,M
WBENG04267,RICE TIMES,राइस टाइम्स,138793.0,WBENG/2015/66238,ROYS INSTITUTE OF COMPERTITIVE EXAMINATION PVT. LTD.,WB,KOLKATA,M
WBBIL01074,MEDI TIMES,nan,53216.0,53216/ 94,HAHNEMANN LABORATORY LTD.,WB,KOLKATA,M
WBENG01271,MAGIC TIMES,nan,13922.0,13922/ 67,OM PRAKASH AGARWAL,WB,KOLKATA,M
WBENG00276,CALCUTTA LAW TIMES,nan,48072.0,48072/ 88,R. CAMBRAY & CO. (P) LTD.,WB,KOLKATA,M
WBENG03357,LIPTON TIMES,nan,43955.0,43955/ 85,LIPTON INDIA LIMITED,WB,KOLKATA,Q
WBENG00093,AUCTION TIMES,nan,18385.0,18385/ 70,"J. G, BHATIA",WB,KOLKATA,TWW
WBMUL00681,THE SANTAL TIMES,nan,,nan,BABULAL HANSDA,WB,KOLKATA,TWW
WBENG03262,CINE TIMES,nan,8567.0,8567/ 63,SHRI SHYAM SUNDAR MOR,WB,KOLKATA,W
WBBEN10058,CINE TIMES,nan,8577.0,8577/ 63,SRI SHYAM SUNDAR MOR,WB,KOLKATA,W
WBENG04254,THE ECONOMIC TIMES WEALTH,nan,128122.0,WBENG/2014/55567,"BENNETT, COLEMAN & CO.LTD",WB,KOLKATA,W
WBENG00569,ENERGY TIMES,nan,34831.0,34831/ 78,NAZEER AHMED ANSARI,WB,KOLKATA,W
WBHIN00195,CHINAL TIMES,nan,48074.0,48074/ 87,VIJAY KUMAR GANERIWALA,WB,KOLKATA,W
WBENG03632,SUNDAY HINDUSTAN TIMES,संडे हिंदुस्तान टाइम्स,80142.0,WBENG/2002/07585,HT MEDIA LTD,WB,KOLKATA,W
WBENG03444,THE SUNDAY TIMES OF INDIA,द संडे टाइम्स ऑफ़ इंडिया,73514.0,WBENG/1999/00957,"BENNETT, COLEMAN & CO.LTD",WB,KOLKATA,W
WBENG04023,THE ECONOMIC TIMES ON SUNDAY,nan,112232.0,WBENG/2010/39675,"BENNETT, COLEMAN & CO.LTD",WB,KOLKATA,W
WBBEN01591,COAL FIELD TIMES,nan,34772.0,34772/ 79,P. KUMAR SARKAR,WB,KOLKATA,W
WBHIN01292,NORTH 24 PARGANAS TIMES,nan,74182.0,WBHIN/2000/01625,ABINASH SHARMA,WB,KOLKATA,W
WBHIN01376,EARTHIK TIMES,nan,83524.0,WBHIN/2003/10967,SANDIP SINGH,WB,KOLKATA,W
WBENG04255,THE ECONOMIC TIMES MAGAZINE,nan,127093.0,WBENG/2014/54538,"BENNETT, COLEMAN & CO.LTD",WB,KOLKATA,W
WBHIN00203,CINE TIMES,nan,8613.0,8613/ 63,RAM KISHOR PRASAD,WB,KOLKATA,W
WBENG03557,EDUCATION TIMES,nan,79118.0,WBENG//2001/06561,"BENNETT, COLEMAN & CO.LTD",WB,KOLKATA,W
WBHIN00779,SPEED TIMES,nan,34349.0,34349/ 82,PARBANT SINGH MAIHARI,WB,KOLKATA,W
WBHIN00178,CALCUTTA TIMES,कलकत्ता टाइम्स,24509.0,24509/ 72,ARUN PRAKASH AWASTHI,WB,KOLKATA,W
WBENG03258,CALCUTTA TIMES,nan,5137.0,5137/ 59,BIRESH CHANDRA BOSE,WB,KOLKATA,W
WBURD00530,ISLAMIC TIMES,nan,37398.0,37398/ 81,MIRASGHAR ALI,WB,KOLKATA,W
WBBEN14908,GOUR MALDA TIMES,गौर मालदा टाइम्स,137985.0,WBBEN/2015/65430,DIPANKAR GOSWAMI,WB,MALDAH,F
WBBEN12784,REAL TIMES,RT,91647.0,WBBEN/2006/19090,INDRANI BANERJEE,WB,NORTH 24 PARGANAS,F
WBBEN15743,TIMES OF AYURVED,nan,149026.0,WBBEN/2018/76471,PASCHIM BANGA AYURVED PARISHAD,WB,NORTH 24 PARGANAS,Q
WBHIN01586,DESH BHAKT TIMES,nan,123798.0,WBHIN/2013/51243,K. SATYANARAYANA,WB,NORTH TWENTY FOUR PARAGANAS,D
WBBEN14185,THE GREAT INDIA TIMES,nan,113445.0,WBBEN/2011/40888,SUSANTA SARKAR,WB,NORTH TWENTY FOUR PARGANAS,W
WBBEN15506,BIPLABI MEDINIPOR TIMES,nan,44017.0,44017/ 86,TARASANKAR CHAKRABORTY,WB,PASCHIM MEDINIPUR,D
WBBEN11363,KHARAGPUR TIMES,nan,82903.0,WBBEN/2001/10346,PURNIMA BOSE,WB,PASCHIM MEDINIPUR,F
WBBEN07612,PRESS CLUB TIMES,nan,53086.0,53086/ 92,SATYENDRA NATH NAYAK,WB,PASCHIM MEDINIPUR,M
WBENG03560,THE PURULIA TIMES,nan,79754.0,WBENG/2001/07197,RAMEN GUPTA,WB,PURULIA,W
WBBEN12995,BERHAMPORE TIMES,बेरहामपुर टाईम्स,96740.0,WBBEN/2007/24183,UJJAL KUNDU,WB,SADAR,W
WBBEN15186,AAJKER DUM DUM TIMES,आजकेर दम दम टाइम्स,137355.0,WBBEN/2015/64800,BISWANATH BANIK,WB,SOUTH TWENTY FOUR PARGANAS,M
WBBEN10106,FALTA TIMES,nan,48101.0,48101/ 84,DEBASHIS HALDER,WB,SOUTH 24 PARGANAS,F
WBBIL00172,DIAMOND TIMES,nan,34811.0,34811/ 78,KAZI ABDUL RASHID,WB,SOUTH 24 PARGANAS,M
WBHIN01664,SANJHA TIMES,nan,148114.0,WBHIN/2018/75559,SANJIB SINGH,WB,SOUTH 24 PARGANAS,M
WBBEN16007,INDIA BENEFICIARY TIMES,nan,,nan,NEW LIFE BENEFICIAL & CHARITABLE TRUST,WB,SOUTH 24 PARGANAS,M
WBBEN14842,AMS TIMES,nan,127311.0,WBBEN/2013/54756,ACHINTYA KUMAR GHOSH,WB,SOUTH TWENTY FOUR PARGANAS,D
WBBEN14119,PASCHIM BANGO TIMES,nan,107806.0,WBBEN/2010/35249,SAMRAT CHAKRABORTY,WB,SOUTH TWENTY FOUR PARGANAS,W
WBBEN10649,RAIGANJ TIMES,nan,72012.0,72012/ 99,ALOK KUMAR DAS,WB,UTTAR DINAJPUR,F
