Title-Code,Title Name,Hindi Title,Register Serial No,Regn No.,Owner Name,State,Publication City/District,Periodity
ANDENG00095,THE ECHO OF INDIA,दि इको ऑफ़ इंडिया,94929.0,ANDENG/2007/22372,ASISH LAHA,AND,PORT BLAIR,D
ANDHIN00039,INFO INDIA,इन्फो इंडिया,118463.0,ANDHIN/2012/45906,ASISH LAHA,AND,PORT BLAIR,D
ANDBIL00046,THE MINI INDIA,nan,138895.0,ANDBIL/2015/66340,K. YADAGIRI RAO,AND,PORT BLAIR,W
APMUL00460,SOUTH INDIAN CENTRAL POST,nan,,UR,SAAKE JOHNY,AP,ANANTAPUR,M
APENG03536,GREAT GAME INDIA,nan,143239.0,APENG/2015/70684,G. RAJA SEKHAR,AP,ANANTAPUR,Q
APTEL15448,HAPPY INDIA TIMES,nan,147939.0,APTEL/2017/75384,HAPPY INDIA TECHNOCORP PVT LTD,AP,ANANTAPUR,W
APENG03627,HIT HAPPY INDIA TECHS NEWS,nan,151429.0,APENG/2020/78874,HAPPY INDIA TECHNOCORP PRIVATE LIMITED,AP,ANANTAPUR,W
APENG03559,THE NEW INDIAN EXPRESS,दि न्यु इंडियन एक्सप्रेस,137018.0,APENG/2015/64463,EXPRESS PUBLICATIONS (MADURAI) LTD.,AP,CHITTOOR,D
APENG03336,THE HANS INDIA,nan,114526.0,APENG/2012/41969,HYDERABAD MEDIA HOUSE LTD.,AP,CHITTOOR,D
APTEL08620,MOTHER INDIA,मदर इंडि‍या,89995.0,APTEL/2004/17438,T.K.KARTHAVARAYAN,AP,CHITTOOR,F
APTEL13525,INDIANS DAY,इंडियंस डे,134983.0,APTEL/2015/62428,T. GOPINATH,AP,CHITTOOR,M
APTEL13347,INDIA NEWS TODAY,nan,121150.0,APTEL/2012/48595,SANGINEEDI SITARAM,AP,EAST GODAVARI,D
APENG03525,DECCAN INDIA,डेक्कन इंडिया,130009.0,APENG/2014/57454,KAREM SIVAJI,AP,EAST GODAVARI,D
APTEL15033,THE NEWS INDIA,nan,,UR,SEETHARAM SANGINEEDI,AP,EAST GODAVARI,M
APTEL12319,INDIA NEWS TODAY,nan,111391.0,APTEL/2011/38834,SANGINEEDI SITARAM,AP,EAST GODAVARI,M
APTEL13722,SUVARNA INDIA,nan,125540.0,APTEL/2013/52985,BUSIM VENKATA NAGA VENU,AP,EAST GODAVARI,M
APTEL11926,INDIA SAMACHARAM,nan,119848.0,APTEL/2010/47291,GUTHALA SUBHASH BABU,AP,EAST GODAVARI,M
APTEL13546,INDIA JYOTY,nan,123594.0,APTEL/2013/51039,ATMAKURI KRISHNA PRASADA RAO,AP,GUNTUR,D
APENG02008,INDIAN JOURNAL OF SYSTEMATIC ENTOMOLOGY,nan,37968.0,37968/ 84,MUBARAK ALI KHAN,AP,GUNTUR,HY
APENG00532,INDIAN JOURNAL OF AGRICULTUURAL MARKETING,nan,44973.0,44973/ 88,INDIAN SOCIETY OF AGRICULTURAL MARKETING,AP,GUNTUR,HY
APTEL09304,SARE JAHANSE ACHHA INDIA,सारे जाहानसे अच्‍छा इंडि‍या,89946.0,APTEL/2006/17389,SYED NASEER AHAMED,AP,GUNTUR,M
APTEL12724,NAMASTHE INDIA,nan,116492.0,APTEL/2012/43935,ATMAKURI KRISHNA PRASADA RAO,AP,GUNTUR,W
APTEL13899,INDIAN LEGEND,nan,137843.0,APTEL/2015/65288,PEREBOINA AJAY INDIAN,AP,GUNTUR,W
APENG03438,THE BEST OF INDIA,nan,126879.0,UR,FRANCIS FARIAS,AP,HYDERABAD,A
APTEL12389,SOUTH INDIA NEWS,nan,112058.0,APTEL/2011/39501,N.V. RAMANA REDDY,AP,HYDERABAD,D
APENG02277,THE TIMES OF INDIA,द टाइम्स ऑफ इण्डिया,75685.0,TELENG/2000/03128,"BENNETT, COLEMAN & CO.LTD",AP,HYDERABAD,D
APENG03350,DECCAN INDIA,nan,120103.0,nan,KAREM SIVAJI,AP,HYDERABAD,D
APTEL14686,SHINE INDIA,शाइन इंडिया,136496.0,TELTEL/2015/63941,SAEED PUBLICATIONS,AP,HYDERABAD,D
APENG03314,MARK INDIA,nan,120004.0,APENG/2012/47447,L.ASEERVADAM,AP,HYDERABAD,D
APTEL12456,STARS OF INDIA,nan,114512.0,APTEL/2011/41955,MOHD SHABUDDIN,AP,HYDERABAD,D
APENG03392,METRO INDIA,nan,124466.0,TELENG/2013/51911,INTERCONTINENTAL PUBLICATIONS PRIVATE LIMITED,AP,HYDERABAD,D
APENG03083,THE INDIAN SPIRIT,दि इंडियन स्पिरिट,106442.0,UR,NAMU APPARAO,AP,HYDERABAD,D
APENG03357,INDIAN LIGHT,इंडियन लाइट,119502.0,APENG/2012/46945,MOHAMMAD ILYAS,AP,HYDERABAD,D
APENG03068,INDIAN HORIZON,nan,107866.0,APENG/2010/35309,DR.RAHIMUDDIN KEMAL,AP,HYDERABAD,D
APENG03268,THE HANS INDIA,nan,111415.0,TELENG/2011/38858,HYDERABAD MEDIA HOUSE LTD.,AP,HYDERABAD,D
APENG03326,SOUTH INDIA NEWS,nan,115175.0,APENG/2012/42618,N.V.RAMANA REDDY,AP,HYDERABAD,D
APTEL05031,INDIA GUIDE,nan,63689.0,63689/ 96,SYED IKRAMULLAH HUSSAINI,AP,HYDERABAD,F
APTEL14048,SHINE INDIA,शाइन इंडिया,129997.0,TELTEL/2014/57442,SAEED PUBLICATIONS,AP,HYDERABAD,M
APENG03405,INDIAN EX SOLDIERS INFORMATIVE BULLETIN,nan,125258.0,APENG/2013/52703,MUNAGA NAGESWARA RAO,AP,HYDERABAD,M
APBIL01834,SHADAAB INDIA,nan,123220.0,APBIL/2013/50665,MOHAMMED MAHABOOB ALI,AP,HYDERABAD,M
APENG03026,TRANSFORMING INDIA,ट्रांसफॉर्मिंग इंडिया,101960.0,APENG/2009/29403,ACCESS LIVELIHOODS CONSULTING INDIAN PRIVATE LIMITED,AP,HYDERABAD,Q
APHIN00325,NEWS WEB INDIA,nan,125251.0,APHIN/2013/52696,SUMIT KUMAR PUNDIR,AP,HYDERABAD,W
APURD01449,HAMARA INDIA,nan,63664.0,63664/ 96,ASIYA BEGUM,AP,HYDERABAD,W
APURD01961,INDIA GUIDE,nan,122615.0,APURD/2013/50060,DR. SYED IKRAMULLA HUSSAINI,AP,HYDERABAD,W
APENG02819,INDIA GULF TIMES,इण्‍डि‍या गल्‍फ टाईम्‍स,98699.0,APENG/2008/26142,ZEENATH SAJIDA,AP,HYDERABAD,W
APTEL05317,POLITICS IN INDIA,nan,66411.0,66411/ 97,Y.S.G.RAMA RAO,AP,HYDERABAD/ SECUNDERABAD,F
APTEL15994,SWAN INDIA,nan,,nan,SATYANARAYANA POSA,AP,KADAPA,M
APTEL11462,NEW INDIAN WORKER,न्यू इंडियन वर्कर,108390.0,APTEL/2010/35833,C. SUBBARAYUDU,AP,KADAPA,M
APENG01290,INDIA AND THE WORLD,इंडिया एंड द वर्ल्ड,3278.0,3278/ 58,C V K RAO,AP,KAKINADA/ EAST GODAVERI,F
APTEL11613,INDIAN VOICE,इंडियन वॉइस,108279.0,TELTEL/2010/35722,CHINTA SARATH KUMAR REDDY,AP,KARIMNAGAR,D
APENG03466,METRO INDIA,nan,124954.0,APENG/2013/52399,INTERCONTINENTAL PUBLICATIONS PRIVATE LIMITED,AP,KARIMNAGAR,D
APTEL12965,THE NEWS 4 INDIA,nan,120850.0,APTEL/2012/48294,SATHARLA RAJA VIVEKANANDA,AP,KARIMNAGAR,F
APENG03462,METRO INDIA,nan,124884.0,APENG/2013/52329,INTERCONTINENTAL PUBLICATIONS PRIVATE LIMITED,AP,KHAMMAM,D
APENG02559,SPIRITUAL INDIA,ळथ्žळ,91080.0,APENG/2004/18523,J.V.V.RANGA RAO,AP,KOTHAGUDEM,BM
APENG01268,THE NEW INDIAN EXPRESS,द न्यू इंडियन एक्सप्रेस,3463.0,3463/ 59,EXPRESS PUBLICATIONS (MADURAI) LTD.,AP,KRISHNA,D
APTEL12904,REAL NEWS OF INDIA,nan,126237.0,APTEL/2012/53682,CHALADI PURNA CHANDRA RAO,AP,KRISHNA,F
APTEL03326,INDIAN MEDICINE,nan,3303.0,3303/ 57,INDIAN MEDICINE HOUSE,AP,KRISHNA,M
APENG03610,THE INDIAN MAIL,nan,148388.0,APENG/2017/75833,B VINAYAKA RAO,AP,KRISHNA/ VIJAYWADA,D
APTEL00200,ANUYUGAMLO INDIA,nan,27615.0,27615/ 75,C PARDHA SARADHY,AP,KRISHNA/ VIJAYWADA,M
APTEL16109,INDIAN POWER,nan,158227.0,APTEL/2022/85672,CHANDANA MADANA VENKATA NAGA MALLESWARA RAO,AP,KRISHNA/ VIJAYWADA,M
APMUL00441,INDIAN MEDICINE HOUSE JOURNAL,nan,25436.0,25436/ 75,D. RADHAKRISHNAMURTY,AP,KRISHNA/ VIJAYWADA,M
APENG03573,THE HANS INDIA,nan,139160.0,APENG/2015/66605,HYDERABAD MEDIA HOUSE LTD.,AP,KURNOOL,D
APTEL16108,VOICE OF INDIA,nan,154582.0,APTEL/2022/82027,M MADHU,AP,KURNOOL,M
APENG00327,EDUCATIONAL INDIA,एजुकेशनल इंडिया,3166.0,3166/ 58,M. SESHACHALAM & OTHERS,AP,MACHILIPATNAM/ KRISHNA,M
APENG03460,METRO INDIA,nan,124734.0,APENG/2013/52179,INTERCONTINENTAL PUBLICATIONS PRIVATE LIMITED,AP,MAHABUBNAGAR,D
APENG03458,METRO INDIA,nan,124669.0,APENG/2013/52114,INTERCONTINENTAL PUBLICATIONS PRIVATE LIMITED,AP,NALGONDA,D
APTEL11434,FLASH INDIA,फ़्लैश इंडिया,105786.0,APTEL/2010/33229,KOMARAJU. SRINIVASULU,AP,NALGONDA,D
APTEL12308,FLASH INDIA,nan,109830.0,APTEL/2011/37273,KOMARAJU. SRINIVASULU,AP,NALGONDA,M
APMUL00444,INDIAN LAW & JUSTICE,nan,67632.0,67632/ 97,"B.,RATNAKARA RAO",AP,NELLORE,M
APTEL11014,AN INDIAN REPORT,एन इंडियन रिपोर्ट,107618.0,APTEL/2010/35061,PUVVALA SARATHCHANDRA BABU,AP,NELLORE,M
APTEL16492,LEADER OF INDIA,nan,,nan,M SATEESH KUMAR,AP,NELLORE,M
APENG03464,METRO INDIA,nan,124885.0,APENG/2013/52330,INTERCONTINENTAL PUBLICATIONS PRIVATE LIMITED,AP,NIZAMABAD,D
APTEL13170,NAMASTHE INDIA,nan,119174.0,APTEL/2012/46617,ATMAKURI KRISHNA PRASADA RAO,AP,PIDUGURALLA,D
APENG03574,THE HANS INDIA,nan,139156.0,APENG/2015/66601,HYDERABAD MEDIA HOUSE LTD.,AP,RAJAHMUNDRY,D
APENG03184,THE INDIAN MAIL,द इंडियन मेल,112582.0,TELENG/2010/40025,B. VINAYAKA RAO,AP,RANGAREDDY,D
APENG03362,INDIAN CHRONICLE,nan,122024.0,TELENG/2013/49469,M/S. SAI KRISHNA PUBLICATIONS,AP,RANGAREDDY,D
APENG03312,INDIAN LEGISLATURE,nan,126943.0,APENG/2014/54388,SUNEEL KUMAR APPAJI,AP,RANGAREDDY,M
APENG03311,PEOPLES INDIA,nan,131925.0,TELENG/2012/59370,K.RATNAMALA,AP,RANGAREDDY,M
APTEL11433,VISION INDIA,विज़न इंडिया,103537.0,APTEL/2010/30980,K. VENKATESH,AP,RANGAREDDY,M
APTEL13058,INDIAN CINE STUNTS AND DANCE,nan,122915.0,APTEL/2013/50360,JALLA MADHUSUDHAN,AP,RANGAREDDY,M
APENG03612,THE NEW INDIAN EXPRESS,nan,145762.0,APENG/2017/73207,EXPRESS PUBLICATIONS (MADURAI) LTD.,AP,TADEPALLIGUDEM,DS
APENG03561,THE TIMES OF INDIA,दि टाइम्स ऑफ़ इंडिया,137069.0,APENG/2015/64514,"BENNETT, COLEMAN & CO.LTD",AP,VIJAYAWADA,D
APENG03334,THE HANS INDIA,nan,114527.0,APENG/2012/41970,HYDERABAD MEDIA HOUSE LTD.,AP,VIJAYAWADA,D
APENG03550,THE SUNDAY TIMES OF INDIA,द संडे टाइम्स ऑफ़ इंडिया,135334.0,ENG/2012/62779,"BENNETT, COLEMAN & CO.LTD",AP,VISAKHAPATNAM,D
APENG03371,VIZAG TIMES OF INDIA,विज़ाग टाइम्स ऑफ़ इंडिया,121780.0,ENG/2012/49225,"BENNETT, COLEMAN & CO.LTD",AP,VISAKHAPATNAM,D
APENG00503,THE NEW INDIAN EXPRESS,द न्यू इंडियन एक्सप्रेस,44901.0,44901/ 86,EXPRESS PUBLICATIONS (MADURAI) LTD.,AP,VISAKHAPATNAM,D
APENG03335,THE HANS INDIA,nan,114525.0,APENG/2012/41968,HYDERABAD MEDIA HOUSE LTD.,AP,VISAKHAPATNAM,D
APENG03408,THE TIMES OF INDIA,द टाइम्स ऑफ़ इंडिया,120864.0,ENG/2012/48308,"BENNETT, COLEMAN & CO.LTD",AP,VISAKHAPATNAM,D
APTEL15123,FEATURES INDIA,nan,141866.0,APTEL/2016/69311,BHARANIKANA RAMA RAO,AP,VISAKHAPATNAM,D
APTEL14719,HARSHA INDIA,हर्ष इंडिया,137899.0,APTEL/2015/65344,MERI SALONI MUTHYALA,AP,VISAKHAPATNAM,F
APBIL01125,HOBBY INDIA,nan,74744.0,APBIL/2000/02187,EKAMBARA PANDA,AP,VISAKHAPATNAM,F
APTEL15221,GREEN INDIA,nan,148495.0,APTEL/2018/75940,V. GAUTHAM PRAKASH RAO,AP,VISAKHAPATNAM,M
APENG03579,THE DANCE INDIA,nan,141171.0,APENG/2016/68616,BATHINA RANGA VIKRAM KUMAR,AP,VISAKHAPATNAM,M
APENG03463,METRO INDIA,nan,124886.0,APENG/2013/52331,INTERCONTINENTAL PUBLICATIONS PRIVATE LIMITED,AP,WARANGAL,D
APBIL00899,MEDICAL PRACTIONER'S ASSOCIATION OF INDIA JRNL OF,nan,74403.0,APBIL/2000/01846,THE PVT. MEDICAL PRACTITIONERS ASSOCIATION OF INDIA,AP,WEST GODAVARI,BM
APENG02996,GRAND INDIA,nan,110549.0,APENG/2009/37992,TOKALA RAJESH BABU,AP,WEST GODAVARI,D
APTEL14513,INDIAN JOURNALIST,nan,145580.0,APTEL/2017/73025,PACHIKALAPADU GANGANNA,AP,Y.S.R,M
ASSENG00409,THE TIMES OF INDIA,द टाइम्स ऑफ़ इंडिया,130012.0,ASSENG/2014/57457,"BENNETT, COLEMAN & CO.LTD",ASS,GUWAHATI,D
ASSENG00408,THE SUNDAY TIMES OF INDIA,द संडे टाइम्स ऑफ़ इंडिया,130013.0,ASSENG/2014/57458,"BENNETT, COLEMAN & CO.LTD",ASS,GUWAHATI,W
ASSENG00480,THE ECHO OF INDIA,nan,154138.0,ASSENG/2022/81583,ASISH LAHA,ASS,KAMRUP METROPOLITAN/ GUWAHATI,D
ASSENG00436,INDIAN COSMOPOLITAN,nan,24626.0,24626/ 73,THE COSMOPOLITAN INSTITUTE,ASS,KAMRUP METROPOLITAN/ GUWAHATI,M
ASSENG00223,JOURNAL OF THE NORTH EAST INDIA COUNCIL FOR SOCIAL SCIENCE RESEARCH,nan,30208.0,30208/ 77,NORTH EAST INDIA COUNCIL FOR SOCIAL SCIENCE RESEARCH,ASS,SHILLONG,HY
BIHHIN03235,INDIAN STEEL VANI,nan,52335.0,52335/ 90,RAGHUNANDAN SINGH,BIH,nan,D
BIHENG00631,THE INDIAN PROUD,दि इंडियन प्राउड,133453.0,BIHENG/2012/60898,NARENDRA PRASAD SINGH,BIH,BHOJPUR,D
BIHHIN05393,BELAGAM INDIA,बेलगाम इण्डिया,149489.0,BIHHIN/2015/76934,SHAILENDRA BIHARI,BIH,BHOJPUR,M
BIHHIN11895,METRO INDIA NEWS,nan,,nan,SARITA DEVI,BIH,MUZAFFARNAGAR,W
BIHBIL00241,KAVITA INDIA,nan,58947.0,58947/ 88,DR AKHORI CHITRANJAN SAHAY,BIH,MUZAFFARPUR,W
BIHENG00654,THE INDIAN TRIBUTES,द इंडियन ट्रीब्युट्स,139395.0,BIHENG/2016/66840,MOHAMMAD GAUHAR,BIH,PATNA,D
BIHHIN04998,NAYA INDIA,nan,110757.0,BIHHIN/2011/38200,SAMVAD PARIKRAMA PVT. LTD.,BIH,PATNA,D
BIHENG00378,THE INDIAN NATION,द इंडियन नेशन,3507.0,3507/ 57,THE NEWSPAPERS AND PUBLICATIONS LTD.,BIH,PATNA,D
BIHHIN03234,INDIAN STEEL VANI,nan,52320.0,52320/ 86,nan,BIH,PATNA,D
BIHENG00569,PATNA TIMES OF INDIA,पटना टाइम्स ऑफ़ इंडिया,78791.0,BIHENG/2002/06234,"BENNETT, COLEMAN & CO.LTD",BIH,PATNA,D
BIHURD00778,HALAT E INDIA,हलाते इण्डिया,140232.0,BIHURD/2016/67677,SAROJ CHOUDHARY,BIH,PATNA,D
BIHENG00545,THE TIMES OF INDIA,द टाइम्स ऑफ़ इंडिया,44374.0,44374/ 86,"BENNETT, COLEMAN & CO.LTD",BIH,PATNA,D
BIHHIN11802,NEW INDIA HERALD,न्यू इंडिया हेराल्ड,148031.0,BIHHIN/2018/75476,RAJESH KUMAR JAIN,BIH,PATNA,D
BIHENG00643,MORNING INDIA,मॉर्निंग इंडिया,131679.0,BIHENG/2014/59124,PREM,BIH,PATNA,D
BIHENG00457,INDIAN JOURNAL OF PSYCHOMETRY & EDUCATION,nan,23508.0,23508/ 71,INDIAN PSYCHOMETIC AND EDUCATIONAL RESEARCH ASSOCIATION,BIH,PATNA,HY
BIHENG00348,VOICE OF INDIAN MUSLIMS,nan,4115.0,4115/ 61,MD.MOIN ANSARI UMEED,BIH,PATNA,M
BIHHIN05015,INDIA THIRTY DAY,nan,116213.0,BIHHIN/2011/43656,BAJRANGBALI SINGH,BIH,PATNA,M
BIHBIL02395,ALAKH INDIA,अलख इंडिया,139685.0,BIHBIL/2016/67130,AMAR NATH KUMAR,BIH,PATNA,M
BIHHIN11879,PREMIER INDIA,प्रीमियर इंडिया,153678.0,BIHHIN/2021/81123,DR. RAJESH KUMAR,BIH,PATNA,M
BIHHIN04465,DAY'S OF INDIA,nan,78880.0,BIHHIN/2002/06323,SUNIL KUMAR,BIH,PATNA,M
BIHHIN11881,INDIAN CULTURE TODAY,nan,,nan,KUMAR ANUPAM SINHA,BIH,PATNA,M
BIHHIN03920,BEKHAUF INDIA,nan,68322.0,68322/ 97,UMA SHANKAR SINGH,BIH,PATNA,Q
BIHENG00482,THE SUNDAY TIMES OF INDIA,द संडे टाइम्स ऑफ़ इंडिया,52438.0,52438/ 92,BENNETT COLEMAN & COMPANY LIMITED,BIH,PATNA,W
BIHENG00595,FINANCIAL TIMES OF INDIA,फाइनेंसियल टाइम्स ऑफ इंडिया,92253.0,BIHENG/2007/19696,M\S TIMES PUBLISHING HOUSE LTD,BIH,PATNA,W
BIHBHO00044,HAMAR INDIA,हमार इण्डिया,104734.0,BIHBHO/2010/32177,POONAM JOSHI,BIH,SAMASTIPUR,M
CHAENG01135,CHANDIGARH TIMES OF INDIA,nan,148899.0,CHAENG/2018/76344,BENNETT COLEMAN AND CO LTD,CHA,CHANDIGARH,D
CHAENG01023,THE TIMES OF INDIA,द टाइम्स ऑफ़ इंडिया,125345.0,CHAENG/2013/52790,"BENNETT, COLEMAN & CO.LTD",CHA,CHANDIGARH,D
CHAHIN00360,NAYA INDIA,nan,117442.0,CHAHIN/2011/44885,SAMVAD PARIKRAMA PVT LTD,CHA,CHANDIGARH,D
CHAENG00922,CORPORATE PRESS RELEASES (INDIA),कॉर्पोरेट प्रेस रिलीसस,99992.0,CHAENG/2008/27435,B. ROY BARMON,CHA,CHANDIGARH,D
CHAHIN00480,INDIA NEWS,nan,,nan,GOOD MORNING INDIA MEDIA PVT. LTD.,CHA,CHANDIGARH,D
CHAENG00192,THE INDIAN EXPRESS,द इण्डियन एक्सप्रेस,31172.0,31172/ 77,THE INDIAN EXPRESS PVT. LIMITED,CHA,CHANDIGARH,D
CHAENG01055,LUDHIANA TIMES OF INDIA,लुधियाना टाइम्स ऑफ़ इंडिया,145682.0,CHAENG/2017/73127,BENNETT COLEMAN AND CO LTD,CHA,CHANDIGARH,D
CHAENG01085,INDIAN JOURNAL OF CLINICAL PSYCHOLOGY,nan,26039.0,26039/ 74,INDIAN ASSOCIATION OF CLINICAL PSYCHOLOGISTS,CHA,CHANDIGARH,HY
CHAENG00575,INDIAN JOURNAL OF MENTAL RETARDATION,nan,16286.0,16286/ 68,ALL INDIA ASSOCIATION ON MENTAL RETARDATION,CHA,CHANDIGARH,HY
CHAENG01118,ALL INDIA CRIMINAL LAW REPORTER,आल इंडिया क्रिमिनल लॉ रिपोर्टर,51139.0,51139/ 91,JAGJIT SINGH CHAWLA,CHA,CHANDIGARH,M
CHAENG01117,SUPREME DECISIONS OF INDIA,nan,42312.0,42312/ 84,BHUSHAN LAL BANSAL,CHA,CHANDIGARH,M
CHAHIN00419,INDIAN,nan,102851.0,CHAHIN/2009/30294,TEJ MEDIA PVT. LTD.,CHA,CHANDIGARH,M
CHAENG00024,ALL INDIA BANKING LAW JUDGEMENTS,nan,69556.0,69556/ 98,SHARANJIT SINGH KALRA,CHA,CHANDIGARH,M
CHAENG00023,ALL INDIA ARBITRATION & TRADEMARKS LAW REPORTER,आल इंडिया आर्बिट्रेशन एंड ट्रेडमार्क्स लॉ रिपोर्टर,69557.0,69557/ 98,SHARANJIT SINGH KALRA,CHA,CHANDIGARH,M
CHAENG00439,INDIAN CIVIL CASES,nan,64477.0,64477/ 94,MOHAN BIR SINGH,CHA,CHANDIGARH,M
CHAENG00016,ALL INDIA LAND ACQUISITION & COMPENSATION CASES,nan,46823.0,46823/ 87,NARINDER GANDHI,CHA,CHANDIGARH,M
CHAENG01101,NORTHERN INDIA TAX CASES,nan,31274.0,31274/ 77,L.B.C. PUBLICATION,CHA,CHANDIGARH,M
CHAENG00929,ALL INDIA LAND LAWS REPORTER,आल इंडिया लैंड लॉज़ रिपोर्टर,34160.0,34160/ 79,S. SHARANJIT SINGH KALRA,CHA,CHANDIGARH,M
CHAENG00014,ALL INDIA HINDU LAW REPORTER,आल इंडिया हिन्दू लॉ रिपोर्टर,46818.0,46818/ 90,JAGJIT SINGH CHAWLA,CHA,CHANDIGARH,M
CHAENG00353,THE CURRENT INDIAN STATUTES,द करंट इंडियन स्टेच्युएट्स,231.0,231/ 57,SMT SHANTA DEVI SURI,CHA,CHANDIGARH,M
CHAENG00510,INDIAN CRIMINAL JOURNAL,nan,68559.0,68559/ 97,ANIL KUMAR GULATI,CHA,CHANDIGARH,M
CHAENG00196,INDIA TEXTILE AND HOSIERY MANNUAL,nan,18073.0,18073/ 70,K.L.AHUJA,CHA,CHANDIGARH,M
CHAENG01110,STATE BANK OF INDIA CHANDIGARH CIRCLE NEWS,स्टेट बैंक ऑफ़ इंडिया चंडीगढ़ सर्किल न्यूज़,34169.0,34169/ 79,THE STATE BANK OF INDIA,CHA,CHANDIGARH,Q
CHAENG00370,POLITICAL ECONOMY JOURNAL OF INDIA,nan,51582.0,51582/ 92,CENTER FOR INDIAN DEVELOPMENT STUDIES,CHA,CHANDIGARH,Q
CHAENG00513,FEDERAL INDIA,nan,68453.0,68453/ 97,SURINDER KHULLAR,CHA,CHANDIGARH,Q
CHAENG00844,INDIAN JOURNAL OF COMMUNITY MEDICINE,इण्डियन जरनल ऑफ कॉमयूनिटी मेडिसन,93529.0,CHAENG/2007/20972,INDIAN ASSOCIATION OF PREVENTION AND SOCIAL MEDICINE,CHA,CHANDIGARH,Q
CHAENG00368,THE INDIAN EXPRESS CLASSIFIED,दि इंडियन एक्सप्रेस क्लासिफाइड,51414.0,51414/ 92,M/S. THE INDIAN EXPRESS PVT. LTD.,CHA,CHANDIGARH,TWW
CHAPUN00043,INDIA YUVA AWAZ,इंडिया युवा आवाज़,46787.0,46787/ 88,RAJINDER KUMAR GUPTA,CHA,CHANDIGARH,W
CHAENG01022,SUNDAY TIMES OF INDIA,संडे टाइम्स ऑफ़ इंडिया,125296.0,CHAENG/2013/52741,"BENNETT, COLEMAN & CO.LTD",CHA,CHANDIGARH,W
CHAENG01041,NORTH INDIA KALEIDOSCOPE,नॉर्थ इंडिया केलिडोस्कोप,128665.0,CHAENG/2014/56110,NIK MEDIA VENTURES PRIVATE LIMITED,CHA,CHANDIGARH,W
CHHHIN16795,MID INDIA TIMES,nan,72602.0,MPHIN/1999/00045,AJRA NIYAJI,CHH,BASTAR,D
CHHHIN01440,PRATAH INDIA,प्रात: इंडि‍या,89374.0,CHHHIN/2006/16817,ARUSHI PUBLICATION PVT. LTD.,CHH,BASTAR,D
CHHHIN00364,CHANNEL INDIA,nan,85300.0,CHHHIN/2003/12743,PAWAN DUBEY,CHH,BASTAR,D
CHHHIN00240,MID INDIA,nan,81274.0,CHHHIN/2002/08717,AJRA NIYAZI,CHH,BASTAR,M
CHHHIN16690,VATAN INDIA TIMES,nan,52103.0,52103/ 90,RANJEET BAKHSHISH,CHH,BASTAR,W
CHHENG00428,INDIAN PLANET,nan,116775.0,CHHENG/2012/44218,SANDEEP DANG,CHH,BILASPUR,W
CHHHIN00268,MOST INDIA,nan,82889.0,CHHHIN/2083/10332,MD. MASOOD KHAN,CHH,DURG,M
CHHBIL01093,SUSTAINABLE INDIA,nan,,nan,SRI AUROBINDO YOGA AND KNOWLEDGE FOUNDATION,CHH,DURG,M
CHHBIL00798,MODERN EDUCATIONAL RESEARCH IN INDIA,मॉडर्न एजुकेशनल रिसर्च इन इंडिया,100751.0,CHHBIL/2008/28194,N. PAPA RAO,CHH,DURG,Q
CHHHIN00538,INDIAN COVERAGE,इंडियन कवरेज,90740.0,CHHHIN/2005/18183,VINOD SINGHAL,CHH,DURG,Q
CHHHIN00092,CURRENT INDIA,nan,80169.0,CHHHIN/2001/07612,D.S.NIYAJI,CHH,JAGDALPUR,W
CHHHIN17307,INDIAN BUSINESS NEWS,इंडियन बिजनेस न्यूज़,153317.0,CHHHIN/2021/80762,GANESH DAS MAHANT,CHH,KORBA,A
CHHHIN16594,INDIA INSIGHT,इंडिया इनसाइट,141896.0,CHHHIN/2016/69341,BALAJI MULTIMEDIA,CHH,KORBA,M
CHHHIN17396,UNIQUE INDIA,nan,,nan,KAMAL WADHWANI,CHH,RAIPUR,BM
CHHENG00455,METRO INDIA,मेट्रो इंडिया,128069.0,CHHENG/2014/55514,INTERCONTINENTAL PUBLICATION PRIVATE LIMITED,CHH,RAIPUR,D
CHHURD00023,ADAB INDIA,nan,139629.0,CHHURD/2016/67074,MOHD AZIZ ANWAR,CHH,RAIPUR,D
CHHENG00435,THE TIMES OF INDIA,द टाइम्स ऑफ़ इंडिया,121242.0,CHHENG/2013/48687,"BENNETT, COLEMAN & CO.LTD",CHH,RAIPUR,D
CHHHIN17669,INDIA NEWS,nan,,nan,GOOD MORNING INDIA MEDIA PVT LTD,CHH,RAIPUR,D
CHHHIN03252,NAYA INDIA,nan,113308.0,CHHHIN/2011/40751,SAMVAD PARIKRAMA PVT LTD,CHH,RAIPUR,D
CHHHIN17156,EXPRESS YOUNG INDIA,एक्सप्रेस यंग इंडिया,151034.0,CHHHIN/2019/78479,ASHISH JHA,CHH,RAIPUR,D
CHHHIN15760,CHANNEL INDIA,nan,122428.0,CHHHIN/2013/49873,PAWAN DUBEY,CHH,RAIPUR,DE
CHHHIN02281,CONNECTING INDIA,कनेक्टिंग इंडिया,100301.0,CHHHIN/2008/27744,AMZAD KHAN,CHH,RAIPUR,F
CHHHIN16378,SPACE INDIA,स्पेस इंडिया,136898.0,CHHHIN/2015/64343,SANJAY KUMAR NAYAK,CHH,RAIPUR,F
CHHAHI00002,INDIAN PSYCHOLOGICAL REVIEW,nan,23537.0,23537/ 70,"DEPARTMENT OF PSYCHOLOGY, RAVISHANKAR UNIVERSITY, RAIPUR",CHH,RAIPUR,HY
CHHHIN16497,INDIA WRITERS,nan,142956.0,CHHHIN/2015/70401,NILESH SHARMA,CHH,RAIPUR,M
CHHHIN00354,INDIA PUBLISHING COMPANY,nan,88256.0,CHHHIN/2004/15699,ASHISH KHETRAPAL,CHH,RAIPUR,M
CHHBIL01071,INSPIRE INDIA,इंस्पायर इंडिया,160012.0,CHHBIL/2023/87457,ANMOL MALHOTRA,CHH,RAIPUR,M
CHHBIL01020,EXPRESS YOUNG INDIA,एक्सप्रेस यंग इंडिया,150791.0,CHHBIL/2019/78236,ASHISH JHA,CHH,RAIPUR,M
CHHHIN15429,INDIA EDGE,nan,119874.0,CHHHIN/2012/47317,RAKESH PATHAK,CHH,RAIPUR,M
CHHHIN17315,ORGANIZE INDIA,nan,,UR,NARAYAN CHITLANGIA,CHH,RAIPUR,M
CHHHIN15534,KHEL INDIA,खेल इंडिया,129625.0,CHHHIN/2014/57070,SHANKAR CHANDRAKER,CHH,RAIPUR,M
CHHHIN15441,INDIAN LOOK,nan,123927.0,CHHHIN/2013/51372,MANJU TIWARI,CHH,RAIPUR,M
CHHBIL01090,INDIA KEE RAAH,nan,,nan,RIZWAN AZAM,CHH,RAIPUR,M
CHHMUL00033,JANMAT INDIA,nan,,UR,MRITUNJAY NIRMALKAR,CHH,RAIPUR,M
CHHBIL00892,POSITIVE INDIA,nan,119569.0,CHHBIL/2012/47012,PURSHOTTAM MISHRA,CHH,RAIPUR,M
CHHBIL01056,PALPAL INDIA,nan,,nan,SEEMA ABHIMANOJ,CHH,RAIPUR,M
CHHHIN17244,INDIAN BHOOMI,nan,151892.0,CHHHIN/2020/79337,MD ALI AHMAD,CHH,RAIPUR,M
CHHHIN17487,INDIA FILE,इंडिया फाइल,156272.0,CHHHIN/2022/83717,RAM SWAROOP SHARMA,CHH,RAIPUR,M
CHHHIN17649,CENTRAL INDIA REVIEW,nan,,UR,MOUSUMI MISHRA,CHH,RAIPUR,M
CHHHIN15821,SANDESH INDIA,संदेश इंडिया,124435.0,CHHHIN/2013/51880,PAWAN K. PATEL,CHH,RAIPUR,W
CHHHIN02520,BEST INDIA,बेस्ट इंडिया,101107.0,CHHHIN/2009/28550,ANIL KUMAR CHANNE,CHH,RAIPUR,W
CHHHIN15828,PAGE INDIA,nan,124800.0,CHHHIN/2013/52245,DEEPAK DUBEY,CHH,RAIPUR,W
CHHENG00436,SUNDAY TIMES OF INDIA,संडे टाइम्स ऑफ़ इंडिया,121247.0,CHHENG/2013/48692,"BENNETT, COLEMAN & CO.LTD",CHH,RAIPUR,W
CHHHIN15381,CHRONICLE OF INDIA,nan,126953.0,CHHHIN/2013/54398,RAJESH SINGH,CHH,RAIPUR,W
CHHHIN03129,INDIAN EXPRESS,इंडियन एक्सप्रेस,113053.0,CHHHIN/2011/40496,CHANDRA PRAKASH SHIVHARE,CHH,RAIPUR,W
DDHIN00001,SAVERA INDIA TIMES,सवेरा इंडिया टाइम्स,75145.0,DDHIN/2000/02588,NARESH AGARWAL,DD,DAMAN,D
DELENG01065,COMPUTER SOCIETY OF INDIA NEWSLETTER,nan,29869.0,29869/ 74,K M CHANDRA SHEKARAIAH,DEL,BENGALURU URBAN,M
DELENG07327,THE INDIAN RIFLEMAN,nan,6998.0,6998/ 57,NATIONAL RIFLE ASSOCIATION OF INDIA,DEL,CONNAUGHT CIRCUS N D,Q
DELENG02944,INDIAN PETROLEUM HAND BOOK,nan,12815.0,12815/ 66,PETROLEUM INFORMATION SERVICE,DEL,DELHI,A
DELENG16840,JOURNAL OF ALL INDIA ARCHITECTS,जर्नल ऑफ़ आल इंडिया आर्किटेक्ट्स,102624.0,DELENG/2009/30067,RAHUL SHARMA,DEL,DELHI,A
DELBIL04604,INDIAN AGRICULTURAL INDUSTRIES YELLOW PAGES,nan,81643.0,DELBIL/2002/09086,A.K.PATEL,DEL,DELHI,A
DELENG03047,INDIAN POULTRY WHOS WHO,nan,39448.0,39448/ 82,N. NARANG,DEL,DELHI,A
DELTEL00053,INDIA TODAY,nan,57338.0,57338/ 94,LIVING MEDIA INDIA LTD.,DEL,DELHI,A
DELTAM00063,INDIA TODAY,nan,57400.0,57400/ 94,LIVING MEDIA INDIA LTD,DEL,DELHI,A
DELENG16789,INDIAN RETAIL DIRECTORY,इंडियन रिटेल डायरेक्टरी,104694.0,DELENG/2010/32137,SHAILESH KUMAR PANDEY,DEL,DELHI,A
DELENG11198,INDIAN POULTRY INDUSTRY YEAR BOOK,nan,25551.0,25551/ 73,SHAKUNTLA P. GUPTA,DEL,DELHI,A
DELENG03888,MEDICAL YEAR BOOK OF INDIA,nan,50854.0,50854/ 90,BIJAY KUMAR DASH,DEL,DELHI,A
DELENG13160,HOME APPLIANCES AND KITCHENWARE DIRECTORY OF INDIA,nan,82715.0,DELENG/2003/10158,JAI BIR YADAV,DEL,DELHI,A
DELENG03465,THE JOURNAL OF THE POETRY SOCIETY (INDIA),nan,50835.0,50835/ 90,THE POETRY SOCIETY (INDIA),DEL,DELHI,A
DELENG09991,INDIAN IMPORTER'S DIRECTORY,nan,66281.0,66281/ 97,INFOCOM NETWORK,DEL,DELHI,A
DELENG13038,THE INDIAN PHARMA REFERENCE GUIDE,nan,81375.0,DELENG/2002/08818,KONGPOSH PUBLICATIONS PVT.LTD.,DEL,DELHI,A
DELENG02734,INDIA WHO'S WHO,nan,17662.0,17662/ 69,INFA PUBLICATIONS (DURGA DAS PVT. LTD.),DEL,DELHI,A
DELENG01297,DAIRY INDIA,nan,42959.0,42959/ 85,P.R GUPTA,DEL,DELHI,A
DELENG15371,GS1 INDIA NEWSLETTER,जी एस 1 इंडिया न्यूज़लेटर,90325.0,DELENG/2006/17768,GS1 INDIA,DEL,DELHI,A
DELENG11258,MEN OF AGRI. & VET. SCI. IN INDIA DISTINUISHED WHO,nan,12838.0,12838/ 66,P.L. KHOSLA,DEL,DELHI,A
DELENG17652,THE TIMES OF INDIA HIGHER EDUCATION,द टाइम्स ऑफ़ इंडिया हायर एजुकेशन,108535.0,DELENG/2011/35978,"BENNETT, COLEMAN & CO.LTD",DEL,DELHI,A
DELENG01223,CULTURAL HERITAGE OF INDIA,nan,32347.0,32347/ 77,SWAMI VIJAYANANDA,DEL,DELHI,A
DELENG07260,CHEMICAL INDIA ANNUAL,nan,10625.0,10625/ 65,SARVDUMAN KUMAR BHAROT,DEL,DELHI,A
DELHIN15891,INDIA TODAY,nan,59399.0,59399/ 94,LIVING MEDIA INDIA LTD,DEL,DELHI,A
DELENG02764,INDIA AT A GLANCE,nan,16248.0,16248/ 68,SHRI S. K. SAVARA & VINOD K. SAVARA,DEL,DELHI,A
DELENG02860,INDIAN JOURNAL OF SOCIOLOGY,nan,19763.0,19763/ 70,KESHAV DEV SHARMA,DEL,DELHI,A
DELENG16386,INDIA LAW JOURNAL,इंडिया लॉ जर्नल,102119.0,DELENG/2009/29562,VIKRANT PACHNANDA,DEL,DELHI,A
DELENG19777,COMPETITION COMMISSION OF INDIA JOURNAL ON COMPETITION LAW AND POLICY,nan,152041.0,DELENG/2021/79486,COMPETITION COMMISSION OF INDIA,DEL,DELHI,A
DELENG10012,HEALTH INDIA,nan,67977.0,67977/ 97,SAROJ OJHA,DEL,DELHI,A
DELENG08468,INDIAN JOURNAL OF BURNS,nan,55728.0,55728/ 93,NATIONAL ACADEMY OF BURNS-INDIA,DEL,DELHI,A
DELGUJ00069,INDIA TODAY,nan,65023.0,65023/ 96,LIVING MEDIA INDIA LTD.,DEL,DELHI,A
DELBIL04456,ALL INDIA SPORTS GOODS DIRECTORY,nan,74441.0,DELBIL/2000/01884,GOVIND SINGH MANRAL,DEL,DELHI,A
DELENG18461,INDIA TRAVEL AWARDS,nan,130408.0,DELENG/2014/57853,DEVIKA JEET,DEL,DELHI,A
DELENG11028,ALLINDIA ENGINEERING PRODUCTS DIRECTORY,nan,36840.0,36840/ 80,G.R. KHATTAR,DEL,DELHI,A
DELENG07233,CULTURAL NEWS FROM INDIA,nan,14352.0,14352/ 60,INDIAN COUNCIL FOR CULTURAL RELATIONS,DEL,DELHI,BM
DELENG09207,INDIAN TRAVEL NETWORK,nan,62771.0,62771/ 94,SANJAY KUMAR ARORA,DEL,DELHI,BM
DELENG08062,INDIAN HARIDAJ NEWS,nan,57291.0,57291/ 94,SWAMI CHIDANAND,DEL,DELHI,BM
DELBIL06267,VOICE OF RURAL INDIA,nan,96535.0,DELBIL/2007/23978,CONFEDERATION OF NGO'S RURAL INDIA,DEL,DELHI,BM
DELENG13142,THE INDIAN PHARMACIST,nan,79947.0,DELENG/2002/07390,KALHAN BAZAZ,DEL,DELHI,BM
DELENG14990,SOMMELIER INDIA,nan,89092.0,DELENG/2006/16535,REVA K. SINGH,DEL,DELHI,BM
DELENG16920,INCREDIBLE INDIA,इनक्रेडिबल इंडिया,101227.0,DELENG/2008/28670,MINISTRY OF TOURISM,DEL,DELHI,BM
DELENG13722,PICTURE QUALITY RESEARCH SERVICES INDIA INCREDIBLE,nan,85225.0,DELENG/2004/12668,PHAL S.GIROTA,DEL,DELHI,BM
DELENG13843,COLOURS OF INDIA,nan,85228.0,DELENG/2003/12671,FUTURE VISION PUBLICATION,DEL,DELHI,BM
DELBIL11443,INDIAN JAYCEES CHALLENG,nan,34473.0,34473/ 79,INDIAN JAYCEES,DEL,DELHI,BM
DELENG02934,THE INDIAN OPTICIAN,nan,17505.0,17505/ 68,EAST LAND PUBLISHING CO.,DEL,DELHI,BM
DELENG11004,INDIAN JOURNAL OF DIPLOMACY,nan,73805.0,DELENG/2000/01248,K PARTHA SARADHY,DEL,DELHI,BM
DELENG09551,THIS IS INDIA,nan,63718.0,63718/ 95,RANJIT VARMA,DEL,DELHI,BM
DELENG18350,STONE AND TILE IN INDIA,nan,118923.0,DELENG/2012/46366,PARVEEN KUMAR JAIN,DEL,DELHI,BM
DELENG02673,INDIAS NEW DAY,nan,39263.0,39263/ 81,SH. REV. R. ABRAHAM,DEL,DELHI,BM
DELENG04631,PERSPECTIVE INDIA,nan,39290.0,39290/ 81,ANAND GOPAL BHATNAGAR,DEL,DELHI,BM
DELENG18004,WIRE & CABLE INDIA,nan,113370.0,DELENG/2011/40813,PARVEEN KUMAR JAIN,DEL,DELHI,BM
DELENG13938,IN TOUCH INDIA IN TRUTH IN LOVE,nan,86058.0,DELENG/2004/13501,TOUCH INDIA TRUST,DEL,DELHI,BM
DELBIL11690,INDIA CHOUPAL,इंडिया चौपाल,155812.0,DELBIL/2021/83257,CHOUPAL INDIA,DEL,DELHI,BM
DELENG02665,INDIA INTERNATIONAL CENTRE DIARY,nan,28936.0,28936/ 77,INDAIA INTERNATIONAL CENTRE,DEL,DELHI,BM
DELBIL00916,INDIAN TEACHER,nan,32519.0,32519/ 78,SHAMBOO NATH,DEL,DELHI,BM
DELSPA00002,PRAGATI INDIA,nan,68681.0,68681/ 97,TRADE FAIR AUTHORITY OF INDIA,DEL,DELHI,BM
DELENG02681,INDIAN BRIDGE WORLD,nan,17629.0,17629/ 69,V.B. GUPTA,DEL,DELHI,BM
DELENG02675,THE INDIANS ABROAD,nan,42902.0,42902/ 84,HARISH MAHAJAN,DEL,DELHI,BM
DELENG18847,DEVELOPING INDIA MIRROR,nan,133298.0,DELENG/2015/60743,UNITED NEWS OF INDIA,DEL,DELHI,BM
DELENG17989,IMAGES INDIA SHOP DESIGN,nan,116628.0,DELENG/2012/44071,IMAGES MULTIMEDIA PVT. LTD.,DEL,DELHI,BM
DELENG11175,INDIAN MILLER,nan,21736.0,21736/ 70,ROLLER FLOUR MILLERS FEDERATION OF INDIA,DEL,DELHI,BM
DELBIL06559,CHESS INDIA,nan,92078.0,DELBIL/2007/19521,D.K. GUPTA,DEL,DELHI,BM
DELENG07240,THE INDIAN JOURNAL OF HOSPITAL PHARMACY,nan,7461.0,7461/ 64,INDIAN HOSPITAL PHARMACISTS ASSOCATION,DEL,DELHI,BM
DELBIL02361,THE NURSING JOURNAL OF INDIA,द नर्सिंग जर्नल ऑफ़ इंडिया,649.0,649/ 57,THE TRAINED NURSES ASSOICIATION OF INDIA,DEL,DELHI,BM
DELENG19067,DISCOVER INDIA'S NORTHEAST,nan,138725.0,DELENG/2015/66170,OUTDOOR PEOPLE TOURISM PROMOTION.PVT.LTD,DEL,DELHI,BM
DELENG14460,CRAFT INDIA,क्राफ्ट इंडिया,90472.0,DELENG/2006/17915,T.M. TRIPATHI,DEL,DELHI,BM
DELENG07244,INDIAN RADIO AMATEUR,nan,10697.0,10697/ 66,AMATEUR RADIO SOCIETY OF INDIA,DEL,DELHI,BM
DELENG08910,INDIAN JOURNAL OF ENGINEERING & MATERIALS SCIENCES,nan,59222.0,59222/ 94,NATIONAL INSTITUTE OF SCIENCE COMMUNICATION & INFORMATION RESOURCES,DEL,DELHI,BM
DELENG04154,THE NATTIONAL MEDICAL JOURNAL OF INDIA,nan,47347.0,47347/ 87,ALL INDIA INSTITUTE OF MEDICAL SCIENCE,DEL,DELHI,BM
DELENG11052,BULLETIN OF N S OF INDIA FOR MALARIA & OTHER M B D,nan,6759.0,6759/ 57,NATIONAL SOCIETY OF INDIA FOR MALARIA & OTHER MOSQUITO- BORNE DISEASES,DEL,DELHI,BM
DELENG17565,"INDIA: YESTERDAY, TODAY AND TOMORROW",nan,107782.0,DELENG/2010/35225,D.L. KALRA,DEL,DELHI,BM
DELENG09028,ENTREPRENEUR INDIA,nan,61509.0,61509/ 95,AJAY KUMAR GUPTA,DEL,DELHI,BM
DELENG19396,INDIAN JOURNAL OF COMPUTER SCIENCE,nan,142410.0,DELENG/2016/69855,ASSOCIATED MANAGEMENT CONSULTANTS PVT.LTD,DEL,DELHI,BM
DELENG00986,COCA COLA INDIAN REGION NEWSLETTER,nan,16407.0,16407/ 68,COCACOLA EXPORT COROPERATION,DEL,DELHI,BM
DELENG19484,QUINTESSENCE INDIA,nan,,UR,QUINTESSENCE SCIENCE COMMUNICATIONS PVT. LTD.,DEL,DELHI,BM
DELENG02852,INDIAN JOURNAL OF PRINTING TECHNOLOGY,nan,47219.0,47219/ 87,SURJEET GUPTA,DEL,DELHI,BM
DELENG07877,INDIAN JOURNAL OF RADIO AND SPACE PHYSICS,nan,23885.0,23885/ 72,NISCAIR,DEL,DELHI,BM
DELENG18224,INSIDE INDIA,nan,128132.0,DELENG/2013/55577,BALWANT RAI,DEL,DELHI,BM
DELENG18708,INDIAN CREATIVE MINDS,nan,130437.0,DELENG/2014/57882,MANOJ KUMAR TRIPATHY,DEL,DELHI,BM
DELENG14439,INDIAN JOURNAL OF DAIRY SCIENCE,nan,15665.0,15665/ 68,INDIAN DAIRY ASSOCIATION,DEL,DELHI,BM
DELENG08911,INDIAN JOURNAL OF CHEMICAL TECHNOLOGY,nan,59223.0,59223/ 94,NATIONAL INSTITUTE OF SCIENCE COMMUNICATION & INFORMATION RESOURCES,DEL,DELHI,BM
DELENG10591,HOLIDAY TRAVEL INDIA,nan,75079.0,DELENG/1998/02522,M/S MATRIX MEDIA PVT LTD,DEL,DELHI,BM
DELENG12591,DIABETES INDIA,nan,77453.0,DELENG/2001/04896,PANKAJ KUMAR,DEL,DELHI,BM
DELENG11155,HEAD LINE INDIA,nan,42873.0,42873/ 83,BALBIR SINGH,DEL,DELHI,BM
DELENG12330,INDIAN MEDICAL & PHARMACEUTICAL TODAY JOURNAL,nan,78019.0,DELENG/2001/05462,JAIDEV SINGH,DEL,DELHI,BM
DELENG19785,POWERTECH INDIA,nan,,nan,TECHPUBS MEDIA(OPC) PVT LTD,DEL,DELHI,BM
DELBIL02257,VISION INDIA INTERNATIONAL,nan,53424.0,53424/ 91,SURAJ ARYA,DEL,DELHI,BM
DELENG17354,PRAGATI INDIA,nan,68680.0,68680/ 97,TRADE FAIR AUTHORITY OF INDIA,DEL,DELHI,BM
DELENG19784,INDIA FOUNDATION JOURNAL,nan,151799.0,DELENG/2020/79244,INDIA FOUNDATION,DEL,DELHI,BM
DELENG12366,JOURNAL OF INDIAN MEDICAL SPECIALITIES,nan,78336.0,DELENG/2001/05779,JAIDEV SINGH GILL,DEL,DELHI,BM
DELENG19934,JOURNAL OF THE ANTHROPOLOGICAL SURVEY OF INDIA,nan,,nan,ANTHROPOLOGICAL SURVEY OF INDIA,DEL,DELHI,BNL
DELENG03053,INDIAN PRESS SERVICE,nan,14231.0,14231/ 57,P L JHUNJHUNWALLA,DEL,DELHI,D
DELHIN28198,FACT INDIA NEWS,फैक्ट इंडिया न्यूज़,137874.0,DELHIN/2015/65319,M.SADAT,DEL,DELHI,D
DELHIN00242,AMRIT INDIA,nan,49267.0,49267/ 89,AMRIT JAIN,DEL,DELHI,D
DELPUN00629,NEW INDIA HERALD,न्यू इंडिया हेराल्ड,136768.0,DELPUN/2015/64213,RAJESH KUMAR JAIN,DEL,DELHI,D
DELENG12810,DELHI TIMES OF INDIA,डेल्ही टाइम्स ऑफ़ इंडिया,78322.0,DELENG/2001/05765,"BENNETT, COLEMAN & CO.LTD",DEL,DELHI,D
DELHIN09480,INDIA ABROAD EXPRESS,इंडिया अब्रॉड एक्सप्रेस,66906.0,66906/ 97,RAM CHANDRA SHARMA,DEL,DELHI,D
DELHIN15845,INDIAN PRASHASAN,इंडियन प्रशासन,99196.0,DELHIN/2008/26639,ZULFIKAR ALI ANSARI,DEL,DELHI,D
DELENG03043,THE INDIAN POST,द इंडियन पोस्ट,45719.0,45719/ 86,M/S INDIAN CHRONICLE PVT. LTD,DEL,DELHI,D
DELSAN00044,INDIAN NATURE,nan,120270.0,DELSAN/2012/47713,VINAY KUMAR,DEL,DELHI,D
DELENG18498,INDIAN HORIZON,nan,124062.0,DELENG/2013/51507,RAHIMUDDIN KEMAL,DEL,DELHI,D
DELHIN06568,NEW INDIA HERALD,न्यू इण्डिया हेराल्ड,55652.0,55652/ 92,RAJESH KUMAR JAIN,DEL,DELHI,D
DELENG16990,LEAD INDIA,लीड इंडिया,102262.0,DELENG/2009/29705,SUBHASH SINGH,DEL,DELHI,D
DELHIN28568,EAST INDIA NEWS BULLETIN,nan,142220.0,DELHIN/2016/69665,UPENDRA KUMAR PUSHPANJALI,DEL,DELHI,D
DELHIN28225,LOCAL NEWS OF INDIA,लोकल न्‍यूज ऑफ इंडिया,147828.0,DELHIN/2016/75273,VIJAY KUMAR SHUKLA,DEL,DELHI,D
DELENG17865,INDIAN DISPATCH,nan,109127.0,DELENG/2011/36570,POOJA AGGARWAL,DEL,DELHI,D
DELHIN08188,INDIA KING,nan,67036.0,67036/ 97,SHIVDUTT SHARMA,DEL,DELHI,D
DELHIN28882,MATURE INDIA,nan,150048.0,DELHIN/2018/77493,RAVI KANT SHUKLA,DEL,DELHI,D
DELHIN16275,N.C.R. INDIA,एन.सी.आर. इंडिया,104974.0,DELHIN/2010/32417,DHARMENDRA KUMAR,DEL,DELHI,D
DELENG09300,BOOKS FROM INDIA,nan,62118.0,62118/ 95,KHALID SABIR,DEL,DELHI,D
DELENG18658,THE COIN OF INDIA,nan,126210.0,DELENG/2013/53655,ANJU,DEL,DELHI,D
DELENG18645,SUNSHINE INDIA,nan,128602.0,DELENG/2014/56047,MAYA VASHISHT,DEL,DELHI,D
DELHIN14600,INDIA NEWS,इंडिया न्यूज,92835.0,DELHIN/2007/20278,GOOD MORNING INDIA MEDIA PVT. LTD.,DEL,DELHI,D
DELHIN28053,INDIAN FACT,इन्डियन फैक्ट,132031.0,DELHIN/2014/59476,SUSHIL KUMAR SEN,DEL,DELHI,D
DELURD03106,NEW INDIA HERALD,nan,138338.0,DELURD/2015/65783,RAJESH KUMAR JAIN,DEL,DELHI,D
DELBIL02787,HEMOPHILIA FEDERATION INDIA NEWSLETTER,nan,55642.0,55642/ 92,HEMOPHILIA FEDERATION (INDIA),DEL,DELHI,D
DELHIN07525,INDIA DARPAN,nan,63039.0,63039/ 95,LALIT SUMAN,DEL,DELHI,D
DELHIN08392,INDIA ABROAD EXPRESS,इंडिया अब्रॉड एक्सप्रेस,66902.0,66902/ 97,RAM CHANDRA SHARMA,DEL,DELHI,D
DELBIL00887,INDIAN NEWS AND FEATURE ALLIANCE (INFA),nan,39437.0,39437/ 82,DURGADAS PVT. LTD. (INFA),DEL,DELHI,D
DELENG18978,PUBLIC TALK OF INDIA,पब्लिक टॉक ऑफ़ इंडिया,134571.0,DELENG/2015/62016,KUNDAN KUMAR,DEL,DELHI,D
DELHIN15299,LEAD INDIA,लीड इंडिया,102152.0,DELHIN/2009/29595,SUBHASH SINGH,DEL,DELHI,D
DELENG18425,GURGAON TIMES OF INDIA,गुडगांव टाइम्स ऑफ़ इंडिया,120712.0,DELENG/2013/48156,"BENNETT, COLEMAN & CO.LTD",DEL,DELHI,D
DELHIN06735,THE INDIA SUN TIMES,nan,55797.0,55797/ 93,ROMEO,DEL,DELHI,D
DELENG15766,INDIA ROUNDUP,इंडि‍या राउन्‍डअप,90949.0,DELENG/2006/18392,SHARVAN KR.CHOUDHARY,DEL,DELHI,D
DELENG02603,THE INDIAN EXPRESS,दि इंडियन एक्सप्रेस,506.0,506/ 57,THE INDIAN EXPRESS PVT. LIMITED,DEL,DELHI,D
DELENG06915,THE TIMES OF INDIA,द टाइम्स ऑफ़ इंडिया,508.0,508/ 57,"BENNETT, COLEMAN & CO.LTD",DEL,DELHI,D
DELHIN14438,ACTION INDIA,एक्‍शन इंडि‍या,91859.0,DELHIN/2006/19302,RAKESH BHARDWAJ,DEL,DELHI,D
DELURD03036,AKHIL INDIA,nan,125227.0,DELURD/2013/52672,AKHILESH KUMAR,DEL,DELHI,D
DELHIN16156,NAYA INDIA,नया इंडिया,105603.0,DELHIN/2010/33046,SAMVAD PARIKRAMA PVT. LTD.,DEL,DELHI,D
DELURD03059,EAST INDIA,ईस्ट इंडिया,136054.0,DELURD/2015/63499,UPENDRA KUMAR PUSHPANJALI,DEL,DELHI,D
DELENG10414,INDIA MONITOR,nan,67505.0,67505/ 97,MAIHRUL NISHA,DEL,DELHI,D
DELHIN28563,NEWS TASK INDIA,न्यूज़ टास्क इंडिया,148831.0,DELHIN/2016/76276,RAJESH KUMAR,DEL,DELHI,D
DELENG17123,POWER OF INDIA,nan,98489.0,DELENG/2008/25932,ASIF KHAN,DEL,DELHI,D
DELBIL11538,KHOJI NEWS INDIA ANKHON DEKHI,nan,141886.0,DELBIL/2016/69331,CYBER NEWS NETWORK(P) LTD,DEL,DELHI,D
DELENG19039,NAVEEN INDIA,नवीन इंडिया,139511.0,DELENG/2016/66956,PARVEEN KUMAR,DEL,DELHI,D
DELURD02894,INDIAN JUNG,nan,110903.0,DELURD/2011/38346,ALOK MOHAN,DEL,DELHI,D
DELENG06913,INDIA PRESS AGENCY,इंडिया प्रेस एजेंसी,750.0,750/ 57,NIKHIL CHAKRAVARTY,DEL,DELHI,D
DELENG18607,NOIDA TIMES OF INDIA,नॉएडा टाइम्स ऑफ़ इंडिया,129243.0,DELENG/2014/56688,"BENNETT, COLEMAN & CO.LTD",DEL,DELHI,D
DELENG18566,MORNING INDIA,मॉर्निंग इंडिया,136484.0,DELENG/2014/63929,PREM,DEL,DELHI,D
DELENG19868,INDIA NEWS,nan,,nan,GOOD MORNING INDIA MEDIA PVT LTD,DEL,DELHI,D
DELENG19840,FIRST INDIA,nan,,nan,FIRST EXPRESS PUBLISHERS,DEL,DELHI,D
DELURD03235,INDIA NEWS,nan,,nan,GOOD MORNING INDIA MEDIA PVT LTD,DEL,DELHI,D
DELHIN28265,PUBLIC TALK OF INDIA,पब्लिक टॉक ऑफ इंडिया,136188.0,DELHIN/2015/63633,KUNDAN KUMAR,DEL,DELHI,D
DELHIN16540,INDIA A TO Z,nan,111541.0,DELHIN/2011/38984,A 2 Z NEWS AND ENTERTAINMENT PVT. LTD.,DEL,DELHI,D
DELENG15373,NEWS FROM INDIA,nan,89113.0,DELENG/2005/16556,KHALID SABIR,DEL,DELHI,D
DELMUL00973,INSINDIA (INDINON NEWS SERVICE INDIA),nan,97365.0,DELMUL/2008/24808,S.M.ASIF,DEL,DELHI,D
DELHIN16560,PATRA INDIA,nan,114012.0,DELHIN/2011/41455,M/S.PATRA INDIA MEDIA PVT.LTD.,DEL,DELHI,D
DELENG19550,THE HANS INDIA,nan,146650.0,DELENG/2017/74095,HYDERABAD MEDIA HOUSE PVT. LTD.,DEL,DELHI,D
DELHIN07271,INDIA KESARI,nan,59269.0,59269/ 94,MAHAVIR GOYAL,DEL,DELHI,D
DELURD02126,RAHBAR-E-INDIA,nan,70382.0,70382/ 98,QAYAMUDDIN JAVED,DEL,DELHI,D
DELHIN14114,AWAZ INDIA,आवाज़ इंडिया,89898.0,DELHIN/2006/17341,MOHD.MUSHTAQ KHAN,DEL,DELHI,D
DELENG10107,INDIA ROZ,nan,66553.0,66553/ 97,S.M.USMAN,DEL,DELHI,D
DELHIN27572,EAST INDIA,nan,126377.0,DELHIN/2013/53822,UPENDRA KUMAR PUSHPANJALI,DEL,DELHI,D
DELMUL01127,EVOKE INDIA,nan,,nan,MOHIT RAGHAV,DEL,DELHI,D
DELHIN27850,BETTER INDIA,बैटर इंडिया,129394.0,DELHIN/2014/56839,PRADEEP KUMAR VASHIST,DEL,DELHI,DE
DELENG11507,DQ CHANNELS INDIA,nan,71000.0,71000/ 99,CYBER MEDIA (INDIA) LIMITED,DEL,DELHI,F
DELHIN27612,SHARP INDIA NEWS,nan,124432.0,DELHIN/2013/51877,VIRENDER CHAWLA,DEL,DELHI,F
DELBIL11704,EARTH INDIA,अर्थ इंडिया,156503.0,DELBIL/2022/83948,SANJAY KUMAR GIRI,DEL,DELHI,F
DELURD02934,AKHIL INDIA,nan,119040.0,DELURD/2012/46483,AKHILESH KUMAR,DEL,DELHI,F
DELHIN27689,LIVE INDIA SAMRUDDHA JEEVAN,लाइव इंडिया समृद्ध जीवन,128396.0,DELHIN/2014/55841,MAHESH KISAN MOTEWAR,DEL,DELHI,F
DELHIN28929,NEW INDIA SAMACHAR,न्यू इंडिया समाचार,151367.0,DELHIN/2020/78812,CENTRAL BUREAU OF COMMUNICATION,DEL,DELHI,F
DELTEL00091,NEW INDIA SAMACHAR,nan,151384.0,DELTEL/2020/78829,CENTRAL BUREAU OF COMMUNICATION,DEL,DELHI,F
DELENG07764,PEACEFUL INDIA,nan,39259.0,39259/ 81,S. JAFAR MAHMUD,DEL,DELHI,F
DELHIN10950,PETRO-INDIA,nan,78224.0,DELHIN/2001/05667,MAMTA YADAV,DEL,DELHI,F
DELHIN15383,SENIOR INDIA,सीनियर इंडिया,87976.0,DELHIN/2005/15419,SENIOR MEDIA LIMITED,DEL,DELHI,F
DELENG01106,CONSUMER INDIA,nan,39298.0,39298/ 81,P.S.BAWA,DEL,DELHI,F
DELENG08254,P C MAGAZINE INDIA,nan,57300.0,57300/ 94,M/S YOUNGMAN PRINTERS & PUBLISHERS (P) LTD,DEL,DELHI,F
DELENG19771,NEW INDIA SAMACHAR,nan,151366.0,DELENG/2020/78811,CENTRAL BUREAU OF COMMUNICATION,DEL,DELHI,F
DELHIN16003,NGO INDIA,nan,111928.0,DELHIN/2009/39371,NIRMAL BARTARIA,DEL,DELHI,F
DELMUL00942,ALL INDIA JUNIOR ENGINEERS FEDERATION,nan,4669.0,4669/ 58,ALL INDIA JUNIOR ENGINEERS FEDERATION,DEL,DELHI,F
DELENG06962,INDIAN INFORMATION,इंडियन इनफार्मेशन,976.0,976/ 58,DIRECTOR PUBLICATION S DIVISINON MINISTRY OF I AND B,DEL,DELHI,F
DELPUN00645,NEW INDIA SAMACHAR,nan,151363.0,DELPUN/2020/78808,CENTRAL BUREAU OF COMMUNICATION,DEL,DELHI,F
DELASS00024,NEW INDIA SAMACHAR,nan,151382.0,DELASS/2020/78827,CENTRAL BUREAU OF COMMUNICATION,DEL,DELHI,F
DELMAR00096,NEW INDIA SAMACHAR,nan,151385.0,DELMAR/2020/78830,CENTRAL BUREAU OF COMMUNICATION,DEL,DELHI,F
DELENG02929,INDIAN OBSERVER,इंडियन ऑर्ब्जवर,4969.0,4969/ 60,GURINDER SINGH,DEL,DELHI,F
DELBIL02979,INDIAN EXPRESSION,इंडियन एक्सप्रेशन,57286.0,57286/ 94,MAHESH PATHAK,DEL,DELHI,F
DELENG09946,INDIAN ELECTRONIC WORLD,nan,67363.0,67363/ 97,DEV RAJ JOSHI,DEL,DELHI,F
DELHIN13874,NAMASTE INDIA,नमस्‍ते इंडि‍या,90531.0,DELHIN/2006/17974,LALA GANGA BISAN AGARWAL,DEL,DELHI,F
DELENG02724,INDIA TODAY (INTERNATIONAL EDITION),nan,50858.0,50858/ 82,LIVING MEDIA INDIA LTD.,DEL,DELHI,F
DELENG02703,INDIAN APPOINTMENT NEWS,nan,43041.0,43041/ 85,KUMARPRIY,DEL,DELHI,F
DELENG01793,EDIT INDIA,nan,45947.0,45947/ 87,NICSAR,DEL,DELHI,F
DELBIL03117,NEWS OF GREAT INDIA,nan,59303.0,59303/ 94,S K SHARMA,DEL,DELHI,F
DELHIN02280,KARAM YUG INDIA,nan,40492.0,40492/ 83,MALTI MATHUR,DEL,DELHI,F
DELENG02752,INDIAN BOOK CHRONICLE,nan,28625.0,28625/ 76,M/S VIVEK TRUST,DEL,DELHI,F
DELBIL02726,INDIAN REVENUE,nan,55550.0,55550/ 92,DELHI TAX TIMES (P) LTD.,DEL,DELHI,F
DELKAN00057,NEW INDIA SAMACHAR,nan,151383.0,DELKAN/2020/78828,CENTRAL BUREAU OF COMMUNICATION,DEL,DELHI,F
DELHIN10403,INDIA MILLENIUM TIMES,nan,75062.0,DELHIN/2000/02505,PT.KASHIPRASAD SHARMA,DEL,DELHI,F
DELBIL03978,BULLETIN ALL INDIA SALES TAX ABOLITION COMMITTEE,nan,39212.0,39212/ 80,ALL INDIA SALES TAX ABOLITION COMMITTEE,DEL,DELHI,F
DELURD00858,MOMIN INDIA,nan,42903.0,42903/ 84,ISHRAT ALI ANSARI,DEL,DELHI,F
DELHIN05958,GUARDAIN WEEKLY OF INDIA,nan,55698.0,55698/ 93,RAVI DUTT SHARMA,DEL,DELHI,F
DELBIL02514,INDIA TAX TIMES,nan,55551.0,55551/ 92,DELHI TAX TIMES (P) LTD.,DEL,DELHI,F
DELBIL11361,LONDON CALLING INDIA LONDON KI AWAZ,लंदन कालिंग इंडिया लंदन की आवाज़,6613.0,6613/ 59,BRITISH BROADCASTING CORPORATION,DEL,DELHI,F
DELENG02733,INDIA WATCHING,nan,34717.0,34717/ 80,M.L. SHARMA,DEL,DELHI,F
DELENG03684,LIVER INDIA,nan,53304.0,53304/ 91,SUNIL KUMAR,DEL,DELHI,F
DELHIN16073,AADHUNIK INDIA,आधुनिक इंडिया,103187.0,DELHIN/2010/30630,DINESH KUMAR CHAUHAN,DEL,DELHI,F
DELENG02808,THE INDIAN WORKER,दि इंडियन वर्कर,537.0,537/ 57,INDIAN WORKER PUBLICATION SOCIETY,DEL,DELHI,F
DELHIN06429,NIT INDIA,nan,55557.0,55557/ 92,M.J. KHALID,DEL,DELHI,F
DELBIL05338,EMPLOYMENT STUDENT OF INDIA,nan,83275.0,DELBIL/2003/10718,RAJENDRA KUMAR SAGAR,DEL,DELHI,F
DELENG06216,UNTOUCHABLA INDIA,nan,23816.0,23816/ 72,KANSHI RAM,DEL,DELHI,F
DELHIN10402,FREE LANCE JOURNALIST ASSOCIATION OF INDIA,nan,74409.0,DELHIN/2000/01852,LAKSHMAN SINGH,DEL,DELHI,F
DELBIL08024,INDIA ABROAD TODAY,nan,133538.0,DELBIL/2014/60983,M. AJMAL KHAN,DEL,DELHI,F
DELENG06960,INDIAN ECONOMIC INTELLIGENCE,nan,10694.0,10694/ 65,K. KUMAR,DEL,DELHI,F
DELBEN00170,NEW INDIA SAMACHAR,nan,151380.0,DELBEN/2020/78825,CENTRAL BUREAU OF COMMUNICATION,DEL,DELHI,F
DELBHO00007,THE SUNDAY INDIAN,nan,99747.0,DELBHO/2008/27190,ARINDAM CHAUDHURI,DEL,DELHI,F
DELBIL11522,SOCH INDIA EK KRANTI,सोच इण्डिया एक क्रांति,144028.0,DELBIL/2016/71473,AMITABH MAUDGHAL,DEL,DELHI,F
DELENG05740,SOUTH INDIAN MATRIMONIAL PAST,nan,25599.0,25599/ 73,N RADHAKRISHAN,DEL,DELHI,F
DELGUJ00014,INDIA TODAY,nan,55602.0,55602/ 92,LIVING MEDIA INDIA LIMITED,DEL,DELHI,F
DELHIN28566,NEWS MAKE IN INDIA,न्यूज़ मेक इन इंडिया,144334.0,DELHIN/2016/71779,ASHOK KUMAR GOYAL,DEL,DELHI,F
DELHIN06064,ORGANISATION OF PUBLIIC INDIA,nan,53547.0,53547/ 92,SUNIL RAI KAMRADE,DEL,DELHI,F
DELHIN16526,INDIA NEXT,nan,115085.0,DELHIN/2011/42528,E. ABOOBACKER,DEL,DELHI,F
DELENG18947,INDIAN TERRITORY MIRROR,nan,135012.0,DELENG/2015/62457,KUNA BEHRA,DEL,DELHI,F
DELENG12575,LEGEND INDIA,nan,86851.0,DELENG/2001/14294,PAULSON PRESS(P) LTD,DEL,DELHI,F
DELENG19651,JOURNAL OF SOCIETY FOR POLICY STUDIES INDIA REVIEW & ANALYSIS,nan,150090.0,DELENG/2019/77535,MS SOCIETY FOR POLICY STUDIES,DEL,DELHI,F
DELENG00397,INDIA EDITORIALS ON FILE,nan,42878.0,42878/ 78,MANOJ PRASAD,DEL,DELHI,F
DELMAL00133,NEW INDIA SAMACHAR,nan,151381.0,DELMAL/2020/78826,CENTRAL BUREAU OF COMMUNICATION,DEL,DELHI,F
DELENG06961,INDIAN AND FOREIGN REVIEW,nan,14347.0,14347/ 57,"MINISTRY OF INFORMATION & BROADCASTING, GOVT. OF INDIA",DEL,DELHI,F
DELHIN12972,INDIA FIRE,nan,87860.0,DELHIN/2005/15303,TANSEER AHMED CHOUDHARY,DEL,DELHI,F
DELHIN14394,ACTIVE INDIA,एक्‍टि‍व इण्‍डि‍या,93866.0,DELHIN/2007/21309,NARESH KUMAR,DEL,DELHI,F
DELENG10841,THE INDIA POWER AND INFRASTRUCTURE REPORTER,द इंडिया पावर एंड इंफ्रास्ट्रक्चर रिपोर्टर,69506.0,69506/ 98,HARRY DHAUL,DEL,DELHI,F
DELENG15319,INDIAN COMPUTRADE NEWS,इंडियन कम्पयूट्रेड न्यूज,90548.0,DELENG/2006/17991,RAJNI SARAN GUPTA,DEL,DELHI,F
DELENG09999,INDIAN PROSPERITY,nan,36891.0,36891/ 80,JASWANT SINGH,DEL,DELHI,F
DELENG12317,WAH INDIA,nan,75506.0,DELENG/2001/02947,WAH INDIA PRIVATE LIMITED,DEL,DELHI,F
DELHIN15172,JAIN NEWS OF INDIA,जैन न्यूज ऑफ इण्डिया,96664.0,DELHIN/2008/24107,SANTOSH JAIN,DEL,DELHI,F
DELTAM00105,NEW INDIA SAMACHAR,nan,151364.0,DELTAM/2020/78809,CENTRAL BUREAU OF COMMUNICATION,DEL,DELHI,F
DELODI00066,NEW INDIA SAMACHAR,nan,151386.0,DELODI/2020/78831,CENTRAL BUREAU OF COMMUNICATION,DEL,DELHI,F
DELENG02868,THE INDIAN JOURNALIST,nan,16274.0,16274/ 68,SHRI VAIDYULA RAMANA RAO,DEL,DELHI,F
DELENG14412,INDIAN COMPUTER SOURCES,nan,86911.0,DELENG/2005/14354,MOASSAF ALI,DEL,DELHI,F
DELHIN16531,AKHIL INDIA,nan,118307.0,DELHIN/2011/45750,AKHILESH KUMAR,DEL,DELHI,F
DELHIN03527,PUBLIC INDIA,nan,50807.0,50807/ 90,RAJ KISHORE TRIPATHI,DEL,DELHI,F
DELENG06787,ALL INDIA CO-OPERATIVE NEWS SERVICE,आल इंडिया को-ऑपरेटिव न्यूज़ सर्विस,569.0,569/ 57,ALL INDIA CO-OPERATIVE UNION,DEL,DELHI,F
DELHIN01864,INDIA GAPS TODAY,nan,49157.0,49157/ 89,OM SHARMA,DEL,DELHI,F
DELHIN10271,PRATIYOGITA INDIA,प्रतियोगिता इंडिया,81078.0,DELHIN/2002/08521,POONAM GUPTA,DEL,DELHI,F
DELURD01299,SECULAR INDIA,nan,28737.0,28737/ 76,DR. ABDUL REHMAN QAISER NIZAMI,DEL,DELHI,F
DELENG18161,INDIA DEBATES,nan,120806.0,DELENG/2013/48250,NAVIN BERRY,DEL,DELHI,F
DELBIL05062,INDIA ONE DAY,nan,80409.0,DELBIL/2002/07852,BHUPENDRA SINGH,DEL,DELHI,F
DELGUJ00089,NEW INDIA SAMACHAR,nan,151365.0,DELGUJ/2020/78810,CENTRAL BUREAU OF COMMUNICATION,DEL,DELHI,F
DELURD03223,NEW INDIA SAMACHAR,nan,151387.0,DELURD/2020/78832,CENTRAL BUREAU OF COMMUNICATION,DEL,DELHI,F
DELENG02907,INDIAN LITERARY SUPPLEMENT,nan,16430.0,16430/ 68,K.R.S.IYER,DEL,DELHI,F
DELENG15678,INDIAN JOURNAL OF LIBRARY AND INFORMATION SCIENCE,nan,94799.0,DELENG/2007/22242,ASHARFI LAL,DEL,DELHI,FMY
DELENG18215,INDIAN JOURNAL OF GERIATRIC CARE,nan,115355.0,DELENG/2012/42798,GERIATRIC SOCIETY OF INDIA,DEL,DELHI,FMY
DELENG19602,RFP INDIAN JOURNAL OF MEDICAL PSYCHIATRY,nan,149471.0,DELENG/2019/76916,RED FLOWER PUBLICATION PRIVATE LIMITED,DEL,DELHI,FMY
DELENG15052,INDIA TODAY BUYER'S GUIDE TO HOMES IN KOLKATA,इंडिया टुडे बायरस् गाईड टु होम्स इन कोलक्ता,89690.0,DELENG/2006/17133,LIVING MEDIA INDIA LTD.,DEL,DELHI,HY
DELENG15401,INDIAN HERNIA SOCIETY NEWSLETTER,nan,93859.0,DELENG/2006/21302,INDIAN HERNIA SOCIETY,DEL,DELHI,HY
DELENG17558,INDIAN HISTORICAL REVIEW,इंडियन हिस्टोरिकल रिव्यू,104274.0,DELENG/2010/31717,INDIAN COUNCIL OF HISTORICAL RESEARCH,DEL,DELHI,HY
DELENG19471,INDIAN JOURNAL OF MEDICAL BIOCHEMISTRY AMBI,nan,147095.0,DELENG/2017/74540,ASSOCIATION OF MEDICAL BIOCHEMISTS OF INDIA,DEL,DELHI,HY
DELENG02969,INDIAN JOURNAL OF ALLERGY & APPLIED IMMUNOLOGY,nan,45965.0,45965/ 87,INDIAN COLLEGE OF ALLERGY & APPLIED IMMUNOLOGY,DEL,DELHI,HY
DELENG07334,THE INDIAN ARCHIVES,nan,4520.0,4520/ 57,NATIONAL ARCHIVES OF INDIA,DEL,DELHI,HY
DELENG02594,INDIAN EDUCATIONAL REVIEW,nan,12912.0,12912/ 66,"NATIONAL COUNCIL OF EDUCATION RESEARCH AND TRANING,",DEL,DELHI,HY
DELENG02772,INDIA BUREAU,nan,42887.0,42887/ 84,ASHA BHATNAGAR,DEL,DELHI,HY
DELENG06902,INDIAN LITERATURE,इंडियन लिटरेचर,790.0,790/ 57,SAHITYA AKADAMI,DEL,DELHI,HY
DELENG12928,INDIAN JOURNAL OF SOCIAL SECURITY,nan,80584.0,DELENG/2002/08027,SOCIAL SECURITY ASSOCIATION OF INDIA,DEL,DELHI,HY
DELENG07467,INDIAN JOURNAL OF OPENLEARNING,nan,55620.0,55620/ 92,INDIRA GANDHI NATIONAL OPEN UNIVERSITY,DEL,DELHI,HY
DELENG11417,THEATRE INDIA,nan,73873.0,DELENG/2000/01316,NATIONAL SCHOOL OF DRAMA,DEL,DELHI,HY
DELENG19709,IP INDIAN JOURNAL OF LIBRARY SCIENCE AND INFORMATION TECHNOLOGY,nan,150294.0,DELENG/2019/77739,IP INNOVATIVE PUBLICATION PVT LTD,DEL,DELHI,HY
DELENG18846,INDIAN JOURNAL OF CORPORATE GOVERNANCE,nan,109144.0,DELENG/2010/36587,INSTITUTE OF PUBLIC ENTERPRISE,DEL,DELHI,HY
DELENG15055,INDIA TODAY HEALTHCARE DELHI AND NATIONAL CAPITAL REGION,सब न्यूज,91879.0,DELENG/2006/19322,LIVING MEDIA INDIA LIMITED,DEL,DELHI,HY
DELENG16240,SCOOTER INDIA,nan,96035.0,DELENG/2008/23478,AMAR NATH SHARMA,DEL,DELHI,HY
DELENG07243,INDIAN MUSIC JOURNAL,nan,10522.0,10522/ 64,DELHI SANGITA SAMAJ,DEL,DELHI,HY
DELENG14854,INDIA TODAY BUYER'S GUIDE TO HOMES IN MUMBAI,इंडिया टुडे बायरस् गाईड टु होम्स इन मुम्बई,89849.0,DELENG/2006/17292,LIVING MEDIA INDIA LIMITED,DEL,DELHI,HY
DELENG11986,INDIAN JOURNAL OF NEMATOLOGY,nan,74506.0,DELENG/2000/01949,"GENERAL SECRETARY, NEMATOLOGICAL SOCIETY OF INDIA",DEL,DELHI,HY
DELENG18444,STUDIES IN INDIAN POLITICS,nan,123140.0,DELENG/2013/50585,"LOKNITI, CENTRE FOR THE STUDY OF DEVELOPING SOCIETIES",DEL,DELHI,HY
DELENG10565,THE INFANTRY (INDIA),nan,67712.0,67712/ 98,LT. COL. BOBBY MATHEWS,DEL,DELHI,HY
DELBIL06498,INDIAN JOURNAL OF SOCIAL PERSPECTIVES,इंडि‍यन जर्नल ऑफ सोशि‍यल पर्सपैक्‍टि‍वस,92607.0,DELBIL/2007/20050,ASSOCIATION FOR SOCIAL AND ENVIRONMENTAL RESEARCH,DEL,DELHI,HY
DELENG11191,INDIAN JOURNAL OF NEMATOLOGY,nan,36920.0,36920/ 80,"NEMATALOGY DIVISION, I.A.R.I. PUSA",DEL,DELHI,HY
DELENG15968,INDIAN JOURNAL OF FORENSIC MEDICINE AND TOXICOLOGY,nan,94346.0,DELENG/2007/21789,DR. R.K. SHARMA,DEL,DELHI,HY
DELENG19406,ANNALS OF THE NATIONAL ASSOCIATION OF GEOGRAPHERS INDIA,nan,145719.0,DELENG/2017/73164,NATIONAL ASSOCIATION OF GEOGRAPHERS INDIA,DEL,DELHI,HY
DELBIL00061,ALL INDIA TRANSPORT SERVICES,nan,21712.0,21712/ 70,J.C.PANDEY,DEL,DELHI,HY
DELENG19783,AWEB INDIA JOURNAL OF ELECTIONS,nan,153244.0,DELENG/2021/80689,ELECTION COMMISSION OF INDIA,DEL,DELHI,HY
DELENG19568,AMC INDIAN JOURNAL OF CIVIL ENGINEERING,nan,147666.0,DELENG/2018/75111,ASSOCIATED MANAGEMENT CONSULTANTS PVT LTD,DEL,DELHI,HY
DELENG19758,INDIAN STUDIES REVIEW JOURNAL OF CENTRE FOR STUDY OF POLITICS AND GOVERNANCE DELHI,इंडियन स्टडीज़ रिव्यु जर्नल ऑफ़ सेंटर फॉर स्टडी ऑफ़ पॉलिटिक्स एंड गवर्नेंस दिल्ली,152193.0,DELENG/2020/79638,CENTRE FOR STUDY OF POLITICS AND GOVERNANCE,DEL,DELHI,HY
DELENG02845,INDIAN JOURNAL OF ORTHOPAEDIC,इंडियन जर्नल ऑफ़ ऑर्थोपेडिक,14445.0,14445/ 67,INDIAN ORTHOPAEDIC ASSOCIATION,DEL,DELHI,HY
DELENG00100,AFRICA JOURNAL OF AFRICAN STUDIES SOCIETY OF INDIA,nan,50754.0,50754/ 89,AFRICAN STUDIES SOCIETY OF INDIA,DEL,DELHI,HY
DELENG03024,INDIAN SURVEYOR,nan,62630.0,62630/ 95,"HONY SECRETARY, THE INSTITUTION OF SURVEYORS",DEL,DELHI,HY
DELENG17332,INDIAN SURVERYOR,nan,42987.0,42987/ 84,INSTITUTION OF SURVEYORS,DEL,DELHI,HY
DELENG19133,INDIA CARGO AWARDS,nan,145883.0,DELENG/2017/73328,DEVIKA JEET,DEL,DELHI,HY
DELENG19177,ANTYAJAA INDIAN JOURNAL OF WOMEN AND SOCIAL CHANGE,nan,140521.0,DELENG/2016/67966,SAGE PUBLICATIONS INDIA PVT. LTD.,DEL,DELHI,HY
DELENG18741,TAKE ON INDIA,nan,133080.0,DELENG/2015/60525,LATITUDE 28,DEL,DELHI,HY
DELBIL11420,INDIAN JOURNAL OF APPLIED LINGUISTICS,nan,26909.0,26909/ 75,M/S. BAHRI PUBLICATIONS PVT. LTD.,DEL,DELHI,HY
DELENG13368,INDIA ON A BUDGET,nan,81491.0,DELENG/2002/08934,RAJENDRA KR.MATHUR,DEL,DELHI,HY
DELBIL05702,ANWESHIKA:INDIAN JOURNAL OF TEACHER EDUCATION,अण्वेशिका: इंडियन जॉरनल ऑफ टीचर एज्यूकेशन,91716.0,DELBIL/2004/19159,NATIONAL COUNCIL FOR,DEL,DELHI,HY
DELENG19166,INDIAN MOUNTAINEER,nan,32488.0,32488/ 78,INDIAN MOUNTAINEERING FOUNDATION,DEL,DELHI,HY
DELENG19376,JOURNAL OF SOCIETY OF INDIAN PHYSIOTHERAPISTS,nan,143928.0,DELENG/2017/71373,SOCIETY OF INDIAN PHYSIOTHERAPISTS,DEL,DELHI,HY
DELENG17314,INDIAN JOURNAL OF FISHERIES,nan,14768.0,14768/ 57,CENTRAL MARINE FISHERIES RESEARCH INSTITUTE,DEL,DELHI,HY
DELENG15458,JOURNAL OF INDIAN HEALTH PSYCHOLOGY,सब से,92281.0,DELENG/2007/19724,DR. N.K. SINGH,DEL,DELHI,HY
DELENG13324,EVAM: FORUM ON INDIAN REPRESENTATIONS,nan,80314.0,DELENG/2002/07757,SAMVAD INDIA FOUNDATION,DEL,DELHI,HY
DELENG19622,RFP INDIAN JOURNAL OF HOSPITAL INFECTION,nan,149478.0,DELENG/2018/76923,RED FLOWER PUBLICATION PRIVATE LIMITED,DEL,DELHI,HY
DELENG08382,INDIAN JOURNAL OF THORACIC AND CARDIOVASCULAR SURGERY,nan,55709.0,55709/ 93,INDIAN ASSOCIATION OF CARDIOVASCULAR THORACIC SURGEONS,DEL,DELHI,HY
DELBIL02548,HISPANISTICA INDIAN JOURNAL OF SPANISH & LATIN AMERICAN STUDIES,nan,55721.0,55721/ 93,S.P. GANGULY,DEL,DELHI,HY
DELENG14978,INDIA TODAY BUYER'S GUIDE COMMERCIAL PROPERTIES IN DELHI & NATIONAL CAPITAL REGION,nan,89222.0,DELENG/2006/16665,M/S LIVING MEDIA INDIA LIMITED,DEL,DELHI,HY
DELENG15821,INDIAN RECHARGER SOURCES,nan,93733.0,DELENG/2007/21176,NIRMAL KUMAR HOTA,DEL,DELHI,M
DELENG05855,TELEMATICS INDIA,nan,47205.0,47205/ 87,VIMOT PUBLISHING HOUSE,DEL,DELHI,M
DELENG02916,INDIAN MOTHER & CHILD,nan,47329.0,47329/ 88,RAJINDER ARORA,DEL,DELHI,M
DELBIL11719,PRAVASI INDIANS,प्रवासी इंडियंस,155745.0,DELBIL/2022/83190,RASHMI,DEL,DELHI,M
DELENG06697,ENTERTAINMENT INDIA,nan,53381.0,53381/ 91,ANIL KHERA,DEL,DELHI,M
DELENG02811,INDIAN YOUTH LEADER,nan,12931.0,12931/ 67,NEHRU INSTITUTE OF YOUTH AFFIARS,DEL,DELHI,M
DELMUL00185,INDIAN PROMENADE,nan,12808.0,12808/ 66,DR. MADAN LAL,DEL,DELHI,M
DELENG02843,INDIAN JOURNAL OF OPHTHALMOLOGY,इंडियन जर्नल ऑफ़ ओफ्थेल्मोलॉजी,26739.0,26739/ 74,"ALL INDIA OPHTHALMOLOGICAL SOCIETY, MUMBAI",DEL,DELHI,M
DELENG18052,INDIA PREPARES,nan,112305.0,DELENG/2011/39748,ATUL KUMAR GARG,DEL,DELHI,M
DELENG09275,GLOBAL INDIA,nan,61422.0,61422/ 95,S.P. SHARMA,DEL,DELHI,M
DELHIN08434,FASHION INDIA,nan,72308.0,72308/ 98,TOTAL TRANSPARENCY NETWORK SYSTEM PVT. LTD.,DEL,DELHI,M
DELHIN12718,HAKEEKAT INDIA,हक़ीक़त इंडिया,89516.0,DELHIN/2006/16959,MANINDRA NATH TRIPATHI,DEL,DELHI,M
DELENG00232,ALL INDIA CRIMINAL CASES,nan,26753.0,26753/ 74,DHARAM BIR VOHRA,DEL,DELHI,M
DELENG11211,INFORMATION BULLETIN OF THE TRADE REPRESENTATION OF THE GERMAN DEMOCRATIC REPUBLIC IN INDIA,nan,4600.0,4600/ 57,TRADE REPRESENTATION OF THE GERMAN DEMOCRATIC REPUBLIC IN INDIA,DEL,DELHI,M
DELENG12494,CARGO INDIA,nan,77349.0,DELENG/2001/04792,DR.YOGESH GONDAL,DEL,DELHI,M
DELBIL02847,INDIAS FUTURE,nan,55756.0,55756/ 93,ILEEN AVINASH GUPTA,DEL,DELHI,M
DELENG13951,INDIA TODAY TRAVEL PLUS,nan,85597.0,DELENG/2004/13040,LIVING MEDIA INDIA LTD.,DEL,DELHI,M
DELENG00231,ALL INDIA COURT CASES,nan,49156.0,49156/ 88,SUKHBIR SINGH BAHL,DEL,DELHI,M
DELENG19255,INVESTORS INDIA,nan,37052.0,37052/ 81,ANIL CHAUDHARY,DEL,DELHI,M
DELENG03075,THE INDIAN SCOUTER,द इंडियन स्कूटर,598.0,598/ 57,ALL INDIA BOY SCOUTS ASSOCIATION,DEL,DELHI,M
DELENG02957,INDIAN INLAND MISSION BULLETIN,nan,25615.0,25615/ 73,INDIA INLAND MISSION,DEL,DELHI,M
DELHIN28312,INDIAN GRAIN TRADE,nan,25673.0,25673/ 74,FEDERATION OF ALL INDIA FOODGRAIN & DEALERS ASSOCIATION,DEL,DELHI,M
DELHIN14514,INDIA OVERLOOK,इंडिया ओवरलुक,99715.0,DELHIN/2007/27158,VIJAY KUMAR PANDEY,DEL,DELHI,M
DELBIL06547,SMART STUDENTS OF INDIA,nan,99860.0,DELBIL/2008/27303,SMART STUDENTS CLUB,DEL,DELHI,M
DELENG04458,OUR INDIA,अवर इंडिया,758.0,758/ 57,UTTAM S.ARORA,DEL,DELHI,M
DELENG06832,INDIAN CANE GROWER,इंडियन केन ग्रोवर,846.0,846/ 57,ALL INDIA CANE GROWERS' FEDERATION,DEL,DELHI,M
DELENG06831,INDIAN ASTROLOGICAL JOURNAL,इंडियन एस्ट्रोलॉजिकल जर्नल,973.0,973/ 57,RAM PRAKASH NAGPAL,DEL,DELHI,M
DELENG02577,INDIAN DENTIST,nan,7054.0,7054/ 62,G. L. DHALLA,DEL,DELHI,M
DELENG02626,INDIAN HOTELIER AND CATERER,nan,4564.0,4564/ 57,THE FEDERATION OF HOTEL AND RESTAURANT ASSOCIATION,DEL,DELHI,M
DELENG05533,SECULAR INDIAN YOUTH,nan,28815.0,28815/ 76,DARSHAN SINGH,DEL,DELHI,M
DELENG02940,INDIAN PEASANT,nan,17482.0,17482/ 68,Z. A. AHMAD M. P.,DEL,DELHI,M
DELENG00004,A B C INDIAN PRODUCTION,nan,17588.0,17588/ 69,BALDEV KRISHAN SAWLASHWA,DEL,DELHI,M
DELENG02763,INDIA 2000,nan,40503.0,40503/ 83,MANMOHAN KALRA & HASAN AHMED,DEL,DELHI,M
DELENG04966,POWER INDIA,nan,40587.0,40587/ 83,S.N. MEHTA & 3 MORE,DEL,DELHI,M
DELENG03054,INDIAN PRINTER AND PUBLISHER,nan,34533.0,34533/ 79,NARESH KHANNA,DEL,DELHI,M
DELENG17567,INDIAN FUSION,इंडियन फ्यूज़न,102441.0,DELENG/2009/29884,ABHISHEK BINDAL,DEL,DELHI,M
DELENG12092,CONSTRUCTION JOURNAL OF INDIAN,nan,76427.0,DELENG2000/03870,SAKET PROJECT LIMITED,DEL,DELHI,M
DELENG19946,INDIA TRAVEL TRENDS,nan,,nan,PANKAJ KUMAR,DEL,DELHI,M
DELHIN27399,EXCLUSIVE OF INDIA,एक्सक्लूसिव ऑफ़ इंडिया,131701.0,DELHIN/2014/59146,MICHAEL JOSEPH,DEL,DELHI,M
DELHIN27780,NAI SOCH NAYA NAZARIYA NEW INDIA,नई सोच नया नज़रिया न्यू इंडिया,129048.0,DELHIN/2014/56493,DEV NEWS NETWORK PVT. LTD.,DEL,DELHI,M
DELENG18862,PUBLIC TALK OF INDIA,nan,131456.0,DELENG/2014/58901,KUNDAN KUMAR,DEL,DELHI,M
DELHIN12276,INDIAN RAIL WORKER,nan,85273.0,DELHIN/2004/12716,NATIONAL FEDERATION OF INDIAN RAILWAYMEN,DEL,DELHI,M
DELHIN14917,JYOTI INDIA,nan,99466.0,DELHIN/2008/26909,ARUN KUMAR SHARMA,DEL,DELHI,M
DELENG16876,SALUTE TO THE INDIAN SOLDIER,nan,99480.0,DELENG/2008/26923,FLAGS MEDIA PRIVATE LIMITED,DEL,DELHI,M
DELBIL07648,PAHAL INDIA,nan,120345.0,DELBIL/2012/47788,SADIQ KHAN,DEL,DELHI,M
DELENG19716,SAPIENT INDIA,nan,,nan,MOLOY GHOSH DASTIDAR,DEL,DELHI,M
DELHIN07065,KHABARDAR INDIA,ख़बरदार इंडिया,57343.0,57343/ 94,GULSHAN KUMAR MAHAJAN,DEL,DELHI,M
DELENG19248,THE WORLD OF COMMERCE INDIA,nan,42827.0,42827/ 84,JAGJIT SINGH,DEL,DELHI,M
DELENG09826,PRIME INDIA,nan,64652.0,64652/ 96,MASOOD AHMED ZUBERI,DEL,DELHI,M
DELENG03019,INDIAN STUDENT NEWS,nan,14297.0,14297/ 67,NATIONAL COUNCIL OF UNIVERSITY STUDENTS OF INDIA,DEL,DELHI,M
DELENG02873,INDIAN LEFT REVIEW,nan,21692.0,21692/ 71,OM PRAKASH VERMA,DEL,DELHI,M
DELENG06314,VOICE OF YOUNG INDIA,nan,16324.0,16324/ 67,YOUNG INDIA ASSOCIATION,DEL,DELHI,M
DELHIN09505,JASOOSI INDIA,nan,16356.0,16356/ 68,SHRI OM PRAKASH RAWAT,DEL,DELHI,M
DELENG18967,GLOBAL INDIA INVESTIGATOR,nan,136055.0,DELENG/2015/63500,PANKAJ SHARMA,DEL,DELHI,M
DELENG04371,THE NORTH INDIA CHURCH REVIEW,nan,20367.0,20367/ 71,THE NORTH INDIA CHURCH REVIEW BOARD,DEL,DELHI,M
DELENG02633,INDIAN HIGHWAYS,nan,25597.0,25597/ 73,INDIAN ROADS CONGRESS,DEL,DELHI,M
DELENG06988,AUTOMOBILE INDIA,ऑटोमोबाइल इंडिया,590.0,590/ 57,GARG PUBLISHING CO.,DEL,DELHI,M
DELENG07889,IRON STEEL AND HARDWARE JOURNAL OF INDIA,आयरन स्टील एंड हार्डवेयर जर्नल ऑफ़ इंडिया,722.0,722/ 57,ROSHAN LAL WADHERA,DEL,DELHI,M
DELENG00190,ALL INDIA SERVICES REPORTS,आल इंडिया सर्विसेज रिपोर्ट्स,25508.0,25508/ 73,VINOD NIGHAWAN,DEL,DELHI,M
DELENG00179,ALL INDIA JOURNAL,nan,49155.0,49155/ 88,SUKHBIR SINGH BAHL,DEL,DELHI,M
DELBIL00880,INDIA INTERNATIONAL NEWS BUREAU,nan,49257.0,49257/ 89,SH.ANIL SRIVASTAV,DEL,DELHI,M
DELENG05259,SULABH INDIA,nan,49322.0,49322/ 87,M/S. SULABH INTERNATIONAL SOCIAL SERVICE ORGANISATION,DEL,DELHI,M
DELENG18935,INDIAN JOURNAL OF HUMAN DEVELOPMENT,nan,136578.0,DELENG/2015/64023,INSTITUTE FOR HUMAN DEVELOPMENT,DEL,DELHI,M
DELHIN28305,KISAN INDIA,किसान इंडिया,138807.0,DELHIN/2015/66252,MANASWI MANAGEMENT SERVICE PRIVATE LIMITED,DEL,DELHI,M
DELENG06869,TRAVELLER IN INDIA,ट्रैवलर इन इंडिया,781.0,781/ 57,MINISTRY OF TOURISM & CIVIL AVIATION,DEL,DELHI,M
DELENG18888,SECURITY LINK INDIA,nan,141447.0,DELENG/2016/68892,SANTOSH PATHAK,DEL,DELHI,M
DELENG12823,INDIA UPDATE,nan,78367.0,DELENG/2001/05810,DR.SUJAYA NAHA,DEL,DELHI,M
DELENG18602,MEDICAL FACILITIES IN INDIA,मेडिकल फैसिलिटीज इन इंडिया,129524.0,DELENG/2014/56969,MALAIKA MIRANDA,DEL,DELHI,M
DELENG11188,INDIAN JOURNAL OF CHEMISTRY,nan,7090.0,7090/ 63,NATIONAL INSTITUTE OF SCIENCE COMMUNICATION AND INFORMATION RESOURCES (NISCAIR),DEL,DELHI,M
DELENG09000,DEVELOPMENT INDIA,डेवलपमेंट इंडिया,59237.0,59237/ 94,MOHAMMED SHAMIM AKHTAR,DEL,DELHI,M
DELHIN09134,INDIA'S MOST WANTED CRIMINAL,nan,71595.0,71595/ 99,SUHEB AHMED ILYASI,DEL,DELHI,M
DELENG13283,SCIENTIFIC AMERICAN INDIA,nan,89072.0,DELENG/2005/16515,LIVING MEDIA INDIA LTD.,DEL,DELHI,M
DELHIN13640,PATRA INDIA,nan,89004.0,DELHIN/2005/16447,M/S.PATRA INDIA MEDIA PVT.LTD.,DEL,DELHI,M
DELENG00187,ALL INDIA RENT CONTROL JOURNAL,nan,17555.0,17555/ 69,VINOD NIJHAWAN,DEL,DELHI,M
DELENG03962,THE MODERN CYCLE OF INDIA,nan,28768.0,28768/ 76,VISHWANATH SALARWAL,DEL,DELHI,M
DELENG19137,SURYA INDIA,nan,28814.0,28814/ 76,YOUNGMEN PRINTERS AND PUBLISHERS PVT LTD,DEL,DELHI,M
DELHIN04679,SURYA INDIA,nan,34552.0,34552/ 79,MRS. AMTESHWAR ANAND,DEL,DELHI,M
DELENG04893,PUBLISHING IN INDIA,nan,34650.0,34650/ 80,D.K. PUBLISHERS DESTRIBUTERS,DEL,DELHI,M
DELENG02767,INDIA AIRLINES TIME TABLE,nan,40502.0,40502/ 83,SURESH KUMAR BHAYANA,DEL,DELHI,M
DELENG02913,INDIAN MANUFACTURERS & BUYERS TODAY,nan,53312.0,53312/ 91,BUSINESS MEDIA PUBLICATION,DEL,DELHI,M
DELENG08483,POLITICS INDIA,nan,64250.0,64250/ 96,VIMOT PUBLISHERS PVT LTD,DEL,DELHI,M
DELENG11912,THE NEWS REVOLUTION IN INDIA,द न्यूज़ रेवोलुशन इन इंडिया,74505.0,DELENG/2000/01948,JASWINDER SINGH REKHI,DEL,DELHI,M
DELENG15129,THE INDIAN ACCOUNTANT,दि इंडियन अकाऊट,89538.0,DELENG/2006/16981,RANI BHARGAVA,DEL,DELHI,M
DELHIN12694,INDIAN FACT,nan,86037.0,DELHIN/2004/13480,SUSHIL KUMAR SEN,DEL,DELHI,M
DELHIN14043,INDIAN NEWSLINE SERVICES,इंडियन न्यूज़लाईन सर्विसेस,95891.0,DELHIN/2008/23334,PARDEEP MAHAJAN,DEL,DELHI,M
DELENG10678,HELLO INDIA,nan,69063.0,69063/ 98,SATVANT MATHUR,DEL,DELHI,M
DELBIL04362,INDIAN EMPLOYMENT SPEEDY TECHNIQUES,nan,74172.0,DELENG/2000/01615,AJIT KAR,DEL,DELHI,M
DELHIN27868,INDIA ON FRONT,इंडिया ऑन फ्रंट,130026.0,DELHIN/2014/57471,KHATU SHYAM MEDIA PVT. LTD.,DEL,DELHI,M
DELHIN28091,RESPONSIBLE INDIA,रिस्पॉन्सिबल इंडिया,134786.0,DELHIN/2015/62231,NARENDRA KUMAR VERMA,DEL,DELHI,M
DELENG02591,JOURNAL OF INDIAN EDUCATION,nan,26915.0,26915/ 75,"NATIONAL COUNCIL OF EDUCATIONAL RESEARCH & TRAINING, DELHI",DEL,DELHI,M
DELENG07048,INDIAN MARXIST,nan,10566.0,10566/ 65,NATIONAL MARXISTASSOCIATION,DEL,DELHI,M
DELENG07057,INDUSTRIAL REVIW OF INDIA,nan,10620.0,10620/ 65,KRISHAN LAL SHARMA,DEL,DELHI,M
DELENG08303,ALL INDIA CONSUMER LAW REPORTER,आल इंडिया कंस्यूमर लॉ रिपोर्टर,57198.0,57198/ 93,RASHMI GULATI,DEL,DELHI,M
DELBIL04202,YELLOW INDIA,nan,72561.0,DELBIL/1999/00004,K.S.BUSINESS PUBLICATION,DEL,DELHI,M
DELHIN10599,CORRUPTION FREE INDIA,nan,74828.0,DELHIN/2000/02271,AJAY KR.SINGH,DEL,DELHI,M
DELBIL04584,INDIAN FOOD GRAIN-OIL MARKET,nan,75449.0,DELBIL/2000/02892,BHAGWAT GARG,DEL,DELHI,M
DELENG14291,INDIAN DREAM,nan,87826.0,DELENG/2004/15269,MADHU K.SHRIVASTAVA,DEL,DELHI,M
DELHIN27329,POLL INDIA,nan,126376.0,DELHIN/2013/53821,UMESH TYAGI,DEL,DELHI,M
DELENG17983,EXPAT LIVING INDIA,nan,110400.0,DELENG/2011/37843,AJAY GROVER,DEL,DELHI,M
DELENG03342,JAMA INDIA,nan,45957.0,45957/ 87,J K JAIN,DEL,DELHI,M
DELENG02955,INDIAN INDUSTRIAL WORLD FOR YOU,nan,45964.0,45964/ 86,INDUSTRIAL & BUSINESS CONSULTANTS (P) LTD,DEL,DELHI,M
DELENG05544,SELECT BOOKLIST ON INDIAN ART AND CULTURE,nan,19676.0,19676/ 69,NIRMAL SINGLE,DEL,DELHI,M
DELENG02627,INDIAN HOTEL KEEPER AND TRAVELLER,nan,10683.0,10683/ 66,RAI BAHADUR M.S. OBEROI,DEL,DELHI,M
DELENG12191,ECONOMICA INDIA,nan,75309.0,DELENG/2000/02752,RAJ KAPILA,DEL,DELHI,M
DELENG14263,INDIA SAFE,nan,87410.0,DELENG/2004/14853,M/S INDIA MAGAZINES,DEL,DELHI,M
DELHIN15291,PEOPLE OF INDIA,पीपुल ऑफ इंडिया,96481.0,DELHIN/2008/23924,RAJESH KUMAR SINGH,DEL,DELHI,M
DELBIL07304,YEH HAI INDIA,यह है इंडिया,106650.0,DELBIL/2010/34093,AKSHARGANGA MEDIA P. LTD.,DEL,DELHI,M
DELTAM00103,UNITED CHURCH OF INDIA,nan,143049.0,DELTAM/2016/70494,UNITED CHURCH OF INDIA,DEL,DELHI,M
DELENG02280,GRAND LODGE OF INDIA NEWS LETTER,nan,14306.0,14306/ 67,P.M.SUNDARAM,DEL,DELHI,M
DELENG11186,INDIAN JOURNAL OF PORE AND APPLIED MATHEMATICS,nan,19797.0,19797/ 70,INDIAN NATIONAL SCIENCE ACADEMY,DEL,DELHI,M
DELBIL04628,INDIA DEMANDS,nan,75779.0,DELBIL/2001/03222,GATI,DEL,DELHI,M
DELENG15883,INDIAN JOURNAL OF FINANCE,nan,92703.0,DELENG/2007/20146,ASSOCIATED MANAGEMENT CONSULTANTS PVT. LTD.,DEL,DELHI,M
DELBIL05279,INDIAN PEACE TIMES,nan,88091.0,DELBIL/2005/15534,RAMESH KUMAR PASSI,DEL,DELHI,M
DELENG18692,L'OFFICIEL INDIA,nan,129244.0,DELENG/2014/56689,TCG MEDIA LTD.,DEL,DELHI,M
DELENG19604,EXPLORE WILD INDIA,nan,147874.0,DELENG/2018/75319,DEVESH KUMAR,DEL,DELHI,M
DELENG18034,INDIA CHINA CHRONICLE,nan,115980.0,DELENG/2011/43423,MOHAMMED SAQIB,DEL,DELHI,M
DELENG00635,BRAVE NEW INDIA,nan,45779.0,45779/ 86,PRE MCHAND BHORDWAJ,DEL,DELHI,M
DELENG00222,ALL INDIA ADMINISTRATIVE TRIBUNAL,nan,45846.0,45846/ 86,SH.PRADEEP BAHL,DEL,DELHI,M
DELENG04396,OCCULT INDIA,nan,45907.0,45907/ 86,JAGDISH KUMAR,DEL,DELHI,M
DELENG08129,INDIA CIS CHAMBER OF COMMERCE & INDUSTRY NEWSLETTER,nan,45980.0,45980/ 87,INDIA CIS CHAMBER OF COMMERCE & INDUSTRY,DEL,DELHI,M
DELENG02704,THE INDIAN ARCHITECT,nan,4617.0,4617/ 59,K. DHAR,DEL,DELHI,M
DELENG11285,MONTHLY NEWSLETTER INDIAN INVESTMENT CENTRE,nan,7369.0,7369/ 63,INDIAN INVESTMENT CENTRE,DEL,DELHI,M
DELENG02993,INDIAN JOURNAL OF CLINICAL PRACTICE,nan,50798.0,50798/ 90,K.K. AGGARWAL,DEL,DELHI,M
DELENG13035,INDIAN INFRASTRUCTURE,nan,79191.0,DELENG/2002/06634,M/S. INDIA INFRASTRUCTURE PUBLISHING PRIVATE LIMITED,DEL,DELHI,M
DELBIL07541,SHOE RETAILING INDIA,nan,109196.0,DELBIL/2011/36639,SURESH KHANDWEKAR,DEL,DELHI,M
DELENG15212,POWER INDIA,पावर इण्डिया,89682.0,DELENG/2006/17125,NISHKAM SURYAPANI,DEL,DELHI,M
DELENG19103,ALL INDIA SERVICES LAW JOURNAL,nan,23928.0,23928/ 73,SHUBH MALHOTRA,DEL,DELHI,M
DELENG03079,INDIAN SHOW WINDOW,इंडियन शो विंडो,12756.0,12756/ 65,PREM CHANDRA AGGARWAL,DEL,DELHI,M
DELBIL04001,INDIAN GRAIN TRADER,nan,32644.0,32644/ 79,FEDRALONG ALL INDIA FOOD GRAINS DEALER ASSOCIATION,DEL,DELHI,M
DELENG17546,INDIA STRATEGIC,इंडिया स्ट्रेटेजिक,108707.0,DELENG/2011/36150,GULSHAN RAI LUTHRA,DEL,DELHI,M
DELENG17468,AEROTRADE INDIA,nan,108759.0,DELENG/2010/36202,VINOD KUMAR ANAND,DEL,DELHI,M
DELBIL07523,SUGANDH INDIA,nan,108817.0,DELBIL/2011/36260,M.A. FAROOQUI,DEL,DELHI,M
DELBIL00892,INDIAN BICYCLE AMBASSADOR,nan,4536.0,4536/ 57,THE WHEEL PUBLICATION OF INDIA,DEL,DELHI,M
DELENG07045,INDIAN JOURNAL OF PURE & APPLIED PHYSICS,nan,7092.0,7092/ 63,NATIONAL INSTITUTE OF SCIENCE COMMUNICATION & INFORMATION RESOURCES (NISCAIR),DEL,DELHI,M
DELENG16380,INDIAN RAIL WORKER,nan,7243.0,7243/ 63,NATL. FEDERATION OF INDIAN RAILWAY MEN,DEL,DELHI,M
DELENG15510,INDIA TODAY ASPIRE,सदभावना,90958.0,DELENG/2007/18401,LIVING MEDIA INDIA LIMITED,DEL,DELHI,M
DELENG06847,THE MARCH OF INDIA,द मार्च ऑफ़ इंडिया,705.0,705/ 57,"PUBLICATIONS DIVISION, MINISTRY OF I. & B.",DEL,DELHI,M
DELENG11179,INDIAN BANKING,nan,36967.0,36967/ 76,S.R. SUNEJA,DEL,DELHI,M
DELENG03020,INDIAN SUGAR PUNCH,nan,49278.0,49278/ 57,DEEPAK KUMAR MATHUR,DEL,DELHI,M
DELENG06828,INDIA CALLING WESTERN EUROPEAN,इंडिया कालिंग वेस्टर्न यूरोपियन,834.0,834/ 57,"ALL INDIA RADIO, MIN. OF I&B,",DEL,DELHI,M
DELENG06804,YOUNG INDIA,यंग इंडिया,903.0,903/ 57,VIDYA SAGAR AHLUWALIA,DEL,DELHI,M
DELENG11095,CURRENT INDIAN INCOME TAX ACT,करेंट इंडियन इनकम टैक्स एक्ट,911.0,911/ 57,KULWANT RAI JAIN & OTHERS,DEL,DELHI,M
DELENG03036,INDIAN POLITICAL COMMENTATOR,nan,17561.0,17561/ 69,TEACHERS COMMITTEE FOR NATIONAL AFFAIRS (T.CNA),DEL,DELHI,M
DELHIN07432,THE TOPPERS INDIA,nan,59405.0,59405/ 94,NARESH KUMAR VAID,DEL,DELHI,M
DELENG09279,GLOBEL INDIAN,nan,59459.0,59459/ 95,S.P. SHARMA,DEL,DELHI,M
DELENG19027,SPO INDIA,nan,141613.0,DELENG/2016/69058,DEEPAK KUMAR SAHU,DEL,DELHI,M
DELENG11845,INDIAN COMPUTER NEWS & IT INDUSTRIES,nan,73990.0,DELENG/2000/01433,RAJEEV SABHARWAL,DEL,DELHI,M
DELENG15485,SMILE INDIA,स्žमाइल,91107.0,DELENG/2006/18550,SMILE PUBLICATIONS,DEL,DELHI,M
DELENG17364,INDIAS MOST WANTED,nan,71282.0,71282/ 99,SUHAIB ILYASI,DEL,DELHI,M
DELENG19528,INDIAN VALUER,nan,17683.0,17683/ 69,INSTITUTION OF VALUERS,DEL,DELHI,M
DELENG04248,NEW INDIA,nan,28861.0,28861/ 76,YOGELHS CHANDRA GONDAL,DEL,DELHI,M
DELENG02746,INDIAN BANKING TODAY AND TOMORROW,nan,28907.0,28907/ 76,S.R. SUNEJA,DEL,DELHI,M
DELENG01486,DESTINATION INDIA,nan,28908.0,28908/ 76,CROSS SECTION MEDIA PVT.LTD,DEL,DELHI,M
DELENG06146,UBSPD NEW BOOKS FROM INDIA,nan,28918.0,28918/ 77,M/S UBS PUBLISHERS DISTRIBUTORS LIMITED),DEL,DELHI,M
DELENG00067,AD AGE INDIA,nan,28937.0,28937/ 77,MANOJ HUSAIN,DEL,DELHI,M
DELENG02963,INDIAN JEWEL,nan,34588.0,34588/ 79,KULDEEP SHARMA,DEL,DELHI,M
DELENG06486,WORLD OF INDIA,nan,40442.0,40442/ 82,Y.C.GONDAL,DEL,DELHI,M
DELENG01867,EXCEL'S TIME TABLE OF AIR SERVICES WITH IN INDIA,nan,40515.0,40515/ 83,NINA SANDHU BARUA,DEL,DELHI,M
DELHIN28650,UNITED CHURCH OF INDIA,nan,143055.0,DELHIN/2016/70500,UNITED CHURCH OF INDIA,DEL,DELHI,M
DELBIL03662,THE FOOTWEAR NEWS OF INDIA,nan,67137.0,67137/ 97,FRIENDS MEDIA,DEL,DELHI,M
DELHIN12570,CHILDREN OF INDIA,nan,87182.0,DELHIN/2005/14625,SUDESH KUMARI,DEL,DELHI,M
DELBIL03674,INDIAN PLASTIC MARKET NEWS,nan,68206.0,68206/ 98,RAJIV KUMAR JHA,DEL,DELHI,M
DELENG11445,INDIA GRAINS,nan,70831.0,70831/ 99,FINE GRAINS (INDIA) PVT. LTD.,DEL,DELHI,M
DELENG13400,INDIA FOCUS,nan,82703.0,DELENG/2003/10146,R.M.NAIR,DEL,DELHI,M
DELHIN15323,BUILD INDIA,nan,96906.0,DELHIN/2008/24349,EXCLUSIVE MEDIA PUBLICATION PVT. LTD.,DEL,DELHI,M
DELBIL06715,ALL INDIA DIPLOMA ENGINEERS JOURNAL,ऑल इंडिया डिप्लोमा इंजीनियर्स जर्नल,96941.0,DELBIL/2008/24384,ALL INDIA FEDERATION OF DIPLOMA ENGINEERS,DEL,DELHI,M
DELBIL04450,MYSTIC INDIA,nan,75440.0,DELBIL/2000/02883,SUNEEL BABEL,DEL,DELHI,M
DELENG12486,INDIA AUTOBIZ,nan,75579.0,DELENG/2001/03022,INDIA AUTOBIZ,DEL,DELHI,M
DELENG04412,OLYMPIA INDIA,nan,65122.0,65122/ 96,M. N. SHOME,DEL,DELHI,M
DELENG07043,INDIAN JOURNAL OF PHOTOGRAPHY,nan,10698.0,10698/ 66,RAJ MONGA,DEL,DELHI,M
DELENG03064,INDIAN RAILWAYMEN,nan,10703.0,10703/ 65,ALL INDIA RAILWAYMEN'S FEDERATION,DEL,DELHI,M
DELENG09951,ALL INDIA TENNIS ASSOCIATION NEWS,nan,64633.0,64633/ 96,CHANDIGARH LAWN TENNIS ASSOCIATION,DEL,DELHI,M
DELENG06309,THE VOICE OF POOR PATIANTS OF INDIA,nan,39223.0,39223/ 81,INDIAN MEDICO-SOCIAL,DEL,DELHI,M
DELENG00927,CHOICE INDIA,nan,42862.0,42862/ 84,RAMA JHA,DEL,DELHI,M
DELENG02837,INDIAN JOURNAL OF MARKETING,nan,16294.0,16294/ 68,ASSOCIATED MANAGEMENT CONSULTANATS PVT. LTD.,DEL,DELHI,M
DELENG11170,IBM INDIA NEWS,nan,16273.0,16273/ 68,IBM WORLD TRADE CORP,DEL,DELHI,M
DELHIN15547,WIDE NEWS OF INDIA,वाइड न्यूज ऑफ इंडिया,96927.0,DELHIN/2008/24370,SUNEET DEWAN,DEL,DELHI,M
DELENG17807,MOTOWN INDIA,MOTOWN INDIA,107119.0,DELENG/2010/34562,PUNNOOSE THARYAN,DEL,DELHI,M
DELENG13279,AWAAZ INDIA,आवाज़ इंडिया,80325.0,DELENG/2002/07768,MOHAMMED MUSHTAQ KHAN,DEL,DELHI,M
DELENG11060,C R C (INDIA),nan,14222.0,14222/ 63,THE CENTRAL REFLIEF COMMITTEE(INDIA),DEL,DELHI,M
DELENG06978,AGRICULTURAL SITUATION IN INDIA,nan,14265.0,14265/ 57,MINISTRY OF FOOD & AGRICULTURE,DEL,DELHI,M
DELENG02678,INDIAN BOOK INDUSTRY,nan,19710.0,19710/ 69,"STERLING PUBLISHER (P) LTD,",DEL,DELHI,M
DELENG15715,THE INDIAN PC MAGAZINE,nan,98814.0,DELENG/2007/26257,PLANMAN MEDIA,DEL,DELHI,M
DELENG08711,THE TOPPERS INDIA,nan,57235.0,57235/ 94,NARESH KUMAR VAID,DEL,DELHI,M
DELENG09286,INDIAN DRUG REVIEW,nan,61979.0,61979/ 95,MEDIWORLD PUBLICATIONS PVT LTD,DEL,DELHI,M
DELHIN09060,SATELLITE INDIA,nan,69951.0,69951/ 98,KUMAR VIJAY,DEL,DELHI,M
DELBIL06591,THE LAST NEWS OF CORPORATE INDIA,द लॉस्ट न्यूज ऑफ कॉरपोरेट इंडिया,95086.0,DELBIL/2007/22529,RAJIV KUMAR SHARMA,DEL,DELHI,M
DELHIN13767,SALUTE INDIA,nan,97222.0,DELHIN/2007/24665,ANAND SHARMA,DEL,DELHI,M
DELHIN27729,JOURNEY OF INDIA,जर्नी ऑफ़ इंडिया,131606.0,DELHIN/2014/59051,RONALD JOSEPH,DEL,DELHI,M
DELHIN15977,JUST INDIA,जस्ट इंडिया,103536.0,DELHIN/2009/30979,SAHITYA NAND SUMAN,DEL,DELHI,M
DELHIN10577,INDIAN HANDICAPPED NEWS,nan,77082.0,DELHIN/2001/04525,M.ABUDULLA KHAN,DEL,DELHI,M
DELHIN10518,INDIANS WILL,nan,74845.0,DELHIN/2000/02288,KULDEEP SINGH,DEL,DELHI,M
DELENG02040,EXPORTS OF INDIA,nan,50855.0,50855/ 90,TILAK VIJ,DEL,DELHI,M
DELHIN14439,ACTION INDIA,एक्‍शन इंडि‍या,91797.0,DELHIN/2006/19240,RAKESH BHARDWAJ,DEL,DELHI,M
DELENG07314,PARENT TEACHER ASSOCIATION OF INDIA NEWS LETTER,nan,10479.0,10479/ 63,PARENT TEACHER ASSOCIATION OF INDIA,DEL,DELHI,M
DELENG19132,INDIAN CONSUMER COOPERATOR,nan,26816.0,26816/ 74,NATIONAL COOPERATIVE CONSUMER FEDERATION LTD.,DEL,DELHI,M
DELENG16420,COMPUTER SOCIETY OF INDIA NENSLETTER,nan,26869.0,26869/ 74,COMPUTER SOCIETY OF INDIA,DEL,DELHI,M
DELHIN16564,TALENT OF INDIA MAGAZINE,nan,111687.0,DELHIN/2011/39130,BHANU YOGI,DEL,DELHI,M
DELHIN13641,THE INDIAN MEJESTY,द इंडियन मेजेस्टी,89378.0,DELHIN/2006/16821,VIJAY THAKUR,DEL,DELHI,M
DELHIN08506,CRIME FREE INDIA,nan,68947.0,68947/ 97,CRIME FREE INDIA BUREAU,DEL,DELHI,M
DELENG13475,LAW OF INDIA,nan,81297.0,DELENG/2003/08740,VIDHI PUBLISHING PVT. LTD.,DEL,DELHI,M
DELENG07649,RICE INDIA,nan,53384.0,53384/ 91,ALL INDIA RICE EXPORTERS ASSOCIATION,DEL,DELHI,M
DELENG03057,INDIAN PROGRESS,nan,23765.0,23765/ 72,SUDERSHAN SHIV LAL,DEL,DELHI,M
DELENG19162,INDIAN LITERARY REVIEW,nan,32475.0,32475/ 78,SURESH KOHLI,DEL,DELHI,M
DELENG17317,RAIL INDIA,nan,32495.0,32495/ 78,DIPAK B. R. CHAUDHURI,DEL,DELHI,M
DELENG02608,INDIAN EX-SERVICEMEN,nan,7088.0,7088/ 63,INDIAN EX-SERVICE LEAGUE,DEL,DELHI,M
DELENG07174,INDIAN JOURNAL OF EXPERIMENTAL BIOLOGY,nan,7093.0,7093/ 63,NATIONAL INSTITUTE OF SCIENCE COMMUNICATION AND INFORMATION RESOURCES (NISCAIR),DEL,DELHI,M
DELENG02639,INDIAN HOST,nan,7181.0,7181/ 63,INDIAN COUNCIL FOR HOSPITALITY TO FOREIGN VISITORS,DEL,DELHI,M
DELBIL04000,INDIAN AIRLINER,nan,12717.0,12717/ 65,INDIAN AIRLINES CORPORATION,DEL,DELHI,M
DELENG07055,INDIAN STEEL AGE,nan,7274.0,7274/ 61,PARDUMAN KRISHNA BHANOT,DEL,DELHI,M
DELBIL03996,JOURNAL OF THE HOMOEOPATHIC MEDICAL ASSOCIATION OF INDIA,nan,28992.0,28992/ 77,THE HOMOEOPATHIC MEDICAL ASSOCIATION OF DELHI,DEL,DELHI,M
DELENG03076,THE INDIAN SECULAR VOICE,nan,47377.0,47377/ 88,RAJU BOHRA,DEL,DELHI,M
DELENG11221,ENTREPRENEUR INDIAN,nan,59393.0,59393/ 94,NOT GIVEN,DEL,DELHI,M
DELENG19228,INDIAN ATHE IST,nan,34521.0,34521/ 79,SAND EDAMARUKU,DEL,DELHI,M
DELENG07869,INDIAN FARMER TIMES,nan,40544.0,40544/ 83,WAFM FARMER WELFARE TRUST SOCIETY,DEL,DELHI,M
DELENG10091,INTERNET USER INDIA,nan,65949.0,65949/ 97,YOUNGMEN PRINTERS & PUBLISHERS PVT. LTD.,DEL,DELHI,M
DELENG02857,INDIAN JOURNAL OF SCHOOL MANAGEMENT,nan,49303.0,49303/ 89,GUIDANCE & COUNSELLING SERVICES SOCIETY,DEL,DELHI,M
DELENG19203,FUTURE INDIA,nan,34438.0,34438/ 79,FUTURE INDIA TRUST,DEL,DELHI,M
DELENG06807,ALL INDIA CO-OPERATIVE REVIEW,आल इंडिया को-ऑपरेटिव रिव्यू,654.0,654/ 57,ALL INDIA CO-OPERATIVE UNION,DEL,DELHI,M
DELENG18722,BEYOND INDIA,बियॉन्ड इंडिया,132050.0,DELENG/2014/59495,AMIT KUMAR GAUR,DEL,DELHI,M
DELENG19690,INDIAN PLUMBING TODAY,इंडियन प्लंबिंग टुडे,151660.0,DELENG/2019/79105,INDIAN PLUMBING ASSOCIATION,DEL,DELHI,M
DELENG02774,INDIA CALLING EASTERN,इंडिया कालिंग ईस्टर्न,832.0,832/ 57,"ALL INDIA RADIO,",DEL,DELHI,M
DELHIN10091,SWEEPER IN INDIA,nan,73587.0,DELHIN/2000/01030,KISHOR MAITHANI,DEL,DELHI,M
DELENG03035,INDIAN POLICE,nan,25514.0,25514/ 73,O P KAPUR,DEL,DELHI,M
DELENG11284,NEWS INDIA,nan,25667.0,25667/ 74,THE HINDUSTAN TIMES LTD.,DEL,DELHI,M
DELBIL00918,INDIAN PRESS REPORTER,nan,25705.0,25705/ 73,B R BEHL,DEL,DELHI,M
DELBIL02350,INDIAN FARM MECHANIZATION,इंडियन फार्म मैकेनाइज़ेशन निज़ति,597.0,597/ 57,GURSHARAN SINGH,DEL,DELHI,M
DELENG06202,UPPER INDIA MOTORIST,अपर इंडिया मोटरिस्ट,611.0,611/ 57,"ANTOMOBILE ASSOCIATION OF UPPER INDIA,",DEL,DELHI,M
DELENG10681,THE INDIAN COAL NEWS,nan,71174.0,71174/ 98,RASHMI TIWARY,DEL,DELHI,M
DELENG12984,CHARISINDIA,कैरिसइंडिया,78521.0,DELENG/2002/05964,CATHOLIC CHARISMATIC RENEWAL SERVICES,DEL,DELHI,M
DELHIN06380,SKEPTICS INDIA,स्केप्टिक्स इंडिया,55510.0,55510/ 92,GULSHAN KUMAR MAHAJAN,DEL,DELHI,M
DELENG00782,THE CAPITAL OF INDIA,nan,28710.0,28710/ 76,ABDUL REHMAN DEHLVI,DEL,DELHI,M
DELENG11180,INDIAN BOOK NEWS,nan,6663.0,6663/ 61,KITAB MAHAL PVT. LTD.,DEL,DELHI,M
DELENG02930,INDIAN OCEAN,nan,47326.0,47326/ 87,THE INSTITUTE FOR SOCIALIST EDICATION,DEL,DELHI,M
DELENG11361,T T SHOPPER INDIA,nan,66405.0,66405/ 97,M/S YOUNG MEN PRINTERS&PUBLISHERS PVT.LTD,DEL,DELHI,M
DELENG18407,PARENTS INDIA,nan,124296.0,DELENG/2013/51741,MAXPOSURE MEDIA GROUP (INDIA) PVT.LTD.,DEL,DELHI,M
DELENG08950,PRODUCTS EQUIPMENTS AND PROCESS IN INDL.INDIA,nan,59247.0,59247/ 94,ROMESH BHATIA,DEL,DELHI,M
DELENG09161,INDIAN INFO PAGES,nan,59288.0,59288/ 94,PROMOD K. MITTAL,DEL,DELHI,M
DELENG00224,ALL INDIA ARBITRATION LAW REPORTER,आल इंडिया आर्बिट्रेशन लॉ रिपोर्टर,40530.0,40530/ 83,O.P. CHADHA,DEL,DELHI,M
DELENG12799,INDIAN DAIRYMAN,nan,13241.0,13241/ 68,INDIAN DAIRY ASSOCIATION,DEL,DELHI,M
DELENG07046,INDIAN JURIST,nan,10554.0,10554/ 65,TRILOK SINGH ARORA,DEL,DELHI,M
DELENG07054,INDIAN SCIENCE ABSTRACT,nan,10565.0,10565/ 65,INDIAN NATIONAL SCIENTIFIC DOCUMENTATION CENTRE,DEL,DELHI,M
DELENG05654,SKEPTICS INDIA,स्केप्टिक्स इंडिया,53316.0,53316/ 91,GULSHAN KR.MOHANJAN,DEL,DELHI,M
DELHIN07697,BHARAT BANAM INDIA,nan,66674.0,66674/ 97,PUSHPENDER CHAUHAN,DEL,DELHI,M
DELENG07874,INDIAN JOURNAL OF GEO MARINE SCIENCES,nan,23966.0,23966/ 72,NATIONAL INSTITUTE OF SCIENCE COMMUNICATION & INFORMATION RESOURCES,DEL,DELHI,M
DELENG11286,NEWSLETTER ON CIVIL AVIATION IN INDIA,nan,4511.0,4511/ 57,GOVT. MINISTRY OF CIVIL AVIATION,DEL,DELHI,M
DELENG07051,INDIAN RAILWAYS,nan,4563.0,4563/ 57,M/O RAILWAYS (RLY. BOARD),DEL,DELHI,M
DELENG03018,INDIAN STORIES,nan,12865.0,12865/ 67,SAKET BIHARI SHARAN,DEL,DELHI,M
DELENG18115,INDIAN SUGAR,nan,2691.0,2691/ 57,INDIAN SUGAR MILLS ASSOCIATION,DEL,DELHI,M
DELENG11184,INDIAN EDUCATION DIGEST,nan,43091.0,43091/ 85,PRAMILA SRIVASTAVA,DEL,DELHI,M
DELBIL03673,FORUM OF INDIAN PUBLIC SCHOOLS,nan,67715.0,67715/ 98,VIJAY SHARMA,DEL,DELHI,M
DELHIN10119,JYOTISH INDIA,nan,72967.0,DELHIN/1999/00410,MAHESH CHANDER TIWARI,DEL,DELHI,M
DELENG02672,INDIA WORLD WIDE,nan,50762.0,50762/ 90,ABHISHEK VERMA,DEL,DELHI,M
DELHIN04563,SHOPPING INDIA FOR PEOPLES,nan,50774.0,50774/ 90,SATYENDRA SINGH,DEL,DELHI,M
DELENG12094,BAJAJ CAPITAL INVESTORS INDIA,nan,74844.0,DELENG/2000/02287,BAJAJ CAPITAL LTD,DEL,DELHI,M
DELENG01702,ELECTRONICS INDIA,nan,16372.0,16372/ 68,SHRI C.L.FRANCIS,DEL,DELHI,M
DELENG11190,INDIAN JOURNAL OF MEDICAL RESEARCH,nan,2223.0,2223/ 57,INDIAN COUNCIL OF MEDICAL RESEARCH,DEL,DELHI,M
DELHIN11280,INDIAN DREAM,nan,80118.0,DELHIN/2002/07561,MADHU K.SHRIVASTAVS,DEL,DELHI,M
DELSAN00040,INDIAN NATURE,nan,113302.0,DELSAN/2011/40745,VINAY KUMAR,DEL,DELHI,M
DELENG18615,BEAUTY LAUNCHPAD INDIA,nan,128692.0,DELENG/2014/56137,BEAUTE ESPACE MEDIA PVT LTD,DEL,DELHI,M
DELENG18540,CFO INDIA,nan,130995.0,DELENG/2013/58440,NINE DOT NINE MEDIAWORX PVT.LTD,DEL,DELHI,M
DELENG17860,PHARMA INDIA,nan,116297.0,DELENG/2012/43740,VITASTA PUBLISHING PVT. LTD.,DEL,DELHI,M
DELENG16235,AN INDIAN JOURNEY,nan,98774.0,DELENG/2008/26217,SANJEET,DEL,DELHI,M
DELENG15314,ECONOMY INDIA,nan,94470.0,DELENG/2007/21913,MANOHAR MANOJ KUMAR,DEL,DELHI,M
DELHIN28526,INDIAN ELECTRO HOMOEOPATHIC MEDICAL COUNCIL GAZETTE,nan,42956.0,42956/ 84,S.K VERMA,DEL,DELHI,M
DELENG14735,INDIA TODAY SPICE,इंडि‍या टूडे स्‍पाइस,87889.0,DELENG/2005/15332,LIVING MEDIA INDIA LIMITED,DEL,DELHI,M
DELBIL03301,NEWS PAPERS ASSOCIATION OF INDIA,nan,62500.0,62500/ 95,NEWSPAPER ASSOCIATION OF INDIA,DEL,DELHI,M
DELENG19371,UNITED CHURCH OF INDIA,nan,143051.0,DELENG/2016/70496,UNITED CHURCH OF INDIA,DEL,DELHI,M
DELENG13062,INDIAN PEDIATRICS,nan,8679.0,8679/ 64,INDIAN ACADEMY OF PEDIATRICS,DEL,DELHI,M
DELENG16376,INDIAN JOUNRAL OF AGRICULTURE SCIENCE,nan,14350.0,14350/ 57,"I.C.A.R , NEW DELHI",DEL,DELHI,M
DELENG17643,INDIAN INFRASTRUCTURE AND TENDERS WEEK,nan,110665.0,DELENG/2011/38108,NBM MEDIA PVT. LTD.,DEL,DELHI,M
DELENG15214,INDIAN RETAIL,nan,97060.0,DELENG/2008/24503,SHAILESH KUMAR PANDEY,DEL,DELHI,M
DELENG07300,ESSO INDIA NEWS,nan,11538.0,11538/ 64,ESSO STANDARD EASTERN LANE,DEL,DELHI,M
DELENG02625,INDIAN HERITAGE,nan,14215.0,14215/ 64,J.R.GOEL,DEL,DELHI,M
DELENG07047,INDIAN LABOUR JOURNAL,nan,14273.0,14273/ 57,MINISTRY OF LABOUR AND EMPLOYMENT,DEL,DELHI,M
DELBIL06870,INDIAN CONSUMER,nan,14307.0,14307/ 67,CONSUMER COUNCIL OF INDIA,DEL,DELHI,M
DELBIL05839,CHRONICLE'S INDIAN ECONOMIST,nan,87867.0,DELBIL/2005/15310,CHRONICLE PUBLICATIONS PVT. LTD.,DEL,DELHI,M
DELENG17105,PRABANDHAN: INDIAN JOURNAL OF MANAGEMENT,प्रबंधन: इंडियन जर्नल ऑफ़ मैनेजमेंट,99296.0,DELENG/2008/26739,ASSOCIATED MANAGEMENT CONSULTANTS PVT. LTD.,DEL,DELHI,M
DELMUL00034,B B C TO INDIA,nan,19697.0,19697/ 67,BRITISH BROADCASTING CORPORATION,DEL,DELHI,M
DELENG10947,CARD MEMBERS EXPRESS INDIA,nan,69972.0,69972/ 99,MEDIA TRANSASIA INDIA LTD,DEL,DELHI,M
DELENG12292,INDIAN CHEM NEWS,nan,82290.0,DELENG/2003/09733,RAJ AGGARWAL,DEL,DELHI,M
DELMUL01100,TOLERANCE INDIA,nan,145450.0,DELMUL/2017/72895,MAHENDRA PRATAP SINGH SIKARWAR,DEL,DELHI,M
DELBIL03660,INDIAN PACKAGING MARKET NEWS,nan,73130.0,DELBIL/1999/00573,RAJEEV DAHIYA,DEL,DELHI,M
DELBIL06407,STANDARDS INDIA,स्टैन्डर्डस् इंडिया,45929.0,45929/ 87,BUREAU OF INDIAN STANDARD,DEL,DELHI,M
DELENG02607,INDIAN EXPORT AND WORLD TRADE,nan,10712.0,10712/ 66,B. D. GIROLI,DEL,DELHI,M
DELBIL02942,INDIAN HARDWARE & SANITERY NEWS,nan,57367.0,57367/ 94,RAKESH SHARMA,DEL,DELHI,M
DELENG02669,INDIA LOOKING AHEAD,nan,53342.0,53342/ 91,MODERN MEDIA,DEL,DELHI,M
DELHIN09011,POLITICS INDIA,nan,69315.0,69315/ 98,VIMOT PUBLISHERS PVT LTD,DEL,DELHI,M
DELENG07041,INDIAN JOURNAL OF TECHNOLOGY,nan,7091.0,7091/ 63,"COUNCIL OF SCIENTIFIC AND INDUSTRIAL RESEARCH, NEW DELHI",DEL,DELHI,M
DELHIN16513,ANANT INDIA NEWS POWER,nan,111722.0,DELHIN/2011/39165,ASHUTOSH MISHRA,DEL,DELHI,M
DELHIN15156,INDIA PARIWAR,इंडिया परिवार,97995.0,DELHIN/2008/25438,MD. RASIKH REYAZ,DEL,DELHI,M
DELENG14373,INDIA EMPIRE,इण्‍डि‍या इमपायर,89250.0,DELENG/2005/16693,SAYANTAN CHAKRAVARTY,DEL,DELHI,M
DELBIL03341,INDIAN SEED TODAY,nan,66351.0,66351/ 97,ISHWAR CHANDER PAHUJA,DEL,DELHI,M
DELHIN14027,WAY OF INDIA,वे आँफ इंडिया,89881.0,DELHIN/2006/17324,CHANDRA BHAN SINGH,DEL,DELHI,M
DELHIN07436,LOVERS OF INDIA,nan,69708.0,69708/ 98,AKHIL BHARTIYA SWATANTAR PATARKAR AVM LEKHAK SANGH,DEL,DELHI,M
DELENG11694,VAR INDIA,nan,72399.0,72399/ 99,M/S KALINGA DIGITAL MEDIA PVT LTD,DEL,DELHI,M
DELENG07050,INDIAN POSTMAN,इंडियन पोस्टमैन,10528.0,10528/ 64,ALL INDIA POSTAL EMPLOYEES UNION POSTMAN,DEL,DELHI,M
DELHIN11757,INDIAN GALAXY,nan,81594.0,DELHIN/2002/09037,SANJEEV GAUTAM,DEL,DELHI,M
DELHIN28780,READY INDIA,रेडी इंडिया,147674.0,DELHIN/2017/75119,MANGAL SINGH SISODIYA,DEL,DELHI,M
DELENG15181,ALL INDIA CRIME PREVENTION ORGANIZATION,आँल इंडिया क्र,89617.0,DELENG/2006/17060,SUBHASH CHANDRA,DEL,DELHI,M
DELENG18070,CEO INDIA,nan,115488.0,DELENG/2012/42931,IMAGINE MEDIA & LIFESTYLE PRIVATE LIMITED,DEL,DELHI,M
DELHIN27273,THE INDIAN ERA,nan,118366.0,DELHIN/2012/45809,SACHITA NAND MISHRA,DEL,DELHI,M
DELBIL11366,VEGETARIAN INDIA,nan,4755.0,4755/ 59,AMRIT LAL JIDAL,DEL,DELHI,M
DELENG08968,INDIAN DESIGN & INTERIORS,nan,59359.0,59359/ 94,MEDIA TRANS ASIA INDIA LTD,DEL,DELHI,M
DELENG17318,OPPRESSED INDIAN,nan,34502.0,34502/ 79,KANSHI RAM,DEL,DELHI,M
DELENG02423,HIND BOOK INDIA,nan,28925.0,28925/ 77,HINDI POCKET BOOKS P LTD,DEL,DELHI,M
DELENG16030,ALL INDIA C. P. W. D. ENGINEERS TIMES,nan,95425.0,DELENG/2007/22868,SHANTI SWAROOP JAISWAL,DEL,DELHI,M
DELENG12019,POST GRADUATE MEDICINE(INDIAN EDITION),पोस्ट ग्रेजुएट मेडिसिन (इंडियन एडिशन),78843.0,DELENG/2002/06286,M/S IJCP PUBLICATION (P) LTD.,DEL,DELHI,M
DELENG13308,INVESTORS INDIA,nan,81100.0,DELENG/2002/08543,BAJAJ CAPITAL LTD.,DEL,DELHI,M
DELBIL07203,ALL INDIA ANTI CORRUPTION PRESS,आल इंडिया एंटी करप्शन प्रेस,100232.0,DELBIL/2009/27675,T.P.S. GRROVER,DEL,DELHI,M
DELHIN16050,DIALOGUE INDIA,डायलाग इंडिया,102646.0,DELHIN/2009/30089,ANUJ KUMAR AGRAWAL,DEL,DELHI,M
DELBIL07491,SALT & SPICES INDIA,साल्ट एंड स्पाइसेज इंडिया,108407.0,DELBIL/2010/35850,SATISH ARORA,DEL,DELHI,M
DELHIN27058,INDIA AAP TAK,nan,114589.0,DELHIN/2012/42032,SHAGUFTA YASMEEN,DEL,DELHI,M
DELBIL00862,INDIAN CUSTOMS & EXCISE,nan,47200.0,47200/ 86,"DEPTT OF PUBLICATION, CUSTOM & CENTAL EXCISE",DEL,DELHI,M
DELHIN01873,INDIAN TRADERS TIMES,nan,47280.0,47280/ 87,KAFEEL AHAMAED ANSARI,DEL,DELHI,M
DELHIN05308,PARIVARTAN NEWS INDIA,nan,55515.0,55515/ 91,NARENDRA VERMA,DEL,DELHI,M
DELHIN12512,SAMPARK INDIA,nan,88417.0,DELHIN/2005/15860,KULDEEP KUMAR,DEL,DELHI,M
DELHIN14374,ASTRO INDIA,एस्‍ट्रो इंडि‍या,93120.0,DELHIN/2007/20563,ATULYA NATH,DEL,DELHI,M
DELENG11200,INDIAN SOCIETY FOR TECHNICAL EDUCATION NEWS LETTER,nan,36975.0,36975/ 81,"SECRETARY, INDIAN SOCIETY FOR TECHNICAL EDUCATION.",DEL,DELHI,M
DELENG11199,INDIAN PRESS,nan,25696.0,25696/ 74,INDIA & EASTERN NEWSPAPERS SOCIETY,DEL,DELHI,M
DELBIL04004,INDIAN PANORAMA KALPATARU,nan,49194.0,49194/ 89,NOT GIVEN,DEL,DELHI,M
DELENG02769,INDIA AND THE GLOBE,nan,49218.0,49218/ 89,JASWANT SINGH VIRK,DEL,DELHI,M
DELENG07035,INDIA CALLING WESTERN,इंडिया कालिंग वेस्टर्न,833.0,833/ 57,"ALL INDIA RADIO,",DEL,DELHI,M
DELENG11096,CURRENT SALES TAX ACTS IN THE STATES OF INDIA,करेंट सेल्स टैक्स एक्ट्स इन द स्टेट्स ऑफ़ इंडिया,910.0,910/ 57,KULWANT RAI JAIN & OTHERS,DEL,DELHI,M
DELENG07049,INDIAN MEDICAL PRACTITIONER,इंडियन मेडिकल प्रैक्टिशनर,979.0,979/ 57,RAM KRISHAN BHARDWAJ,DEL,DELHI,M
DELURD00116,MUSLIM INDIA,nan,42811.0,42811/ 84,SYED SHAHBUDDIN,DEL,DELHI,M
DELENG08954,TELEMATICS INDIA NEWSLETTER,nan,57340.0,57340/ 94,VIMAT PUBLISHERS PVT. LTD,DEL,DELHI,M
DELENG14567,INDIAN JOURNAL OF FERTILISERS,nan,87370.0,DELENG/2005/14813,THE FERTILISER ASSOCIATION OF INDIA,DEL,DELHI,M
DELHIN11566,INDIAN JUNG,nan,79829.0,DELHIN/2001/07272,ALOK MOHAN,DEL,DELHI,M
DELENG17588,BUS COACH INDIA,बस कोच इंडिया,106662.0,DELENG/2010/34105,BALDEV SINGH BAL,DEL,DELHI,M
DELENG11181,INDIAN BUSINESS REVIEW,nan,16278.0,16278/ 68,SHRI M. RAM,DEL,DELHI,M
DELENG05989,TRACTOR INDIA,nan,21680.0,21680/ 70,GYAN PRAKASH,DEL,DELHI,M
DELBIL05995,LIVING INDIA,nan,87965.0,DELBIL/2005/15408,VINTAGE STUDIO PRIVATE LIMITED,DEL,DELHI,M
DELBIL11637,INDIA GALLUP,nan,151077.0,DELBIL/2019/78522,PRANAV GOSWAMI,DEL,DELHI,M
DELENG16712,DEFENCE AND SECURITY OF INDIA,nan,99516.0,DELENG/2008/26959,M/S. MTC PUBLISHING LIMITED.,DEL,DELHI,M
DELENG07080,MONTHLY COMMENTARY ON INDIAN ECONOMIC CONDITIONS,nan,14272.0,14272/ 59,INDIAN INSTITUTE OF PUBLIC OPINION P. LTD,DEL,DELHI,M
DELENG19927,WORLD FOR YOU INDIA,nan,,nan,MELWYN WILLIAMS,DEL,DELHI,M
DELENG19146,EXPO INDIA,nan,32364.0,32364/ 77,H.S. MANU AND SURINDER SINGH,DEL,DELHI,M
DELENG07039,INDIAN FOREIGN AFFAIRS,nan,4522.0,4522/ 57,JATENDRA M .AGGARWAL,DEL,DELHI,M
DELHIN13617,INDIA TODAY GYAN BHANDAR,इंडिया टुडे ज्ञान भंडार,89686.0,DELHIN/2006/17129,M/S.LIVING MEDIA INDIA LIMITED,DEL,DELHI,M
DELMUL00013,ALL INDIA PRAYER FELLOWSHIP BULLETIN,nan,10511.0,10511/ 62,K.V. KOSHI,DEL,DELHI,M
DELENG07037,INDIAN DETECTIVE,nan,10517.0,10517/ 64,RAMESH CHANDER MADAN,DEL,DELHI,M
DELENG00184,ALL INDIA PREVENTION OF FOOD ADULTERATION JOURNAL,nan,26863.0,26863/ 75,VINOD NIJHAWAN,DEL,DELHI,M
DELENG19129,MEDIA INDIA,nan,26960.0,26960/ 75,L. T. KARAMCHANDANI,DEL,DELHI,M
DELENG07745,IMAGE OF INDIA,nan,26975.0,26975/ 75,ANILKUMAR LAL,DEL,DELHI,M
DELENG02663,INDIA INDUSTRY TODAY,nan,45805.0,45805/ 86,MEHTA CONSULTANTS & ENGINEERS (I) LTD,DEL,DELHI,M
DELHIN04007,SULABH INDIA,nan,45839.0,45839/ 86,M/S. SULABH INTERNATIONAL SOCIAL SERVICE ORGANISATION,DEL,DELHI,M
DELENG10245,INDIAN NEWSPAPER ORBIT,nan,66904.0,66904/ 97,SURJEET GUPTA,DEL,DELHI,M
DELENG19385,INDIA AND GLOBAL AFFAIRS,nan,141791.0,DELENG/2016/69236,ANUBHAV SRIVASTAVA,DEL,DELHI,M
DELMUL00679,SINDHI SATSANGI OF INDIA,nan,68937.0,68937/ 98,VISHANDAS BEHRANI,DEL,DELHI,M
DELENG18951,INDIA BY HEART,nan,139491.0,DELENG/2015/66936,DHAIRYAV GROUP,DEL,DELHI,M
DELHIN28232,ADBHUT INDIA,अदभुत इंडिया,139081.0,DELHIN/2015/66526,KALI SHANKAR,DEL,DELHI,M
DELBIL03306,PRESS PEOPLE IN INDIA,nan,63173.0,63173/ 95,HARISH BHATIA,DEL,DELHI,M
DELENG11213,INDIAN TAXATION,इंडियन टैक्सेशन,688.0,688/ 57,J K. SANTANAM,DEL,DELHI,M
DELENG02659,INDIA GDR,nan,25563.0,25563/ 73,ALL INDIA INDO-GDR FRIENDSHIP ASSOCIATION,DEL,DELHI,M
DELENG02995,INDIA JOURNAL OF COMMUNICATION ARTS,nan,28568.0,28568/ 75,"HEM PUBLIHSERS PVT LTD,",DEL,DELHI,M
DELBIL01737,SUPREME REPORTER OF INDIA,सुप्रीम रिपोर्टर ऑफ़ इंडिया,40597.0,40597/ 83,INDIA LAW AGENCY,DEL,DELHI,M
DELENG03027,INDIAN TAX CASES,nan,40694.0,40694/ 84,VINOD KUMAR NIJHAWAN,DEL,DELHI,M
DELENG03069,INDIAN REVIEW OF AFRICAN AFFAIRS,nan,40705.0,40705/ 84,INDIAN SOCIETY FOR AFRO-ASIAN STUDIES REGD.,DEL,DELHI,M
DELBIL03061,REFORM INDIAN,nan,59379.0,59379/ 95,PRAMOD SHRIVASTAVA,DEL,DELHI,M
DELENG06829,INDIAN AFFAIRS RECORD,इंडियन अफेयर्स रिकॉर्ड,933.0,933/ 57,INDIAN COUNCIL OF WORLD AFFAIRS,DEL,DELHI,M
DELHIN27530,SWASTIK AAWAZ INDIA KI,स्वस्तिक आवाज़ इंडिया की,126111.0,DELHIN/2013/53556,PRADEEP KUMAR JAISWAL,DEL,DELHI,M
DELBIL04566,PLAST INDIA,nan,75584.0,DELBIL/20001/03027,AJEET SINGH,DEL,DELHI,M
DELENG02699,INDIAN & WORLD ARTS & CRAFTS,nan,39369.0,39369/ 82,SUJATA,DEL,DELHI,M
DELENG17334,SAFARI INDIA,nan,43015.0,43015/ 85,PREM AHLUWALIA,DEL,DELHI,M
DELENG00595,BULLETIN OF THE ASSO. OF SCI. WORKERS OF INDIA,nan,21751.0,21751/ 71,ASSOCIATION OF SCINTIFIC WORKERS OF INDIA,DEL,DELHI,M
DELENG11176,INDIA TAX MIRROR,nan,21866.0,21866/ 72,INDIAN LAW PUBLICATIONS BUREAU,DEL,DELHI,M
DELENG12268,INDIAN JOURNAL OF PEDIATRICS,nan,21968.0,21968/ 71,DR.K.C.CHAUDHURI FOUNDATION,DEL,DELHI,M
DELENG08574,HOTELS AND RESTAURANTS INDIA,nan,62144.0,62144/ 93,CROSS SELECTION PUBLICATIONS,DEL,DELHI,M
DELENG04045,MUSLIM INDIA,मुस्žलिžम इंडिžया,39022.0,39022/ 83,MUSLIN INDIA EDUCATIONAL & CULTURAL TRUST BOARD OF TRUSTEES,DEL,DELHI,M
DELENG11592,BITCOM INDIA,nan,72804.0,DELENG/2000/00247,P.N.CHOPRA,DEL,DELHI,M
DELENG17249,SMT INDIA,SMT INDIA,101179.0,DELENG/2009/28622,M/S. E.M.MEDIA LLP,DEL,DELHI,M
DELBIL07535,LEGACY INDIA,nan,109920.0,DELBIL/2011/37363,CHULBUL TIWARI,DEL,DELHI,M
DELBIL07825,INDIAN ACHIEVERS,nan,125778.0,DELBIL/2013/53223,RAJEEV GUPTA,DEL,DELHI,M
DELENG12231,DISCOVER INDIA,nan,75849.0,DELENG/2001/3292,EXPOSURE MEDIA MARKETING PVT. LTD.,DEL,DELHI,M
DELENG07038,INDIAN FARMING,nan,14247.0,14247/ 57,INDIAN COUNCIL OF AGRICUTURAL RESEARCH,DEL,DELHI,M
DELENG03062,INDIAN QUALITY PRODUCT,nan,36883.0,36883/ 80,LEELA DHAR JOSHI,DEL,DELHI,M
DELENG18412,POLICY PROPOSALS FOR INDIA,nan,120373.0,DELENG/2013/47816,ANUBHAV SRIVASTAVA,DEL,DELHI,M
DELHIN15940,INDIAS MOST WANTED,इंडियाज मोस्ट वांटेड,104506.0,DELHIN/2009/31949,SUHAIB A. ILYASI,DEL,DELHI,M
DELENG17603,INDIAN MILITARY REVIEW,इंडियन मिलिटरी रिव्यू,105990.0,DELENG/2010/33433,RAVINDER KUMAR ARORA,DEL,DELHI,M
DELENG18704,INDIA WATER REVIEW,nan,130510.0,DELENG/2014/57955,XEGENT CONSULTANTS PVT. LTD.,DEL,DELHI,M
DELHIN16631,ABHI TAK INDIA,nan,112574.0,DELHIN/2011/40017,SHOBHA RANI,DEL,DELHI,M
DELHIN12879,ECONOMY INDIA,nan,87033.0,DELHIN/2005/14476,MANOHAR MANOJ KUMAR,DEL,DELHI,M
DELHIN09962,MOTHER INDIA,nan,74565.0,DELHIN/1999/02008,LALIT 'SUMAN',DEL,DELHI,M
DELBIL05220,VIRSEY DE VAARS THE INDIAN PUNJABI NEWSPAPER,nan,81718.0,DELBIL/2003/09161,RAMESH KUMAR,DEL,DELHI,M
DELENG18258,BUREAUCRACY INDIA,nan,118238.0,DELENG/2012/45681,DEEPAK VYAS,DEL,DELHI,M
DELBIL02315,INDIAN MUSIC,nan,4560.0,4560/ 57,KAPIL MUNI RAJPAL,DEL,DELHI,M
DELENG07242,INDIAN MANAGEMENT,nan,7140.0,7140/ 61,BUSINESS STANDARD LTD.,DEL,DELHI,M
DELENG07024,FOREIGN TRADE OF INDIA,nan,7198.0,7198/ 63,"GOVT. OF INDIA, MINSITRY OF COMMERCE",DEL,DELHI,M
DELENG07036,INDIAN BUILDER,nan,7203.0,7203/ 63,BUILDERS PUBLICATIONS OF INDIA (PRIVATE) LTD.,DEL,DELHI,M
DELENG03809,MARCH OF INDIA,nan,7300.0,7300/ 63,JITENDER NATH,DEL,DELHI,M
DELENG04093,NPK INDIANA,nan,23902.0,23902/ 72,DIPAK BASU RAY CHOUDHURY,DEL,DELHI,M
DELHIN16605,FAME INDIA,nan,121328.0,DELHIN/2012/48773,RAJ SHREE,DEL,DELHI,M
DELBIL07149,ETERNAL INDIA,इटरनल इंडिया,100244.0,DELBIL/2009/27687,INDIA FIRST FOUNDATION,DEL,DELHI,M
DELENG04313,NEWS PANORAMA OF INDIA & WORLD,nan,47407.0,47407/ 88,RAMESH PUBLISHING HOUSE,DEL,DELHI,M
DELENG15466,INDIA UNLEASHED,इंडिया अनलीशड़,89410.0,DELENG/2006/16853,SILICA MEDIA (P) LTD,DEL,DELHI,M
DELPUN00529,INDIA AWARENESS,nan,85849.0,DELPUN/2004/13292,SWARAN SINGH,DEL,DELHI,M
DELHIN13353,INDIAN VOTER,nan,88775.0,DELHIN/2005/16218,SURENDER KUMAR,DEL,DELHI,M
DELBIL06659,BLACK BELT INDIA TIMES,ब्‍लैक बैल्‍ट इंडि‍या टाइम्‍स,93415.0,DELBIL/2007/20858,MADAN KUMAR,DEL,DELHI,M
DELBIL07184,BATTERYMEN INDIA,बैटरीमेन इंडिया,100132.0,DELBIL/2008/27575,ARVIND MOHAN,DEL,DELHI,M
DELENG02680,INDIAN BOOK SHELF,nan,40464.0,40464/ 83,SH.J.B. BAXI,DEL,DELHI,M
DELENG11094,CURRENT INDIAN COMPANIES ACT,nan,6534.0,6534/ 61,LAW LITERATURE HOUSE,DEL,DELHI,M
DELENG18943,SOUL OF INDIA,nan,34490.0,34490/ 79,DAYA NAND VERMA,DEL,DELHI,M
DELENG08079,INDIAN DOMINION,nan,55606.0,55606/ 92,SATISH KUMAR SINGH,DEL,DELHI,M
DELENG03066,INDIAN REAPER,nan,25591.0,25591/ 73,SUSHIL WILLIAM SINGH,DEL,DELHI,M
DELENG06979,ALL INDIA MOTORIST,आल इंडिया मोटरिस्ट,589.0,589/ 57,INDISTRIAL AND TRADE PUBLICATION PVT LTD,DEL,DELHI,M
DELENG06584,YOUTH OF INDIA,यूथ ऑफ़ इंडिया,671.0,671/ 57,MAN MOHAN SINGH MUDDAR,DEL,DELHI,M
DELHIN27955,N.C.R. INDIA,एन.सी.आर. इंडिया,129428.0,DELHIN/2014/56873,DHARMENDRA KUMAR,DEL,DELHI,M
DELHIN11559,INDIA LOOK,nan,81219.0,DELHIN/2002/08662,ASIF KHAN,DEL,DELHI,OP
DELENG17319,CHESS INDIA,nan,34700.0,34700/ 79,NATIONAL CHESS TRUST OF INDIA,DEL,DELHI,OP
DELENG13651,ALL INDIA ASSOCIATION OF CATHOLIC SCHOOL NEWS & VI,nan,83073.0,DELENG/2003/10516,CELINE XAVIER,DEL,DELHI,OP
DELENG12637,ROTOR INDIA,nan,78127.0,DELENG/2001/05570,ROTARY WING SOCIETY OF INDIA,DEL,DELHI,Q
DELENG19049,JOURNAL OF INDIAN ORTHODONTIC SOCIETY,nan,16920.0,16920/ 68,INDIAN ORTHODONTIC SOCIETY,DEL,DELHI,Q
DELENG02749,INDIAN BEHAVIOURAL SCIENCE ABSTRACTS,nan,19777.0,19777/ 70,BEHAVIOURAL SCIENCES CENTRE,DEL,DELHI,Q
DELSWA00002,SANTIYA INDIA,nan,14430.0,14430/ 64,ALL INDIA RADIO,DEL,DELHI,Q
DELENG18212,ARTHSHASTRA INDIAN JOURNAL OF ECONOMICS & RESEARCH,nan,116514.0,DELENG/2012/43957,ASSOCIATED MANAGEMENT CONSULTANTS PRIVATE LTD,DEL,DELHI,Q
DELENG01344,DEAF IN INDIA,nan,10637.0,10637/ 64,CONVENTION OF THE TEACHERS OF DEAF IN INDIA,DEL,DELHI,Q
DELENG02975,INDIAN JOURNAL OF BIOCHEMISTRY & BIOPHYSICS,nan,16312.0,16312/ 64,PUBLICATION & INFORMATION DTE.C.S.I.R.,DEL,DELHI,Q
DELENG02744,THE INDIAN BAKER,nan,21812.0,21812/ 71,THE SOCIETY OF INDIAN BAKERS,DEL,DELHI,Q
DELENG13111,ALL INDIA FEDERATION OF LOTTERY TRADE & ALLIED INDUSTRIES,nan,80083.0,DELENG/2002/07526,ALL INDIA FEDERATION OF LOTTERY TRADE & ALLIED INDUSTRIES,DEL,DELHI,Q
DELENG02835,INDIAN JOURNAL OF LEPROSY,nan,2612.0,2612/ 57,HIND KUSHT NIVARAN SANGH,DEL,DELHI,Q
DELENG19672,IP INDIAN JOURNAL OF ORTHODONTICS AND DENTOFACIAL RESEARCH,nan,149094.0,DELENG/2018/76539,IP INNOVATIVE PUBLICATION PVT. LTD.,DEL,DELHI,Q
DELBIL05454,REHABILITATION COUNCIL OF INDIA NEWS,nan,88817.0,DELBIL/2004/16260,REHABILITATION COUNCIL OF INDIA,DEL,DELHI,Q
DELBIL05825,ALL INDIA FEDERATION OF ASTROLOGERS'SOCIETIES RESEARCH JOURNAL OF ASTROLOGY,nan,89062.0,DELBIL/2004/16505,ARUN KUMAR BANSAL,DEL,DELHI,Q
DELENG02768,INDIA AREA NEWSLETTER,nan,25718.0,25718/ 74,THE COCA COLA EXTORT CORPORATION,DEL,DELHI,Q
DELENG02740,INDIAN AUTHOR,nan,28641.0,28641/ 76,AUTHOR'S GUILD OF INDIA,DEL,DELHI,Q
DELENG02945,INDIAN PHYTOPATHOLOGY,nan,28823.0,28823/ 75,INDIAN PHYTOPATHOLOGY I A R I NEW DELHI,DEL,DELHI,Q
DELENG03049,THE INDIAN PRESS,nan,4548.0,4548/ 58,INDIAN & EASTERN NEWSPAPERS SOCIETY,DEL,DELHI,Q
DELBIL03980,BULLETIN OF THE COUNCIL OF STATE BOARD FACULTIES OF INDIAN MEDICINE,nan,7207.0,7207/ 63,COUNCIL OF STATE BOARDS & FACULTIES OF INDIAN MEDICINE,DEL,DELHI,Q
DELENG01674,ELECTRICALS ELECTRONICS & TELCOMMUNICATION INDIA,nan,12874.0,12874/ 66,"ENCEO TRADE PUBLICATION CORPS., NEW DELHI",DEL,DELHI,Q
DELENG17779,FINE WINE & CHAMPAGNE INDIA,फाइन वाइन एंड शैम्पेन इंडिया,108418.0,DELENG/2010/35861,FINE PUBLISHING INDIA PVT. LTD.,DEL,DELHI,Q
DELENG18821,INDIAN JOURNAL OF RESEARCH IN CAPITAL MARKETS,इंडियन जर्नल ऑफ़ रिसर्च इन कैपिटल मार्किट्स,131964.0,DELENG/2014/59409,ASSOCIATED MANAGEMENT CONSULTANTS PVT.LTD,DEL,DELHI,Q
DELENG16900,INDIAN JOURNAL OF DENTAL EDUCATION,इंडियन जर्नल ऑफ़ डेंटल एजुकेशन,104838.0,DELENG/2008/32281,ASHARFI LAL,DEL,DELHI,Q
DELENG12550,EAN INDIA NEWSLETTER,nan,77331.0,DELENG2001/04774,"EAN INDIA, SOCIETY",DEL,DELHI,Q
DELENG14831,INDIAN JOURNAL OF PUBLIC AUDIT & ACCOUNTABILITY,इंडिžयन,91947.0,DELENG/2007/19390,INSTITUTE OF PUBLIC AUDITORS OF INDIA,DEL,DELHI,Q
DELENG07876,INDIAN JOURNAL OF PUBLIC ADMINISTRATION,nan,4809.0,4809/ 57,INDIAN INSTITUTE OF PUBLIC ADMINISTRATION,DEL,DELHI,Q
DELENG00593,BULLETIN OF THE ASSO FOR JAPANESE STUDENT IN INDIA,nan,26970.0,26970/ 73,ASSOCIATION FOR JAPANESE STUDIES IN INDIA,DEL,DELHI,Q
DELENG04010,MOTHER INDIA CHILDREN ABROAD,nan,47373.0,47373/ 88,ANTERRASHTRIYA SAHYOG PARISHAD,DEL,DELHI,Q
DELENG15405,INDIAN JOURNAL OF RHEUMATOLOGY,इंडियन जोरनल आंफ रेऊमेथोलिजी,89379.0,DELENG/2006/16822,INDIAN RHEUMATOLOGY ASSOCIATION,DEL,DELHI,Q
DELENG19673,IP INDIAN JOURNAL OF NEUROSCIENCES,nan,149090.0,DELENG/2018/76535,IP INNOVATIVE PUBLICATION PVT. LTD.,DEL,DELHI,Q
DELENG19907,INDIAN JOURNAL OF ECONOMY AND POLICY,nan,,UR,INDIAN ECONOMIC ASSOCIATION,DEL,DELHI,Q
DELENG05540,SEE INDIA,nan,16194.0,16194/ 67,SH J.M.L BHATNAGAR,DEL,DELHI,Q
DELENG03386,JOURNAL OF CHRISTIAN COLLEGES IN INDIA,nan,16390.0,16390/ 68,REV PAUL VARGHESE,DEL,DELHI,Q
DELENG15995,TECH TEX INDIA,nan,96658.0,DELENG/2007/24101,SAMIR GUPTA,DEL,DELHI,Q
DELENG12089,INDIAN ACADEMY OF CLINICAL MEDICINE JOURNAL,nan,74243.0,DELENG/2000/01686,INDIAN ASSOCIATION OF CLINICAL MEDICINE,DEL,DELHI,Q
DELENG03071,INDIAN REVIEW OF MANASEMENT & FUTURE,nan,28960.0,28960/ 77,MRS PADMA SETH,DEL,DELHI,Q
DELENG12015,THE INDIAN JOURNAL OF BANK MARKETING,nan,74687.0,DELENG/2000/02130,FSRG CONSULTANTS PVT. LTD.,DEL,DELHI,Q
DELENG03073,INDIA REVIEW OF PUBLIC AND COOPERATIVE ECONOMY,nan,23821.0,23821/ 72,PADMA SETH,DEL,DELHI,Q
DELENG02236,GLORY OF INDIA,nan,32394.0,32394/ 77,NARENDRA PRAKASH JAIN,DEL,DELHI,Q
DELENG04649,PHARMACY COUNCIL OF INDIA BULLETIN,nan,28827.0,28827/ 76,PHARMACY COUNCIL OF INDIA,DEL,DELHI,Q
DELENG19138,HABITAT INDIA,nan,28829.0,28829/ 76,"NATIONAL BUILDINGS ORGANISATION, GOVT OF INDIA",DEL,DELHI,Q
DELENG11196,JOURNAL OF THE INDIAN LAW INSTITUTE,nan,4547.0,4547/ 58,INDIAN LAW INSTITUTE,DEL,DELHI,Q
DELENG19565,IP INDIAN JOURNAL OF IMMUNOLOGY AND RESPIRATORY MEDICINE,nan,147094.0,DELENG/2017/74539,IP INNOVATIVE PUBLICATION PVT.LIMITED.,DEL,DELHI,Q
DELENG18178,THE PROPERTIES INDIA,nan,120954.0,DELENG/2012/48398,SAAT TECHNOLOGIES PRIVATE LIMITED,DEL,DELHI,Q
DELENG17817,INDIAN JOURNAL OF HEALTHCARE QUALITY AND MANAGEMENT,nan,114357.0,DELENG/2011/41800,INDIAN HEALTH CARE QUALITY FORUM,DEL,DELHI,Q
DELENG06712,INDIAN ECONOMIC PANORAMA,nan,55727.0,55727/ 91,VIMLA BAKSHI,DEL,DELHI,Q
DELENG06833,INDIAN ESTATE DUTY JOURNAL,इंडियन एस्टेट ड्यूटी जर्नल,690.0,690/ 57,S.R. BHARGAVA & V K BHARAGAVA,DEL,DELHI,Q
DELBIL04003,INDIAN JOURNAL OF MATHEMATICS EDUCATION,nan,28901.0,28901/ 76,DELHI ASSOCIATION OF MATHEMATICS TEACHERS,DEL,DELHI,Q
DELENG02968,INDIAN JOURNAL OF AGSONOMY,nan,34518.0,34518/ 79,INDIAN SOCIETY OF AGRONOMY,DEL,DELHI,Q
DELENG18883,INDIAN JOURNAL OF TRADITIONAL KNOWLEDGE,इंडियन जर्नल ऑफ़ ट्रेडिशनल नॉलेज,134654.0,DELENG/2015/62099,NATIONAL INSTITUTE OF SCIENCE COMMUNICATION AND INFORMATION RESOURCE,DEL,DELHI,Q
DELENG02674,INDIAN ADMINISTRATION AND MANAGEMENT REVIEW,nan,17567.0,17567/ 69,PADMA SETH,DEL,DELHI,Q
DELENG03443,JOURNAL OF THE INDIAN ROADS CONGRESS,nan,17549.0,17549/ 57,INDIAN ROADS CONGRESS,DEL,DELHI,Q
DELENG03006,INDIAN JOURNAL OF INTERNATIONAL LAW,nan,7179.0,7179/ 60,INDIAN SOCIETY OF INTERNATIONAL LAW,DEL,DELHI,Q
DELENG15476,INDIAN JOURNAL OF PHYSIOTHERAPY AND OCUPATIONAL THERAPY,इंडियन,93545.0,DELENG/2007/20988,ARCHNA SHARMA,DEL,DELHI,Q
DELENG11183,INDIAN ECONOMY,nan,32571.0,32571/ 78,PREM NATH,DEL,DELHI,Q
DELENG06327,W W F INDIA,nan,53416.0,53416/ 90,W. W. F INDIA,DEL,DELHI,Q
DELENG19567,AMC INDIAN JOURNAL OF ENTREPRENEURSHIP,nan,147661.0,DELENG/2018/75106,ASSOCIATED MANAGEMENT CONSULTANTS PVT LTD,DEL,DELHI,Q
DELENG16496,INDIAN JOURNAL OF FORENSIC MEDICINE AND PATHOLOGY,इंडियन जर्नल ऑफ़ फॉरेंसिक मेडिसिन एंड पैथोलॉजी,103494.0,DELENG/2008/30937,ASHARFI LAL,DEL,DELHI,Q
DELENG11126,EDU INNOVATION NEWSLETTER OF THE DEVL GROUP INDIA,nan,42919.0,42919/ 98,SECRETARY NCERT,DEL,DELHI,Q
DELENG04784,PRATIBHA INDIA,nan,39288.0,39288/ 81,ARUNA SITESH,DEL,DELHI,Q
DELENG09586,INDIA TODAY PLUS,nan,64736.0,64736/ 96,"LIVING MEDIA INDIA LTD, DELHI",DEL,DELHI,Q
DELENG02874,INDIAN LIBRARY ASSOCIATION BULLETIN,nan,10695.0,10695/ 66,INDIAN PUBLIC LIBRARY ASSOCIATION,DEL,DELHI,Q
DELENG07241,INDIAN JOURNAL OF LABOUR ECONOMICS,nan,2484.0,2484/ 57,THE INDIAN SOCIETY OF LABOUR ECONOMICS,DEL,DELHI,Q
DELENG02998,THE INDIAN JOURNAL OF CRIMINOLOGY & CRIMINALISTICS,nan,39364.0,39364/ 82,"MINISTRY OF HOME AFFAIRS, CENTRAL GOVT.",DEL,DELHI,Q
DELENG09129,INDIAN JOURNAL OF PATHOLOGY &MICROBIOLOGY,nan,31075.0,31075/ 76,INDIAN ASSOCIATION OF PATHOLOGISTS & MICROBIOLOGISTS,DEL,DELHI,Q
DELENG11193,INDIAN JOURNAL OF ANIMAL SCIENCES,nan,14375.0,14375/ 57,INDIAN COUNCIL OF AGRICULTURAL RESEARCH,DEL,DELHI,Q
DELENG07168,INDIAN ADVOCATE,nan,14376.0,14376/ 61,BAR ASSOCIATION OF INDIA,DEL,DELHI,Q
DELENG17333,PARYAVARAN ENVIRONMENT NEWS INDIA,nan,43005.0,43005/ 84,"DEPTT. OF ENVIRONMENT, GOVT OF INDIA",DEL,DELHI,Q
DELENG11195,INDIAN LAW QUARTERLY REVIEW,nan,6578.0,6578/ 57,DAULAT RAM PREM,DEL,DELHI,Q
DELENG03001,INDIAN JOURNAL OF ENTOMOLOGY,nan,17615.0,17615/ 69,ENTOMOLOGICAL SOCIETY OF INDIA,DEL,DELHI,Q
DELENG11192,INDIAN JOURNAL OF POULTRY SERVICE,nan,25704.0,25704/ 73,INDIAN POULTRY SCIENCE,DEL,DELHI,Q
DELENG19221,INDIAN JOURNAL OF YOUTH AFFAISA,nan,34484.0,34484/ 79,INDIAN YOUTH CENTRE TRUST,DEL,DELHI,Q
DELENG19600,HEALTHY INDIA INITIATIVE,nan,146919.0,DELENG/2016/74364,CENTRAL HEALTH EDUCATION BUREAU,DEL,DELHI,Q
DELENG03039,THE INDIAN POLITICAL SCIENCE REVIEW,nan,12809.0,12809/ 66,DR. HARNAM SINGH,DEL,DELHI,Q
DELENG07171,INDIAN GIFTWARE JOURNAL,nan,7273.0,7273/ 63,PARDUMAN KRISHNA BHANOT,DEL,DELHI,Q
DELENG02611,INDIAN FISHERIES BULLETIN,nan,4570.0,4570/ 57,GOVT. MINISTRY OF AGRICULTURE,DEL,DELHI,Q
DELENG07181,THE INDIAN JUNIOR,nan,4580.0,4580/ 59,INDIAN RED CROSS SOCIETY,DEL,DELHI,Q
DELENG03059,INDIAN PROSPERITY,nan,23894.0,23894/ 72,JASWANT SINGH,DEL,DELHI,Q
DELENG19504,HEALTHY INDIA CHRONICLE,nan,149940.0,DELENG/2017/77385,AMITAV JOYPRAKASH CHOUDHURY,DEL,DELHI,Q
DELENG16421,INDIAN AND EUROPEAN COMMUNITY,nan,26911.0,26911/ 75,N.L. PANDE,DEL,DELHI,Q
DELENG17776,NEWSLETTER OF INDIAN SOCIETY OF COLPOSCOPY & CERVICAL PATHOLOGY,nan,108989.0,DELENG/2010/36432,INDIAN SOCIETY OF COLPOSCOPY AND CERVICAL PATHOLOGY,DEL,DELHI,Q
DELENG05073,THE RISING SUN OF INDIA,nan,50698.0,50698/ 89,GYANESH KR SHARMA,DEL,DELHI,Q
DELENG07170,INDIAN EDUCATION ABSTRACTS,nan,14407.0,14407/ 63,"CENTRAL SECRETARIAT LIBRARY, MINSTRY OF EDUCATION",DEL,DELHI,Q
DELENG19060,INDIAN ECONOMIC AND SOCIAL HISTORY REVIEW,nan,14420.0,14420/ 63,INDIAN ECONOMIC AND SOCIAL HISTORY ASSOCIATION,DEL,DELHI,Q
DELENG11182,INDIAN DISSERTATION ABSTRACTS,nan,36819.0,36819/ 73,INDIAN COUNCIL OF SOCIAL SCIENCE RESEARCH,DEL,DELHI,Q
DELENG11185,INDIAN EDU MATERIAL ANOTATED QUART. BIBLIOGRAPHY,nan,16336.0,16336/ 67,INDIAN NATIONAL SCIENTIFIC DOCUMENTATION CENTRE,DEL,DELHI,Q
DELENG02568,INDIAN COOPERATIVE REVIEW,nan,10662.0,10662/ 63,THE NATIONAL COOPERATIVE UNION OF INDIA,DEL,DELHI,Q
DELENG07139,ANNALS OF THE INDIAN ACADEMY OF MEDICAL SCIENCE,nan,10690.0,10690/ 65,INDIAN ACADEMY OF ME,DEL,DELHI,Q
DELBIL11472,NATIVE INDIA,nan,140154.0,DELBIL/2016/67599,VED PRAKASH,DEL,DELHI,Q
DELENG10430,IAP NEWS-THE NEWSLETTER OF THE INDIAN ASS.OF PHYSI,nan,67596.0,67596/ 97,THE INDIAN ASSOCIATION OF PHYSIOTHERAPISTS,DEL,DELHI,Q
DELENG11324,RECORDS OF THE ZOOLOGICAL SURVEY OF INDIA,nan,13835.0,13835/ 57,GOVT. OF INDIA PUBLICATION,DEL,DELHI,Q
DELENG07186,INDIA INTERNATIONAL CENTRE NEWS BULLETIN,nan,6644.0,6644/ 60,V. V. SASTRI,DEL,DELHI,Q
DELENG10761,NEW THEME ON RUSSIAN-INDIAN AFFAIRS,nan,81147.0,DELENG/1998/08590,EMBASSY OF RUSSIAN,DEL,DELHI,Q
DELENG02787,THE INDIAN TOURIST TRADE JOURNAL,nan,34599.0,34599/ 79,B. D. SHARMA,DEL,DELHI,Q
DELENG07326,INDIAN JOURNAL OF METEOROLOGY AND GEOPHYSICS,इंडियन जर्नल ऑफ़ मीटरोलॉजी एंड जीओफिजिक्स,993.0,993/ 57,INDIAN METEOROLOGICAL DEPTT.,DEL,DELHI,Q
DELENG14329,TRANSPARENCY INTERNATIONAL INDIA,nan,88487.0,DELENG/2005/15930,TRANSPARENCY INTERNATIONAL INDIA,DEL,DELHI,Q
DELENG02705,INDIAN ART DIRECTION,nan,28552.0,28552/ 75,ARAVIND TEKI,DEL,DELHI,Q
DELENG03002,INDIAN JOURNAL OF FINANCE AND RESEARCH,nan,50871.0,50871/ 91,G.L. SHARMA,DEL,DELHI,Q
DELENG03806,MAPAN JOURNAL OF METROLOGY SOCIETY OF INDIA,nan,45863.0,45863/ 86,METROLOGY SOCIETY OF INDIA,DEL,DELHI,Q
DELENG19582,IP INDIAN JOURNAL OF CLINICAL AND EXPERIMENTAL DERMATOLOGY,nan,147359.0,DELENG/2018/74804,IP INNOVATIVE PUBLICATION PVT.LIMITED.,DEL,DELHI,Q
DELENG02619,INDIAN GEOTECHNICAL JOURNAL,nan,23759.0,23759/ 71,INDIAN GEOTECHNICAL SOCIETY,DEL,DELHI,Q
DELENG02693,INDIAN AGRONOMY NEWS,nan,32516.0,32516/ 78,INDIAN SOCIETY OF AGRONOMY,DEL,DELHI,Q
DELENG12976,INDIAN JOURNAL OF BIOTECHNOLOGY,nan,79275.0,DELENG/2002/06718,NATIONAL INSTITUTE OF SCIENCE COMMUNICATION AND INFORMATION RESOURCES,DEL,DELHI,Q
DELENG07187,INTERNATIONAL INDIAN OCEAN EXPEDITION NEWSLETTER,nan,7427.0,7427/ 63,INDIAN NATIONAL COMMITTEE ON OCEANIC RESEARCH,DEL,DELHI,Q
DELENG05078,ROAD SAFETY IN INDIA,nan,4591.0,4591/ 57,SURJAN S SEHAN,DEL,DELHI,Q
DELENG11194,INDIAN JOURMAL OF RADIOLOGY,nan,10493.0,10493/ 05,INDIAN RADIOLOGICAL ASSOCIATION,DEL,DELHI,Q
DELENG07176,INDIAN JOURNAL OF INDUSTRIAL RELATIONS,nan,10632.0,10632/ 65,SHRI RAM CENTRE FOR INDUSTRIAL RELATIONS,DEL,DELHI,Q
DELENG11226,JOUNRALOF THE UNITED SERVICE INSTITUTION OF INDIA,nan,14227.0,14227/ 57,COUNCIL OF UNITED SERVICE INDSTITUTION OF INDIA,DEL,DELHI,Q
DELENG07167,INDIA QUARTERLY,nan,14276.0,14276/ 57,INDIAN COUNCIL OF WORLD AFFAIRS,DEL,DELHI,Q
DELENG02990,INDIAN JOURNAL OF CHEMICAL EDUCATION,nan,19778.0,19778/ 70,NATIONAL COUNCIL OF SCIENCE EDUCATION,DEL,DELHI,Q
DELENG03497,S KARGER INDIA BOOK NEWS,nan,36877.0,36877/ 80,DR K K GHOSH,DEL,DELHI,Q
DELENG09829,INDIAN EXPORT PRODUCTS,nan,64653.0,64653/ 96,M/S GREENWORLD COMMUNICATIONS,DEL,DELHI,Q
DELENG12574,THE INDIAN JOURNAL OF GENETICS AND PLANT BREEDING,nan,79873.0,DELENG/2001/07316,INDIAN SOCIETYOF GENETICS & PLANT BREEDING,DEL,DELHI,Q
DELENG06881,INDIAN JOURNAL OF ADULT EDUCATION,इंडियन जर्नल ऑफ़ एडल्ट एजुकेशन,896.0,896/ 57,INDIAN ADULT EDUCATION ASSOCIATION,DEL,DELHI,Q
DELENG03044,INDIAN POTASH JOURNAL,nan,28683.0,28683/ 75,"INDIAN POTASH LTD,",DEL,DELHI,Q
DELENG07865,INDIAN CURRENT AFFAIRS,इंडियन करेंट अफेयर्स,676.0,676/ 57,M R MALHOTRA,DEL,DELHI,Q
DELBIL00660,FINANCE INDIA,nan,47318.0,47318/ 87,INDIAN INSTITUTE OF FINANCE,DEL,DELHI,Q
DELENG17864,ESTETICA INDIA,nan,117735.0,DELENG/2012/45178,M/S MAXPOSURE MEDIA GROUP INDIA PVT. LTD.,DEL,DELHI,Q
DELBIL04783,GLOBAL CANCER CONCERN INDIA NEWS LETTER,nan,78645.0,DELBIL/2001/06088,GLOBAL CANCER CONCERN INDIA,DEL,DELHI,Q
DELENG08882,THE NEW WORLD CURRENT NEWS INDIA,nan,59281.0,59281/ 94,ANIS UR REHMAN,DEL,DELHI,Q
DELENG11201,THE INDIAN TRADER AND MANUFACTURER,nan,4885.0,4885/ 60,SURJAN SINGH SEHAN,DEL,DELHI,Q
DELENG16418,INDIA INTERNATIONAL CENTRE QUARTERLY,nan,26757.0,26757/ 74,INDIA INTERNATIONAL CENTRE,DEL,DELHI,Q
DELENG19126,PUBLIC RELATIONS JOURNAL OF INDIA,nan,26899.0,26899/ 75,ROSHAN LAL,DEL,DELHI,Q
DELENG05377,THINK INDIA,nan,50711.0,50711/ 89,AMIT GOEL,DEL,DELHI,Q
DELENG19583,PPMPL INDIAN JOURNAL OF NURSING SCIENCE & PRACTICE,nan,150506.0,DELENG/2019/77951,PERIODICAL PUBLICATIONS & MEDIA PVT. LTD.,DEL,DELHI,Q
DELENG18291,EXPAT INDIA,nan,121312.0,DELENG/2013/48757,AJAY GORVER,DEL,DELHI,Q
DELENG18290,EXPATRIATE INDIA,nan,121313.0,DELENG/2013/48758,AJAY GORVER,DEL,DELHI,Q
DELENG07413,JISTA (JOURNAL OF INDIAN SCIENTIFIC TRANSLATORS ASSOCIATION),nan,23776.0,23776/ 72,INDIAN SCIENTIFIC TRANSLATORS ASSOCIATION,DEL,DELHI,Q
DELENG05921,TOOLS INDIA,nan,23804.0,23804/ 72,V.P.GUPTA,DEL,DELHI,Q
DELFRE00002,RENCONTRE AVEC L'INDIA,nan,23927.0,23927/ 72,INDIAN COUNCIL FOR CULTURAL RELATIONS,DEL,DELHI,Q
DELENG03384,JOURNAL OF THE BAR COUNCIL OF INDIA,nan,23967.0,23967/ 72,THE BAR COUNCIL OF INDIA,DEL,DELHI,Q
DELENG09649,INDIAN JOURNAL OF PLANT PHYSIOLOGY,nan,63963.0,63963/ 96,INDIAN SOCIETY FOR PLANT PHYISIOLOGY,DEL,DELHI,Q
DELENG12418,INDIAN LIBRARY REFRESHER,nan,76776.0,DELENG2001/04219,SUMIT SETHI,DEL,DELHI,Q
DELENG13095,HELPAGE INDIA NEWS,nan,79212.0,DELENG/2002/06655,HELPAGE INDIA,DEL,DELHI,Q
DELENG11189,INDIAN JOURNAL OF MALARIOLOGY,nan,2346.0,2346/ 57,"MALARIA RESEARCH CENTRE, I.C.M.R.",DEL,DELHI,Q
DELENG07172,INDIAN HORTICULTURE,nan,14372.0,14372/ 57,INDIAN COUNCIL OF AGRICULTURAL RESEARCH,DEL,DELHI,Q
DELENG02920,INDIAN NATIONAL COMMISSION FOR UNESCO NEWS LETTER,इंडियन नेशनल कमीशन फॉर यूनेस्को न्यूज़ लेटर,14274.0,14274/ 62,MINISTRY OF EDUCATION,DEL,DELHI,Q
DELENG07189,JOURNAL OF A.P.T.I (INDIA),जर्नल ऑफ़ ए.पी.टी.आई. (इंडिया),719.0,719/ 57,ASSOCIATION OF THE PRINCIPAL OF TECHNICAL INSTITUTIONS (INDIA),DEL,DELHI,Q
DELENG07179,THE INDIAN JOURNAL OF TUBERCULOSIS,द इंडियन जर्नल ऑफ़ ट्यूबरक्युलोसिस,655.0,655/ 57,TUBERCULOSIS ASSOCIATION OF INDIA,DEL,DELHI,Q
DELENG12551,INDIAN JOURNAL OF TRAINING AND DEVELOPMENT,nan,76041.0,DELENG/2001/03484,IDNIAN SOCIETY FOR TRANING & DEVELOPMENT,DEL,DELHI,Q
DELENG10108,COMPUTER SHOPPER INDIA,nan,65874.0,65874/ 97,YOUNGMEN PRINTERS & PUBLISHERS PVT LTD,DEL,DELHI,Q
DELENG15394,HEAL INDIA,nan,95415.0,DELENG/2007/22858,VIJAY GUGLANI ON B/O. HEALTH INFORMATICS,DEL,DELHI,Q
DELENG17966,GROUND REPORT INDIA,nan,117838.0,DELENG/2011/45281,VIVEK UMRAO,DEL,DELHI,Q
DELENG03427,JOURNAL OF THE FEDARATION OF KENNEL CLUBS OF INDIA,nan,29015.0,29015/ 77,THE FEDARATION OF KENNEL CLUBS OF INDIA,DEL,DELHI,Q
DELENG17512,NEW INDIAN JOURNAL OF SURGERY,न्यू इंडियन जर्नल ऑफ़ सर्जरी,105715.0,DELENG/2010/33158,ASHARFI LAL,DEL,DELHI,Q
DELSPA00001,POPELES DE LA INDIA,nan,23922.0,23922/ 72,INDIA COUNCIL FOR CULTERAL RELATION,DEL,DELHI,Q
DELENG09448,NEWSLETTER INDIAN SOCIETY OF AUTHORS,nan,64131.0,64131/ 95,THE INDIAN SOCIETY OF AUTHORS,DEL,DELHI,Q
DELBIL03203,HOSPITALITY INDIA,nan,69704.0,69704/ 98,RAMAN JYOTI KALRA,DEL,DELHI,Q
DELENG16901,INDIAN JOURNAL OF FORENSIC ODONTOLOGY,इंडियन जर्नल ऑफ़ फोरेंसिक ओडोन्टोलॉजी,103524.0,DELENG/2008/30967,ASHRAFI LAL,DEL,DELHI,Q
DELENG07183,THE INDIAN POLICE JOURNAL,nan,4607.0,4607/ 58,"GOVERNMENT OF INDIA, MINISTRY OF HOME AFFIARS",DEL,DELHI,Q
DELENG07173,THE INDIAN JOURNAL OF CHEST DISEASES,nan,4855.0,4855/ 59,"PATEL CHEST INSTITUTE, DELHI",DEL,DELHI,Q
DELENG17634,INDIAN JOURNAL OF NATURAL PRODUCTS AND RESOURCES,इंडियन जर्नल ऑफ़ नेचुरल प्रोडक्ट्स एंड रिसोर्सेज,104502.0,DELENG/2010/31945,NATIONAL INSTITUTE OF SCIENCE COMMUNICATION AND INFORMATION RESOURCES,DEL,DELHI,Q
DELENG18377,INDIAN JOURNAL OF TRAUMA AND EMERGENCY PEDIATRICS,nan,123412.0,DELENG/2012/50857,RED FLOWER PUBLICATION PVT.LTD,DEL,DELHI,Q
DELENG03026,INDIAN TABLE TENNIS,nan,42977.0,42977/ 85,TABLE TENNIS FEDERATION OF INDIA,DEL,DELHI,Q
DELENG06208,URBAN INDIA,nan,39302.0,39302/ 81,M.N. BUCH,DEL,DELHI,Q
DELENG03841,MARXISM TODAY AN INDIAN DIMN OF A UNIV PHILOSOPHY,nan,45911.0,45911/ 87,D PREMPATI,DEL,DELHI,Q
DELENG04323,NEWSLETTER OF ALL INDIA BREAD MANUFACTURERS ASSOCIATION,nan,39485.0,39485/ 82,ALL INDIA BREAD MANUFACTURER ASSOCIATION,DEL,DELHI,Q
DELENG19659,IP INDIAN JOURNAL OF CONSERVATIVE AND ENDODONTICS,nan,148639.0,DELENG/2018/76084,IP INNOVATIVE PUBLICATION PVT LTD,DEL,DELHI,Q
DELENG03067,INDIAN RED CROSS JOURNAL,इंडियन रेड क्रॉस जर्नल,872.0,872/ 57,INDIAN RED CROSS SOCIETY,DEL,DELHI,Q
DELENG02805,INDIAN WOMEN &HOME,nan,28630.0,28630/ 75,MUS MIRA GHOSH,DEL,DELHI,Q
DELENG03374,JOURNAL OF THE ALL INDIA INST. OF MEDICAL SCIENCES,nan,28665.0,28665/ 75,ALL INDIA INSTITUTE OF MEDICAL SCIENCE NEW DELHI,DEL,DELHI,Q
DELENG02862,INDIAN JOURNAL OF FIBRE & TEXTILE RESEARCH,nan,28743.0,28743/ 76,"PUBLICATION & INFORMATION DIRECTORATE, CSIR",DEL,DELHI,Q
DELENG11323,RECENT INDIAN BOOKS,nan,28869.0,28869/ 75,THE FEDRATION OF PUBLISHERS AND BOOKSELLERS ASSOCIATION OF INDIA,DEL,DELHI,Q
DELENG11217,INTERNATIONAL HYDROLOGICAL DECADE NEWSLETTER INDIA,nan,17449.0,17449/ 68,SUKUMAR BANERJI,DEL,DELHI,Q
DELENG06879,INDIA AND THE WORLD,इंडिया एंड द वर्ल्ड,675.0,675/ 57,MALHOTRA BROS,DEL,DELHI,Q
DELENG11630,EXPLORE INDIA,nan,81140.0,DELENG/1999/08588,SANJEET,DEL,DELHI,Q
DELENG10701,CARITAS INDIA QUARTERY,nan,71518.0,71518/ 99,CARITAS INDIA,DEL,DELHI,Q
DELENG16754,INDIAN RETAIL,इंडियन रिटेल,103448.0,DELENG/2010/30891,SHAILESH KUMAR PANDEY,DEL,DELHI,Q
DELENG03914,MESSAGE OF INDIA,nan,4620.0,4620/ 59,BHARAT SADHU SAMAJ,DEL,DELHI,Q
DELENG11023,JOURNAL OF THE AERONAUTICAL SOCIETY OF INDIA,nan,4767.0,4767/ 57,AERONAUTICAL SOCIETY OF INDIA,DEL,DELHI,Q
DELENG18928,MINORITY INDIA,nan,144967.0,DELENG/2017/72412,ABDUL QAYOOM KHAN,DEL,DELHI,Q
DELENG19586,IP INDIAN JOURNAL OF ANATOMY AND SURGERY OF HEAD NECK AND BRAIN,nan,147549.0,DELENG/2018/74994,IP INNOVATIVE PUBLICATION PVT.LIMITED.,DEL,DELHI,Q
DELBIL02373,INDIAN EXPORTER,nan,12849.0,12849/ 66,EXPORT PUBLICITY (INDIA) PVT. LTD.,DEL,DELHI,Q
DELENG07175,INDIAN JOURNAL OF EXTENSION EDUCATION,nan,12903.0,12903/ 65,THE INDIAN SOCIETY OF EXTENSION EDUCATION,DEL,DELHI,Q
DELENG04828,PRODUCER INDIA,nan,32479.0,32479/ 78,M. S. PUJARI,DEL,DELHI,Q
DELMUL01123,CWC INTERDISCIPLINARY JOURNAL OF WAQF INDIA,nan,,nan,CENTRAL WAQF COUNCIL,DEL,DELHI,Q
DELENG07007,CONTEMPORARY INDIAN LITERATURE,nan,14385.0,14385/ 61,S. LAKSHMAN SHASTRY,DEL,DELHI,Q
DELBIL05815,THE INDIAN COW,nan,88173.0,DELBIL/2005/15616,ASHA SWAMI,DEL,DELHI,Q
DELENG01211,CROPS IN INDIA,nan,16297.0,16297/ 68,M/S AGRO-SUNICO (MRS H K TIWARI),DEL,DELHI,Q
DELENG02994,INDIAN JOURNAL OF COMMERCE,nan,4973.0,4973/ 60,INDIAN COMMERCE ASSOCIATION,DEL,DELHI,Q
DELENG15741,THE INDIAN JOURNAL OF GENDER STUDIES,nan,99180.0,DELENG/2008/26623,"SAGE PUBLICATIONS INDIA PVT. LTD.,",DEL,DELHI,THY
DELHIN06569,INDIAN LANGUAGE,nan,57147.0,57147/ 93,RAJESH KUMAR JAIN,DEL,DELHI,TWW
DELENG00236,ALL INDIA EMPLOYMENT INFORMATION BUREAU NEWSLETTER,nan,17496.0,17496/ 68,ALL INDIA EMPLOYMENT INFORMATION BUREAU,DEL,DELHI,TWW
DELBIL07478,MATURE INDIA,nan,111056.0,DELBIL/2010/38499,RAVI KANT SHUKLA,DEL,DELHI,W
DELMAR00070,THE SUNDAY INDIAN,nan,99564.0,DELMAR/2007/27007,ARINDAM CHAUDHURI,DEL,DELHI,W
DELHIN09152,SUPER INDIA VYAPAR NEWS,nan,71164.0,71164/ 99,R.L.VERMA,DEL,DELHI,W
DELBIL07333,NEWS 36 INDIA,न्यूज़ 36 इंडिया,102567.0,DELBIL/2009/30010,ASHISH DIXIT,DEL,DELHI,W
DELHIN27400,CHARCHIT INDIA NEWS,nan,121093.0,DELHIN/2013/48538,TRILOKI SHARMA,DEL,DELHI,W
DELBIL08112,JANLOK INDIA TIMES,जनलोक इंडिया टाइम्स,137024.0,DELBIL/2015/64469,SURAJ SINGH,DEL,DELHI,W
DELHIN27823,SANDESH INDIA,संदेश इंडिया,132133.0,DELHIN/2014/59578,PAWAN K PATEL,DEL,DELHI,W
DELENG06364,WEEKLY BULLETIN INDIAN NATIONAL CONGRESS,वीकली बुलेटिन इंडियन नेशनल कांग्रेस,12894.0,12894/ 66,INDIAN NATIONAL CONGRESS,DEL,DELHI,W
DELODI00054,THE SUNDAY INDIAN,दा संडे इंडि‍यन,93442.0,DELODI/2007/20885,ARINDAM CHAUDHURI,DEL,DELHI,W
DELKAN00044,THE SUNDAY INDIAN,दा संडे इंडि‍यन,93444.0,DELKAN/2007/20887,ARINDAM CHAUDHURI,DEL,DELHI,W
DELENG06689,COMMODITIES INDIA,nan,53302.0,53302/ 91,SHRI KRISHAN,DEL,DELHI,W
DELHIN12847,AINA INDIA,nan,86423.0,DELHIN/2004/13866,SHAMA PARVIN SAIFI,DEL,DELHI,W
DELHIN15907,INDIA ABROAD EXPRESS,इंडिया अब्रॉड एक्सप्रेस,66418.0,66418/ 97,RAM CHANDRA SHARMA,DEL,DELHI,W
DELENG15050,LAW REPORTS OF INDIA,लाँ रिपोर्टस आँफ इडिया,89177.0,DELENG/2006/16620,MANUPATRA INFORMATION SOLUTIONS PVT LTD,DEL,DELHI,W
DELENG10787,SUPER INDIA RAILWAY TIMES,nan,72569.0,DELENG/1998/00012,R.L. VERMA,DEL,DELHI,W
DELENG03927,MID WEEK SUPLEMENT TO THE INDIAN EXPORT BULLETIN,nan,50706.0,50706/ 90,TRADE FAIR ANTHORITY,DEL,DELHI,W
DELENG05282,THE SUNDAY TIMES OF INDIA,द सन्डे टाइम्स ऑंफ इंडिया,50787.0,50787/ 90,"BENNETT, COLEMAN & CO.LTD",DEL,DELHI,W
DELENG18248,THE COIN OF INDIA,nan,116537.0,DELENG/2012/43980,ANJU,DEL,DELHI,W
DELHIN16215,MUSKAN INDIA,मुसकान इंडिया,112637.0,DELHIN/2011/40080,SANJAY KUMAR,DEL,DELHI,W
DELHIN10093,THE INDIAN WORKER,nan,75252.0,DELHIN/2000/02695,INDIAN WORKER PUBLICATION,DEL,DELHI,W
DELBIL11701,NEWS NOW INDIA,nan,153459.0,DELBIL/2021/80904,PURUSHARTH ARADHAK,DEL,DELHI,W
DELHIN14878,PASAND INDIA,पसन्द इंडिया,94848.0,DELHIN/2007/22291,USHA NAGAR,DEL,DELHI,W
DELBIL06298,YEH MERA INDIA,यह मेरा इंडिया,90557.0,DELBIL/2006/18000,SAINT RAVIDAS FOUNDATION CHARITABLE TRUST,DEL,DELHI,W
DELENG10582,FLORICULTURE INDIA,nan,67840.0,67840/ 98,SANJEEV MALHOTRA,DEL,DELHI,W
DELURD02088,INDIAN JUNG,इंडि‍यन जंग,67972.0,67972/ 98,ALOK MOHAN,DEL,DELHI,W
DELENG12614,INDIA ROUNDUP,nan,79359.0,DELENG/2002/06802,SHARVAN KUMAR CHOUDHARY,DEL,DELHI,W
DELHIN16289,SANGHARSH INDIA,nan,109637.0,DELHIN/2010/37080,MOHD. MUMTAZ ALAM,DEL,DELHI,W
DELENG03668,LINK INDIAN NEWS MAGAZINE,nan,4626.0,4626/ 58,UNITED INDIA PERIODICALS PVT. LTD.,DEL,DELHI,W
DELHIN28375,LEAD INDIA,लीड इंडिया,137470.0,DELHIN/2015/64915,SUBHASH SINGH,DEL,DELHI,W
DELENG07466,INDIAN TENDER & AUCTION MAIL,इंडियन टेंडर एंड ऑक्शन मेल,53529.0,53529/ 91,BALAJI PUBLICATIONS,DEL,DELHI,W
DELHIN27489,INDIA APRADH CONTROL NEWS,nan,123747.0,DELHIN/2013/51192,NARENDER KUMAR,DEL,DELHI,W
DELENG05010,READERS GUIDE TO INDIAN PERIODICALS,nan,25611.0,25611/ 73,K.P. CHANDRA & SHEKHAR RAO,DEL,DELHI,W
DELENG00186,ALL INDIA QUALITY TENDERS,nan,49201.0,49201/ 89,DEV RAJ JOSHI,DEL,DELHI,W
DELBIL04080,DESH INDIA TIMES,nan,71238.0,71238/ 99,BHARAT BHUSHAN SHARMA,DEL,DELHI,W
DELENG11079,CITIZEN OF INDIA,nan,7022.0,7022/ 62,H. C. CHADDA,DEL,DELHI,W
DELURD02652,THE SUNDAY INDIAN,दा संडे इंडि‍यन,93443.0,DELURD/2007/20886,ARINDAM CHAUDHURI,DEL,DELHI,W
DELENG09584,ALL INDIA ADMISSION GAZETTE,nan,63417.0,63417/ 96,ABHAY KUMAR RAI,DEL,DELHI,W
DELHIN14283,SUDARSHAN INDIA,nan,70230.0,70230/ 99,SUDARSHAN BIHARI BHARAT DHARMATH SANSTHAN SAMITI RAJ,DEL,DELHI,W
DELENG02586,INDIAN ECONOMIC DIARY,nan,19726.0,19726/ 70,MOHAN CHHABRA,DEL,DELHI,W
DELENG19061,INDIAN TRADE JOURNAL,nan,13876.0,13876/ 57,"DEPARTMENT OF COMMERCIAL INTELLIGENCE & STATISTICS, M/O COMMERCE & INDUSTRY",DEL,DELHI,W
DELHIN15872,POLITICAL TELEGRAPH OF INDIA,nan,45887.0,45887/ 87,KIRTI VERMA,DEL,DELHI,W
DELENG00116,AGENDA INDIA,nan,45694.0,45694/ 85,RAJ KAPILA,DEL,DELHI,W
DELHIN15840,SUNRISE INDIA SAMACHAR,सनराइज इंडिया समाचार,101455.0,DELHIN/2009/28898,SANJAY SAXENA,DEL,DELHI,W
DELHIN28795,GRACE INDIA TIMES,ग्रेस इंडिया टाइम्žस,146400.0,DELHIN/2017/73845,SHASHI DHAR MEHTA,DEL,DELHI,W
DELENG14606,INDIAN ACTION,nan,87016.0,DELENG/2005/14459,ANTHONY RAJU,DEL,DELHI,W
DELHIN10964,AWAZ INDIA,आवाज़ इंडिया,79341.0,DELHIN/2002/06784,MOHD.MUSHTAQ KHAN,DEL,DELHI,W
DELENG06301,VOICE OF INDIA,nan,10545.0,10545/ 65,L.S .MANI,DEL,DELHI,W
DELBIL07746,ROSE INDIA,nan,130386.0,DELBIL/2013/57831,DEEPAK KUMAR,DEL,DELHI,W
DELHIN27954,EAST INDIA,ईस्ट इंडिया,130511.0,DELHIN/2014/57956,UPENDRA KUMAR PUSHPANJALI,DEL,DELHI,W
DELHIN09897,SIRAJ HAMARA INDIA,nan,74306.0,DELHIN/2000/01749,SIRAJ AHMAD,DEL,DELHI,W
DELHIN07813,AAJ KA INDIA,nan,66408.0,66408/ 96,MOHD. AMIR ANSARI,DEL,DELHI,W
DELHIN07853,TELE INDIA,nan,66444.0,66444/ 97,SUBHASH CHANDRA GOYAL,DEL,DELHI,W
DELENG11177,INDIAN AND WORLD EVENTS,nan,32401.0,32401/ 67,ANIL KUMAR GUPTA,DEL,DELHI,W
DELHIN12776,MISSION INDIA,nan,86450.0,DELHIN/2004/13893,KAVYA PRAKASHAN,DEL,DELHI,W
DELBIL07640,INDEPENDENT INDIA,nan,121089.0,DELBIL/2013/48534,SURAIYA TABASSUM A PARTNER OF M/S SRNG CONSULATING SEVICES,DEL,DELHI,W
DELENG03031,INDIAN TENDER NEWS,nan,28824.0,28824/ 76,SARLA KHETAN,DEL,DELHI,W
DELENG03037,INDIAN POLITICAL NEWS,nan,34612.0,34612/ 79,RAVINDRA JAIN,DEL,DELHI,W
DELHIN07107,PALAM INDIA,nan,59349.0,59349/ 94,PRITAM DHARIWAL,DEL,DELHI,W
DELHIN10486,INDIAN STAR,nan,73961.0,DELHIN/2000/01404,MARUTI NANDAN INTERNATIONAL,DEL,DELHI,W
DELENG15411,THE SUNDAY INDIAN,सब इंडिžयन,91081.0,DELENG/2006/18524,ARINDAM CHAUDHURI,DEL,DELHI,W
DELASS00019,THE SUNDAY INDIAN,दा संडे इंडि‍यन,93409.0,DELASS/2007/20852,ARINDAM CHAUDHURI,DEL,DELHI,W
DELENG02962,INDIAN INVESTMENT,nan,25706.0,25706/ 73,B.L. ARORA,DEL,DELHI,W
DELHIN01874,INDIAN VYAPAR TIMES,nan,36949.0,36949/ 80,OM PRAKASH PAWAR,DEL,DELHI,W
DELHIN09481,INDIAN PROPERTY EXPRESS,nan,49214.0,49214/ 89,NOT GIVEN,DEL,DELHI,W
DELHIN06643,ACTION INDIA,nan,55751.0,55751/ 93,RAKESH BHARDWAJ,DEL,DELHI,W
DELENG19855,BLITZ INDIA,nan,154866.0,DELENG/2022/82311,DEEPAK DWIVEDI,DEL,DELHI,W
DELHIN13792,THE SUNDAY INDIAN,दिž,91064.0,DELHIN/2006/18507,ARINDAM CHAUDHURI,DEL,DELHI,W
DELBIL07896,PUBLIC TALK OF INDIA,nan,127222.0,DELBIL/2014/54667,KUNDAN KUMAR,DEL,DELHI,W
DELHIN12162,VYAPAR INDIA,nan,84752.0,DELHIN/2004/12195,BANAJ KUMAR SURI,DEL,DELHI,W
DELBIL07719,BOL INDIA BOL,nan,119209.0,DELBIL/2012/46652,CHANDAN PRAKASH,DEL,DELHI,W
DELENG05698,SOCIALIST INDIA,nan,19793.0,19793/ 70,A.I.C.C. CAMP OFFICE,DEL,DELHI,W
DELENG14621,ECONOMIC INDIA,nan,88108.0,DELENG/2005/15551,RAJIV KUMAR TIWARI,DEL,DELHI,W
DELHIN01858,INDIAN FRUNT MARKET,nan,10527.0,10527/ 64,BENASI DASS SETHI AND RAJ KUMAR SETHI,DEL,DELHI,W
DELHIN12374,NEW INDIA HERALD,न्यू इंडिया हेराल्ड,84166.0,DELHIN/2003/11609,RAJESH KUMAR JAIN,DEL,DELHI,W
DELENG15073,THE TRADE FAIRS OF INDIA,द ट्रेड फेयर ऑफ इंडिया,92046.0,DELENG/2006/19489,MOHAMMED MUSHTAQ KHAN,DEL,DELHI,W
DELHIN14953,INDIAN OESERVER,nan,12900.0,12900/ 65,OBSERVER PUBLICATION PVT.LTD,DEL,DELHI,W
DELENG02923,INDIAN NEWSCAN,nan,47426.0,47426/ 88,MUKESH MOHAN BHATIA,DEL,DELHI,W
DELENG19080,PAN INDIA WEEKLY,nan,17548.0,17548/,M.K. MENON,DEL,DELHI,W
DELHIN27922,THE INDIAN VERSION,दॉ इंडियन वर्जन,131784.0,DELHIN/2014/59229,ROHIT ARORA,DEL,DELHI,W
DELBIL06756,CORRESPONDENT NEWS OF INDIA,कॉरेसपोण्डेन्ट न्यूज ऑफ इंडिया,95219.0,DELBIL/2007/22662,URMILA THAKUR,DEL,DELHI,W
DELENG09936,SUPER INDIA FINANCIAL NEWS,nan,66349.0,66349/ 96,SUDHIR VERMA,DEL,DELHI,W
DELBIL05765,ABHI INDIA,nan,86143.0,DELBIL/2004/13586,GYAN CHAND ALEDIA,DEL,DELHI,W
DELMAL00115,THE SUNDAY INDIAN,दा संडे इंडि‍यन,93446.0,DELMAL/2007/20889,ARINDAM CHAUDHURI,DEL,DELHI,W
DELHIN27988,EARLY INDIA,अर्ली इंडिया,136094.0,DELHIN/2015/63539,MRIDULA GUPTA,DEL,DELHI,W
DELENG03030,INDIAN TENDER JOURNAL,nan,16284.0,16284/ 68,DR JASWINDER SINGH BHULLER,DEL,DELHI,W
DELURD00579,INDIAN SAMACHAR,nan,21690.0,21690/ 71,R.S.P.SEHGAL AND ONE MORE,DEL,DELHI,W
DELHIN15056,INDIA MAIL,इंडिया मेल,98895.0,DELHIN/2008/26338,NAVEEN KHATI,DEL,DELHI,W
DELBIL11428,INDIAN DOG WORLD,nan,32371.0,32371/ 77,NORTH OF INDIA KENNEL CLUB,DEL,DELHI,W
DELHIN05462,INDIAN MARKET,nan,4579.0,4579/ 59,KESAR SINGH,DEL,DELHI,W
DELHIN12667,N.C.R. INDIA,एन.सी.आर. इंडिया,86579.0,DELHIN/2004/14022,DHARMENDRA KUMAR,DEL,DELHI,W
DELENG02718,INDIA TIDINGS,nan,23916.0,23916/ 73,K.S. AIYAR,DEL,DELHI,W
DELBIL07458,FREEDOM INDIA NEWS,फ्रीडम इंडिया न्यूज़,106194.0,DELBIL/2010/33637,YOGESH KUMAR SONI,DEL,DELHI,W
DELHIN13794,SANSANI INDIA,सनसनी इंडिया,89783.0,DELHIN/2006/17226,LALIT KUMAR SHARMA,DEL,DELHI,W
DELHIN27538,UDAY INDIA,nan,122379.0,DELHIN/2013/49824,UPALI APARAJEETA RATH,DEL,DELHI,W
DELHIN07611,INDIAN TENDER INFORMATION,nan,63556.0,63556/ 95,SAVITRI,DEL,DELHI,W
DELENG19263,WHEELS OF INDIA,nan,40459.0,40459/ 83,KHURANA PUBLISHING CO.,DEL,DELHI,W
DELHIN27493,SALUTE INDIA,nan,120856.0,DELHIN/2012/48300,ANAND SHARMA,DEL,DELHI,W
DELENG11669,THE RISING INDIA,nan,80808.0,DELENG/2002/08251,HARI PRAKASH,DEL,DELHI,W
DELENG06795,INDIAN TIMES,nan,16282.0,16282/ 57,SHRI HARJIT SINGH,DEL,DELHI,W
DELHIN05172,YOUNG INDIAN,nan,69855.0,69855/ 82,CHANDRA SHEKHAR,DEL,DELHI,W
DELHIN28983,DRIVE NEWS INDIA,ड्राईव न्यूज़ इंडिया,154106.0,DELHIN/2021/81551,RANDHIR KUMAR,DEL,DELHI,W
DELHIN28875,INDIA PATH,nan,,UR,RAJESHWER,DEL,DELHI,W
DELHIN06480,PRESENT INDIA,nan,61557.0,61557/ 95,PRAMOD SINGH,DEL,DELHI,W
DELBEN00118,INDIA TODAY,इंडिया टुडे,91866.0,DELBEN/2006/19309,LIVING MEDIA INDIA,DEL,DELHI,W
DELHIN12089,FREE INDIA,फ्री इण्डिया,83822.0,DELHIN/2003/11265,NARESH SINGHI,DEL,DELHI,W
DELHIN06058,INDIAN CINE EXPRESS,nan,53564.0,53564/ 92,DEVENDER GOYAL,DEL,DELHI,W
DELENG02712,INDIA SHOPPING,nan,32520.0,32520/ 78,VIJAY GOYAL,DEL,DELHI,W
DELENG01464,DATA-INDIA,nan,26747.0,26747/ 74,PRESS TRUST OF INDIA LTD.,DEL,DELHI,W
DELENG13454,INDIAN LAW DECISIONS,nan,81152.0,DELENG/2002/08595,TAXMAN ALLIED SERVICES PVT. LTD.,DEL,DELHI,W
DELENG05015,REAL INDIA,nan,34523.0,34523/ 79,THE KISAN TRUST,DEL,DELHI,W
DELENG15724,INDIA TODAY,nan,28587.0,28587/ 75,LIVING MEDIA INDIA PVT. LIMITED,DEL,DELHI,W
DELENG08324,INDIAN MATRIMONIAL TIMES,nan,55740.0,55740/ 93,M.R. COMBINES,DEL,DELHI,W
DELENG08314,INDIAN MEDICAL TRIBUNE,इंडियन मेडिकल ट्रिब्यून,55745.0,55745/ 93,DR.J.K. JAIN,DEL,DELHI,W
DELENG06794,INDIA,इंडिया,664.0,664/ 57,R.N. VENKY,DEL,DELHI,W
DELBEN00128,THE SUNDAY INDIAN,दि‍ संडे इडि‍यन,91074.0,DELBEN/2006/18517,ARINDAM CHAUDHURI,DEL,DELHI,W
DELTAM00088,THE SUNDAY INDIAN,nan,99602.0,DELTAM/2006/27045,ARINDAM CHAUDHURI,DEL,DELHI,W
DELENG06546,YOUNG INDIAN,nan,19905.0,19905/ 70,YUVA BHARTI TRUST,DEL,DELHI,W
DELENG08690,INDIAN RECKOTRY A WEEKELY OF EVENTARS HAPENG,nan,57269.0,57269/ 93,ASIAN RECORDER & PUBLICATIONS PVT. LTD.,DEL,DELHI,W
DELHIN12937,INDIAN PRASHASAN,nan,87136.0,DELHIN/2005/14579,ZULFIKAR ALI ANSARI,DEL,DELHI,W
DELBIL07343,GOOD LUCK INDIA,गुड लक इंडिया,106704.0,DELBIL/2009/34147,VINIT KUMAR TYAGI,DEL,DELHI,W
DELHIN06978,FILM INDIA,nan,57352.0,57352/ 93,PARAMJYOT SINGH,DEL,DELHI,W
DELBIL06066,EMERGING INDIA,एमर्जिंग इंडि‍या,92456.0,DELBIL/2007/19899,AMAR SINGH RATHOUR,DEL,DELHI,W
DELHIN14665,PATRA INDIA,nan,92560.0,DELHIN/2007/20003,M/S.PATRA INDIA MEDIA PVT.LTD.,DEL,DELHI,W
DELHIN01870,INDIA TODAY,इंडिया टुडे,45823.0,45823/ 86,LIVING MEDIA INDIA LIMITED,DEL,DELHI,W
DELHIN27382,SIKH VOICE OF INDIA,सिख वॉइस ऑफ इंण्डिया,132614.0,DELHIN/2014/60059,VIPIN MAHAJAN,DEL,DELHI,W
DELENG18640,UDAY INDIA,उदय इंडिया,102999.0,DELENG/2013/30442,UPALI APARAJITA RATH,DEL,DELHI,W
DELHIN13607,SANSANI OF INDIA,nan,92129.0,DELHIN/2006/19572,VIJAY KUMAR DIWAKAR,DEL,DELHI,W
DELHIN08517,INDIA YUG,nan,66896.0,66896/ 97,ANURAJ,DEL,DELHI,W
DELHIN08222,THE WRITER OF INDIA,nan,65919.0,65919/ 96,KRISHAN KUMAR SHARMA,DEL,DELHI,W
DELHIN06860,SUN INDIA TIMES,nan,59250.0,59250/ 94,HARVINDRA KAUR,DEL,DELHI,W
DELHIN04026,TANTRA INDIA,nan,40501.0,40501/ 83,KUMAR PRIYA,DEL,DELHI,W
DELTEL00072,THE SUNDAY INDIAN,दा संडे इंडि‍यन,93445.0,DELTEL/2007/20888,ARINDAM CHAUDHURI,DEL,DELHI,W
DELHIN28135,AAP KI INDIA,आप की इंडिया,139059.0,DELHIN/2016/66504,SAPNA GROVER,DEL,DELHI,W
DELENG03032,INDIAN TIMES,इंडियन टाइम्स,536.0,536/ 57,HARJIT SINGH AND S KIRPAL SINGH,DEL,DELHI,W
DELENG02570,INDIAN CURRENTS,सब न्žयूज,49338.0,49338/ 89,INDIAN CURRENT PUBLICATIONS,DEL,DELHI,W
DELENG10156,TRADE POINT INDIA,nan,65800.0,65800/ 97,NATIONAL CENTER FOR TRADE INFORMATION,DEL,DELHI,W
DELBIL03300,INDIAN NEWS BUREAU,nan,68285.0,68285/ 96,MADAN PAL KHARI,DEL,DELHI,W
DELENG02770,INDIA BACKGROUNDER SERVICE,nan,28821.0,28821/ 76,LILA G.MIRCHANDANI,DEL,DELHI,W
DELENG04277,NEWS BUREU INDIA,nan,25723.0,25723/ 74,MANYKUTTY THOMAS,DEL,DELHI,W
DELENG02942,INDIAN PERSONALITY,इंडियन पेर्मोनैलिटी,39278.0,39278/ 81,DARSHAN SINGH,DEL,DELHI,W
DELENG10538,INDIA STATES,nan,67440.0,67440/ 97,RAJ DHINGRA,DEL,DELHI,W
DELHIN15155,STING INDIA,nan,96552.0,DELHIN/2008/23995,VASHISHT BROADCASTING PVT. LTD.,DEL,DELHI,W
DELENG11386,VEGETARIAN INDIA,nan,16231.0,16231/ 67,AMRIT L JINDAL,DEL,DELHI,W
DELENG16160,RISING INDIA NEWS RESEARCH AND ANALYSIS,nan,95015.0,DELENG/2007/22458,G. BHAGAVANDAS,DEL,DELHI,W
DELHIN14964,THE PATRIOTS OF INDIA,द पैट्रिआटस ऑफ इंडिया,95021.0,DELHIN/2007/22464,HARJINDER SINGH GROVER,DEL,DELHI,W
DELENG19006,POSITIVE POST OF INDIA,nan,138527.0,DELENG/2015/65972,ALOK KUMAR AGARWAL,DEL,DELHI,W
DELENG02602,INDIAN EXPORT BULLETIN,nan,10628.0,10628/ 65,INDIA TRADE PROMOTION ORGANISATION,DEL,DELHI,W
DELENG03040,INDIAN POLITICAL SUSPENCE,nan,19680.0,19680/ 69,SABITA,DEL,DELHI,W
DELENG08678,NEWS FROM INDIA,nan,57196.0,57196/ 93,KHALID SABIR,DEL,DELHI,W
DELENG12914,EXIM INDIA,nan,86848.0,DELENG/2003/14291,PAULSON PRESS (P)LTD,DEL,DELHI,W
DELHIN14046,INDIA ALL THE TIMES,इंडि‍या ऑल द टाइम्‍स,92087.0,DELHIN/2007/19530,JASWANT SINGH,DEL,DELHI,W
DELGUJ00060,THE SUNDAY INDIAN,दि‍ संडे इडि‍यन,91067.0,DELGUJ/2006/18510,ARINDAM CHAUDHURI,DEL,DELHI,W
DELHIN01889,INDIAN PROPERTY EXPRESS,nan,49234.0,49234/ 89,PRAKASH VAISHIST,DEL,DELHI,W
DELHIN29011,BLITZ INDIA,nan,158032.0,DELHIN/2022/85477,DEEPAK DWIVEDI,DEL,DELHI,W
DELURD00887,MUSLIM INDIA,nan,28682.0,28682/ 69,TAHREEN HUSAIN,DEL,DELHI,W
DELHIN27978,RELATION OF INDIA NEWS,nan,131976.0,DELHIN/2014/59421,MANOJ KUMAR SALUJA,DEL,DELHI,W
DELENG04445,ORIENT PRESS OF INDIA,nan,17537.0,17537/ 67,KAZI MOIZUDDIN AHMED,DEL,DELHI,W
DELHIN10061,INDIAN NEWS DARPAN,nan,73882.0,DELHIN/1999/01325,AJAY KANT,DEL,DELHI,W
DELENG02715,INDIA SPEAKS THROUGH ITS REGIONAL PRESS,nan,47386.0,47386/ 88,SURJEET VIR SINGH,DEL,DELHI,W
DELURD03137,EAST INDIA,ईस्ट इंडिया,137474.0,DELURD/2015/64919,UPENDRA KUMAR PUSHPANJALI,DEL,GAUTAM BUDDHA NAGAR (NOIDA),M
GOAENG00445,INDIAN NAVAL DESPATCH,nan,,nan,INDIAN NAVAL DESPATCH FOUNDATION,GOA,NORTH GOA,Q
GOAENG00310,THE TIMES OF INDIA,दी टाइम्स ऑफ इंडिया,97731.0,GOAENG/2008/25174,"BENNETT, COLEMAN & CO.LTD",GOA,PANAJI,D
GOAENG00309,SUNDAY TIMES OF INDIA,संडे टाईम्स ऑफ इण्डिया,97812.0,GOAENG/2008/25255,"BENNETT, COLEMAN & CO.LTD",GOA,PANAJI,W
GOAENG00123,INDIA,nan,15970.0,15970/ 57,MISSIONARY SOCIETY OF ST. FRANCIS XAVIER,GOA,SOUTH GOA,M
GOAENG00257,INDIAN JOURNAL OF APPLIED HOMOEOPATHY,nan,99230.0,GOAENG/2006/26673,SHRI KAMAXIDEVI HOMOEOPATHIC MEDICAL COLLEGE & HOSPITAL,GOA,SOUTH GOA,Q
GUJGUJ12252,INDIA AND HUMAN RIGHTS,इंडिया एण्ड हयूमन राइटस,95117.0,GUJGUJ/2007/22560,MITESH ANANTRAI BHATT,GUJ,AHMADABAD,M
GUJENG00972,INDIAN PORTS AND INFRASTRUCTURE REVIEW,इंडियन पोर्ट्स एंड इंफ्रास्ट्रक्चर रिव्यू,104338.0,GUJENG/2009/31781,SAKET PROJECTS LTD.,GUJ,AHMADABAD,M
GUJGUJ13234,INDIAN CONSUMER PRESS,nan,110439.0,GUJGUJ/2010/37882,KAMAL RAJENDRABHAI JOSHI,GUJ,AHMADABAD,M
GUJENG00871,INDIAN PLUMBING TODAY,nan,116084.0,GUJENG/2012/43527,INDIAN PLUMBING ASSOCIATION,GUJ,AHMADABAD,M
GUJGUJ13046,SPORTS INDIA,स्पोर्ट्स इन्डिया,105226.0,GUJGUJ/2010/32669,PANNABEN BHARATKUMAR JANI,GUJ,AHMADABAD,W
GUJENG01089,NAMASTE INDIA,nan,131226.0,GUJENG/2012/58671,HEMANT V. PATEL,GUJ,AHMEDABAD,A
GUJENG00443,TENDER TRANSMITER OF INDIA,nan,69643.0,69643/ 98,JAGDISH I. PATEL,GUJ,AHMEDABAD,D
GUJGUJ14272,KARNAVATI INDIA,nan,121363.0,GUJGUJ/2013/48808,HASMUKH KANTILAL BANAVLI,GUJ,AHMEDABAD,D
GUJENG00678,AHMEDABAD TIMES OF INDIA,अहमदाबाद टाइम्स ऑफ़ इंडिया,79811.0,GUJENG/2002/07254,"BENNETT, COLEMAN & CO.LTD",GUJ,AHMEDABAD,D
GUJENG16208,FIRST INDIA,nan,151605.0,GUJENG/2019/79050,FIRST EXPRESS PUBLISHERS,GUJ,AHMEDABAD,D
GUJENG00657,BARODA TIMES OF INDIA,बरोदा टाइम्स ऑफ़ इंडिया,78254.0,GUJENG/2001/05697,"BENNETT, COLEMAN & CO.LTD",GUJ,AHMEDABAD,D
GUJHIN00597,NEW INDIA HERALD,न्यू इंडिया हेराल्ड,121921.0,GUJHIN/2013/49366,RAJESH KUMAR JAIN,GUJ,AHMEDABAD,D
GUJGUJ05891,FINANCIAL TIMES INCORPARTING THE TIMES OF INDIA,फाइनेंसियल टाइम्स इंकॉर्परटिंग द टाइम्स ऑफ़ इंडिया,48473.0,48473/ 89,BENNETT COLEMAN & CO. LTD.,GUJ,AHMEDABAD,D
GUJENG00801,SURAT TIMES OF INDIA,सूरत टाइम्स ऑफ़ इंडिया,90416.0,GUJENG/2006/17859,"BENNETT, COLEMAN & CO.LTD",GUJ,AHMEDABAD,D
GUJENG00584,THE TIMES OF INDIA,द टाइम्स ऑफ़ इंडिया,15047.0,15047/ 68,"BENNETT, COLEMAN & CO.LTD",GUJ,AHMEDABAD,D
GUJENG00447,THE INDIAN EXPRESS,दि इंडियन एक्सप्रेस,15048.0,15048/ 68,THE INDIAN EXPRESS PVT. LIMITED,GUJ,AHMEDABAD,D
GUJGUJ08682,ALL INDIA BEST NEWS,nan,72882.0,GUJGUJ/1999/00325,MANOHAR R.DUTT,GUJ,AHMEDABAD,F
GUJGUJ14913,NEWS FOR INDIA,nan,126522.0,GUJGUJ/2013/53967,GUNVANT N. SARVAIYA,GUJ,AHMEDABAD,F
GUJBIL00302,INDIAN METAL NEWS BHARTIYA DHATU SAMACHAR,nan,9258.0,9258/ 64,MANKODI TRIKAMLAL GIRDHARLAL,GUJ,AHMEDABAD,F
GUJENG08051,THE AGE OF INDIA,nan,141744.0,GUJENG/2015/69189,SAJIDABBAS SAIYAD,GUJ,AHMEDABAD,F
GUJENG00906,WONDER INDIA,वंडर इंडिया,101870.0,GUJENG/2007/29313,WONDER INFOCOMM PVT. LTD.,GUJ,AHMEDABAD,F
GUJENG00524,INDIAN PENPALS,nan,67698.0,67698/ 98,ANIL KUMAR BATTA,GUJ,AHMEDABAD,HY
GUJENG16254,MRIN-A JOURNAL OF INDIAN CERAMIC ART,nan,,nan,MRIN FOUNDATION,GUJ,AHMEDABAD,HY
GUJENG00812,CONSTRUCTION JOURNAL OF INDIA,कांस्‍ट्रक्‍शन जर्नल ऑफ इंडि‍या,90455.0,GUJENG/2006/17898,SAKET PROJECT LIMITED,GUJ,AHMEDABAD,M
GUJBIL00615,INDIAN PHOTO VIDEO,nan,80079.0,GUJBIL/2002/07522,SIDDHARTH SOLANKI,GUJ,AHMEDABAD,M
GUJENG00399,CLOTEX INDIA,nan,54933.0,54933/ 92,SUKUMO CONSULTANCES PVT.LTD,GUJ,AHMEDABAD,M
GUJENG00406,INDIAN BUSINESS SCENARIO,nan,54934.0,54934/ 92,SUKUMO CONSULTANCES PVT.LTD,GUJ,AHMEDABAD,M
GUJGUJ09117,BUILDING INDIA,nan,75176.0,GUJGUJ/2000/02619,BUIDING MEDIA PUBLIC,GUJ,AHMEDABAD,M
GUJMUL00503,ALL INDIA HUMAN RIGHTS GRIEVANCES ASSOCIATION,nan,107486.0,GUJMUL/2009/34929,ALL INDIA HUMANRIGHTS GRIEVANCES ASSOCIATION,GUJ,AHMEDABAD,M
GUJENG00153,INDIAN JOURNAL OF DENTAL RESEARCH,nan,54888.0,54888/ 90,INDIAN SOCIETY FOR DENTAL RESEARCH,GUJ,AHMEDABAD,Q
GUJBIL01002,VIBRANT INDIA,nan,126816.0,GUJBIL/2014/54261,NARENDRA DIWAKAR,GUJ,AHMEDABAD,Q
GUJGUJ15169,TRUST INDIA PARIVAR,nan,128896.0,GUJGUJ/2014/56341,SHIKHA RUPESH SHAH,GUJ,AHMEDABAD,W
GUJBIL00436,INDIA NAME,nan,64306.0,64306/ 96,PARESH B. DAVE,GUJ,AHMEDABAD,W
GUJGUJ18142,INDIA NINE NEWS,nan,159188.0,GUJGUJ/2023/86633,GN9 BROADCAST NETWORK PRIVATE LIMITED,GUJ,AHMEDABAD,W
GUJGUJ14307,GREEN INDIA,ग्रीन इन्डिया,130180.0,GUJGUJ/2014/57625,KAMLESH BAGWANDAS JARIYA,GUJ,AHMEDABAD,W
GUJENG00424,THE SUNDAY TIMES OF INDIA,द संडे टाइम्स ऑफ़ इंडिया,54960.0,54960/ 94,"BENNETT, COLEMAN & CO.LTD",GUJ,AHMEDABAD,W
GUJGUJ15885,INDIA TOMMOROW,nan,137765.0,GUJGUJ/2015/65210,HETAL CHIRAG RAVAL,GUJ,AHMEDABAD,W
GUJHIN00560,VIBRANT INDIA,nan,112476.0,GUJHIN/2011/39919,NARENDRA DIVAKAR,GUJ,AHMEDABAD,W
GUJGUJ09717,INFO INDIA,nan,79735.0,GUJGUJ/2002/07178,PINKAL B.JOGI,GUJ,AHMEDABAD,W
GUJGUJ16016,TARIK INDIAN NEWS,तारीक इन्डियन न्युज,136564.0,GUJGUJ/2015/64009,ANSARI MOHD TARIK ABDULHAFIZ,GUJ,AHMEDABAD,W
GUJHIN00478,ALL INDIA CRIME BULLETIN,nan,97745.0,GUJHIN/2008/25188,TRIBHUVAN OZA,GUJ,AHMEDABAD,W
GUJGUJ08755,NETWORK OF INDIA,nan,73658.0,GUJGUJ/2000/01101,DARSHANBHAI BHURA,GUJ,AHMEDABAD,W
GUJGUJ18050,INSTANT INDIA,nan,158332.0,GUJGUJ/2023/85777,RAHULKUMAR MAHESHCHANDRA GUPTA,GUJ,ANAND,F
GUJENG00654,JIVAN NEWS & VIEWS OF JESUITS IN INDIA,nan,78233.0,GUJENG/2001/05676,GUJARAT SAHITYA PRAKASH SOCIETY TRUST,GUJ,ANAND,M
GUJGUJ16405,INDIA KI MANG,nan,,UR,DHIRENDRASINH LAXMANSINH SOLANKI,GUJ,ANAND,W
GUJGUJ18057,POINT OF INDIA NEWS,nan,157402.0,GUJGUJ/2023/84847,BHATIYA CHHAYABEN PIYUSHBHAI,GUJ,BANAS KANTHA,W
GUJGUJ15983,ARBUDA INDIA,nan,138823.0,GUJGUJ/2015/66268,JUDAL RAMJIBHAI KARSHANBHAI,GUJ,BANAS KANTHA,W
GUJGUJ04692,VOICE OF INDIA,nan,67136.0,67136/ 97,BABUBHAI RAMUBHAI SAINI,GUJ,BANAS KANTHA,W
GUJGUJ16920,WEEK OF INDIA,nan,146779.0,UR,LAXMIBEN VIJUSING DARABAR,GUJ,BANASKANTHA,D
GUJGUJ18295,INDIA UPDATE,nan,,nan,RAMESHJI DOLAJI WADHANIA,GUJ,BANASKANTHA/ PALANPUR,W
GUJGUJ18274,INDIA KI ASHMITA,nan,,nan,MODI JAYESHBHAI POPATLAL,GUJ,BANASKANTHA/ PALANPUR,W
GUJGUJ18299,BEWARE INDIA,nan,,nan,MANSURI SAHILHUHSAIN ISMAILBHAI,GUJ,BHARUCH,F
GUJGUJ18267,INDIA GAURAV,nan,,nan,HETALBEN KAMLESHBHAI CHAUHAN,GUJ,BHARUCH,F
GUJGUJ15544,MEGA INDIA,मेगा इंडिया,133424.0,GUJGUJ/2015/60869,HARISHKUMAR S. PARMAR,GUJ,BHARUCH,M
GUJGUJ18164,VEER INDIA,nan,159910.0,GUJGUJ/2023/87355,GOHIL BRIJESHBHAI BHUPATBHAI,GUJ,BHAVNAGAR,BM
GUJGUJ14486,COMPETITIVE INDIA,nan,123886.0,GUJGUJ/2013/51331,CHAUHAN KAMLESHKUMAR NANDLALBHAI,GUJ,BHAVNAGAR,M
GUJGUJ17668,THE INDIAN NATION,nan,,nan,RIYAZ SALEHBHAI SHEIKH,GUJ,BHAVNAGAR,M
GUJMUL00565,RESEARCH ZONE INDIA,nan,144476.0,GUJMUL/2013/71921,DIGANT OZA,GUJ,BHAVNAGAR,Q
GUJGUJ09315,INDIAS MOST WANTED,nan,76873.0,GUJGUJ/2001/04316,ABDUL HAMID BILALBHAI KHOLIYA,GUJ,BHAVNAGAR,W
GUJGUJ15806,SUPRABHAT INDIA,सुप्रभात इंडिया,135956.0,GUJGUJ/2015/63401,MALIK AIYUBBHAI ABDUL KARIMBHAI,GUJ,BHAVNAGAR,W
GUJGUJ17682,JUSTICE OF INDIA,nan,,nan,MOTIVARAS HARSHIDA GOVIND,GUJ,DEVBHOOMI DWARKA,D
GUJGUJ15816,INDIAN PEOPLES NEWS,इंडियन पीपल्स न्यूज,133906.0,GUJGUJ/2015/61351,GAURANGKUMAR BHANUPRASAD JANI,GUJ,GANDHINAGAR,D
GUJGUJ13098,UNIQUE INDIA,यूनीक इंडिया,103968.0,GUJGUJ/2009/31411,NIKHIL NATVARLAL SHARMA,GUJ,GANDHINAGAR,D
GUJGUJ14338,PRIDE OF INDIA,nan,120919.0,GUJGUJ/2013/48363,SHARMA DHARMISTA PRHALADBHAI,GUJ,GANDHINAGAR,F
GUJMUL00582,INDIAN PEOPLES NEWS,nan,129697.0,GUJMUL/2014/57142,GAURANGKUMAR BHANUPRASAD JANI,GUJ,GANDHINAGAR,W
GUJGUJ12438,UNIQUE INDIA,यूनिक इंडिया,97536.0,GUJGUJ/2008/24979,NIKHIL NATVARLAL SHARMA,GUJ,GANDHINAGAR,W
GUJGUJ15344,INDIA PUBLIC SAMACHAR,इंडिया पब्लिक समाचार,131874.0,GUJGUJ/2014/59319,SODHA PANKAJBHAI BHOVANBHAI,GUJ,JAMNAGAR,M
GUJGUJ12694,INDIA VISION,इंडिया विज़न,101773.0,GUJGUJ/2009/29216,MUKESHKUMAR CHANABHAI SAKHIYA,GUJ,JUNAGADH,W
GUJGUJ17732,POSITIVE INDIA,nan,,nan,SHAH BHAVYAKUMAR DHARMENDRAKUMAR,GUJ,KHEDA/ NADIAD,W
GUJGUJ18172,INDIAN SOCIOLOGIST,nan,159847.0,GUJGUJ/2023/87292,AJAY LALJI MACHCHHAR,GUJ,KUTCH,A
GUJGUJ07800,MOTHER INDIA,nan,71487.0,71487/ 98,BHIKHUSHA KALUSHAH FAKIR,GUJ,MEHSANA,M
GUJGUJ15619,WEEK OF INDIA,वीक ऑफ इन्डिया,134412.0,GUJGUJ/2015/61857,LAXMIBEN VIJUSING DARABAR,GUJ,MEHSANA,W
GUJGUJ09689,INDIA NEWS,nan,83621.0,GUJGUJ/2001/11064,PATEL RAMESHBHAI CHATURBHAI,GUJ,MEHSANA,W
GUJGUJ10543,MOVEMENT OF INDIA,nan,83847.0,GUJGUJ/2003/11290,ABDULLAKHAN N. BABI,GUJ,MEHSANA,W
GUJGUJ14100,HELLO INDIA,nan,125760.0,GUJGUJ/2012/53205,IRFAN SADIKBHAI BUDHIYA,GUJ,RAJKOT,F
GUJENG16251,UDYAMEE INDIA,nan,,UR,KETANKUMAR VRAJLAL VEKARIYA,GUJ,RAJKOT,M
GUJGUJ15592,INDIAN HEALTH EXPRESS,इंडियन हेल्थ एक्सप्रेस,132203.0,GUJGUJ/2015/59648,KISHOR B. DEVALIYA,GUJ,RAJKOT,M
GUJENG16252,THE INDIAN INSIGHT,nan,,nan,UDIT HIMANSHU PAREKH,GUJ,RAJKOT,M
GUJGUJ17311,EMPOWER INDIA NEWS,nan,154039.0,GUJGUJ/2020/81484,ANAND PRAVINBHAI JAVIYA,GUJ,RAJKOT,W
GUJGUJ08957,INDIA MORNING,इंडिया मॉर्निंग,75058.0,GUJGUJ/2000/02501,BHARDAVA SAGARKUMAR GIRISHBHAI,GUJ,RAJKOT,W
GUJHIN00309,SAVERA INDIA TIMES,nan,74394.0,GUJHIN/2000/01837,NARESH AGARWAL,GUJ,SURAT,D
GUJENG16220,REPUBLIC INDIA,nan,152700.0,GUJENG/2021/80145,VAISHALI VIKASH PAREGHI,GUJ,SURAT,D
GUJGUJ18307,INDIA LIVE,nan,,nan,PUROHIT BHARAT KANTIBHAI,GUJ,SURAT,D
GUJHIN00608,NEST INDIA HOTLINE,nan,122587.0,GUJHIN/2013/50032,GAUTAM CHANDULAL BAROT,GUJ,SURAT,D
GUJGUJ17964,DASTAK INDIA,nan,,UR,SOLANKI GAUTAMBHAI KISHANBHAI,GUJ,SURAT,F
GUJBIL01096,SENINDIA TIMES,nan,147279.0,GUJBIL/2017/74724,BHARAT RAMESH DEVDA,GUJ,SURAT,F
GUJGUJ14798,YOUNG INDIA,यंग इंडिया,134935.0,GUJGUJ/2013/62380,TAYAWADE SURAJ VIRENDRA,GUJ,SURAT,M
GUJMUL00703,INDIAN WAVE,nan,,nan,PARITA MAHESHBHAI DHULESHIYA,GUJ,SURAT,THW
GUJGUJ15530,INDIA HIGHLIGHT,इंडिया हाइलाइट,130853.0,GUJGUJ/2013/58298,PINAL KUMAR K PATEL,GUJ,SURAT,W
GUJBIL01128,CAPITAL INDIA,nan,152130.0,GUJBIL/2020/79575,RAVINDRA BHASKAR TAYADE,GUJ,SURAT,W
GUJGUJ11513,INDIAN ZONE,इन्डियन ज़ोन,89070.0,GUJGUJ/2006/16513,VINOD DALPATBHAI PARMAR,GUJ,SURAT,W
GUJGUJ09657,INDIA-BULLETIN,nan,78526.0,GUJGUJ/2001/05969,GHANCHI M.ABDULBHAI,GUJ,SURENDRANAGAR,OP
GUJGUJ06936,SAMAY OF INDIA,nan,71393.0,71393/ 99,SALIM SHEIKH,GUJ,SURENDRANAGAR,W
GUJENG00142,THE INDIA TRAVELTRADE,nan,20606.0,20606/ 73,PRAVEEN CORPORATION,GUJ,VADODARA,BM
GUJENG00572,THE INDIAN & EASTERN MANUFACTURER,nan,6349.0,6349/ 62,PRAVEEN CORPORATION,GUJ,VADODARA,BM
GUJENG00211,THE MODERN MEDICINE OF INDIA,nan,20607.0,20607/ 73,PRAVEEN CORPORATION,GUJ,VADODARA,BM
GUJENG00138,THE INDIAN EXPRESS,दि इंडियन एक्सप्रेस,48917.0,48917/ 90,THE INDIAN EXPRESS PVT. LIMITED,GUJ,VADODARA,D
GUJENG00336,CULTURAL INDIA,nan,14971.0,14971/ 57,ATMARAM CULTURAL FOUNDATION,GUJ,VADODARA,F
GUJGUJ18138,INDIA PLUS NEWS,nan,159724.0,GUJGUJ/2023/87169,DHAVAL KUMAR RAMANBHAI SOLANKI,GUJ,VADODARA,F
GUJENG00234,PAVO THE INDIAN JOURNAL OF ORNITHOLOGY,nan,9161.0,9161/ 62,THE SOCIETY OF ANIMAL MORPHOLOGISTS AND PHYSIOLOGISTS,GUJ,VADODARA,HY
GUJENG00341,INDIAN EXPORT TRADE JOURNAL,nan,9190.0,9190/ 57,PRAVEEN CORPORATION,GUJ,VADODARA,M
GUJHIN00483,INDIA KAL,इंडिया कल,100134.0,GUJHIN/2008/27577,SHIVE KUMAR DUBEY,GUJ,VADODARA,M
GUJGUJ16143,JOURNAL OF INDIAN MUSICOLOGICAL SOCIETY,nan,20468.0,20468/ 71,AMIT R MEHTA,GUJ,VADODARA,Q
GUJENG00660,INDIAN AGE,nan,78248.0,GUJENG/2001/05691,SURESH S. PALAMEL,GUJ,VADODARA,W
GUJGUJ17275,AWAKE INDIA,nan,153444.0,GUJGUJ/2020/80889,HEMAL KIRTIKUMAR THAKKAR,GUJ,VADODARA,W
GUJGUJ15325,ALL INDIA TIME,आल इंडिया टाइम,131248.0,GUJGUJ/2014/58693,PATEL ANIL KUMAR MANUBHAI,GUJ,VADODARA,W
GUJGOJ00001,KALANAGRI INDIA,nan,,nan,KEYURKUMAR JAYANTBHAI BAROT,GUJ,VADODARA,W
GUJENG00396,PETROCHEMICALS DIRECTORY OF INDIA,nan,54932.0,54932/ 93,DR. RASHID MASOODB/D,GUJ,VADODRA,A
GUJGUJ16816,UNITED FOR INDIA NEWS,nan,148666.0,GUJGUJ/2018/76111,RAUFAHMED NIAZMOHAMMED SHAIKH,GUJ,VALSAD,W
GUJMUL00718,NAV PRABHAT INDIA,nan,,nan,DEEPAK BHAGWAN PAWAR,GUJ,VALSAD,W
GUJGUJ09898,INDIA HIGHLIGHT,इंडिया हाइलाइट,87574.0,GUJGUJ/2002/15017,PINAL KUMAR K PATEL,GUJ,VALSAD,W
HARHIN11484,JYOTIKAN NEWS INDIA,nan,,nan,SHIV RANJAN SHANDILYA,HAR,AMBALA,M
HARHIN11447,INDIA IMPACT,nan,,UR,RENU AGGARWAL,HAR,AMBALA,M
HARENG00300,INDIAN NEWS,इंडियन न्यूज़,132.0,132/ 57,AMBALA CHURCH COUNCIL,HAR,AMBALA,Q
HARENG00128,INDIAN LIBRARY MOVEMENT,nan,26488.0,26488/ 74,N K BHAGI,HAR,AMBALA,Q
HARHIN06049,TELLING INDIA NEWS,टैलिंग इंडिया न्यूज,147978.0,HARHIN/2017/75423,VIPIN,HAR,BHIWANI,A
HARHIN03902,ALL INDIA DARSHAN,nan,86294.0,HARHIN/2003/13737,PRADEEP BHARDWAJ,HAR,BHIWANI,M
HARENG00124,INDIAN GUIDE,nan,30757.0,30757/ 77,SHIVCHARAN GHANSHAMKA,HAR,BHIWANI,W
HARHIN03720,INDIA SATTA,nan,78018.0,HARHIN/2001/05461,MANOJ KALRA,HAR,FARIDABAD,D
HARHIN03663,INDIAN PATRIKA,nan,75937.0,HARHIN/2001/03380,HARISHARAN,HAR,FARIDABAD,D
HARHIN03970,NEW INDIA HERALD,न्यू इंडिया हेराल्ड,83223.0,HARHIN/2003/10666,RAJESH KUMAR JAIN,HAR,FARIDABAD,D
HARBIL01095,INDIA PRAHARI,इंडिया प्रहरी,133933.0,HARBIL/2014/61378,RAJENDER SINGH,HAR,FARIDABAD,F
HARENG00358,NON-RESIDENT INDIANS,nan,79430.0,HARENG/2002/06873,TODAYS PUBLICATIONS,HAR,FARIDABAD,M
HARBIL00018,ALL INDIA BANNU BIRADRI SAMACHAR,आल इंडिया बन्नू बिरादरी समाचार,33877.0,33877/ 79,ALL INDIA BANNU BIRADRI,HAR,FARIDABAD,M
HARENG00759,FRANCHISE INDIA,nan,117312.0,HARENG/2012/44755,GAURAV MARYA,HAR,FARIDABAD,M
HARENG00691,INDIA BOOK OF RECORDS,इंडिया बुक ऑफ़ रिकार्ड्स,104816.0,HARENG/2010/32259,BISWAROOP ROY CHOWDHURY,HAR,FARIDABAD,M
HARENG00292,INDIAN TRADITION AND INDUSTRY,nan,10178.0,10178/ 65,"INDUSTRIAL INFORMATION BUREAU, FARIDABAD",HAR,FARIDABAD,M
HARENG00450,AGRICULTURAL SITUATION IN INDIA,nan,7083.0,7083/ 57,"DIRECTORATE OF ECONOMICS AND STATISTICS, MIN. OF F. AND A.",HAR,FARIDABAD,M
HARENG00436,GREASE TECH INDIA,nan,69793.0,69793/ 98,INDIAN OIL CORPORATION LTD.,HAR,FARIDABAD,Q
HARENG01864,INDIA NEWS,nan,,nan,GOOD MORNING INDIA MEDIA PVT LTD,HAR,FARIDABAD,W
HARHIN05610,INDIA KESARI WEEKEND,इंडिया केसरी वीकेंड,137234.0,HARHIN/2015/64679,MAHAVIR GOYAL,HAR,FARIDABAD,W
HARHIN10924,SAJAG INDIA,सजग इंडिया,147214.0,HARHIN/2017/74659,SHYAM SUNDAR BANSAL,HAR,FARIDABAD,W
HARENG01866,INDIA NEWS,nan,,nan,GOOD MORNING INDIA MEDIA PVT LTD,HAR,FARIDABAD,W
HARENG00707,INDIA NOW BUSINESS AND ECONOMY,nan,130908.0,HARENG/2014/58353,INDIA BRAND EQUITY FOUNDATION,HAR,GURUGRAM,BM
HARENG01872,TUBE AND PIPE INDIA,nan,,nan,PRIYANK JAIN,HAR,GURUGRAM,BM
HARHIN11397,HASTKSHEP NEWS  INDIA,nan,,nan,ROSHAN BHARDWAJ,HAR,GURUGRAM,BNL
HARHIN05579,HUMAN INDIA,nan,122386.0,HARHIN/2013/49831,UMESH GARG,HAR,GURUGRAM,D
HARENG01046,FORTUNE INDIA,nan,,UR,BUSINESS MEDIA PRIVATE LIMITED,HAR,GURUGRAM,M
HARENG00724,APPAREL INDIA,nan,117640.0,HARENG/2012/45083,APPAREL EXPORT PROMOTION COUNCIL,HAR,GURUGRAM,M
HARHIN05322,HUMAN INDIA,nan,114577.0,HARHIN/2012/42020,UMESH GARG,HAR,GURUGRAM,M
HARBIL00905,SAADAR INDIA,सादर इंडिया,102430.0,HARBIL/2009/29873,SEEDS INDIA,HAR,GURUGRAM,M
HARENG00969,GOLF DIGEST INDIA,गोल्फ डाइजेस्ट इंडिया,139538.0,HARENG/2016/66983,RISHI NARAIN GOLF MANAGEMENT PVT.LTD,HAR,GURUGRAM,M
HARENG00082,GUIDE TO INDIAN PERIODICAL LITERATURE,nan,7454.0,7454/ 63,PRABHU BOOK SERVICE,HAR,GURUGRAM,Q
HARENG00291,INDIAN BOOK REPORTER,nan,10013.0,10013/ 64,RAMESH CHANDRA JAIN,HAR,GURUGRAM,W
HARHIN05045,MOOD OF INDIA,मूड ऑफ़ इंडिया,105608.0,HARHIN/2010/33051,BALRAJ DAHIMA,HAR,GURUGRAM,W
HARENG01873,SUNSHINE INDIA,nan,,nan,MAYA VASHISHT,HAR,HISAR,D
HARHIN11070,JAGO INDIA JAGO,जागो इंडिया जागो,150534.0,HARHIN/2018/77979,JAGO INDIA JAGO,HAR,HISAR,F
HARENG00127,INDIAN JOURNAL OF VIROLOGY,nan,42425.0,42425/ 86,INDIAN VIRALOGICAL SOCIETY HAU HISAR,HAR,HISAR,HY
HARHIN04315,VISION INDIA REVOLUTION,विज़न इण्डिया रिवोल्यूशन,98199.0,HARHIN/2007/25642,SURENDRA SINGH DALAL,HAR,HISAR,M
HARENG00314,INDIAN JOURNAL OF WEED SCIENCE,nan,15672.0,15672/ 69,INDIAN SOCIETY OF WEED SCIENCE,HAR,HISAR,Q
HARENG00134,INDIAN JOURNAL OF ANIMAL PRODUCTION & MANAGEMENT,nan,46627.0,46627/ 85,N.S.R. SASTRY,HAR,HISAR,Q
HARHIN03363,KNIT INDIA TIMES,nan,73937.0,HARHIN/1999/01380,DIVAKAR GUPTA,HAR,JIND,M
HARHIN05616,INDIA TIMER,इंडिया टाइमर,127373.0,HARHIN/2013/54818,SANJAY KUMAR,HAR,JIND,M
HARHIN05688,INDIA GAURAV,nan,126428.0,HARHIN/2013/53873,RAVI BHARDWAJ,HAR,KAITHAL,D
HARHIN10981,ACTION INDIA,एक्शन इंडिया,140972.0,HARHIN/2016/68417,RAKESH BHARDWAJ,HAR,KARNAL,D
HARHIN00893,LINKERS INDIA,nan,42383.0,42383/ 85,GIAN PARKASH BAGHI,HAR,KARNAL,F
HARENG00338,ALL INDIA LABOUR SERVICES LAW REFERENCER,nan,51513.0,51513/ 93,INDU ARORA,HAR,KARNAL,M
HARBIL01029,THE FLAMES INDIA INSIGHT,nan,124908.0,HARBIL/2013/52353,NARESH KAUSHAL,HAR,KARNAL,M
HARMUL00297,SKY INDIA,nan,76921.0,HARBIL/2001/04364,KABAL SINGH,HAR,KARNAL,M
HARENG00133,INDIAN JOURNAL OF AGRICULTURAL & RESEARCH,nan,15501.0,15501/ 67,AGRICULTURAL RESEARCH COMMUNICATION CENTRE,HAR,KARNAL,Q
HARENG00643,INDIAN JOURNAL OF INTERNATIONAL TOURISM AND HOSPITALITY RESEARCH,इण्डियन जर्नल ऑफ इंटरनेशनल टूरिस्‍म एण्‍ड हॉस्‍पिटेलिटि रिसर्च,99478.0,HARENG/2008/26921,MANJULA CHAUDHARY,HAR,KURUKSHETRA,A
HARHIN03602,INDIAN NATIONAL TIMES,इंडियन नेशनल टाइम्स,75198.0,HARHIN/2000/02641,HARJINDER SAPRA,HAR,KURUKSHETRA,W
HARHIN11399,MAHAKTA INDIA,nan,,nan,ARJUN DEV CHAWLA,HAR,MEWAT,W
HARHIN05967,ABHINAV INDIA,अभिनव इंडिया,136709.0,HARHIN/2015/64154,DHARMENDER KAUSHIK,HAR,MEWAT,W
HARHIN00071,ALERT INDIA,nan,30560.0,30560/ 76,MAHAVIR COLLEGE PALWAL,HAR,PALWAL,W
HARENG00909,KHUSHBOO OF INDIA,खुशबू ऑफ़ इंडिया,136830.0,HARENG/2015/64275,KHUSHBOO MEDIA & ENTERTAINMENTS PRIVATE LIMITED,HAR,PANCHKULA,F
HARHIN05660,INDIA KI DAHAD,इंडिया की दहाड़,129274.0,HARHIN/2013/56719,ADESH TYAGI,HAR,PANIPAT,F
HARHIN03182,NAZAR INDIA,नज़र इंडिया,71450.0,71450/ 99,VIVEK CHANDRAN NIRMOHI,HAR,PANIPAT,M
HARHIN05589,SHAN E INDIA,शान ए इंडिया,136311.0,HARHIN/2013/63756,BIJENDER SINGH,HAR,PANIPAT,M
HARBIL01742,GOLDEN INDIA EXPRESS,गोल्डन इंडिया एक्सप्रैस,147602.0,HARBIL/2017/75047,RAKESH VERMA,HAR,PANIPAT,W
HARHIN05848,INDIA KI DAHAD,इंडिया की दहाड़,129715.0,HARHIN/2014/57160,ADESH TYAGI,HAR,PANIPAT,W
HARHIN04926,VEER INDIAN TIMES,वीर इन्डियन टाइम्स,104415.0,HARHIN/2010/31858,AJIT SINGH,HAR,REWARI,W
HARHIN03350,INDIA POST DAINIK,इंडिया पोस्ट दैनिक,78664.0,HARHIN/2002/06107,SUBHASH,HAR,ROHTAK,D
HARHIN03263,INDIAN YOUTH CLUB,nan,23117.0,23117/ 72,SHRI SUDHIR CHADHA,HAR,ROHTAK,F
HARBIL01062,INDIA PATH,इंडिया पथ,128200.0,HARBIL/2014/55645,RAJESHWER,HAR,ROHTAK,M
HARENG00386,ALL INDIA CONSUMER JOURNAL,nan,65576.0,65576/ 96,RAJESH JINDAL,HAR,ROHTAK,M
HARHIN05099,RATANJOT NEWS INDIA,nan,115705.0,HARHIN/2010/43148,PARVEEN KUMAR ROHILLA,HAR,SONIPAT,M
HARHIN03377,INDIA 2000,nan,72339.0,72339/ 99,COUNTRY DEVELOPMENT OF INDIA,HAR,SONIPAT,W
HARHIN03232,ALL INDIA BHARAT NAUJAWAN SABHA PATRIKA,nan,35753.0,35753/ 79,"ALL INDIA BHARAT NAUJAVAN SABHA,",HAR,YAMUNANAGAR,M
HPENG00099,WOOD INDIA JOURNAL,वुड इंडिया जर्नल,76813.0,HPENG1998/04256,DEV KUMAR PANDHI,HP,SHIMLA,A
HPENG00095,YEAR BOOK OF INDIAN PARLIAMENT & ASSEMBLIES,एयर बुक ऑफ़ इंडियन पार्लियामेंट एंड एसेम्ब्लीज़,76815.0,HPENG/1998/04258,DEV KUMAR PANDHI,HP,SHIMLA,A
HPENG00093,YEARBOOK OF INDIAN FORESTRY,एअरबुक ऑफ़ इंडियन फॉरेस्ट्री,69456.0,69456/ 98,VIJAY PANDHI,HP,SHIMLA,A
HPENG00090,YEARBOOK OF PUBLIC SECTOR ENTERPRISES IN INDIA,एअरबुक ऑफ़ पब्लिक सेक्टर इंटरप्राइजेज इन इंडिया,76814.0,HPENG1998/04257,DEV KUMAR PANDHI,HP,SHIMLA,A
HPHIN00805,NAYA INDIA,नया इंडिया,120725.0,HPHIN/2011/48169,SAMVAD PARIKRAMA PVT. LTD.,HP,SHIMLA,D
HPHIN01094,INDIA NEWS,nan,,nan,GOOD MORNING INDIA MEDIA PVT LTD,HP,SHIMLA,D
HPENG00144,JOURNAL OF INDIAN POTATS ASSOCIATION (JIPA),जर्नल ऑफ़ इंडियन पोटटस एसोसिएशन (जेआईपीए),30942.0,30942/ 74,INDIAN POTATO ASSOCIATION,HP,SHIMLA,HY
HPENG01171,NEWSLETTER OF THE INDIAN INSTITUTE OF ADVANCE STUDY,nan,25809.0,25809/ 73,INDIAN INSTITUTE OF ADVANCED STUDY,HP,SHIMLA,HY
HPENG01167,INDIAN MATRIMONIAL AND NEWS,nan,18167.0,18167/ 71,RAMINDER KRISHAN TIWARI,HP,SHIMLA,M
HPENG01172,INDIAN LAW REPORTS (HIMACHAL SERIES),nan,23731.0,23731/ 72,GOVT. OF HIMACHAL PRADESH,HP,SHIMLA,M
HPENG00147,WILDLIFE INDIA,वाइल्डलाइफ इंडिया,76818.0,HPENG1998/04261,DEV KUMAR PANDHI,HP,SHIMLA,Q
HPENG00151,INDIA REVISITED,इंडिया रेविजिटेड,75378.0,HPENG/2000/02821,ANU PRODUCTS,HP,SHIMLA,Q
HPENG00143,ENERGY INDIA,एनर्जी इंडिया,65135.0,65135/ 96,DEV K. PANCHI,HP,SHIMLA,Q
HPENG01185,PORTRAIT INDIA,nan,144408.0,HPENG/2016/71853,POOJA SINGH,HP,SHIMLA,Q
HPENG01161,BULLETIN OF THE INDIAN INSTITUTE OF ADVANCED STUDY,बुलेटिन ऑफ़ दि इंडियन इंस्टिट्यूट ऑफ़ एडवांस्ड स्टडी,10431.0,10431/ 67,INDIAN INSTITUTE OF ADVANCED STUDY,HP,SHIMLA,Q
HPHIN00994,HIGHLIGHT INDIA,हाईलाइट इंडिया,146133.0,HPHIN/2017/73578,RAJESH KUMAR,HP,SHIMLA,W
HPENG00252,THE COIN OF INDIA,द कॉइन ऑफ़ इंडिया,128938.0,HPENG/2014/56383,ANJU,HP,SOLAN,D
HPHIN00850,ACTION INDIA,एक्शन इंडिया,120628.0,HPHIN/2012/48072,RAKESH BHARDWAJ,HP,UNA,D
HPENG00248,NORTH INDIA PULSE,नार्थ इंडिया पल्स,129331.0,HPENG/2014/56776,NARESH KUMAR SHARMA,HP,UNA,W
JHAHIN00135,INDIAN PUNCH,इंडियन पंच,39728.0,39728/ 84,RAGHUNANDAN SINGH,JHA,DEOGHAR,D
JHAHIN00143,INDIAN GUARD,इंडियन गार्ड,92810.0,JHAHIN/2006/20253,KALYAN NARAYAN PATHAK,JHA,DHANBAD,M
JHAHIN00904,INDIAN MIND,इंडियन माइंड,148037.0,JHAHIN/2018/75482,SUNIL MANTHAN SHARMA,JHA,GIRIDIH,M
JHAHIN00461,GREAT INDIA YOUNGISTAN,nan,118091.0,JHAHIN/2012/45534,BARKAT ULLAH,JHA,JAMSHEDPUR,F
JHABIL00173,JOHAR INDIA,nan,,UR,ROHIT KUMAR,JHA,PALAMU,M
JHAHIN00538,REGARD INDIA,nan,124476.0,JHAHIN/2013/51921,VINOD KUMAR DUBEY,JHA,PALAMU,Q
JHAHIN01037,INDIA PROFILE,nan,,nan,MANOJ KUMAR KAPARDAR,JHA,RANCHI,D
JHAHIN00406,NAYA INDIA,nan,110746.0,JHAHIN/2011/38189,SAMVAD PARIKRAMA PVT. LTD.,JHA,RANCHI,D
JHAHIN01046,NEW INDIA HERALD,न्यू इंडिया हेरेल्ड,159819.0,JHAHIN/2023/87264,RAJESH JAIN,JHA,RANCHI,D
JHAHIN00194,APNA INDIA,अपना इंडिया,94831.0,JHAHIN/2007/22274,ALOK KUMAR SOREN,JHA,RANCHI,D
JHAURD00029,HALAT E INDIA,हालाते इंडिया,118247.0,JHAURD/2012/45690,SAROJ CHOUDHARY,JHA,RANCHI,D
JHAENG00044,MORNING INDIA,मॉर्निंग इंडिया,116694.0,JHAENG/2012/44137,PREM,JHA,RANCHI,D
JHAENG00060,THE TIMES OF INDIA,द टाइम्स ऑफ़ इंडिया,127991.0,JHAENG/2014/55436,"BENNETT, COLEMAN & CO.LTD",JHA,RANCHI,DS
JHAENG00096,INDIAN ANTHROPOLOGIST,nan,25978.0,25978/ 72,INDIAN ANTHROPOLOGICAL ASSOCIATION,JHA,RANCHI,HY
JHAENG00100,STEEL INDIA,nan,33253.0,33253/ 78,"RESEARCH & DEVELOPMENT CENTRE FOR IRON AND STEEL, HINDUSTAN STEEL LTD.",JHA,RANCHI,HY
JHAHIN00107,INDIA OBSERVER,nan,89014.0,JHAHIN/2005/16457,RITESH KR. SINHA,JHA,RANCHI,M
JHAHIN00535,SCANNER INDIA,nan,126447.0,JHAHIN/2013/53892,KALAYAN NARAYAN PATHAK,JHA,RANCHI,M
JHAENG00087,MAN IN INDIA,मैन इन इंडिया,3925.0,3925/ 57,B.O. ROY,JHA,RANCHI,Q
JHAENG00057,RANCHI TIMES OF INDIA,रांची टाइम्स ऑफ़ इंडिया,129450.0,JHAENG/2013/56895,"BENNETT, COLEMAN & CO.LTD",JHA,RANCHI,THW
JHAHIN00644,SCANNER INDIA,स्कैनर इंडिया,136841.0,JHAHIN/2015/64286,KALAYAN NARAYAN PATHAK,JHA,RANCHI,W
JHAENG00058,THE SUNDAY TIMES OF INDIA,द संडे टाइम्स ऑफ़ इंडिया,128839.0,JHAENG/2014/56284,"BENNETT, COLEMAN & CO.LTD",JHA,RANCHI,W
JHAHIN00804,YOUNG INDIA,nan,33296.0,33296/ 78,KAMALUDDIN SIDDIQUI,JHA,SAHIBGANJ,F
JKURD00818,INDIAN TIMES,nan,26931.0,26931/ 74,SYED FAROOQ ANDRABI,JK,JAMMU,D
JKENG00466,INDIAN EXPRESS,इंडियन एक्सप्रेस,76059.0,JKENG/2001/03502,THE INDIAN EXPRESS LIMITED,JK,JAMMU,D
JKENG01309,INDIAN STATUS,nan,,nan,GURDEV SINGH,JK,JAMMU,D
JKENG01138,INDIAN EXPONENT,nan,140651.0,JKENG/2015/68096,TALIYAH NIZAMI,JK,JAMMU,D
JKENG01001,ENGILD INDIA,nan,128124.0,JKENG/2014/55569,NAVEEN SHARMA,JK,JAMMU,M
JKURD01023,THE GREAT INDIA,nan,112746.0,JKURD/2010/40189,SHASHI VERMA,JK,JAMMU,W
JKENG00991,INDIAN ANGLES,nan,123474.0,JKENG/2013/50919,M. ABID MALIK,JK,RAJAURI,D
KARKAN25123,INDIAN MIRROR NEWS,nan,144190.0,KARKAN/2015/71635,MUTTURAJ.H.DODAMANI,KAR,BAGALKOT,D
KARENG01283,INDIAN FOOD PACKER,nan,7643.0,7643/ 57,ALL INDIA FOOD,KAR,BANGALORE,BM
KARENG04523,INDIAN TEMPLES,nan,129067.0,KARENG/2014/56512,HARISH MADHYASTHA,KAR,BANGALORE,BM
KARENG01229,THE NEW INDIAN EXPRESS,द न्यू इंडियन एक्सप्रेस,3457.0,3457/ 60,EXPRESS PUBLICATIONS (MADURAI) LTD.,KAR,BANGALORE,D
KARENG04462,THRILLING NEWS INDIA,थ्रिलिंग न्यूज़ इंडिया,133111.0,KARENG/2015/60556,MUZAMIL,KAR,BANGALORE,D
KARENG00451,INDIAN LAW REPORTS KARNATAKA SERIES,nan,50519.0,50519/ 90,KARNATAKA LAW REPORTING COUNCIL,KAR,BANGALORE,F
KARBIL00165,INDIA ORIGINAL NEWS,nan,24914.0,24914/ 73,J.NARAYANA,KAR,BANGALORE,HY
KARENG02193,I E E -I E R E PROCEEDINGS INDIA,nan,17079.0,17079/ 67,"THE INSTITUTION OF ELECTRIAL ENGINEERS,",KAR,BANGALORE,M
KARENG00457,INDIAN P.E.N.,इंडियन पी.ई.एन.,3849.0,3849/ 57,INDIAN P E N,KAR,BANGALORE,M
KARENG04526,INDIAN AGE,nan,130057.0,KARENG/2014/57502,SURESH PALAMEL,KAR,BANGALORE,M
KARENG02194,THE JOURNAL OF THE INDIA DENTAL ASSOCIATION,nan,6353.0,6353/ 57,INDIAN DENTAL ASSOCIATION,KAR,BANGALORE,M
KARKAN15052,VOICE OF INDIA,वॉइस ऑफ इण्‍ि‍डया,92298.0,KARKAN/2004/19741,JAGARNATHA REDDY,KAR,BANGALORE,M
KARTEL00060,TRUTH FOR INDIA,nan,67174.0,67174/ 97,TRUTH FOR TODAY EDUC,KAR,BANGALORE,M
KARENG03261,INDIAN CHANNEL WORLD,nan,93553.0,KARENG/2007/20996,IDG MEDIA PRIVATE LIMITED,KAR,BANGALORE,M
KARENG00866,PROCEEDINGS OF INDIAN ACADEMY OF SCIENCE SEC A& B,nan,13242.0,13242/ 57,INDIAN ACADEMY OF SCIENCE,KAR,BANGALORE,M
KARENG00540,JOURNAL OF THE GEOLOGICAL SOCIETY OF INDIA,nan,50456.0,50456/ 77,GEOLOGICAL SOCIETY OF INDIA,KAR,BANGALORE,M
KARKAN05698,INDIAN COFFEE,इंडियन कॉफी,3860.0,3860/ 58,M/S COFFEE BOARD,KAR,BANGALORE,M
KARTAM00111,INDIAN COFFEE,इंडियन कॉफी,3898.0,3898/ 59,COFFEE BOARD,KAR,BANGALORE,Q
KARENG01270,INDIAN ECCLESIASTICAL STUDIES,nan,7640.0,7640/ 62,ARCHBISHOP OF BANGLORE,KAR,BANGALORE,Q
KARMAL00094,INDIAN COFFEE,इंडियन कॉफी,4096.0,4096/ 60,COFFEE BOARD,KAR,BANGALORE,Q
KARENG02783,BULLETIN OF ASSOCIATION OF CONSULTING CIVIL ENGINEERS(INDIA),nan,81802.0,KARENG/2002/09245,ASSOCIATION OF CONSULTING CIVIL ENGINEERS (INDIA),KAR,BANGALORE,Q
KARENG01451,THE SUNDAY TIMES OF INDIA,द संडे टाइम्स ऑफ़ इंडिया,50523.0,50523/ 91,"BENNETT, COLEMAN & CO.LTD",KAR,BANGALORE,W
KARKAN22331,CHILDRENS INDIA CHILIPILI,nan,119382.0,KARKAN/2012/46825,N.R. NANJUNDE GOWDA,KAR,BANGALORE (NORTH),M
KARENG04277,GEAR TECHNOLOGY INDIA,nan,127137.0,KARENG/2013/54582,ANITHA RAGUNATH,KAR,BANGALORE (NORTH),Q
KARENG04116,INDIAN DENTIST RESEARCH AND REVIEW,इंडियन डेंटिस्ट रिसर्च एंड रिव्यू,106436.0,KARENG/2010/33879,SIBI XAVIER,KAR,BANGALORE NORTH,M
KARENG03671,ELEVATOR WORLD INDIA,एलीवेटर वर्ल्ड इण्डिया,96621.0,KARENG/2008/24064,ANITHA RAGHUNATH,KAR,BANGALORE NORTH,Q
KARBIL01746,THE HAJ NEWS OF INDIA,nan,111586.0,KARBIL/2011/39029,ABDUL HAMEED AMIR,KAR,BANGALORE NOTHE,Q
KARENG04686,MODERN MANUFACTURING INDIA,nan,145548.0,KARENG/2017/72993,INDIAN MACHINE TOOL MANUFACTURERS ASSOCIATION,KAR,BANGALORE(NORTH),BM
KARENG04298,THE SOUTH INDIA TIMES,nan,115810.0,KARENG/2012/43253,BUCHI BABU VUPPALA,KAR,BANGALORE(NORTH),D
KARENG04390,INDIA VAHINI,nan,124281.0,KARENG/2013/51726,A.S.D. SILVA,KAR,BANGALORE(NORTH),F
KARKAN24269,NAMASTHE INDIA,nan,141202.0,KARKAN/2016/68647,PRAKASH.T,KAR,BANGALORE(NORTH),F
KARENG04256,SILICON INDIA,सिलिकॉन इंडिया,137993.0,KARENG/2012/65438,SILICON MEDIA TECHNOLOGIES PVT LTD,KAR,BANGALORE(NORTH),M
KARENG04494,MY DREAM INDIA,nan,127089.0,KARENG/2013/54534,KANASINA BHARATHA PVT. LTD.,KAR,BANGALORE(NORTH),M
KARKAN22517,INDIAN VOICE,nan,120936.0,KARKAN/2012/48380,SOWBHAGYA,KAR,BANGALORE(NORTH),M
KARENG04480,INDIAN DEFENCE RESEARCH,nan,126276.0,KARENG/2013/53721,INSTITUTE OF DEFENCE SCIENTISTS & TECHNOLOGISTS,KAR,BANGALORE(NORTH),Q
KARMUL00388,INDIAN VEERAN,nan,146992.0,KARMUL/2017/74437,S.K.MURALI MARAN,KAR,BANGALORE(SOUTH),M
KARENG04327,SME INDIA TIMES,nan,119986.0,KARENG/2012/47429,M. MURUGESH KUMAR,KAR,BANGALORE(SOUTH),M
KARENG01261,SOUTH INDIA OBSERVER,nan,13243.0,13243/ 57,SOUTH INDIA UNION OF SEVENTH DAY ADVENTISTS,KAR,BANGALORE-1,M
KARENG03612,FEDERAL INDIAN &INDIAN STATES,nan,13371.0,13371/ 58,H SRIKANTAIAH,KAR,BANGALORE-2,W
KARENG04933,INDIAN JOURNAL OF AYURVEDA AND INTEGRATIVE MEDICINE KLEU,nan,,nan,KLE ACADEMY OF HIGHER EDUCATION AND RESEARCH DEEMED TO BE UNIVERSITY,KAR,BELAGAVI,HY
KARENG02133,THE NEW INDIAN EXPRESS,द न्यू इंडियन एक्सप्रेस,71152.0,71152/ 97,EXPRESS PUBLICATIONS (MADURAI) LTD.,KAR,BELGAUM,D
KARENG04255,INDIAN AHEAD,nan,128191.0,KARENG/2012/55636,MOHAMMED RAFIQ A. JABBAR MULLA,KAR,BELGAUM,F
KARKAN28620,PRAJA NEWS OF INDIA,nan,,nan,SRINIVAS L,KAR,BENGALURU RURAL,BM
KARKAN15532,VALMIKI RIGHTS OF INDIA,nan,89678.0,KARKAN/2004/17121,B.A.THAYAMMANNI,KAR,BENGALURU RURAL,D
KARENG02505,NURSES OF INDIA,nan,75806.0,KARENG/2000/03249,MOLLY SAM J.,KAR,BENGALURU RURAL,M
KARKAN25423,THE GREAT INDIA,nan,139261.0,KARKAN/2016/66706,M.N.GANGADHARAIAH,KAR,BENGALURU RURAL,M
KARENG02539,WWW.COMMCDITY INDIA.COM,nan,75913.0,KARENG/2001/03356,FORTELL CAPITAL TRUST PVT. LTD.,KAR,BENGALURU RURAL,M
KARENG00424,INDIAN EVANGELIICAL MISSION OUTREACH,nan,28167.0,28167/ 76,INDIAN EVENGELIICUL MISSION,KAR,BENGALURU RURAL,M
KARENG02613,INSTRUMENT SOCIETY OF INDIA JOURNAL,nan,82552.0,KARENG/2002/09995,INSTRUMENT SOCIETY OF INDIA,KAR,BENGALURU RURAL,Q
KARKAN10579,AGRO INDIA,nan,72794.0,KARKAN/1999/00237,V. R. RAVI KUMAR,KAR,BENGALURU RURAL,Q
KARKAN13814,TODAY INDIA RAJAKEEYA,nan,82445.0,KARKAN/2002/09888,S.MARIAYAPPA,KAR,BENGALURU RURAL,W
KARENG02231,THAPARS INDIAN INDUSTRIAL DIRECTORY,nan,22502.0,22502/ 71,SMT SANTOSH THAPAR,KAR,BENGALURU URBAN,A
KARENG04983,CARTOONISTSINDIA,nan,,nan,VENKATESH G NARENDRA,KAR,BENGALURU URBAN,A
KARENG04979,CARTOONISTSINDIA,nan,,nan,VENKATESH G NARENDRA,KAR,BENGALURU URBAN,A
KARKAN17225,THE TIMES OF INDIA,द टाइम्स आफ इण्डिया,95814.0,KARKAN/2007/23257,"BENNETT, COLEMAN & CO.LTD",KAR,BENGALURU URBAN,D
KARENG02630,BANGALORE TIMES OF INDIA,बैंगलोर टाइम्स ऑफ़ इंडिया,78323.0,KARENG/2001/05766,"BENNETT, COLEMAN & CO.LTD",KAR,BENGALURU URBAN,D
KARKAN27257,COLOURS OF INDIA,nan,,nan,KHADEER PASHA,KAR,BENGALURU URBAN,D
KARENG01086,THE TIMES OF INDIA,द टाइम्स ऑफ़ इंडिया,45466.0,45466/ 85,"BENNETT, COLEMAN & CO.LTD",KAR,BENGALURU URBAN,DS
KARENG02221,QUIZ INDIA,nan,36670.0,36670/ 82,NOOR JAHAN,KAR,BENGALURU URBAN,F
KARENG01383,INDIAN FACTORIES JOURNAL,इंडियन फैक्ट्रीज जर्नल,3674.0,3674/ 57,LAWS OF INDIA PRIVATE LTD.,KAR,BENGALURU URBAN,F
KARKAN28414,STAR OF INDIA,nan,,UR,RAGHUNATH T J,KAR,BENGALURU URBAN,F
KARKAN28449,CITIZEN INDIA NEWS,nan,160456.0,KARKAN/2023/87901,NARASIMAN S,KAR,BENGALURU URBAN,F
KARENG00449,THE INDIAN JOURNAL OF TECHNICAL EDUCATION,nan,22574.0,22574/ 71,"NATIONAL COUNCIL FOR SCIENCE EDUCATION, GOVT OF INDIA",KAR,BENGALURU URBAN,FMY
KARENG03571,JOURNAL OF INDIAN THEOLOGY,जर्नल ऑफ इण्डियन थियोलॉजी,97090.0,KARENG/2008/24533,JACOB PARAPPALLY,KAR,BENGALURU URBAN,FMY
KARENG00157,BULLETIN OF THE ETHOLOGICAL SOCIETY OF INDIA,nan,27370.0,27370/ 75,ETHOLOGICAL SOCIETY OF INDIA,KAR,BENGALURU URBAN,HY
KARENG01662,INDIAN JOURNAL OF INDIGENOUS MEDICINES,nan,33141.0,33141/ 78,THE SOCIETY OF INDIGENOUS MEDICINES,KAR,BENGALURU URBAN,HY
KARENG04878,DISCIPLES INDIA GLOBAL JOURNAL OF APPLIED MANAGEMENT,nan,149047.0,KARENG/2018/76492,DISCIPLES INDIA EDUCATIONAL RESOURCES PVT LTD.,KAR,BENGALURU URBAN,HY
KARENG04944,POTENTIAL INDIA,nan,,UR,INDIAN FEDERATION OF SOCIAL TRANSFORMATION,KAR,BENGALURU URBAN,HY
KARENG04988,INDIAN NEWSPAPER AND MEDIA ASSOCIATION PHOTO JOURNAL,nan,157802.0,KARENG/2021/85247,INDIAN NEWSPAPER & MEDIA ASSOCIATION,KAR,BENGALURU URBAN,M
KARENG04739,SPEAK FOR INDIA,nan,139275.0,KARENG/2016/66720,G.S.RUKMANIYAMMA,KAR,BENGALURU URBAN,M
KARENG04092,INDIAN TRANSLATOR,इंडियन ट्रांसलेटर,107214.0,KARENG/2010/34657,INSTITUTE OF TRANSLATION STUDIES,KAR,BENGALURU URBAN,M
KARENG05020,CARE INDIA,nan,,nan,N KRISHNAPPA,KAR,BENGALURU URBAN,M
KARKAN09469,INDIA PRABHA,nan,65722.0,65722/ 97,M.S.MAHADEVAIAH,KAR,BENGALURU URBAN,M
KARENG04957,THE INDIAN ANGEL,nan,155801.0,KARENG/2021/83246,SURYANARAYANA RAJU N,KAR,BENGALURU URBAN,M
KARKAN14941,HELLO INDIANS,nan,85037.0,KARKAN/2004/12480,G.KRISHNA,KAR,BENGALURU URBAN,M
KARENG04959,MERCOM INDIA CLEAN ENERGY NEWS AND INSIGHTS,nan,158627.0,KARENG/2021/86072,MERCOM COMMUNICATIONS INDIA PVT LTD,KAR,BENGALURU URBAN,M
KARENG00025,INDIAN COFFEE,इंडियन कॉफी,13373.0,13373/ 57,COFFEE BOARD,KAR,BENGALURU URBAN,M
KARENG03553,RECHARGE INDIA,रिचार्ज इण्डिया,97679.0,KARENG/2007/25122,M.J. PRASHANTH KUMAR,KAR,BENGALURU URBAN,M
KARENG00459,INDIAN PHOTOGRAPHY & CINEMATOGRAPHY,nan,29912.0,29912/ 79,N SUNDARRAJ,KAR,BENGALURU URBAN,M
KARENG00470,INDIAN TAX FOUNDATION,nan,29662.0,29662/ 76,K.B. BASAVARAJAN,KAR,BENGALURU URBAN,M
KARENG03530,EDU. POWER AND THE INDIAN COLLEGES,ईडू - पावर एण्ड दी इण्डियन कॉलिजीज,95998.0,KARENG/2007/23441,T. GOPAL,KAR,BENGALURU URBAN,M
KARENG04926,TEAM INDIA ENTREPRENEURS JOURNAL,nan,152427.0,KARENG/2020/79872,TEAM INDIA ENTREPRENEURS,KAR,BENGALURU URBAN,M
KARENG04842,VOICE TO INDIAN POLITICS,nan,149300.0,KARENG/2017/76745,M B JEEVAN,KAR,BENGALURU URBAN,M
KARENG03570,EDU INDIA,nan,98112.0,KARENG/2007/25555,T. GOPAL,KAR,BENGALURU URBAN,M
KARENG04967,ICONS OF INDIAN BUSINESS,nan,153608.0,KARENG/2021/81053,SRINIVAS.T.,KAR,BENGALURU URBAN,M
KARENG03663,INDIA IMMEMORIAL,इंडिया इम्मेमोरिअल,103813.0,KARENG/2009/31256,VIJAY MADHAV,KAR,BENGALURU URBAN,M
KARENG03305,DREAM HOMES OF SOUTH INDIA,ड्रीम होम्स आँफ साऊथ इडि़या,90521.0,KARENG/2006/17964,AASTHA PUBLICATIONS PVT. LTD.,KAR,BENGALURU URBAN,M
KARENG02019,ANNALS OF THE INDIAN ACADEMY OF NEUROLOGY,nan,72054.0,72054/ 98,INDIAN ACADEMY OF NEUROLOGY,KAR,BENGALURU URBAN,Q
KARENG02554,ALUMINIUM IN INDIA,nan,77999.0,KARENG/2001/05442,ALUMINIUM ASSOCIATION OF INDIA,KAR,BENGALURU URBAN,Q
KARENG03209,INDIA-CHINA PEOPLE'S VIEW,इंड‍िया-चायना पीपलस् व्‍यू,93208.0,KARENG/2007/20651,V.BHASKARAN,KAR,BENGALURU URBAN,Q
KARENG02416,AGRO INDIA,nan,65760.0,65760/ 97,V.R.RAVI KUMAR,KAR,BENGALURU URBAN,Q
KARENG02540,INDIAN JOURNAL OF MEDICAL ULTRASOUND,nan,85038.0,KARENG/2003/12481,INDIAN FEDERATION OF ULTRASOUND IN MEDICINE & BIOLOGY,KAR,BENGALURU URBAN,Q
KARENG00468,INDIAN JOURNAL OF EXPERIMEENTAL MEDICINE,nan,36650.0,36650/ 82,INDIAN ASSOCIATION OF EXPERIMENTAL MEDICINE,KAR,BENGALURU URBAN,Q
KARENG00841,POLITICAL REVIEW OF INDIA,nan,36726.0,36726/ 83,L JAYARAM,KAR,BENGALURU URBAN,W
KARENG01233,MYSINDIA,MYSINDIA,3505.0,3505/ 57,D. N. HOSALI,KAR,BENGALURU URBAN,W
KARENG04953,EAST ASIA DRAGONS AND INDIA,nan,,nan,T S CHANDRASHEKAR,KAR,BENGALURU URBAN,W
KARENG01837,POLITICS INDIA,nan,63577.0,63577/ 96,VIMOT PUBLISHERS PVT. LTD.,KAR,BENGALURU URBAN,W
KARKAN18361,SUNDAY TIMES OF INDIA,संडे टाईम्स ऑफ इण्डिया,96188.0,KARKAN/2008/23631,"BENNETT, COLEMAN & CO.LTD",KAR,BENGALURU URBAN,W
KARENG00428,INDIAN ADVERTISEMENT GAZETTE,nan,27928.0,27928/ 76,MERCURY SCHEMES,KAR,BENGALURU URBAN,W
KARENG04244,INDIA LIFELINE NEWS,nan,125746.0,KARENG/2012/53191,SAYED SABIRPASHA ABDURRAZAK SAYEDFATTAH,KAR,BIJAPUR,M
KARKAN23521,YOUNG INDIA,यंग इंडिया,137852.0,KARKAN/2015/65297,NILESH BENAL,KAR,BIJAPUR,W
KARENG04860,THE NEW INDIAN EXPRESS,nan,144415.0,KARENG/2017/71860,EXPRESS PUBLICATIONS (MADURAI) LTD,KAR,DAKSHIN KANNADA,D
KARENG04433,HUBLI TIMES OF INDIA,हुबली टाइम्स ऑफ़ इंडिया,124100.0,KARENG/2013/51545,"BENNETT, COLEMAN & CO.LTD",KAR,DHARWAD,DS
KARKAN05663,NEHRU OF INDIA,nan,7966.0,7966/ 64,B G RAO,KAR,DHARWAD,F
KARENG00465,THE INDIAN JOURNAL OF COMPARATIVE SOCIOLOGY,nan,28212.0,28212/ 75,"FORUM FOR SOCIOLOGISTS, DHARWAD",KAR,DHARWAD,HY
KARMUL00366,THE LOCAL CHURCHES OF INDIA,दी लोकल चर्चेस ऑफ़ इंडिया,129552.0,KARMUL/2014/56997,J.JOHN WILLIAM,KAR,DHARWAD,M
KARKAN25642,INDIA AGAINST CRIME,nan,146556.0,UR,MEHABOOB A SHAIKH,KAR,DHARWAD,M
KARENG03936,INDIAN JOURNAL OF NOVEL DRUG DELIVERY,इंडियन जर्नल ऑफ़ नावेल ड्रग डिलीवरी,103604.0,KARENG/2009/31047,KARNATAKA EDUCATION & SCIENTIFIC SOCIETY,KAR,DHARWAD,Q
KARKAN27631,ASK INDIA,nan,156214.0,KARKAN/2022/83659,SOUMYA PAWAR,KAR,DHARWAD/ HUBLI,D
KARKAN25261,YOUNG INDIA KRANTI,nan,140239.0,KARKAN/2015/67684,VENKANAGOUDA R. GOVINDAGOUDRA,KAR,GADAG,D
KARENG04873,THE NEW INDIAN EXPRESS,nan,145422.0,KARENG/2017/72867,EXPRESS PUBLICATIONS (MADURAI) LIMITED,KAR,HUBLI,D
KARENG04413,THE TIMES OF INDIA,द टाइम्स ऑफ़ इंडिया,120298.0,KARENG/2012/47741,"BENNETT, COLEMAN & CO.LTD",KAR,HUBLI,DS
KARENG04432,BELGAUM TIMES OF INDIA,बेलगाम टाइम्स ऑफ़ इंडिया,124099.0,KARENG/2013/51544,"BENNETT, COLEMAN & CO.LTD",KAR,HUBLI,DS
KARENG04410,THE SUNDAY TIMES OF INDIA,द संडे टाइम्स ऑफ़ इंडिया,120217.0,KARENG/2012/47660,"BENNETT, COLEMAN & CO.LTD",KAR,HUBLI,W
KARENG04890,THE NEW INDIAN EXPRESS,nan,148035.0,KARENG/2018/75480,EXPRESS PUBLICATIONS (MADURAI) LTD.,KAR,KALABURAGI,D
KARENG00533,JOURNAL OF INDIAN WRITING IN ENGLISH,nan,24949.0,24949/ 73,G.S BALARAM GUPTA,KAR,KALABURAGI,HY
KARENG03672,THE TIMES OF INDIA,द टाइम्स ऑफ इंडिया,95372.0,KARENG/2004/22815,"BENNETT, COLEMAN & CO.LTD",KAR,MANGALORE,DS
KARENG03198,SUNDAY TIMES OF INDIA,संडे टाइम्स ऑफ़ इंडिया,95251.0,KARENG/2004/22694,"BENNETT, COLEMAN & CO.LTD",KAR,MANGALORE,W
KARENG03675,THE TIMES OF INDIA,द टाइम्स ऑफ इण्डिया,96017.0,KARENG/2005/23460,"BENNETT, COLEMAN & CO.LTD",KAR,MYSORE,D
KARENG01224,INDIAN CHRISTIAN ENDEAVOUR,इंडियन क्रिस्चियन एंडेवर,3902.0,3902/ 57,INDIAN CHRISTIAN ENDEAVOUR UNION,KAR,MYSORE,M
KARENG04456,MYSORE TIMES OF INDIA,मैसूर टाइम्स ऑफ़ इंडिया,125310.0,KARENG/2013/52755,"BENNETT, COLEMAN & CO.LTD",KAR,MYSORE,THW
KARENG03738,THE SUNDAY TIMES OF INDIA,द सन्डे टाइम्स ऑफ इण्डिया,96148.0,KARENG/2005/23591,"BENNETT, COLEMAN & CO.LTD",KAR,MYSORE,W
KARENG04809,INDIAN FOOD INDUSTRY MAG,nan,150226.0,KARENG/2018/77671,ASSOCIATION OF FOOD SCIENTISTS AND TECHNOLOGISTS INDIA,KAR,MYSURU,BM
KARENG05008,TRIBES OF INDIA,nan,,nan,RAJASHEKAR G,KAR,MYSURU,BM
KARKAN17066,OPERATION INDIA,ऑपरेशन इंडिया,94117.0,KARKAN/2007/21560,M.N. KENDAGANNAPPA @ ANIL ALVA,KAR,MYSURU,F
KARENG00541,JOURNAL OF INDIAN FOLKLORISTICS,nan,29947.0,29947/ 78,FOLKLORE FELLOWS OF INDIA (ASSOCIATION) INSTITUTE OF KANNADA STUDIES,KAR,MYSURU,HY
KARKAN26137,BEING INDIAN,nan,145891.0,UR,SUBRAMANYA,KAR,MYSURU,M
KARENG00430,INDIAN CHRISTIAN,इंडियन क्रिस्चियन,3745.0,3745/ 57,M/S A. SOUTTER GORDON JUNK AND A.L. GOOLD,KAR,MYSURU,M
KARENG04713,JOURNAL OF CHRISTIAN MEDICAL ASSOCIATION OF INDIA,nan,7510.0,7510/ 57,THE CHRISTIAN MEDICAL ASSOCIATION OF INDIA,KAR,MYSURU,M
KARENG03854,INDIAN JOURNAL OF BEHAVIOUR INTER DISCIPLNARY APPROACH,nan,29736.0,29736/ 76,T R RAO,KAR,MYSURU,Q
KARKAN28474,POWER OF INDIA NEWS,nan,,nan,SIDDARAJU S,KAR,RAMANAGARA,M
KARENG02313,THE NEW INDIAN EXPRESS,द न्यू इंडियन एक्सप्रेस,75599.0,KARENG/1999/03042,EXPRESS PUBLICATIONS (MADURAI) LIMITED,KAR,SHIVAMOGGA,D
KARKAN24293,NOW INDIA,nan,134249.0,KARKAN/2015/61694,NARSIMHAMURTHY .A.S.,KAR,TUMKUR,M
KARKAN20727,KANNADA NADINA INDIAN NEWS,KANNADA NADINA INDIAN NEWS,106169.0,KARKAN/2010/33612,HUMAYOON,KAR,UDUPI,F
KERENG02402,SUNDAY TIMES OF INDIA,संडे टाइम्स ऑफ़ इंडिया,119728.0,KERENG/2012/47171,"BENNETT, COLEMAN & CO.LTD",KER,CALICUT,W
KERMAL14674,OVERTAKE INDIA,nan,113601.0,KERMAL/2012/41044,AFSAL .B,KER,COCHIN,M
KERENG02285,THE TIMES OF INDIA,द टाइम्स ऑफ़ इंडिया,118387.0,KERENG/2012/45830,"BENNETT, COLEMAN & CO.LTD",KER,ERNAKULAM,D
KERMAL14127,INDIAN NEWS,nan,44733.0,44733/ 89,K A AZEEZ,KER,ERNAKULAM,D
KERMAL13663,INDIAN POURAN,nan,22609.0,22609/ 72,P M ABOOBACKER,KER,ERNAKULAM,D
KERENG00256,THE NEW INDIAN EXPRESS,द न्यू इंडियन एक्सप्रेस,24964.0,24964/ 73,EXPRESS PUBLICATIONS (MADURAI) LTD,KER,ERNAKULAM,D
KERENG02298,TRIVANDRUM TIMES OF INDIA,त्रिवेंद्रम टाइम्स ऑफ़ इंडिया,118388.0,KERENG/2012/45831,"BENNETT, COLEMAN & CO.LTD",KER,ERNAKULAM,D
KERMAL01682,INDIAN POURAN,nan,27325.0,27325/ 74,P M ABOOHACKER,KER,ERNAKULAM,D
KERENG02267,SMART COMPANION INDIA,nan,110140.0,KERENG/2010/37583,JACOB CHACKO,KER,ERNAKULAM,F
KERENG00702,VISIT INDIA,nan,20030.0,20030/ 70,TRAVEL PUBLISHING CO,KER,ERNAKULAM,F
KERENG01952,OMEGA-INDIAN JOURNAL OF SCIENCE AND RELIGION,ओमेगा-इंडियन जर्नल ऑफ साईन्स एंड रिलिजन,95057.0,KERENG/2007/22500,DR. AUGUSTINE PAMPLANY,KER,ERNAKULAM,HY
KERENG00812,ANGLO INDIAN JOURNAL KERALA,nan,7817.0,7817/ 65,UNION OF ANGLO INDIAN ASSOCIATION,KER,ERNAKULAM,HY
KERHIN00044,SCIENCE INDIA,साइंस इंडिया,101871.0,KERHIN/2007/29314,SWADESHI SCIENCE MOVEMENT,KER,ERNAKULAM,M
KERMAL14835,SERVICE INDIA,nan,120188.0,KERMAL/2012/47631,K. RAGHAVAN,KER,ERNAKULAM,M
KERENG00763,INDIAN COCONUT JOURNAL,इंडियन कोकोनट जर्नल,3032.0,3032/ 57,COCONUT DEVELOPMENT BOARD,KER,ERNAKULAM,M
KERENG01222,SCIENCE INDIA,nan,73159.0,KERENG/1998/00602,SWADESHI SCIENCE MOVEMENT,KER,ERNAKULAM,M
KERMAL11085,ST.PAUL'S MISSION OF INDIA-MISSION VOICE,nan,84653.0,KERMAL/2003/12096,ST. PAUL'S CHARITABLE SOCIETY,KER,ERNAKULAM,M
KERENG00262,INDIAN CHAMBER OF COMMERCE (COCHIN) BUTTETIN,nan,20154.0,20154/ 71,INDIAN CHAMBER OF COMMERCE,KER,ERNAKULAM,M
KERENG01293,BULLETIN ISSUED BY INDIAN CENTRAL COCONUT COMMITTE,बुलेटिन इस्यूड बाय इंडियन सेंट्रल कोकोनट कमिटी,3030.0,3030/ 57,INDIAN CENTRAL COCONUT COMMITTEE,KER,ERNAKULAM,M
KERMAL01674,INDIAN NEWS,nan,24988.0,24988/ 74,MOHAMAD P KUTTOTH,KER,ERNAKULAM,M
KERHIN00051,SPICE INDIA,nan,141703.0,KERHIN/2016/69148,SPICES BOARD,KER,ERNAKULAM,M
KERTEL00012,SPICE INDIA,nan,141577.0,KERTEL/2016/69022,SPICES BOARD,KER,ERNAKULAM,Q
KERENG02197,SCMS JOURNAL OF INDIAN MANAGEMENT,एससीएमएस जर्नल ऑफ़ इंडियन मैनेजमेंट,105275.0,KERENG/2009/32718,SCHOOL OF COMMUNICATION AND MANAGEMENT STUDIES,KER,ERNAKULAM,Q
KERENG00795,INDIAN SEAFOODS,nan,7558.0,7558/ 63,THE MARINE PRODUCTS EXPORT PROMOTION COUNCIL,KER,ERNAKULAM,Q
KERBIL01927,ANGLO INDIAN JAURNAL,nan,35997.0,35997/ 80,THE UNION OF ANGLO INDIAN ASSOCIATION,KER,ERNAKULAM,Q
KERENG00280,INDIAN SPICES,nan,7853.0,7853/ 64,THE SPICES EXPORT PROMOTION COUNCIL,KER,ERNAKULAM,Q
KERENG02300,SUNDAY TIMES OF INDIA,संडे टाइम्स ऑफ़ इंडिया,118389.0,KERENG/2012/45832,"BENNETT, COLEMAN & CO.LTD",KER,ERNAKULAM,W
KERENG00985,INDIAN COMMUNICATOR,nan,55183.0,55183/ 94,THE SADVARTHA TRUST,KER,ERNAKULAM/ KOCHI,D
KERENG02179,SPICE INDIA,nan,44664.0,44664/ 88,SPICES BOARD,KER,ERNAKULAM/ KOCHI,M
KERTAM00103,SPICE INDIA,nan,44665.0,44665/ 88,SPICES BOARD,KER,ERNAKULAM/ KOCHI,M
KERMAL14123,SPICE INDIA,nan,44666.0,44666/ 88,SPICES BOARD,KER,ERNAKULAM/ KOCHI,M
KERKAN00123,SPICE INDIA,nan,44663.0,44663/ 88,SPICES BOARD,KER,ERNAKULAM/ KOCHI,M
KERMAL06560,INDIAN MESSENGER,nan,44780.0,44780/ 91,C K GEORGE,KER,ERNAKULAM/ KOCHI,M
KERENG00273,INDIAN MANAGER,nan,22458.0,22458/ 70,MANAGEMENT EDUCATION SCHOOL OF MANAGEMENT STUDIES UNIVERSITY OF KERALA,KER,ERNAKULAM/ KOCHI,Q
KERENG00261,INDIAN CASHEW JOURNAL,nan,5594.0,5594/ 57,THE CASHEW EXPORT PROMOTION COUNCIL,KER,ERNAKULAM-6,Q
KERENG02604,THE NEW INDIAN EXPRESS,nan,145759.0,KERENG/2017/73204,EXPRESS PUBLICATIONS (MADURAI) LTD.,KER,KANNUR,DS
KERENG01569,INDIAN MARTIAL ARTS THE JOURNAL,nan,81313.0,KERENG/2002/08756,DR.C.GANGADHARAN,KER,KANNUR,M
KERMAL14478,INDIAN NALIKERA JOURNAL,इंडियन नलिकेरा जर्नल,105376.0,KERMAL/2009/32819,COCONUT DEVELOPMENT BOARD,KER,KOCHI,M
KERENG02372,WATCH TIME INDIA,nan,117974.0,KERENG/2012/45417,THE MALAYALA MANORAMA CO.LTD,KER,KOCHI,Q
KERENG02606,THE NEW INDIAN EXPRESS,nan,145760.0,KERENG/2017/73205,EXPRESS PUBLICATIONS (MADURAI) PVT.LTD.,KER,KOLLAM,DS
KERMAL09142,THE INDIAN CHRONICLE,nan,36014.0,36014/ 80,CLAPPANA SULAIMAN,KER,KOLLAM,M
KERMAL14303,INDIAN THOZHILALI,nan,116735.0,KERMAL/2012/44178,P. GOPA KUMAR,KER,KOLLAM,M
KERENG02592,THE NEW INDIAN EXPRESS,nan,145247.0,KERENG/2017/72692,EXPRESS PUBLICATIONS (MADURAI) LTD,KER,KOTTAYAM,D
KERMAL09006,DEMOCRATIC NEWS INDIA,nan,71275.0,71275/ 99,PRIZINDIA MEDIA LTD,KER,KOTTAYAM,F
KERMAL14131,DEMOCRATIC NEWS INDIA,nan,70252.0,70252/ 99,PRIZE NEWS LTD,KER,KOTTAYAM,F
KERMAL03375,NEWS INDIA,nan,13445.0,13445/ 65,N. THOMAS AUGUSTINE,KER,KOTTAYAM,F
KERBIL00921,LABOUR INDIA KUDUMBAMASIKA,nan,55124.0,55124/ 92,V J GEORGE,KER,KOTTAYAM,M
KERMUL00098,LABOUR INDIA BALA MASIKA,nan,44783.0,44783/ 90,V.J GEORGE,KER,KOTTAYAM,M
KERMAL15683,STUDENTS INDIA,nan,133059.0,KERMAL/2015/60504,TWINKLE MARTIN,KER,KOTTAYAM,M
KERENG01368,PRIZINDIA'S PRIZE NEWS,nan,70381.0,70381/ 98,PRIZINDIA MEDIA LTD.,KER,KOTTAYAM,M
KERMUL00096,LABOUR INDIA,nan,44687.0,44687/ 87,V J GEORGE,KER,KOTTAYAM,M
KERMAL09121,FILM INDIA,nan,7863.0,7863/ 65,SHRI E.P KURIAN,KER,KOTTAYAM,M
KERMAL08908,MISS INDIA,nan,77759.0,KERMAL/1999/05202,RAJU JOHN,KER,KOTTAYAM,M
KERMUL00308,QUIZ INDIA,nan,44781.0,44781/ 90,V.J. GEORGE,KER,KOTTAYAM,M
KERENG01452,STUDY AND TRAVEL INDIA,nan,76660.0,KERENG/2001/04103,KUNNUPARAMBIL P. PUNNOOSE,KER,KOTTAYAM,Q
KERENG02593,THE NEW INDIAN EXPRESS,nan,,UR,EXPRESS PUBLICATIONS (MADURAI) LTD,KER,KOTTAYAM,W
KERMUL00370,PRIZINDIA'S PRIZE NEWS,nan,71287.0,71287/ 99,PRIZ INDIA MEDIA LTD.,KER,KOTTAYAM,W
KERENG00902,THE NEW INDIAN EXPRESS,द न्यू इंडियन एक्सप्रेस,55101.0,55101/ 92,EXPRESS PUBLICATIONS (MADURAI) LIMITED,KER,KOZHIKODE,D
KERENG02393,THE TIMES OF INDIA,द टाइम्स ऑफ़ इंडिया,119248.0,KERENG/2012/46691,"BENNETT, COLEMAN & CO.LTD",KER,KOZHIKODE,D
KERMAL07417,INDIAN DIARY,nan,61893.0,61893/ 94,V P RAVINDRAN,KER,KOZHIKODE,F
KERENG01859,INDIAN DENTIST RESEARCH AND REVIEW,INDIAN DENTIST RESEARCH AND REVIEW,91763.0,KERENG/2006/19206,DR. SIBI XAVIER,KER,KOZHIKODE,M
KERMAL07793,INDIA REVIEW,nan,55194.0,55194/ 94,V. ABDUL RAZAK,KER,KOZHIKODE,M
KERMAL14356,PROGRASSIVE INDIA,प्रोग्रेसिव इंडिया,106100.0,KERMAL/2010/33543,RAJEEV K.,KER,KOZHIKODE,M
KERMAL16341,HAIL INDIA,nan,160835.0,KERMAL/2023/88280,SURESH BABU VB,KER,MALAPPURAM,D
KERBIL01964,MEDI INDIA MEDICAL NEWS.COM,MEDI INDIA MEDICAL NEWS.COM,108239.0,KERBIL/2010/35682,MOHAMED ALKF,KER,MALAPPURAM,M
KERBIL02187,VILLAGE INDIA,nan,13427.0,13427/ 66,"RURAL INSTITUTE, TAVANUR",KER,MALAPPURAM,Q
KERMAL09856,SEVENTH STANDARD LABOUR INDIA,nan,75092.0,KERMAL/2000/02535,V.J.GEORGE KULANGARA,KER,MARANGATTUPILLY,M
KERMAL09855,FIFTH STANDARD LABOUR INDIA,nan,75063.0,KERMAL/2000/02506,V.J.GEORGE,KER,MARANGATTUPILLY,M
KERMAL09857,SIXTH STANDARD LABOUR INDIA,nan,75025.0,KERMAL/2000/02468,V.J.GEORGE KULANGARA,KER,MARANGATTUPILLY,M
KERMAL14892,VOICE OF INDIA,nan,119279.0,KERMAL/2012/46722,SAMKUTTY JACOB,KER,THIRUVALLA,M
KERMAL16178,MATHRIKA INDIA,nan,,nan,S NAVAS,KER,THIRUVANANTHAPURAM,D
KERENG02394,THE TIMES OF INDIA,द टाइम्स ऑफ़ इंडिया,119247.0,KERENG/2012/46690,"BENNETT, COLEMAN & CO.LTD",KER,THIRUVANANTHAPURAM,D
KERENG00257,THE NEW INDIAN EXPRESS,द न्यू इंडियन एक्सप्रेस,63431.0,63431/ 95,EXPRESS PUBLICATIONS (MADURAI) LTD,KER,THIRUVANANTHAPURAM,D
KERMAL05904,YOUTH INDIA,यूथ इंडिया,36064.0,36064/ 81,B. AMMINIKUTTY AMMA,KER,THIRUVANANTHAPURAM,D
KERMAL01675,INDIAN PEOPLES DAILY,nan,44506.0,44506/ 85,G GOPINATHAN,KER,THIRUVANANTHAPURAM,D
KERENG01621,LITTCRIT-AN INDIAN RESPONSE TO LITERATURE,nan,84098.0,KERENG/2002/11541,JOYCE RAJAN,KER,THIRUVANANTHAPURAM,HY
KERMAL11885,SPECIAL CARE INDIA NEWS,nan,88199.0,KERMAL/2004/15642,"PRESIDENT,SPECIAL CARE INDIA SOCIETY",KER,THIRUVANANTHAPURAM,M
KERMAL10061,INDIA VISION,nan,76661.0,KERMAL2000/04104,D.YESUDAS,KER,THIRUVANANTHAPURAM,M
KERBIL01081,TOURISM INDIA,nan,80199.0,KERBIL/1998/07642,TOURISM INDIA PUB.PVT.LTD.,KER,THIRUVANANTHAPURAM,M
KERMAL15413,INDIAN PRAVASI,इंडियन प्रवासी,136448.0,KERMAL/2014/63893,ANAS,KER,THIRUVANANTHAPURAM,M
KERENG00265,INDIAN AGRICULTURAL NEWS DIGEST,nan,20028.0,20028/ 70,HUGMANI NAIR,KER,THIRUVANANTHAPURAM,M
KERMAL07745,INDIAN TIMES,nan,55206.0,55206/ 94,M ABDUL VAHEED,KER,THIRUVANANTHAPURAM,M
KERMAL02582,LIFE INDIA,nan,27289.0,27289/ 74,M SREEKUMARAN NAIR,KER,THIRUVANANTHAPURAM,M
KERENG01814,IEEE INDIA INFO,आई ई ई ई इंडिया इन्फो,90429.0,KERENG/2006/17872,INSTITUTE OF ELECTRICAL & ELECTRONICS ENGINEERS,KER,THIRUVANANTHAPURAM,M
KERENG02116,INDIA FORWARD,nan,101436.0,KERENG/2008/28879,DR. G. JAYAKUMAR,KER,THIRUVANANTHAPURAM,M
KERENG02547,LIAISON INDIA PUBLICY,nan,44551.0,44551/ 86,KANANAKARA TRUST,KER,THIRUVANANTHAPURAM,M
KERENG02538,JOURNAL OF THE SOCIETY OF PUBLIC ANALYST & OTHER ANALYTICAL CHEMISTS OF INDIA,nan,28100.0,28100/ 75,SOCIETY OF PUBLIC ANALYSTS & OTHER ANALYTICAL CHEMISTS OF INDIA,KER,THIRUVANANTHAPURAM,Q
KERENG00285,JOURNAL OF INDIAN ROCKET,nan,22419.0,22419/ 71,INDIAN ROCKET SOCIETY,KER,THIRUVANANTHAPURAM,Q
KERENG02026,JOURNAL OF INDIAN HISTORY,nan,7566.0,7566/ 57,UNIVERSITY OF KERALA,KER,THIRUVANANTHAPURAM,THY
KERENG02403,SUNDAY TIMES OF INDIA,संडे टाइम्स ऑफ़ इंडिया,119729.0,KERENG/2012/47172,"BENNETT, COLEMAN & CO.LTD",KER,THIRUVANANTHAPURAM,W
KERMAL03115,MOTHER INDIA,मदर इंडिया,7870.0,7870/ 66,S M HANEEFA,KER,THIRUVANANTHAPURAM,W
KERMAL15856,INDIAN DELUSCE,nan,17018.0,17018/ 68,M .R. GOPALA KRISHNA KURUP,KER,THIRUVANANTHAPURAM,W
KERENG02597,THE NEW INDIAN EXPRESS,nan,145248.0,KERENG/2017/72693,EXPRESS PUBLICATIONS (MADURAI) LTD.,KER,THRISSUR,D
KERENG00487,ONE INDIA,nan,24829.0,24829/ 73,A. VIJAYAN,KER,THRISSUR,F
KERENG00646,SOUTH INDIAN BANK REVIEW,nan,27406.0,27406/ 75,THE SOUTH INDIAN BANK LTD,KER,THRISSUR,M
KERMAL16363,NAMASTHE INDIA,nan,,nan,P D JOSEPH,KER,THRISSUR,M
KERMAL12393,INDIAN PAGE,इंदियन पैज,89535.0,KERMAL/2005/16978,K.G.NANDA KUMAR,KER,THRISSUR,M
KERBIL01028,NEW INDIA TIMES,nan,66926.0,66926/ 96,THOLOOR SASIDHARAN,KER,THRISSUR,M
KERENG01194,ECHOES INDIA,nan,67366.0,67366/ 97,EPHRAIM JOHN,KER,THRISSUR,Q
KERENG00793,INDIAN HOMOEOPATHIC GAZETTE,nan,5765.0,5765/ 61,DR. MATHEWS,KER,THRISSUR,Q
KERBIL00207,INDIAN CITIZEN,nan,29403.0,29403/ 76,POTTEKKAT NARAYANI KARUNAKARAN,KER,THRISSUR,TWW
KERMAL08218,SOUTH INDIAN NEWS,nan,71361.0,71361/ 99,SALEENA RAZAK,KER,TRIVENDRUM,D
KERMAL01676,INDIAN JANATHA,nan,29630.0,29630/ 77,KOZHIKODE DIST COFFEE CURING LABOUR CONGRESS,KER,WAYANAD,F
MAHHIN04747,NATION OF INDIA,nan,85600.0,MAHHIN/2004/13043,JAMMU KHAN,MAH,AKOLA,W
MAHENG13455,THE TIMES OF INDIA,द टाइम्स ऑफ़ इंडिया,122577.0,MAHENG/2012/50022,"BENNETT, COLEMAN & CO.LTD",MAH,AURANGABAD,D
MAHENG07224,INDIAN BOTANICAL REPORTER,nan,40009.0,40009/ 82,D.S.MUKADAM,MAH,AURANGABAD,HY
MAHENG00130,ALL INDIA CRIMINAL LAW CASES,nan,39882.0,39882/ 80,ASHOK GROVER,MAH,AURANGABAD,M
MAHENG10604,INDIAN COMMUNITY,इंडि‍यन,90398.0,MAHENG/2006/17841,CHANDRASEN VENKATRAO JADHAV,MAH,AURANGABAD,M
MAHENG05085,JOURNAL OF ANATOMICAL SOCIETY OF INDIA,nan,24126.0,24126/ 73,"ASSOCIATION OF ANATOMICAL SOCIETY OF INDIA, AURANGABAD",MAH,AURANGABAD,Q
MAHENG02382,MANAGEMENT EDUCATION & TRAINING OF INDIA,nan,47014.0,47014/ 87,SHRINIWAS SHRIDHAR RAO JOSHI,MAH,AURANGABAD,Q
MAHMUL02667,INDUSTRIAL GROWTH OF INDIA,इंडस्ट्रियल ग्रोथ ऑफ़ इंडिया,103478.0,MAHMUL/2009/30921,GANESH RAHANE,MAH,AURANGABAD,Q
MAHENG13454,THE SUNDAY TIMES OF INDIA,द संडे टाइम्स ऑफ़ इंडिया,123737.0,MAHENG/2012/51182,"BENNETT, COLEMAN & CO.LTD",MAH,AURANGABAD,W
MAHHIN05533,INDIAN COMMUNITY,इंडियन कम्युनिटी,89452.0,MAHHIN/2006/16895,C.V.JADHAV,MAH,AURANGABAD,W
MAHMAR16816,PARKHAD WICHARANCHA INDIAN NEWS,nan,70565.0,70565/ 99,PRASHANT N MUTHA,MAH,AURANGABAD,W
MAHHIN00512,INDIAN REPORTER TIMES,nan,24061.0,24061/ 73,SHANKUNTALA,MAH,CHANDRAPUR,W
MAHHIN03167,INDIAN REPORTER TIMES,nan,24114.0,24114/ 73,SHAKUNTALA,MAH,CHANDRAPUR,W
MAHMAR45870,DAKSH CRIME INDIA,दक्ष क्राईम इंडिया,135308.0,MAHMAR/2015/62753,DESHMUKH SUNIL PRAKASH,MAH,DHULE,M
MAHMAR40544,INDIAN CRIME SAMACHAR,nan,116767.0,MAHMAR/2012/44210,MORE SUNIL DEORAM,MAH,DHULE,W
MAHMUL03941,HEALTHCARE OPPORTUNITY IN INDIA,nan,,nan,CHETAN TILOKCHAND JAIN,MAH,DHULE,W
MAHMAR42489,JAIBHIM INDIA,जयभीम इंडिया,129074.0,MAHMAR/2013/56519,DIVAKAR MANIKRAO MANE,MAH,HINGOLI,W
MAHMAR51253,INDIA KA WAQT,nan,,UR,ROSHAN ALI JAFAR ALI,MAH,JALGAON,W
MAHMAR47178,THE VOICE OF INDIA,nan,146820.0,MAHMAR/2017/74265,AMALE DNYANESHWAR VITTHAL,MAH,JALGAON,W
MAHMAR50772,INDIA TEJ KHABAR,nan,153832.0,MAHMAR/2021/81277,AAFIQUE BEG WAHED BEG MIRZA,MAH,JALGAON,W
MAHMAR41966,KOLHAPUR TIMES OF INDIA,कोल्हापुर टाइम्स ऑफ इंडिया,123736.0,MAHMAR/2013/51181,"BENNETT, COLEMAN & CO.LTD",MAH,KOLHAPUR,D
MAHENG13433,THE TIMES OF INDIA,द टाइम्स ऑफ़ इंडिया,121817.0,MAHENG/2013/49262,"BENNETT, COLEMAN & CO.LTD",MAH,KOLHAPUR,D
MAHENG13342,KOLHAPUR TIMES OF INDIA,कोल्हापुर टाइम्स ऑफ़ इंडिया,121658.0,MAHENG/2013/49103,"BENNETT, COLEMAN & CO.LTD",MAH,KOLHAPUR,D
MAHMAR50856,INDIACHA AAWAJ,nan,153859.0,MAHMAR/2021/81304,RAVINDRA SAHADEV KAMBLE,MAH,KOLHAPUR,W
MAHENG13434,THE SUNDAY TIMES OF INDIA,द संडे टाइम्स ऑफ़ इंडिया,121816.0,MAHENG/2013/49261,"BENNETT, COLEMAN & CO.LTD",MAH,KOLHAPUR,W
MAHENG14714,INDIAN SUPREMACY,nan,,UR,SHIVAJI DAYANAND JADE,MAH,LATUR,D
MAHMAR50231,AGRO INDIA,nan,,nan,BALAJI RAMRAO TALIKOTE,MAH,LATUR,W
MAHMAR51628,SUVARN INDIA,nan,,nan,SIDHESHWAR KISHANRAO SOMWANSHI,MAH,LATUR,W
MAHMAR52027,INDIA TIGER,nan,,nan,SACHIN BALBHIM BHOSLE,MAH,LATUR,W
MAHMAR52029,INDIA TIGER,nan,,nan,SACHIN BALBHIM BHOSLE,MAH,LATUR,W
MAHHIN07849,THE BUDDHIST INDIA,द बुद्धिस्ट इंडिया,106131.0,MAHHIN/2010/33574,GAIKWAD MAHADEV NIVRUTTI,MAH,LATUR,W
MAHENG01847,INDIAN PACKAGING DIRECTORY,nan,18776.0,18776/ 69,INDIAN INSTITUTE OF PACKAGING,MAH,MUMBAI,A
MAHENG01672,INDIAN FERTILIZER SCENE,nan,47103.0,47103/ 88,COMMERCIAL PUBLICATIONS,MAH,MUMBAI,A
MAHENG08295,HEALTH+CARE+INDIA YELLOW PAGES,nan,75942.0,MAHENG/2000/03385,BRINDER KUMAR VAID,MAH,MUMBAI,A
MAHENG01804,INDIAN JOURNALISTS GUIDE,nan,6419.0,6419/ 61,BOMBAY COLLEGE OF JOURNALISM,MAH,MUMBAI,A
MAHENG11306,THE TIMES OF INDIA ANNUAL,टाइम्स ऑफ़ इंडिया एनुअल,14189.0,14189/ 67,THE TIMES OF INDIA PRESS,MAH,MUMBAI,A
MAHENG00410,ALL INDIA TEXTIL DIRECTOR,nan,39850.0,39850/ 82,JOINT STOCK COMPANY,MAH,MUMBAI,A
MAHENG00978,DIRECTORY OF INDIAN BUSINESS,nan,65457.0,65457/ 96,DINANATH VEDPRAKASH AGARWAL,MAH,MUMBAI,A
MAHENG07057,ALL INDIA CONSTRUCTION & FURNISHING MATERIALS DIRECTORY & WHO'S WHO,nan,24150.0,24150/ 73,PRAKASH TULISIDAS GANDHI,MAH,MUMBAI,A
MAHENG10053,DAY SURGERY JOURNAL OF INDIA,ङे स,91448.0,MAHENG/2006/18891,THE INDIAN ASSOCIATION OF DAY SURGERY,MAH,MUMBAI,A
MAHENG07229,INDIAN CRICKET FIELD,nan,6273.0,6273/ 57,DICKY RATNAGAR,MAH,MUMBAI,A
MAHENG07243,INDIAN JOURNAL OF SERICULTURE,nan,9388.0,9388/ 62,CENTRAL SILK BOARD,MAH,MUMBAI,A
MAHENG01825,INDUSTRIAL & COMMERCIAL INDIA,nan,6110.0,6110/ 58,LEWIS DOVAS SILVA,MAH,MUMBAI,A
MAHENG04612,TEXTILE & ENGINEERING DIARY FOR INDIA AND PAKISTAN,nan,11316.0,11316/ 65,COMMERCE LTD.,MAH,MUMBAI,A
MAHENG13012,FUSE INDIA,nan,112644.0,MAHENG/2011/40087,FUSE PUBLICATIONS PVT. LTD.,MAH,MUMBAI,A
MAHENG08457,ALL INDIA INDUSTRIAL & BUSINESS GUIDE,nan,77427.0,MAHENG/2001/04870,BRINDER KUMAR VAID,MAH,MUMBAI,A
MAHENG00127,ALL INDIA ANNUAL MUNICIPAL LIST,nan,16761.0,16761/ 67,MADHAV NARAYANRAO NADKAR,MAH,MUMBAI,A
MAHENG03395,TEXTIL PROGRES IN INDIA,nan,9252.0,9252/ 63,DEVRAJ & A.CHANDRA,MAH,MUMBAI,A
MAHENG00502,BULLETIN OF MANAGEMENT TRAINING IN INDIA & ABROAD,nan,37463.0,37463/ 80,"INDIAN INSTITUTE OF MANAGEMENT STUDIES, MUMBAI",MAH,MUMBAI,A
MAHENG11856,THE ARCHITECTURAL AND BUILDING DIRECTOR OF INDIA,nan,37485.0,37485/ 80,BUSINESS PRESS PVT. LTD,MAH,MUMBAI,A
MAHENG05215,INDIAN MACHINE TOOL DESK BOOK,nan,57037.0,57037/ 92,COMMERCIAL PUBLICATION,MAH,MUMBAI,A
MAHENG07231,INDIAN ENTREPRENEURS,nan,18814.0,18814/ 69,MEETA ENTERPRISES,MAH,MUMBAI,A
MAHENG14625,MNLU MUMBAI INDIAN JOURNAL OF CONSTITUTIONAL JURISPRUDENCE,nan,,nan,MAHARASHTRA NATIONAL LAW UNIVERSITY MUMBAI,MAH,MUMBAI,A
MAHENG07225,INDIAN CEMENT INDUSTRY DESK BOOK,nan,54710.0,54710/ 91,COMMERCIAL PUBLICATION,MAH,MUMBAI,A
MAHENG01867,INDIAN INSURANCE DIRECTORY,nan,11230.0,11230/ 57,V.N.C. NARICHANIA,MAH,MUMBAI,A
MAHENG01899,INDIAN TEXTILE REVIEW,nan,27969.0,27969/ 74,PHILIP MYABOO,MAH,MUMBAI,A
MAHENG01870,INDIAN JEWS YEAR BOOK,nan,18741.0,18741/ 69,EMANUEL ELIEZER JOSEPH,MAH,MUMBAI,A
MAHENG01763,INDIA & PAKISTAN WOOL HOSIERY & FABRICS,nan,11315.0,11315/ 65,COMMERCE LTD.,MAH,MUMBAI,A
MAHENG07134,CONTRIBUTIONS TO INDIAN SOCIOLOGY (NEW SERIES),nan,18837.0,18837/ 67,INSTITUTE OF ECONOMIC GROWTH,MAH,MUMBAI,A
MAHENG02328,MBI'S INDIAN INDUSTRIAL ANNUAL,nan,14020.0,14020/ 66,S. T. CHARY,MAH,MUMBAI,A
MAHENG01765,ILLUSTRATED WEEKLY OF INDIA ANNUAL,nan,31914.0,31914/ 72,BENNETT COLEMAN & CO. LTD.,MAH,MUMBAI,A
MAHENG03337,A SURVEY OF PHARMACEUTICAL INDUSTRY IN INDIA,nan,6451.0,6451/ 62,BOMBAY PUBLISHING HOUSE,MAH,MUMBAI,A
MAHENG04389,INDIAN MANUFACTURER,nan,6327.0,6327/ 60,P. RAGHAVAN,MAH,MUMBAI,BM
MAHENG00160,ARCHITECTS INDIA,nan,49765.0,49765/ 89,SANTOSH KUMAR,MAH,MUMBAI,BM
MAHENG03390,TEXTILES INDIA PROGRESS,nan,43692.0,43692/ 82,VISWANATH CHANDRAN,MAH,MUMBAI,BM
MAHENG04964,THE INDIAN THOROUGHBRED,nan,47152.0,47152/ 87,SHAMIM FAROUQ RATIONSEY,MAH,MUMBAI,BM
MAHENG01882,INDIAN JOURNAL OF GASTROENTEROLOGY,nan,39935.0,39935/ 83,INDIAN SOCIETY OF GASTROENTEROLOGY BOMBAY MUTUAL TERRACE,MAH,MUMBAI,BM
MAHENG12821,LUNG INDIA,nan,113670.0,MAHENG/2012/41113,INDIAN CHEST SOCIETY,MAH,MUMBAI,BM
MAHENG03266,STATE BANK OF INDIA INDIAN ECONOMIC NEWS LETTER,nan,47111.0,47111/ 87,STATE BANK OF INDIA,MAH,MUMBAI,BM
MAHENG01679,INDIAN FOREIGN TRADE JOURNAL,nan,18774.0,18774/ 68,CHANDRAKANT RAMCHANDRA NERURKAR,MAH,MUMBAI,BM
MAHHIN00502,INDIAN COUNCIL OF BASIC EDUCATION BULLETIN,nan,18775.0,18775/ 68,INDIAN COUNCIL OF BASIC EDUCATION,MAH,MUMBAI,BM
MAHENG12752,INDIAN JOURNAL OF NEPHROLOGY,nan,111698.0,MAHENG/2011/39141,INDIAN SOCIETY OF NEPHROLOGY,MAH,MUMBAI,BM
MAHENG12763,INDIAN JOURNAL OF ENDOCRINOLOGY AND METABOLISM,nan,115032.0,MAHENG/2012/42475,ENDOCRINE SOCIETY OF INDIA,MAH,MUMBAI,BM
MAHENG07242,INDIAN JOURNAL OF PHARMACEUTICAL SCIENCES,nan,14000.0,14000/ 57,INDIAN PHARMACEUTICAL ASSOCIATION,MAH,MUMBAI,BM
MAHENG12935,THE TILES OF INDIA,nan,132318.0,MAHENG/2013/59763,JIGNESH H. TRIVEDI,MAH,MUMBAI,BM
MAHENG02990,PRODUCTS FROM INDIA,nan,27906.0,27906/ 75,BUSINESS PRESS PVT. LTD.,MAH,MUMBAI,BM
MAHENG07142,CZ INDIA INSTRUMENTS REVIEW,nan,18854.0,18854/ 69,CZ INSTRUMENTS INDIA PVT. LTD.,MAH,MUMBAI,BM
MAHENG12861,JOURNAL OF INDIAN SOCIETY OF PERIODONTOLOGY,nan,111556.0,MAHENG/2011/38999,INDIAN SOCIETY OF PERIODONTOLOGY,MAH,MUMBAI,BM
MAHENG07228,INDIAN COTTON JOURNAL,nan,6115.0,6115/ 60,"INDIAN CENTRAL COTTON COMMITTE, MIN OF FOOD AND AGRICULTURE",MAH,MUMBAI,BM
MAHENG11672,WORLD PUMPS INDIA,nan,110266.0,MAHENG/2008/37709,VASANT PUBLISHERS,MAH,MUMBAI,BM
MAHENG09963,THE MOVEMENT OF INDIA,द मूवमैंट ऑफ इंडि‍या,90640.0,MAHENG/2006/18083,SANJAY MANGALA GOPAL,MAH,MUMBAI,BM
MAHENG10810,INDIA BOATING,nan,96030.0,MAHENG/2008/23473,BLUE WATER PUBLICATIONS PVT.LTD.,MAH,MUMBAI,BM
MAHENG00261,BANK AMERICAN INDIA,nan,49752.0,49752/ 88,BANK OF AMERICA,MAH,MUMBAI,BM
MAHENG07318,NEW LOOK ON INDIAN FASHION SCENE,nan,49875.0,49875/ 90,SHARAD RATANSHI PASAD,MAH,MUMBAI,BM
MAHENG10373,LIGHTING INDIA,nan,97473.0,MAHENG/2006/24916,MAHADEVAN IYER,MAH,MUMBAI,BM
MAHENG04574,INDIAN DRUG & PHARMACEUTICALS INDUSTRY,nan,11311.0,11311/ 66,S. T. CHARY,MAH,MUMBAI,BM
MAHENG14722,PASSIVE FIRE SAFE INDIA,nan,,nan,YOGITA NANDKUMAR MUNDHE,MAH,MUMBAI,BM
MAHENG04705,THE INDIAN RED CROSS SOCIETY ST.JOHN AMBULANCE,nan,11249.0,11249/ 64,INDIAN RED CROSS SOCIETY (MAHARASHTRA STATE BRANCH),MAH,MUMBAI,BM
MAHENG09190,JEWELLERY NEWS(INDIA),nan,84881.0,MAHENG/2003/12324,C.T.JAIN,MAH,MUMBAI,BM
MAHGUJ00230,INDIAN COUNCIL OF BASIC EDUCATION BULLETIN,nan,14085.0,14085/ 67,INDIAN COUNCIL OF BASIC EDUCATION,MAH,MUMBAI,BM
MAHMAR02195,INDIAN COUNCIL OF BASIC EDUCATION BULLETIN,nan,14086.0,14086/ 67,INDIAN COUNCIL OF BASIC EDUCATION,MAH,MUMBAI,BM
MAHENG14305,DYNAMIC MANUFACTURING INDIA,nan,146467.0,MAHENG/2017/73912,MESHMIX MEDIA PRIVATE LIMITED,MAH,MUMBAI,BM
MAHENG07140,CYANAMID INDIA NEWSLETTER,nan,9321.0,9321/ 64,CYANAMID INDIA LTD.,MAH,MUMBAI,BM
MAHENG01952,INSTRUMENTS INDIA,nan,11576.0,11576/ 57,ALL INDIA INSTRUMENTS MANUFACTURERS AND DEALERS ASSOCIATION,MAH,MUMBAI,BM
MAHENG07321,THE JOURNAL OF OBSTETRICS AND GYNAECOLOGY OF INDIA,nan,6107.0,6107/ 57,THE FEDERATION OF OBSTETRICS AND GYNAECOLOGICAL SOCIETIES OF INDIA,MAH,MUMBAI,BM
MAHENG03749,TOURIST INDIA,nan,6222.0,6222/ 60,HERBERT PINTO,MAH,MUMBAI,BM
MAHENG09103,LABELS & NARROWEB TECH INDIA,nan,85801.0,MAHENG/2003/13244,MOHAN DAS,MAH,MUMBAI,BM
MAHENG14740,JOURNAL OF INDIAN FEDERATION OF NEUROREHABILITATION,nan,,nan,INDIAN FEDERATION OF NEUROREHABILITATION,MAH,MUMBAI,BNL
MAHENG14691,FORESIGHT INDIA,nan,,nan,DEWANG GOYAL S/O MAHIP GOYAL,MAH,MUMBAI,D
MAHTAM00095,BOLD INDIA TAMIL NEWS,nan,43674.0,43674/ 85,BOLD INDIA PUBLICATION,MAH,MUMBAI,D
MAHENG03721,THE TIMES OF INDIA,द टाइम्स ऑफ़ इंडिया,1547.0,1547/ 57,"BENNETT, COLEMAN & CO. LTD",MAH,MUMBAI,D
MAHENG12748,THE HAPPENINGS OF INDIA,nan,120343.0,MAHENG/2013/47786,KRISHNAN RAMANATHAN,MAH,MUMBAI,D
MAHHIN03376,INDIAN READER SAMACHAR,nan,72233.0,72233/ 99,ARUN DUBE,MAH,MUMBAI,D
MAHENG02126,JOURNAL OF INDIAN WATERWORKS ASSOCIATION,nan,18768.0,18768/ 69,INDIAN WATERWORKS ASSOCIATION,MAH,MUMBAI,D
MAHENG01162,THE EVENING NEWS OF INDIA,दि इवनिंग न्यूज़ ऑफ़ इंडिया,1539.0,1539/ 57,T.P PITHAVALA,MAH,MUMBAI,D
MAHHIN09093,NEW INDIA HERALD,न्यू इंडिया हेराल्ड,127122.0,MAHHIN/2014/54567,RAJESH KUMAR JAIN,MAH,MUMBAI,D
MAHENG01901,THE INDIAN POST,द इंडियन पोस्ट,43852.0,43852/ 86,M/S. INDIAN CHRONICLE PVT. LTD.,MAH,MUMBAI,D
MAHENG14652,FIRST INDIA,nan,,nan,FIRST EXPRESS PUBLISHERS,MAH,MUMBAI,D
MAHENG13512,ABSOLUTE INDIA,nan,126103.0,MAHENG/2013/53548,YOGENDRA CHATURVEDI,MAH,MUMBAI,D
MAHENG08462,MARITIME INDIA,nan,77213.0,MAHENG/2001/04656,BHAVIN S.MODI,MAH,MUMBAI,D
MAHENG01666,THE INDIAN EXPRESS,दि इंडियन एक्सप्रेस,1543.0,1543/ 57,THE INDIAN EXPRESS PVT. LIMITED,MAH,MUMBAI,D
MAHHIN08145,INDIAN JUNG,nan,110037.0,MAHHIN/2011/37480,ALOK MOHAN,MAH,MUMBAI,D
MAHENG04272,THE PRESS TRUST OF INDIA JOURNAL,द प्रेस ट्रस्ट ऑफ़ इंडिया जर्नल,1556.0,1556/ 57,P T I LTD,MAH,MUMBAI,D
MAHHIN09028,ABSOLUTE INDIA,nan,126102.0,MAHHIN/2013/53547,YOGENDRA CHATURVEDI,MAH,MUMBAI,D
MAHENG06573,PUNE TIMES OF INDIA,पुणे टाइम्स ऑफ़ इंडिया,72796.0,MAHENG/1999/00239,"BENNETT, COLEMAN & CO.LTD.",MAH,MUMBAI,D
MAHENG07171,FORTNIGHTLY BULLETIN OF THE STATE BANK OF INDIA,nan,20799.0,20799/ 71,STATE BANK OF INDIA SUPERVISING OFFICIALS ASSOCIATION,MAH,MUMBAI,F
MAHENG02338,MADE IN INDIA TODAY,nan,20874.0,20874/ 71,MARKETING ADVERTISING AND SALES PROMOTION SERVECES INDIA,MAH,MUMBAI,F
MAHENG04313,THE INDIAN LIBERTARIAN,THE INDIAN LIBERTARIAN,1593.0,1593/ 57,LIBERTARIAN PUBLISHERS PVT LTD,MAH,MUMBAI,F
MAHENG11463,AKS-INDIA ENRICHED,अक्स-इंडिया एनरिच्ड,97390.0,MAHENG/2008/24833,HIMANSHU KAPADIA,MAH,MUMBAI,F
MAHENG04623,THE BOMBAY EAST INDIAN,nan,6044.0,6044/ 57,S.DIAS,MAH,MUMBAI,F
MAHENG05779,INDIAN DYE-CHEM BULLETIN,nan,65529.0,65529/ 94,M/S.KRISHNA PUBLICATIONS,MAH,MUMBAI,F
MAHENG11930,FORBES INDIA,फ़ोर्ब्स इंडिया,100659.0,MAHENG/2009/28102,DIGITAL 18 MEDIA LIMITED,MAH,MUMBAI,F
MAHENG00107,ALL INDIA IMPORT EXPORT JOURNAL,nan,46992.0,46992/ 88,RAMESH A. SHETTY,MAH,MUMBAI,F
MAHENG12010,SUPERKIDZ INDIA,सुपरकिड्ज़ इंडिया,107328.0,MAHENG/2009/34771,RAJIV K. SANGHVI,MAH,MUMBAI,F
MAHENG06672,COMPUTER USER (INDIA),nan,68257.0,68257/ 97,S R COMPUTER CONCEPTS PVT LTD,MAH,MUMBAI,F
MAHENG11104,CAMPAIGN INDIA,nan,94979.0,MAHENG/2007/22422,HAYMARKET MEDIA INDIA PVT. LTD.,MAH,MUMBAI,F
MAHENG11073,CORPORATE INDIA,nan,96110.0,MAHENG/2008/23553,FORTUNE PUBLICATIONS PVT. LTD.,MAH,MUMBAI,F
MAHENG07110,BUSINESS INDIA THE MAGAZINE OFFICE CORPORATE WORLD,nan,35850.0,35850/ 78,"M/S BUSINESS INDIA, MUMBAI",MAH,MUMBAI,F
MAHENG12343,SUPERKIDZ INDIA JUNIOR,nan,110018.0,MAHENG/2010/37461,RAJIV K. SANGHVI,MAH,MUMBAI,F
MAHENG07227,INDIAN CO OPERATOR,nan,6343.0,6343/ 62,C.B.L. BHATNAGAR,MAH,MUMBAI,F
MAHENG09308,ALL INDIA PLASTICS MANUFACTURERS ASSN.,nan,85267.0,MAHENG/2004/12710,THE ALL INDIAN PLASTICS MANUFACTURERS ASSOCIATION,MAH,MUMBAI,F
MAHHIN09517,INDIAN CORPORATE NEWS,इंडियन कॉर्पोरेट न्यूज़,140038.0,MAHHIN/2016/67483,SUBHASH KANTILAL SHRIMALI,MAH,MUMBAI,F
MAHENG01839,INDIAN MOTION PICTURE INDUSTRY BOX OFFICE,nan,18760.0,18760/ 68,H KOHLI,MAH,MUMBAI,F
MAHENG12878,THE SOLUTION OF INDIA,nan,112724.0,MAHENG/2011/40167,IQBAL MEHMOOD KHAN,MAH,MUMBAI,F
MAHENG12977,ABOUT INDIA,nan,113671.0,MAHENG/2011/41114,HARISH R. JOSHI,MAH,MUMBAI,F
MAHENG14377,JOURNAL OF THE INDIAN ACADEMY OF ECHOCARDIOGRAPHY AND CARDIOVASCULAR IMAGING,nan,151190.0,MAHENG/2019/78635,INDIAN ACADEMY OF ECHOCARDIOGRAPHY,MAH,MUMBAI,FMY
MAHENG13378,INDIAN JOURNAL OF PAIN,nan,124322.0,MAHENG/2013/51767,INDIAN SOCIETY FOR STUDY OF PAIN,MAH,MUMBAI,FMY
MAHENG13725,THE GREAT HEART OF INDIA,nan,135029.0,MAHENG/2015/62474,SAYYED FIROZ ANWAR,MAH,MUMBAI,HY
MAHENG07221,INDIA PAST AND PRESENT,nan,39945.0,39945/ 84,GEORGE M. MORAES,MAH,MUMBAI,HY
MAHENG14659,KAHER INDIAN JOURNAL OF PHYSICAL THERAPY AND RESEARCH,nan,,nan,KLE ACADEMY OF HIGHER EDUCATION AND RESEARCH,MAH,MUMBAI,HY
MAHENG02124,JOURNAL OF THE INDIAN SOCIETY FOR COTTON IMPROVMENT,nan,31804.0,31804/ 76,"INDIAN SOCIETY FOR COTTON IMPROVED, MUMBAI",MAH,MUMBAI,HY
MAHENG11857,RESERVE BANK OF INDIA OCCASIONAL PAPERS,nan,37535.0,37535/ 80,RESERVE BANK OF INDIA,MAH,MUMBAI,HY
MAHENG14375,INDIAN JOURNAL OF RESPIRATORY CARE IARC,nan,150820.0,MAHENG/2019/78265,INDIAN ASSOCIATION OF RESPIRATORY CARE,MAH,MUMBAI,HY
MAHENG07237,INDIAN JOURNAL OF CANCER,nan,9322.0,9322/ 63,INDIAN CANCER SOCIETY,MAH,MUMBAI,HY
MAHENG14334,ANNALS OF INDIAN PSYCHIATRY IPS,nan,146112.0,MAHENG/2017/73557,INDIAN PSYCHIATRIC SOCIETY,MAH,MUMBAI,HY
MAHENG07230,INDIAN ECONOMIC REVIEW,nan,4527.0,4527/ 57,DELHI SCHOOL OF ECONOMICS,MAH,MUMBAI,HY
MAHENG01724,THE INDIAN CONTACT LENS JOURNAL,nan,31877.0,31877/ 76,INDIAN CONTACT LENS SOCIETY,MAH,MUMBAI,HY
MAHENG13964,JOURNAL OF THE INDIAN ACADEMY OF DENTISTRY,nan,14146.0,14146/ 60,INDIAN SOCIETY OF DENTISTRY,MAH,MUMBAI,HY
MAHENG14256,INDIAN JOURNAL OF HEALTH SCIENCES AND BIOMEDICAL RESEARCH KLEU,nan,146940.0,MAHENG/2017/74385,KLE UNIVERSITY FORMERLY KNOWN AS KLE ACADEMY OF HIGHER EDUCATION AND RESEARCH,MAH,MUMBAI,HY
MAHENG13356,INDIAN JOURNAL OF BURNS,nan,122269.0,MAHENG/2013/49714,NATONAL ACADEMY OF BURNS,MAH,MUMBAI,HY
MAHBIL03144,BANK OF INDIA SATARKATA,nan,79804.0,MAHBIL/1999/07247,BANK OF INDIA,MAH,MUMBAI,HY
MAHENG12775,INDIAN JOURNAL OF PSYCHOLOGICAL MEDICINE,nan,111356.0,MAHENG/2011/38799,"OFFICIAL PUBLICATION OF INDIAN PSYCHIATRIC SOCIETY, SOUTH ZONE",MAH,MUMBAI,HY
MAHENG01878,INDIAN JOURNAL OF INTERNAL MEDICINE,nan,49902.0,49902/ 90,VISHVABANDHU PANDEYA,MAH,MUMBAI,M
MAHENG01707,INDIAN CALENDAR OF MEDICAL EVENTS,nan,22763.0,22763/ 73,MRS. P.H. SHETH,MAH,MUMBAI,M
MAHHIN00507,INDIAN OIL SAMACHAR,nan,31650.0,31650/ 77,INDIAN OIL CORPORATION LTD,MAH,MUMBAI,M
MAHENG01754,THE INDIAN BANKING & FINANCIAL REVIEW,nan,6257.0,6257/ 62,M/S. COMITA PUBLICATIONS,MAH,MUMBAI,M
MAHENG04387,INDIAN JOURNAL OF MEDICAL SCIENCE,nan,6325.0,6325/ 57,BOARD OF THE INDIAN JOURNAL OF MEDICAL SCIENCE,MAH,MUMBAI,M
MAHENG11892,ARCHITECT AND INTERIORS INDIA,आर्किटेक्ट एंड इंटीरियर्स इंडिया,105968.0,MAHENG/2009/33411,ITP PUBLISHING INDIA PRIVATE LIMITED,MAH,MUMBAI,M
MAHENG01897,THE INDIAN TEXTILE JOURNAL,दि इंडियन टेक्सटाइल जर्नल,1830.0,1830/ 57,I P FONLINE PVT. LTD.,MAH,MUMBAI,M
MAHENG04328,ASIAN AND INDIAN SKYWAYS,एशियन एंड इंडियन स्काइवेज़,1950.0,1950/ 57,AERONAUTICAL PUBLICATIONS OF INDIA PVT LTD,MAH,MUMBAI,M
MAHENG07488,INDIAN READER,nan,70450.0,70450/ 99,ARUN DUBE,MAH,MUMBAI,M
MAHHIN02541,ASAKA INDIA,nan,65138.0,65138/ 96,ASAKA CINE ARTS PVT. LTD.,MAH,MUMBAI,M
MAHENG07258,INDIAN INSTITUTE OF RD TRANSPORT MONTHLY BULLETIN,nan,13992.0,13992/ 60,INDIAN INSTITUTE OF ROAD TRANSPORT,MAH,MUMBAI,M
MAHENG04392,THE INDIAN PRACTITIONER,nan,13993.0,13993/ 57,KENNETH METHEWS,MAH,MUMBAI,M
MAHENG12452,POWER WATCH INDIA,पावर वाच इंडिया,106247.0,MAHENG/2010/33690,NEXT GEN PUBLISHING PVT. LTD.,MAH,MUMBAI,M
MAHENG11482,CW INTERIORS INDIA,nan,98876.0,MAHENG/2008/26319,ASAPP MEDIA PVT. LTD.,MAH,MUMBAI,M
MAHENG13545,ENLIGHTEN INDIA,एनलाइटन इंडिया,125695.0,MAHENG/2013/53140,MITESH K. MEHTA,MAH,MUMBAI,M
MAHENG11697,HOTELIER INDIA,होटेलियर इंडिया,107205.0,MAHENG/2009/34648,ITP PUBLISHING INDIA PRIVATE LIMITED,MAH,MUMBAI,M
MAHENG07251,INDIAN TEXTILE BULLETIN,nan,19136.0,19136/ 57,OFFICE OF THE TEXTILE COMMISSIONER,MAH,MUMBAI,M
MAHENG06933,ENVIRONMENTAL CONCERNS OF INDIA,nan,70643.0,70643/ 99,CENTRE FOR HUMAN ECOLOGY,MAH,MUMBAI,M
MAHENG02056,INDUSTRIAL NEWS OF INDIA,nan,39994.0,39994/ 84,KULDIP SINGH PALIA,MAH,MUMBAI,M
MAHENG02940,POPULAR ELECTRONICS INDIA,nan,39876.0,39876/ 83,RANDHIR SINHA,MAH,MUMBAI,M
MAHENG14089,INDIAN SOJOURN,nan,27949.0,27949/ 75,DESAI TRILOK KANCHANLAL,MAH,MUMBAI,M
MAHENG04454,STATE BANK OF INDIA MONTHLY REVIEW,nan,11490.0,11490/ 62,STATE BANK OF INDIA,MAH,MUMBAI,M
MAHENG04448,RURAL INDIA,nan,11546.0,11546/ 57,ADARSH SEVA SANGH,MAH,MUMBAI,M
MAHENG01911,INDIAN RUBBER & PLASTICS AGE,nan,11426.0,11426/ 66,RAMESH CHANDRA KAPUR,MAH,MUMBAI,M
MAHENG01654,INDIAN DRUGS,nan,11547.0,11547/ 63,INDIAN DRUG MANUFACTURERS ASSOCIATION,MAH,MUMBAI,M
MAHENG04379,INDIAN CHEMICAL JOURNAL,nan,11579.0,11579/ 66,SEVAK PUBLICATIONS,MAH,MUMBAI,M
MAHHIN06002,SHADOW INDIA,शैडो इंडि‍या,90693.0,MAHHIN/2006/18136,FAAIZ ANWAAR QURESHI,MAH,MUMBAI,M
MAHENG14169,INDIAN ECONOMY & MARKET,nan,143903.0,MAHENG/2016/71348,KRISHNA KUMAR KESHO RAM MISHRA,MAH,MUMBAI,M
MAHENG04345,CHEMICAL AGE OF INDIA,nan,6207.0,6207/ 57,J.P.DESOUZA,MAH,MUMBAI,M
MAHENG04429,NUCLEAR INDIA,न्यूक्लियर इंडिया,9002.0,9002/ 62,DEPTT OF ATOMIC ENERGY,MAH,MUMBAI,M
MAHENG01860,INDIAN INDUSTRIES & BUSINESS CONTACTS,nan,40008.0,40008/ 84,CONTACT PUBLICATION,MAH,MUMBAI,M
MAHENG01917,INDIAN SHIPPING REVIEW,nan,43768.0,43768/ 85,SAFSET AGENCIES PVT. LTD.,MAH,MUMBAI,M
MAHENG01646,INDIAN CONSUMER SOURCES,nan,46948.0,46948/ 87,INDUSTRIAL MAGAZINES(MUMBAI) PVT. LTD.,MAH,MUMBAI,M
MAHENG04433,PAINTINDIA,nan,6467.0,6467/ 57,COLOUR PUBLICATIONS PVT. LTD.,MAH,MUMBAI,M
MAHENG04452,SILK AND RAYON INDUSTRIES OF INDIA,nan,6469.0,6469/ 58,SILK AND RAYON TAXTILES EXPORT PROMOTION COUNCIL,MAH,MUMBAI,M
MAHENG01842,INDIANOIL NEWS,nan,9125.0,9125/ 63,INDIAN OIL CORPORATION .LTD,MAH,MUMBAI,M
MAHENG07486,AUTOCAR INDIA,nan,71739.0,71739/ 99,"M/S HAYMARKET SAC PUBLISHING (INDIA) PVT,LTD.",MAH,MUMBAI,M
MAHENG01916,INDIAN SHIPPING AND SHIPBUILDING,nan,21360.0,21360/ 75,VED SHARMA CHHABRA,MAH,MUMBAI,M
MAHENG11177,LOG.INDIA,nan,96334.0,MAHENG/2007/23777,D.V.V. MEDIA INDIA PRIVATE LTD.,MAH,MUMBAI,M
MAHBIL05829,PRAY-INDIA,nan,109387.0,MAHBIL/2009/36830,AJAY D. PATOLE,MAH,MUMBAI,M
MAHENG10493,GLITTERING INDIA,nan,96041.0,MAHENG/2007/23484,MAHARSHI PRINTER PVT.LTD.,MAH,MUMBAI,M
MAHENG04406,INDUSTRIAL INDIA,इंडस्ट्रियल इंडिया,1805.0,1805/ 57,MAHADEVAN IYER,MAH,MUMBAI,M
MAHENG01678,INDIAN FORECASTER,इंडियन फोरकास्टर,1914.0,1914/ 58,MARKET TREND PUBLICATIONS,MAH,MUMBAI,M
MAHBIL07224,INDIA BULLION AND JEWELLERS BULLETIN,nan,139706.0,MAHBIL/2015/67151,SIDHRAJ LODHA,MAH,MUMBAI,M
MAHENG13726,INDIAN COSMETOLOGIST JOURNAL,nan,135170.0,MAHENG/2015/62615,PARADIGM INFOCOM PVT.LTD.,MAH,MUMBAI,M
MAHENG04380,INDIAN CLOTHING JOURNAL,nan,9455.0,9455/ 65,COMMERCIAL AND TECHNICAL PUBLICATIONS,MAH,MUMBAI,M
MAHENG11869,THE INDIA MAGAZINE OF HER PEPOLE AND CULTURE,nan,63897.0,63897/ 92,M/S BUSINESS INDIA,MAH,MUMBAI,M
MAHENG00092,AMAR INDIA,nan,37718.0,37718/ 81,INDIA BOOK HOUSE PVT. LTD.,MAH,MUMBAI,M
MAHENG01680,INDIAN GEMMOLOGIST,nan,49887.0,49887/ 89,FORUM OF INDIAN GEMMOLOGISTS,MAH,MUMBAI,M
MAHENG07117,CENTRAL BANK OF INDIA ECONOMIC BULLETIN,nan,37596.0,37596/ 81,CENTRAL BANK OF INDIA,MAH,MUMBAI,M
MAHENG05573,GREAT SWATANTRA INDIA,nan,63463.0,63463/ 94,SWATANTRA KUMAR P. ANAND,MAH,MUMBAI,M
MAHENG04395,INDIAN SHIPPING,nan,6255.0,6255/ 57,THE INDIAN NATIONAL SHIPOWNERS ASSOCIATION,MAH,MUMBAI,M
MAHENG05096,MAN MADE TEXTILE IN INDIA,nan,22803.0,22803/ 73,THE SYNTHETIC & ART SILK MILLS RESEARCH ASSOCIATION. (SASMIRA).,MAH,MUMBAI,M
MAHENG04957,INDIAN INDUSTRIAL SOURCES,nan,43762.0,43762/ 85,INDUSTRIAL MAGAZINE PVT. LTD.,MAH,MUMBAI,M
MAHENG03750,TOURIST INDIA INTERNATIONAL,nan,43901.0,43901/ 87,PRESS & PUBLICITY SYNDICATE OF INDIA,MAH,MUMBAI,M
MAHENG13481,A &S INDIA,nan,136524.0,MAHENG/2014/63969,OIL ASIA PUBLICATION PVT LTD,MAH,MUMBAI,M
MAHENG07285,MACHINE INDIA,nan,6354.0,6354/ 62,COLOUR PUBLICATIONS PVT. LTD.,MAH,MUMBAI,M
MAHENG07232,INDIAN FOOD FIELD REPORTER,nan,9151.0,9151/ 63,G.A.SWAMI AND NARESH KUMAR,MAH,MUMBAI,M
MAHENG01807,INDIAN LABOUR REVIEW,nan,6308.0,6308/ 58,JAYANT PRAGJI THAKKAR,MAH,MUMBAI,M
MAHENG01809,INDIAN LAW REVIEW,nan,31718.0,31718/ 79,K.K. BUBANESWARI,MAH,MUMBAI,M
MAHENG11297,FILM INDIA,फिल्म इंडिया,1765.0,1765/ 57,SUMATI PUBLICATIONS LTD.,MAH,MUMBAI,M
MAHENG07102,BULLETIN OF BUILDERS ASSOCIATION OF INDIA,nan,4473.0,4473/ 68,BUILDERS ASSOCIATION OF INDIA,MAH,MUMBAI,M
MAHENG04197,JOURNAL OF THE INDIAN MEDICAL PROFESSION,जर्नल ऑफ़ द इंडियन मेडिकल प्रोफेशन,1804.0,1804/ 57,"A MACRAE & CO (P) LTD,",MAH,MUMBAI,M
MAHENG04226,THE TEXTILE MONTHLY OF INDIA,द टेक्सटाइल मंथली ऑफ़ इंडिया,1868.0,1868/ 57,M RAMESH,MAH,MUMBAI,M
MAHHIN09387,INDIA AT 543 MEMBERS AT ITS BEST,nan,135495.0,MAHHIN/2015/62940,Y2 NEWS & MEDIA PRIVATE LIMITED,MAH,MUMBAI,M
MAHENG08188,PRINTVISION INDIA,nan,77871.0,MAHENG/2001/05314,THE BOMBAY MASTER PRINTERS ASSOCIATION,MAH,MUMBAI,M
MAHENG07445,WOLLENS AND WORSTEDS OF INDIA,nan,14199.0,14199/ 67,"C/O WOOL & WOOLLENS EXPORT PROMOTION COUNCIL,",MAH,MUMBAI,M
MAHENG08262,INDIAN MANAGEMENT,nan,75340.0,MAHENG/2000/02783,M/S BUSINESS INDIA,MAH,MUMBAI,M
MAHENG01865,INDIAN INSTITUTE OF PACKAGING NEWSLETTERS,nan,18974.0,18974/ 67,M.R. SUBRAMANIAN,MAH,MUMBAI,M
MAHENG10460,MARINE ENGINEERS REVIEW (INDIA),मरीन इंजीनियरस रिव्यू (इंडिया),92474.0,MAHENG/2006/19917,THE INSTITUTE OF MARINE ENGINEERS (INDIA),MAH,MUMBAI,M
MAHENG04663,SIEMENS INDIA NEWS & VIEWS,nan,11504.0,11504/ 65,SIEMENS ENGINEERING & MANUFACTURING CO. OFFICE INDIA LTD.,MAH,MUMBAI,M
MAHENG06661,PRINTCOM INDIA,nan,67201.0,67201/ 97,M/S FACHPRESSE PUBLICATIONS PVT.LTD,MAH,MUMBAI,M
MAHENG14221,CRN INDIA,nan,148162.0,MAHENG/2018/75607,THE INDIAN EXPRESS PRIVATE LIMITED,MAH,MUMBAI,M
MAHENG07245,INDIAN MANAGEMENT TRENDS,nan,11235.0,11235/ 65,SHRI G.F.LOBO,MAH,MUMBAI,M
MAHENG13702,FAUJI INDIA,फौजी इंडिया,136400.0,MAHENG/2014/63845,ALLEGRO INFOMEDIA PVT. LTD.,MAH,MUMBAI,M
MAHENG13948,THE INDIAN JOURNAL OF SURGERY,nan,1276.0,1276/ 57,ASSOCIATION OF SURGEONS OF INDIA,MAH,MUMBAI,M
MAHENG04361,ELECTRICAL INDIA,nan,6226.0,6226/ 61,MAHADEVAN IYER,MAH,MUMBAI,M
MAHENG04659,PHILATELIC JOURNAL OF INDIA,nan,14574.0,14574/ 57,PHILATELIC SOCIETY OF INDIA,MAH,MUMBAI,M
MAHENG01714,INDIAN CHEMICAL MANUFACTURER,nan,9189.0,9189/ 63,SH. P. RAGHAVAN,MAH,MUMBAI,M
MAHENG07750,TEXMACH INDIA,nan,79307.0,MAHENG/2000/06750,S.P.KARAPURKAR,MAH,MUMBAI,M
MAHENG01650,INDIAN CUSTOMS GUARDIAN,इंडियन कस्टम्स गार्डियन,35829.0,35829/ 80,SHAMIM AHMAD,MAH,MUMBAI,M
MAHENG07220,INDIA BOOK HOUSE NEWS,nan,9454.0,9454/ 64,INDIA BOOK HOUSE,MAH,MUMBAI,M
MAHENG01643,INDIAN COTTON MILLS FEDERATION JOURNAL,nan,9456.0,9456/ 64,INDIAN COTTON MILLS FEDERATION,MAH,MUMBAI,M
MAHENG02603,NRI OPPORTUNITIES INDIA,nan,40039.0,40039/ 84,NRI PUBLICATIONS,MAH,MUMBAI,M
MAHENG11307,THE INDIAN & EASTERN ENGINEER,nan,14542.0,14542/ 57,MAHINDRA AND MAHINDRA LIMITED,MAH,MUMBAI,M
MAHENG01764,INDIA BOOK HOUSE NEWS,nan,14691.0,14691/ 68,MIRCHANDANI AND CO.,MAH,MUMBAI,M
MAHENG07246,INDIAN PANORAMA,nan,11639.0,11639/ 66,MOHAN TRIMBAK BHARDE,MAH,MUMBAI,M
MAHHIN04257,HOLIDAY INDIA REPORTER,nan,80669.0,MAHHIN/2002/08112,UMA SHANKAR M.SRIVASTAVA,MAH,MUMBAI,M
MAHENG04394,THE INDIAN SAFETY ENGINEER,nan,6340.0,6340/ 62,J. V. RAGHAVAN,MAH,MUMBAI,M
MAHENG07281,LOOK INDIA,nan,9107.0,9107/ 63,RAMESH A. CHALLANEY,MAH,MUMBAI,M
MAHENG07236,INDIAN JOURNAL OF BIOCHEMIC MEDICINE,nan,9308.0,9308/ 63,MAHARASHTRA PROGESSIVE BIOCHEMIC ASSOCIATION,MAH,MUMBAI,M
MAHENG13684,INDIA PROPERTY INSIDER,nan,129574.0,MAHENG/2014/57019,YO SPORTS MANAGEMENT PVT. LTD.,MAH,MUMBAI,M
MAHENG03107,RADIO TIMES OF INDIA,रेडियो टाइम्स ऑफ़ इंडिया,1709.0,1709/ 57,AJAI KODAKHAN PAL,MAH,MUMBAI,M
MAHENG04178,AUTOMOBILE MAGAZINE OF INDIA,ऑटोमोबाइल मैगज़ीन ऑफ़ इंडिया,1796.0,1796/ 57,N J HAMILTON,MAH,MUMBAI,M
MAHHIN05288,INDIA HALCHAL,इंडिया हलचल,91671.0,MAHHIN/2006/19114,DILSHAD S. KHAN,MAH,MUMBAI,M
MAHENG06519,ONE INDIA ONE PEOPLE,nan,66632.0,66632/ 97,SADANAND A SHETTY,MAH,MUMBAI,M
MAHENG13152,AUTO COMPONENTS INDIA,nan,128379.0,MAHENG/2014/55824,NEXT GEN PUBLISHING LIMITED,MAH,MUMBAI,M
MAHENG04385,THE INDIAN EXPORTER & IMPORTER,nan,13984.0,13984/ 57,P. M. SHAH,MAH,MUMBAI,M
MAHENG01794,INDIAN JOURNAL OF OCCUPATIONAL HEALTH,nan,14001.0,14001/ 58,BOMBAY BRANCH OF THE SOCIETY FOR THE STUDY OF INDUSTRIES MEDICINE,MAH,MUMBAI,M
MAHENG07226,INDIAN CHEMICAL ABSTRACT,nan,35771.0,35771/ 79,PHIROZE S. JAL,MAH,MUMBAI,M
MAHENG05443,BROADCAST BULLETIN OF INDIA,nan,57013.0,57013/ 93,M/S SAICOM TRADE FAIRS & EXHIBITIONS PVT LTD,MAH,MUMBAI,M
MAHENG13336,GRAFICA NEWS INDIA,nan,120082.0,MAHENG/2013/47525,BHARGAV MISTRY,MAH,MUMBAI,M
MAHENG04471,WOOL & WOOLLENS OF INDIA,nan,11473.0,11473/ 64,INDIAN WOOLLEN MILLS FEDERATION,MAH,MUMBAI,M
MAHENG04383,INDIAN ELECTRICAL CONTRACTOR & TRADER,nan,11498.0,11498/ 57,ELECTRICAL CONTRACTORS ASSOCIATION OF MAHARASHTRA,MAH,MUMBAI,M
MAHENG02445,MAYUR INDIA,nan,11605.0,11605/ 66,SMT. KHAIRUNNISA TAMKEEN KAZI,MAH,MUMBAI,M
MAHENG11063,JOURNAL OF THE INDIAN DENTAL ASSOCIATION,nan,94572.0,MAHENG/2007/22015,INDIAN DENTAL ASSOCIATION (IDA),MAH,MUMBAI,M
MAHENG13839,INDIAN JOURNAL OF ANAESTHESIA,nan,137866.0,MAHENG/2015/65311,INDIAN SOCIETY OF ANAESTHESIOLOGISTS,MAH,MUMBAI,M
MAHHIN08854,INDIA CRIME TIMES,इंडिया क्राईम टाईम्स,129013.0,MAHHIN/2013/56458,CHANDRAKANT (ALIAS NANDU) HANUMAN CHAVAN,MAH,MUMBAI,M
MAHENG09650,INDIA BUSINESS JOURNAL,nan,96873.0,MAHENG/2005/24316,AMIT M.BRAHMABHATT,MAH,MUMBAI,M
MAHENG12596,"INDIAN CONSTRUCTION JOURNAL FOR THE INDIAN ARCHITECTURE, BUILDING AND CONSTRUCTION INDUSTRY",nan,107731.0,MAHENG/2010/35174,BUILDER'S ASSOCIATION OF INDIA,MAH,MUMBAI,M
MAHENG00264,BANK OF INDIA BULLETIN,nan,9014.0,9014/ 62,BANK OF INDIA LTD.,MAH,MUMBAI,M
MAHENG02820,PAPER PRINT PACK INDIA,nan,9075.0,9075/ 63,SOMNATH TIKKU,MAH,MUMBAI,M
MAHENG02146,JOURNAL OF INDIAN BIO SCIENTIFIC ASSOCIATION,nan,31519.0,31519/ 76,INDIAN BOISCIENTIFIC ASSOCIATION,MAH,MUMBAI,M
MAHMUL01347,INDIAN PUBLISHER AND BOOK SELLER,nan,14484.0,14484/ 57,SADANAND BATKAL,MAH,MUMBAI,M
MAHENG07368,RUBBER INDIA,nan,14494.0,14494/ 57,INDIAN RUBBER INDUSTRIES ASSOCIATION,MAH,MUMBAI,M
MAHENG04390,INDIAN MACHINE TOOLS JOURNAL,nan,14539.0,14539/ 58,MENINE LARGO AFONSO,MAH,MUMBAI,M
MAHENG02152,JOURNAL OF THE INDIAN MERCHANTS CHAMBER,nan,22779.0,22779/ 73,INDIAN MERCHANTS CHAMBER,MAH,MUMBAI,M
MAHMAL00267,SOUL INDIA TIMES,nan,68252.0,68252/ 97,SOUL INDIA FARMS PVT LTD,MAH,MUMBAI,M
MAHENG10673,EQUIPMENT INDIA,nan,95567.0,MAHENG/2008/23010,M/S ASAPP MEDIA PVT.LTD.,MAH,MUMBAI,M
MAHENG01892,INDIAN STEEL JOURNAL,nan,31673.0,31673/ 77,THE IRON STEEL & HARDWARE MERCHANTS & MANUFACTURERS CHAMBER OF INDIA,MAH,MUMBAI,M
MAHENG01732,INDIAN ARCHITECT & BUILDER,nan,46976.0,46976/ 87,JASUBHAI MEDIA PVT LTD.,MAH,MUMBAI,M
MAHENG01708,INDIAN CEMENT REVIEW,nan,46987.0,46987/ 86,ASAPP MEDIA PVT. LTD.,MAH,MUMBAI,M
MAHENG13880,BUSINESS TRAVELLER INDIA,nan,144321.0,MAHENG/2016/71766,PANACEA PUBLISHING PVT. LTD.,MAH,MUMBAI,M
MAHBIL06633,THE INDIAN BANKER,nan,124147.0,MAHBIL/2013/51592,INDIAN BANKS' ASSOCIATION,MAH,MUMBAI,M
MAHENG01898,THE INDIAN TEXTILE MONITOR,nan,37703.0,37703/ 81,MADAN GAUR,MAH,MUMBAI,M
MAHENG04382,INDIAN COUNCIL OF BASIC EDUCATION BULLETIN,nan,9466.0,9466/ 65,INDINA COUNCIL OF BASIC EDUCATION,MAH,MUMBAI,M
MAHENG07234,JOURNAL OF THE INDIAN INSTITUTE OF ARCHITECTS,nan,9469.0,9469/ 57,INDIAN INSTITUTE OF ARCHITECTS,MAH,MUMBAI,M
MAHENG07340,PLASTICS PROGRESS IN INDIA,प्लास्टिक प्रोग्रेस इन इंडिया,1968.0,1968/ 59,GARWARE PLASTICS PVT LTD,MAH,MUMBAI,M
MAHENG10349,OK ! INDIA,ओके! इंडिया,100843.0,MAHENG/2007/28286,VJM MEDIA PRIVATE LIMITED,MAH,MUMBAI,M
MAHENG05548,INDIAN ELECTRONICS SOURCE,nan,70066.0,70066/ 98,JOUSHVA DHAS,MAH,MUMBAI,M
MAHENG07070,JOURNAL OF THE ASSOCIATION OF PHYSICANS OF INDIA,nan,11552.0,11552/ 57,ASSOCIATION OF PHYSICIANS OF INDIA,MAH,MUMBAI,M
MAHENG04399,INDIAN WIRE INDUSTRY JOURNAL,nan,11558.0,11558/ 57,A. H. DALAL,MAH,MUMBAI,M
MAHENG07104,BULLETIN OF THE ALL INDIA FEDERATION OF MASTER PTR,nan,13988.0,13988/ 57,ALL INDIA FEDERATION OF MASTER PRINTERS,MAH,MUMBAI,M
MAHENG05245,TOUCHDOWN INDIA,nan,54808.0,54808/ 92,HOMEBOUND PUBLICATION PVT. LTD.,MAH,MUMBAI,M
MAHENG10839,DISNEY ADVENTURES INDIA,डीीस्‍,92431.0,MAHENG/2007/19874,INFOMEDIA INDIA LIMITED,MAH,MUMBAI,M
MAHENG13196,NATIONAL GEOGRAPHIC TRAVELLER INDIA,nan,123615.0,MAHENG/2012/51060,AMAR CHITRA KATHA PRIVATE LIMITED,MAH,MUMBAI,M
MAHENG09951,BIKE INDIA,nan,88239.0,MAHENG/2005/15682,NEXT GEN PUBLISHING PVT. LTD.,MAH,MUMBAI,M
MAHENG00584,CARPET INDIA,nan,37613.0,37613/ 81,RAJU V. CHANDRAN,MAH,MUMBAI,M
MAHENG01750,THE INDIAN AUTO JOURNAL,nan,46924.0,46924/ 86,BUSINESS PRESS PVT. LTD.,MAH,MUMBAI,M
MAHHIN01002,STATE BANK OF INDIA MANTHLI REVIEW,nan,47077.0,47077/ 88,"STATE BANK OF INDIA, MUMBAI",MAH,MUMBAI,M
MAHENG09950,CAR INDIA,nan,88773.0,MAHENG/2005/16216,NEXT GEN PUBLISHING PVT. LTD.,MAH,MUMBAI,M
MAHENG04396,INDIAN SILK,nan,6356.0,6356/ 62,CENTRAL SILK BOARD,MAH,MUMBAI,M
MAHENG04397,INDIAN STEEL JOURNAL,nan,6449.0,6449/ 58,STEEL MERCHANTS EDUCATION AND CHARITABLE SOCIETY,MAH,MUMBAI,M
MAHENG09880,COOLING INDIA,कूलिंग इण्‍,90989.0,MAHENG/2005/18432,CHARY PUBLICATIONS PVT.LTD.,MAH,MUMBAI,M
MAHENG03963,WESTERN INDIA CHARTERED ACCOUNTANTS NEWSLETTER,nan,22878.0,22878/ 75,WESTERN INDIA REGIONAL COUNCIL OF THE INSTITUTE OF CHARTERED ACCOUNTANTS OF INDIA,MAH,MUMBAI,M
MAHENG04833,AUTO INDIA,nan,57128.0,57128/ 93,M/S BUSINESS INDIA,MAH,MUMBAI,M
MAHMAR27618,INDIAN DON,इंडि‍यन डॉन,93744.0,MAHMAR/2006/21187,PRASAD DASHRATH PAWAR,MAH,MUMBAI,M
MAHENG11789,TRAVEL GAZETTE INDIA,ट्रेवल गजट इंडिया,108692.0,MAHENG/2010/36135,ITP PUBLISHING INDIA PRIVATE LIMITED,MAH,MUMBAI,M
MAHENG08994,SEVENTEEN INDIA,nan,81730.0,MAHENG/2003/09173,APRICOT PUBLICATION PVT. LTD.,MAH,MUMBAI,M
MAHENG13575,INDIAN ELECTRICAL INDUSTRY,nan,127952.0,MAHENG/2014/55397,POPATLAL K. PARMAR,MAH,MUMBAI,M
MAHENG13832,HOME PERSONAL & INSTITUTIONAL CARE INDIA,nan,141109.0,MAHENG/2015/68554,SEVAK PUBLICATIONS PRIVATE LIMITED,MAH,MUMBAI,M
MAHENG12767,INDIAN JOURNAL OF CRITICAL CARE MEDICINE,nan,113797.0,MAHENG/2012/41240,INDIAN SOCIETY OF CRITICAL CARE MEDICINE,MAH,MUMBAI,M
MAHENG01057,ELECTOR INDIA,nan,39881.0,39881/ 83,CHOTUBHAI R. CHANDARANA,MAH,MUMBAI,M
MAHBIL03784,INDIAN JAYCEES NEWS,nan,80351.0,MAHBIL/2002/07794,KISHOR KUMAR KUTHYAR,MAH,MUMBAI,M
MAHENG04444,RESERVE BANK OF INDIA BULLETIN ABRIDGE EDITION,nan,11489.0,11489/ 64,RESERVE BANK OF INDIA,MAH,MUMBAI,M
MAHBIL01518,INSURANCE INDIA,nan,11495.0,11495/ 65,LIFE INSURANCE AGENTS FEDERATION OF INDIA,MAH,MUMBAI,M
MAHENG04443,RESERVE BANK OF INDIA BULLETIN,रिर्जव बैंक ऑफ इंडिया बुलेटिन,13997.0,13997/ 57,RESERVE BANK OF INDIA,MAH,MUMBAI,M
MAHENG14206,T &D INDIA,nan,148047.0,UR,ABHISHEK SURESH MISHRA,MAH,MUMBAI,M
MAHENG05070,INDIAN ELECTRICAL NEWS,nan,13985.0,13985/ 57,C. K. CHOKSI & A.K. CHOKSI,MAH,MUMBAI,M
MAHENG07222,INDIAS STAMP JOURNAL,nan,13987.0,13987/ 57,JAL COOPER,MAH,MUMBAI,M
MAHENG06879,INDIA SAUDI ARABIA BILATERAL,nan,70341.0,70341/ 99,ABDUS SAMI BUBERE,MAH,MUMBAI,M
MAHENG12913,POPULAR SCIENCE INDIA,nan,113480.0,MAHENG/2011/40923,NEXT GEN PUBLISHING LIMITED,MAH,MUMBAI,M
MAHBIL06437,JCI INDIA CHALLENGE,nan,115452.0,MAHBIL/2012/42895,JUNIOR CHAMBER INTERNATIONAL INDIA,MAH,MUMBAI,M
MAHENG10237,THE EAST INDIAN JOURNAL,nan,21373.0,21373/ 74,TRUSTEES OF THE BOMBAY EAST INDIAN ASSOCIATION,MAH,MUMBAI,M
MAHBIL02345,SCREEN PRINT INDIA,nan,56978.0,56978/ 93,ADITYA PUBLICATIONS,MAH,MUMBAI,M
MAHENG10641,TOOLING INDIA AGE,nan,94158.0,MAHENG/2006/21601,DR. DION FERNANDES,MAH,MUMBAI,M
MAHENG11776,THE ACTUARY INDIA,दि एक्टुअरी इंडिया,100984.0,MAHENG/2009/28427,INSTITUTE OF ACTUARIES OF INDIA,MAH,MUMBAI,M
MAHENG12920,INDIAN URBAN INFRASTRUCTURE REVIEW,nan,122190.0,MAHENG/2012/49635,BALKRISHNAN NAIR,MAH,MUMBAI,M
MAHMAR44174,SAFE INDIA,सेफ इंडिया,129805.0,MAHMAR/2014/57250,MUNNALAL PYRELAL UPADHYAY,MAH,MUMBAI,M
MAHENG12041,STUFF INDIA,स्टफ इंडिया,105372.0,MAHENG/2009/32815,HAYMARKET SAC PUBLISHING (INDIA) PVT. LTD.,MAH,MUMBAI,M
MAHENG06633,PROPERTY INDIA,nan,68622.0,68622/ 98,VIMLESH KUMAR SINGH,MAH,MUMBAI,M
MAHENG10216,CLEAN INDIA JOURNAL,nan,88392.0,MAHENG/2005/15835,VIRTUAL INFO SYSTEMS PVT. LTD.,MAH,MUMBAI,M
MAHENG11240,VOGUE INDIA,nan,95354.0,MAHENG/2007/22797,CONDE NAST INDIA PVT. LTD.,MAH,MUMBAI,M
MAHENG00725,CINEMA IN INDIA,nan,43888.0,43888/ 87,N.F.D.C. LTD.,MAH,MUMBAI,M
MAHENG07250,INDIAN SYNTHETIC RAYON ISR,nan,43859.0,43859/ 86,"THE SILK & RAYON TEXTILES EXPORT PROMOTION COUNCIL,",MAH,MUMBAI,Q
MAHENG04096,THE INDIAN JOURNAL OF RADIOLOGY AND IMAGING,nan,49955.0,49955/ 91,THE INDIAN RADIOLOGICAL AND IMAGING ASSOCIATION,MAH,MUMBAI,Q
MAHENG01656,THE INDIAN ECONOMIC JOURNAL,nan,46913.0,46913/ 87,INDIAN ECONOMIC ASSOCIATION,MAH,MUMBAI,Q
MAHENG01893,INDIAN STUD STABLE THE INDIAN THOROUGH BRED,nan,31670.0,31670/ 78,MARY BALTAYAR,MAH,MUMBAI,Q
MAHENG07241,THE INDIAN JOURNAL OF OCCUPATIONAL THERAPY,द इंडियन जर्नल ऑफ़ ऑक्यूपेशनल थेरेपी,1653.0,1653/ 57,KAMALA V. NUMBKAR,MAH,MUMBAI,Q
MAHENG02162,JOURNAL OF THE OIL TECHNOLOGISTS ASSOC. OF INDIA,nan,18734.0,18734/ 69,OIL TECHNOLOGISTS ASSOCIATION OF INDIA,MAH,MUMBAI,Q
MAHENG08667,INDIAWALI BRIDES,nan,78892.0,MAHENG/2001/06335,OGAAN PUBLICATION P. LTD,MAH,MUMBAI,Q
MAHENG03761,TOURIST TRADE OF INDIA,nan,11387.0,11387/ 66,PHILLIP MYABOO,MAH,MUMBAI,Q
MAHENG01744,INDIA TODAY & TOMORROW,nan,16814.0,16814/ 68,V J JOSEPH,MAH,MUMBAI,Q
MAHENG12653,JEWELLERS OF INDIA,nan,110694.0,MAHENG/2010/38137,GOVIND SITARAM SHARMA,MAH,MUMBAI,Q
MAHENG02923,POETRY INDIA,nan,11308.0,11308/ 66,NISSIM EZEKIEL,MAH,MUMBAI,Q
MAHENG09279,MARWAR INDIA,nan,85397.0,MAHENG/2004/12840,AMISHI DHANUKA,MAH,MUMBAI,Q
MAHENG13312,INDIAN JOURNAL OF NEUROSURGERY,nan,120339.0,MAHENG/2013/47782,NEUROLOGICAL SURGEONS SOCIETY OF INDIA,MAH,MUMBAI,Q
MAHENG13059,INDIAN JOURNAL OF MEDICAL AND PAEDIATRIC ONCOLOGY,nan,114952.0,MAHENG/2012/42395,INDIAN SOCIETY OF MEDICAL AND PAEDIATRIC ONCOLOGY,MAH,MUMBAI,Q
MAHENG13708,JOURNAL OF INDIAN ASSOCIATION OF PUBLIC HEALTH DENTISTRY,nan,132453.0,MAHENG/2015/59898,INDIAN ASSOCIATION OF PUBLIC HEALTH DENTISTRY,MAH,MUMBAI,Q
MAHENG06532,INDIAN JOURNAL OF OCCUPATIONAL AND ENVIRONMENT MEDICINE,nan,68251.0,68251/ 97,INDIAN ASSOCIATION OCCUPATIONAL HEALTH,MAH,MUMBAI,Q
MAHENG01919,INDIAN SILK JOURNAL,nan,6195.0,6195/ 60,"CENTRAL SILK BOARD, MUMBAI",MAH,MUMBAI,Q
MAHENG13366,WASTE RECYCLING INDIA,nan,124053.0,MAHENG/2013/51498,VIRTUAL INFO SYSTEM PVT LIMITED,MAH,MUMBAI,Q
MAHBIL05904,GOLDEN INDIA,nan,110472.0,MAHBIL/2011/37915,SONU KUMAR GIRI,MAH,MUMBAI,Q
MAHENG11340,BULLETIN OF THE INDIAN FEDERATION OF CATHOLIC MEDICAL GUILDS,nan,24142.0,24142/ 73,INDIAN FEDERATION OF CATHOLIC MEDICAL GUILDS,MAH,MUMBAI,Q
MAHENG01920,INDIAN SILK AND RAYON,इंडियन सिल्क एंड रेयान,1775.0,1775/ 57,SILK AND RAYON TEXTILE EXPORT PROMOTION COUNCIL,MAH,MUMBAI,Q
MAHENG07132,THE JOURNAL OF THE COMPUTER SOCIETY OF INDIAN,nan,20710.0,20710/ 70,THE COMPUTER SOCIETY OF INDIA,MAH,MUMBAI,Q
MAHENG14211,HEART INDIA,nan,141732.0,MAHENG/2016/69177,HEART INDIA CHARITABLE TRUST,MAH,MUMBAI,Q
MAHENG12755,JOURNAL OF INDIAN SOCIETY OF PEDODONTICS AND PREVENTIVE DENTISTRY,nan,111530.0,MAHENG/2011/38973,INDIAN SOCIETY OF PEDODONTICS AND PREVENTIVE DENTISTRY,MAH,MUMBAI,Q
MAHENG09181,INDIAN NUCLEAR SOCIETY NEWS,nan,85910.0,MAHENG/2004/13353,INDIAN NUCLEAR SOCIETY,MAH,MUMBAI,Q
MAHENG01751,INDIAN AVIATION CIVIL & MILITARY,nan,43862.0,43862/ 86,INDIAN AVIATION NEWS SERVICE PVT. LTD.,MAH,MUMBAI,Q
MAHENG00077,AIRCONDITIONING &REFRIGERATION IN INDIA,nan,9040.0,9040/ 63,COMMERCIAL & TECHNICAL PUBLICATIONS,MAH,MUMBAI,Q
MAHENG04526,INDIAN JOURNAL OF SECIAL WORK,nan,9247.0,9247/ 57,TATA INSTITUTE OF SOCIAL SCIENCES,MAH,MUMBAI,Q
MAHENG12949,INDIAN JOURNAL OF PAEDIATRIC DERMATOLOGY,nan,119198.0,MAHENG/2012/46641,INDIAN SOCIETY OF PAEDIATRIC DERMATOLOGY,MAH,MUMBAI,Q
MAHENG07249,QUARTERLY JOURNAL OF INDIAN STUDIES IN SOCIAL SCI,nan,14074.0,14074/ 67,MANAS RANJAN SINHA,MAH,MUMBAI,Q
MAHENG07071,ATLAS COPCO INDIAN AIR COMMENTS,nan,16813.0,16813/ 68,ATLAS COPCO (INDIA) PVT LTD.,MAH,MUMBAI,Q
MAHENG11855,CINEMA VISION INDIA,nan,35784.0,35784/ 80,FILM SUBURVAN (A FILM SOCIETY),MAH,MUMBAI,Q
MAHBIL00359,GODFREY PHILLIPS INDIA LIMITED NEWS LETTER,nan,24133.0,24133/ 73,"GODFREY PHILLIPS INDIA LTD, MUMBAI",MAH,MUMBAI,Q
MAHENG14024,BANK OF INDIA HOUSE JOURNAL,nan,18766.0,18766/ 65,THE BANK OF INDIA LTD.,MAH,MUMBAI,Q
MAHENG07239,INDIAN JOURNAL OF HOMOEOPATHIC MEDICINE,nan,16696.0,16696/ 67,THE HOMOEPATHIC EDUCATION SOCIETY,MAH,MUMBAI,Q
MAHENG12597,FORBES LIFE INDIA,nan,110834.0,MAHENG/2011/38277,DIGITAL18 MEDIA LIMITED,MAH,MUMBAI,Q
MAHENG11298,THE INDIAN JOURNAL OF AGRICULTURAL ECONOMICS,nan,9004.0,9004/ 57,THE INDIAN SOCIETY OF AGRICULTURAL ECONOMICS,MAH,MUMBAI,Q
MAHENG01904,INDIAN PUMPS,nan,31636.0,31636/ 77,INDIAN PUMPS MANUFACTURERS ASSOCIATION,MAH,MUMBAI,Q
MAHENG07127,COI INDIA,nan,37561.0,37561/ 80,COLGATE PALMOLIVE (INDIA) LTD,MAH,MUMBAI,Q
MAHENG07283,LUBE INDIA NEWS,nan,24146.0,24146/ 73,"LUBE INDIA LTD., MUMBAI",MAH,MUMBAI,Q
MAHENG09789,MEDICAL CLINICS OF INDIA,मेडि‍कल,91415.0,MAHENG/2006/18858,DR.SUNIL KISHANRAO,MAH,MUMBAI,Q
MAHENG13302,KAZAKH INDIAN BUSINESS,nan,127120.0,MAHENG/2013/54565,EKTA BHARGAVA,MAH,MUMBAI,Q
MAHENG07248,JOURNAL OF THE INDIAN STATISTICAL ASSOCIATION,nan,9042.0,9042/ 63,INDIAN STATISTICAL ASSOCIATION,MAH,MUMBAI,Q
MAHENG07451,WORLD WILDLIFE FUND INDIA NEWS LETTER,nan,37484.0,37484/ 80,WORLD WILD LIFE FUND INDIA (TRUST),MAH,MUMBAI,Q
MAHENG06453,INDIAN JOURNAL OF SECULARISM,nan,66034.0,66034/ 97,CENTRE FOR STUDY OF SOCIETY AND SECULARISM,MAH,MUMBAI,Q
MAHENG06230,THE ART NEWS MAGAZINE OF INDIA,nan,78853.0,MAHENG/1996/06296,ART INDIA PUBLISHING COMPANY PVT LTD,MAH,MUMBAI,Q
MAHENG13259,THE JOURNAL OF INSURANCE INSTITUTE OF INDIA,nan,123288.0,MAHENG/2013/50733,INSURANCE INSTITUTE OF INDIA,MAH,MUMBAI,Q
MAHENG13952,INDIAN JOURNAL OF PATHOLOGY AND BACTERIA BIOLOGY,nan,14141.0,14141/ 58,INDIAN ASSOCIATION OF PATHOLOGISTS,MAH,MUMBAI,Q
MAHENG01774,INDIAN TOOL & SMALL TOOLS,nan,11310.0,11310/ 66,THE INDIAN TOOL MANUFACTURERS LTD.,MAH,MUMBAI,Q
MAHENG07317,NEUROLGY INDIA,nan,14122.0,14122/ 57,NEUROLOGIEAL SOCIETY OF INDIA,MAH,MUMBAI,Q
MAHENG00726,CINEMA INDIA INTERNATIONAL,nan,39964.0,39964/ 83,CINEMA INDIA INTERNATIONAL,MAH,MUMBAI,Q
MAHENG01662,INDIAN ENERGY ABSTRACTS,nan,39818.0,39818/ 81,TATA ENERGY RESEARCH INSTITUTE,MAH,MUMBAI,Q
MAHENG14533,INDIAN JOURNAL OF SOCIAL PSYCHIATRY IASP,nan,,nan,INDIAN ASSOCIATION FOR SOCIAL PSYCHIATRY,MAH,MUMBAI,Q
MAHENG11871,NEWSLETTER OF ALL INDIA DRUGS CONTROL OFFICERS CONFEDERATION,nan,69732.0,69732/ 98,ALL INDIA DRUGS CONTROL OFFICERS CONFEDERATION,MAH,MUMBAI,Q
MAHENG14115,INDIAN JOURNAL OF MEDICAL ETHICS,nan,139743.0,MAHENG/2016/67188,FORUM FOR MEDICAL ETHICS SOCIETY,MAH,MUMBAI,Q
MAHENG07489,ALL INDIA FEDERATION OF TAX PRACTITIONERS JOURNAL,nan,78475.0,MAHENG/1999/05918,ALL INDIA FEDERATION OF TAX PRACTITIONERS,MAH,MUMBAI,Q
MAHENG13705,INDIAN JOURNAL OF VASCULAR AND ENDOVASCULAR SURGERY,nan,132451.0,MAHENG/2015/59896,VASCULAR SOCIETY OF INDIA,MAH,MUMBAI,Q
MAHENG07610,INDIAN JOURNAL OF HAEMATOLOGY & BLOOD TRANSFUSION,nan,72468.0,72468/ 99,INDIAN SOCIETY OF HEMATOLOGY BLOOD TRANSFUSION,MAH,MUMBAI,Q
MAHENG11339,BULLETIN OF THE ASTRONOMICAL SOCIETY OF INDIA,nan,24083.0,24083/ 73,"ASTRONOMICAL SOCIETY OF INDIA, OSMANIA UNIVERSITY, HYDERABAD,",MAH,MUMBAI,Q
MAHMAR15973,THE VISION INDIA COMMUNICATIONS,nan,72237.0,72237/ 99,DR. AMITABH,MAH,MUMBAI,Q
MAHENG07631,LEISURE INDIA,nan,76338.0,MAHENG/2001/03781,LEISURE INDIA PUBLICATIONS PVT LTD,MAH,MUMBAI,Q
MAHENG06012,OPTICA INDIA,nan,65786.0,65786/ 95,FEDERATION OF ALL INDIA OPTICAL ASSOCIATIONS,MAH,MUMBAI,Q
MAHENG07332,PEDIATRICS CLINICS OF INDIA,nan,14073.0,14073/ 66,VASANT BALAJI.ATHAVALE,MAH,MUMBAI,Q
MAHENG02793,PACKAGING INDIA,nan,16882.0,16882/ 68,INDIAN INSTITUTE OF PACKAGING,MAH,MUMBAI,Q
MAHENG14059,JOURNALIST INDIA,जर्नलिस्ट इंडिया,27750.0,27750/ 73,RANG REKHA FEATURES PVT. LTD.,MAH,MUMBAI,Q
MAHENG06860,BULLETIN OF INDIAN VACUM SOCIETY,nan,80039.0,MAHENG/1998/07482,INDIAN VACUUM SOCIETY,MAH,MUMBAI,Q
MAHBIL01922,INDIAN EDUCATION SOCIETY'S ADARSH GURUKUL,nan,62352.0,62352/ 93,INDIAN EDUCATION SOCIETY,MAH,MUMBAI,Q
MAHENG04521,INDIAN CONFERENCE OF SOCIAL WORK NEWS LETTER,nan,11380.0,11380/ 65,INDIAN CONFERENCE OF SOCIAL WORK,MAH,MUMBAI,Q
MAHENG00293,THE BEAUTY OF INDIAN SCREEN,nan,16797.0,16797/ 67,KISHORE KUMAR JAYANTILAL CHANGANI,MAH,MUMBAI,Q
MAHENG12824,INDIAN JOURNAL OF MEDICAL MICROBIOLOGY,nan,113831.0,MAHENG/2012/41274,INDIAN ASSOCIATION OF MEDICAL MICROBIOLOGY,MAH,MUMBAI,Q
MAHENG08943,LUBRICANTS INDIA,nan,83911.0,MAHENG/2002/11354,ANISH R.MEHTA,MAH,MUMBAI,Q
MAHENG07630,INDIAN PROSTHODONTIC SOCIETY THE JOURNAL,nan,76985.0,MAHENG/2001/04428,INDIAN PROSTHODONTIC SOCIETY,MAH,MUMBAI,Q
MAHENG01698,INDIA GROUP NEWS,nan,31824.0,31824/ 76,C.J.G. MATHUR,MAH,MUMBAI,Q
MAHENG07108,BULLETIN OF THE INDIAN FEDERATION OF MEDICAL GUILDS,nan,31849.0,31849/ 76,INDIAN FEDERATION OF MEDICAL GUILDS,MAH,MUMBAI,Q
MAHENG09089,FILM INDIA WORLDWIDE,फि‍ल्‍म,91330.0,MAHENG/2004/18773,CONFEDERATION OF INDIAN INDUSTRY,MAH,MUMBAI,Q
MAHENG11329,ART INDIA THE ART NEWS MAGAZINE OF INDIA,आर्ट इंडिया दि आर्ट न्यूज़ मैगज़ीन ऑफ़ इंडिया,102490.0,MAHENG/2009/29933,ART INDIA PUBLISHING COMPANY PRIVATE LIMITED,MAH,MUMBAI,Q
MAHHIN02918,INDIA REVIEW,nan,71899.0,71899/ 99,SHAMIUN NISHA,MAH,MUMBAI,Q
MAHENG12753,INDIAN JOURNAL OF PLASTIC SURGERY,nan,111683.0,MAHENG/2011/39126,ASSOCIATION OF PLASTIC SURGEONS OF INDIA,MAH,MUMBAI,THY
MAHENG12766,INDIAN JOURNAL OF HUMAN GENETICS,nan,111349.0,MAHENG/2011/38792,INDIAN SOCIETY OF HUMAN GENETICS,MAH,MUMBAI,THY
MAHENG12309,INDIA LOCAL,nan,111222.0,MAHENG/2011/38665,ARINDAM BANERJEE,MAH,MUMBAI,W
MAHMAR25468,INDIA SAMRAT,nan,85942.0,MAHMAR/2004/13385,BALU APPA PANDIT,MAH,MUMBAI,W
MAHENG08346,TENDER INDIA,nan,77212.0,MAHENG/2001/04655,MODI PRINTS,MAH,MUMBAI,W
MAHENG00143,THE ALL INDIA EXPORTER'S CHAMBER BULLETIN,nan,18748.0,18748/ 69,THE ALL INDIA EXPORTER'S CHAMBER,MAH,MUMBAI,W
MAHBIL06578,ARISE INDIA,nan,124877.0,MAHBIL/2012/52322,MANSUKHLAL MEHTA,MAH,MUMBAI,W
MAHHIN06152,INDIAN MASS NEWS,इंडि‍यन मास न्‍यूज,92255.0,MAHHIN/2007/19698,SHAIKH MOHD. ALIM,MAH,MUMBAI,W
MAHENG12026,BOX OFFICE INDIA,बॉक्स ऑफिस इंडिया,129001.0,MAHENG/2009/56446,SELECT PUBLISHING COMPANY,MAH,MUMBAI,W
MAHHIN09579,SUMMER INDIA NEWS,समर इंडिया न्यूज़,144304.0,UR,RIZWAN SHAIKH,MAH,MUMBAI,W
MAHHIN07728,INDIA AAJ TAK,इंडिया आज तक,104927.0,MAHHIN/2010/32370,HABIB AHMED PATEL,MAH,MUMBAI,W
MAHENG10753,INDIA SAMRAT,इण्ž,91011.0,MAHENG/2006/18454,BALU APPA PANDIT,MAH,MUMBAI,W
MAHENG07435,VARIETY INDIA,nan,37564.0,37564/ 80,M.S.N. DESAI,MAH,MUMBAI,W
MAHENG01642,INDIAN COTTON AND TEXTILE NEWS,nan,35888.0,35888/ 80,P. MANAVALAN,MAH,MUMBAI,W
MAHENG04277,BANK OF INDIA WEEKLY ECONOMIC SURVEY,nan,11238.0,11238/ 64,THE BANK OF INDIA LTD,MAH,MUMBAI,W
MAHHIN08467,INDIAN FASTTRACK,इंडियन फास्ट ट्रैक,137268.0,MAHHIN/2013/64713,ISMAIL KASIM SHAIKH,MAH,MUMBAI,W
MAHENG01777,THE INDIAN TURF PHOTOS SPECIAL,nan,31952.0,31952/ 77,ARCHANA S. GUPTA,MAH,MUMBAI,W
MAHHIN09649,INDIA SPEECH,nan,143924.0,MAHHIN/2017/71369,FATEH AHMED KHAN,MAH,MUMBAI,W
MAHENG04291,THE ILLUSTRATED WEEKLY OF INDIA,दि इलस्ट्रेटेड वीकली ऑफ़ इंडिया,1874.0,1874/ 57,BANNET COLEMAN AND CO LTD,MAH,MUMBAI,W
MAHBIL03082,INDIA INSAF TIMES,nan,72355.0,72355/ 99,RAMESH KUMAR SHRIVASTAVA,MAH,MUMBAI,W
MAHHIN04348,NEWS INDIA,nan,82699.0,MAHHIN/2002/10142,NEWS INDIA PRINTS AND MEDIA PVT. LTD.,MAH,MUMBAI,W
MAHENG01308,FILMNEWS OF INDIA,nan,16858.0,16858/ 68,KRISHAN KUMAR BHATIA,MAH,MUMBAI,W
MAHENG02930,POLYMER INDIA,nan,18922.0,18922/ 70,SEVAK PUBLICATIONS,MAH,MUMBAI,W
MAHENG03169,RESERVE BANK OF INDIA BULLETIN WEEKLY SATISTICAL SUPPLEMENT,nan,43801.0,43801/ 86,RESERVE BANK OF INDIA,MAH,MUMBAI,W
MAHENG03317,SUNDAY TIMES OF INDIA,द संडे टाइम्स ऑफ़ इंडिया,49904.0,49904/ 90,"BENNETT, COLEMAN & CO. LTD.",MAH,MUMBAI,W
MAHMUL00226,THE INDIAN LEAGUE,nan,20752.0,20752/ 71,MEMON ABDUL RAGAK MO,MAH,MUMBAI,W
MAHHIN05726,INDIA SAMRAT,nan,89258.0,MAHHIN/2006/16701,BALU APPA PANDIT,MAH,MUMBAI,W
MAHURD01113,THE INDIAN MUSLIM TIMES,nan,57110.0,57110/ 93,ABDUL GAFFAR HUSSAIN RIZVI,MAH,MUMBAI,W
MAHENG05397,INDIAN EXPRESS TENDERS,इंडियन एक्सप्रेस टेंडर्स,54838.0,54838/ 92,INDIAN EXPRESS NEWSPAPERS PVT LTD,MAH,MUMBAI,W
MAHENG14489,HAPYAY INDIA,nan,,UR,OPTIMINASTIC INFOMEDIA PRIVATE LIMITED,MAH,MUMBAI,W
MAHENG00109,ALL INDIA TENDERS WEEKLY BULLETIN,nan,16820.0,16820/ 68,INDUSTRIAL MARKETING ORGANISATION,MAH,MUMBAI,W
MAHENG01838,INDIAN MONITOR,nan,16829.0,16829/ 68,JANSEVA TRUST,MAH,MUMBAI,W
MAHHIN07791,INDIAN TIMES REVIEW,nan,110161.0,MAHHIN/2010/37604,AFZAL HUSSIAN ANSARI,MAH,MUMBAI,W
MAHENG06225,ASSIGNMENTS IN INDIA - THE ACCESS,nan,65400.0,65400/ 96,AISHWARYA PUBLICATIONS PVT.LTD.,MAH,MUMBAI,W
MAHHIN08414,METRO INDIA,nan,120014.0,MAHHIN/2012/47457,MANOJ KUMAR KAMALA PRASAD YADAV,MAH,MUMBAI,W
MAHENG01746,INDIA WEEK THE NATIONAL NEWS MAGAZINE,nan,47137.0,47137/ 89,ASHOK HOTCHAND ADVA,MAH,MUMBAI,W
MAHENG13211,THE UNITY OF INDIA,nan,117889.0,MAHENG/2012/45332,SURESH SAKHARAM GORE,MAH,MUMBAI,W
MAHBIL00452,INDIAN LOTTERY,nan,18791.0,18791/ 69,LAHORI RAM SHARMA AND GURDIAL SINGH MASTER,MAH,MUMBAI,W
MAHHIN05705,ALL INDIA BRIGADE,ऑल इंडि़या ब्रिगेड,89464.0,MAHHIN/2006/16907,RAFIQ MUNNAWAR SHAIKH,MAH,MUMBAI,W
MAHENG11094,THE TIMES OF INDIA,द टाइम्स ऑफ़ इंडिया,92258.0,MAHENG/2007/19701,"BENNETT, COLEMAN & CO.LTD.",MAH,NAGPUR,D
MAHENG01665,THE INDIAN EXPRESS,दि इंडियन एक्सप्रेस,54837.0,54837/ 92,THE INDIAN EXPRESS (PVT.) LIMITED,MAH,NAGPUR,DS
MAHENG14072,INDIAN POWER WORKER,nan,27828.0,27828/ 75,ALL INDIA FEDERATION OF ELECTRICITY EMPLOYES,MAH,NAGPUR,F
MAHENG13967,FIRE TECHNOLOGY INDIA,nan,16927.0,16927/ 69,"NATIONAL FIRE SERVICE COLLEGE, NAGPUR",MAH,NAGPUR,HY
MAHMUL02026,THE NORTH INDIAN VISION,nan,87162.0,MAHMUL/2004/14605,P.J.THOMAS,MAH,NAGPUR,M
MAHENG05900,ALL INDIA HIGH COURT CASES,nan,59912.0,59912/ 95,ALL INDIA REPORTER LTD.,MAH,NAGPUR,M
MAHENG07058,ALL INDIA REPORTER,आल इंडिया रिपोर्टर,1753.0,1753/ 57,ALL INDIA REPORTER PVT. LTD.,MAH,NAGPUR,M
MAHMUL03819,HONEST AND TRUTH NEWS INDIA,nan,158479.0,MAHMUL/2021/85924,IRFAN KHAN ISTAK KHAN PATHAN,MAH,NAGPUR,M
MAHMUL01495,THE INDIAN MEDICINE PERIODICAL,nan,73916.0,MAHMUL/2000/01359,VIRENDRA KESHAV SHAH,MAH,NAGPUR,M
MAHENG07223,INDIAN ASSN FOR WATER POLLUTION CONTROL NEWSLETTER,nan,22748.0,22748/ 72,INDIAN ASSOCIATION FOR WATER POLLUTION CONTROL,MAH,NAGPUR,M
MAHENG00164,THE APOSTOLIC HERALD INDIA,द अपोस्टोलिक हेराल्ड इंडिया,43640.0,43640/ 85,NEW APOSTOLIC CHURCH OF INDIA,MAH,NAGPUR,M
MAHHIN08361,RIGHT INDIA,nan,116747.0,MAHHIN/2011/44190,SHREEKANT R. PANDEY,MAH,NAGPUR,W
MAHENG12276,THE SUNDAY TIMES OF INDIA,दि संडे टाइम्स ऑफ़ इंडिया,104042.0,MAHENG/2007/31485,"BENNETT, COLEMAN & CO.LTD",MAH,NAGPUR,W
MAHMAR47928,INDIAN GANGASAGAR,nan,148364.0,MAHMAR/2016/75809,GANGASAGAR NAGORAO GUNAJI,MAH,NANDED,F
MAHENG13502,THE TIMES OF INDIA,द टाइम्स ऑफ़ इंडिया,124205.0,MAHENG/2013/51650,"BENNETT, COLEMAN & CO.LTD",MAH,NASHIK,DS
MAHENG00129,ALL INDIA CO OPERATIVE TRIBUNAL JOURNAL,nan,40035.0,40035/ 80,NASHIK LAW HOUSE,MAH,NASHIK,M
MAHENG08364,INDIAN JOURNAL OF TRANSFUSION MEDICINE,nan,78192.0,MAHENG/2001/05635,NANDKISHOR KANTILAL TATED,MAH,NASHIK,M
MAHBIL00444,INDIAN FRIEND,इंडियन फ्रेंड,49872.0,49872/ 87,SHASHI KUMAR D. JAIN,MAH,NASHIK,M
MAHENG13618,THE SUNDAY TIMES OF INDIA,द संडे टाइम्स ऑफ इंडिया,127428.0,MAHENG/2013/54873,"BENNETT, COLEMAN & CO.LTD",MAH,NASHIK,W
MAHMAR36953,INDIAN NIRBHID,इंडियन निर्भीड,107351.0,MAHMAR/2010/34794,RAJARAM SHANKAR JADHAV,MAH,NASHIK,W
MAHMAR33647,INDIA DARPAN,इंडिया दर्पण,105723.0,MAHMAR/2009/33166,GAUTAM MOHANLAL SANCHETI,MAH,NASHIK,W
MAHMUL01350,KAMGAR PATRAK GOVT OF INDIA PRESS NASIK,nan,16887.0,16887/ 68,RASHTRIYA PRESS KAMGAR UNION,MAH,NASIK,Q
MAHMUL03178,BULLETIN OF INDIAN SOCIETY AND CULTURE,nan,129703.0,MAHMUL/2014/57148,LAXMAN MOHAN PAWAR,MAH,OSMANABAD,M
MAHMUL03176,INDIAN LITERATURE AND CULTURE TODAY,इंडियन लिटरेचर एंड कल्चर टुडे,129801.0,MAHMUL/2014/57246,MAHANANDA SHIVPUTRA KANADE,MAH,OSMANABAD,M
MAHMAR51168,NAMSKAR INDIA,nan,,nan,MAHESH SHIVSHANKAR NIMABRGE,MAH,OSMANABAD,W
MAHENG14602,ONEINDIA ONEVOICE,nan,154309.0,MAHENG/2021/81754,BHAVESH RADHAKANT JHA,MAH,PALGHAR,D
MAHENG12804,NITHIA'S INDIAN LAW RADAR,nan,114466.0,MAHENG/2011/41909,NITHIANANDAN BALAGOPALAN,MAH,PANVEL,M
MAHENG10034,INDIACOM BUSINESS USERS GUIDE-PUNE,nan,87878.0,MAHENG/2005/15321,ASHOK BHAGWANDAS MANDORE,MAH,PUNE,A
MAHENG09971,INDIACOM YELLOW PAGES-AHMEDABAD,nan,88053.0,MAHENG/2005/15496,A.B.MANDORE-M.D. INDIACOM LTD.,MAH,PUNE,A
MAHENG08003,INDIACOM YELLOW PAGES PLUS HUBLI,nan,73983.0,MAHENG/2000/01426,M/S INDIACOM DIRECTO,MAH,PUNE,A
MAHENG08005,INDIACOM YELLOW PAGES PLUS VADODARA,इंडियाकॉम येलो पेजेज प्लस वडोदरा,73676.0,MAHENG/2000/01119,M/S INDIACOM DIRECTO,MAH,PUNE,A
MAHENG08004,INDIACOM YELLOW PAGES PLUS PUNE,nan,73981.0,MAHENG/2000/01424,M/S INDIACOM DIRECTO,MAH,PUNE,A
MAHENG09973,INDIACOM YELLOW PAGES-FARIDABAD & GURGAON,nan,88051.0,MAHENG/2005/15494,"A.B.MANDORE-MD, INDIACOM LIMITED",MAH,PUNE,A
MAHENG09974,INDIACOM YELLOW PAGES-VADODARA,इंडियाकॉम येलो पेजेज-वडोदरा,88052.0,MAHENG/2005/15495,"A.B.MANDORE-MD, INDIACOM LIMITED",MAH,PUNE,A
MAHENG10030,INDIACOM BUSINESS USERS' GUIDE-HYDERABAD,nan,87877.0,MAHENG/2005/15320,ASHOK BHAGWANDAS MANDORE,MAH,PUNE,A
MAHENG09972,INDIACOM YELLOW PAGES-PUNE,nan,88054.0,MAHENG/2005/15497,"A.B.MANDORE-MD, INDIACOM LIMITED",MAH,PUNE,A
MAHENG05242,NEW INDIA DIGEST,nan,63124.0,63124/ 92,INDIA DIGEST FOUNDATION,MAH,PUNE,BM
MAHMAR52763,REPUBLICAN NEWS INDIA,nan,,UR,SUHAS MARUTI BANSODE,MAH,PUNE,D
MAHENG07910,THE TIMES OF INDIA,द टाइम्स ऑफ़ इंडिया,77665.0,MAHENG/2000/05108,"BENNETT, COLEMAN & CO.LTD",MAH,PUNE,D
MAHENG12330,THE INDIAN EXPRESS,दि इंडियन एक्सप्रेस,46944.0,46944/ 87,THE INDIAN EXPRESS PVT. LIMITED,MAH,PUNE,D
MAHENG13982,INDIAN DAILY WEATHER REPORT,nan,11440.0,11440/ 57,"DIRECTORATE OF WEATHER OBSERVATORIES, PUNE",MAH,PUNE,D
MAHENG00346,BIG INDIA,nan,14155.0,14155/ 65,RAMESH CHANDRA RAJYAPATI SANGER,MAH,PUNE,F
MAHBIL06724,INDIA JOURNOLINE,nan,125163.0,MAHBIL/2013/52608,SANJAY PRALHAD BHOKARE,MAH,PUNE,F
MAHMAR20504,MARATHI VYASPITH INDIAN TIMES,nan,77004.0,MAHMAR/2001/04447,MOTISINGH H.THAKUR,MAH,PUNE,F
MAHENG11798,JOURNAL OF INDIAN VOICE ASSOCIATION,जर्नल ऑफ़ इंडियन वॉइस एसोसिएशन,103926.0,MAHENG/2010/31369,JNANA PRABODHINI MEDICAL TRUST,MAH,PUNE,HY
MAHENG12964,JOURNAL OF NURSING RESEARCH SOCIETY OF INDIA,nan,118911.0,MAHENG/2012/46354,NURSING RESEARCH SOCIETY OF INDIA,MAH,PUNE,HY
MAHMAR35388,PRIDE OF INDIA,प्राइड ऑफ़ इंडिया,105889.0,MAHMAR/2009/33332,SHINDE HANDUMANT DATTATRAY,MAH,PUNE,M
MAHMAR01071,BOOK INDIA,nan,21363.0,21363/ 75,ANANT LAXMAN BALLAL,MAH,PUNE,M
MAHENG07252,INDIAN WEATHER REVIEW MONTHLY WEATHER REPORT,nan,14002.0,14002/ 57,"DIRECTORATE GENERAL OF OBSERVATORIES, PUNE",MAH,PUNE,M
MAHHIN07950,BULAND INDIA,nan,124840.0,MAHHIN/2010/52285,AWANKUMAR RAMPRASAD GUPTA,MAH,PUNE,M
MAHENG13888,EVOLUTION MOTORSPORT INDIA,nan,141344.0,MAHENG/2015/68789,SIRISH CHANDRAN,MAH,PUNE,M
MAHENG14396,FAST BIKES INDIA,nan,147816.0,MAHENG/2018/75261,PROJECT GTO PUBLISHING LLP,MAH,PUNE,M
MAHENG13574,EVO INDIA,nan,129545.0,MAHENG/2014/56990,GOLDEN SPARROW MEDIA WORKS PVT LTD,MAH,PUNE,M
MAHHIN08810,LIVE INDIA SAMRUDDHA JEEVAN,लाइव इंडिया समृद्ध जीवन,120157.0,MAHHIN/2013/47600,MAHESH KISAN MOTEWAR,MAH,PUNE,M
MAHENG13833,INDIAN HUMAN RIGHTS CHRONICLE,nan,141285.0,MAHENG/2015/68730,INDIAN HUMAN RIGHTS COUNCIL,MAH,PUNE,M
MAHENG02300,THE LION IN INDIA,nan,31547.0,31547/ 77,INTERNATIONAL ASSOCIATION OF LIONS CLUBS,MAH,PUNE,M
MAHENG07244,INDIAN JOURNAL OF TRANSPORT MANAGEMENT,nan,11604.0,11604/ 66,ASSOCIATION OF STATE ROAD TRANSPORT UNDERTAKINGS,MAH,PUNE,Q
MAHENG13141,URJA INDIA,nan,117591.0,MAHENG/2012/45034,NEED MISSION SOCIETY,MAH,PUNE,Q
MAHENG07247,THE JOURNAL OF INDIAN SCHOOL OF POLITICAL ECONOMY,nan,49745.0,49745/ 89,INDIAN SCHOOL OF POLITICAL ECONOMY,MAH,PUNE,Q
MAHENG14036,INDIAN PHILOSOPHICAL QUARTERLY,nan,24248.0,24248/ 73,UNIVERSITY OF PUNE,MAH,PUNE,Q
MAHENG14294,INDUSTRIAL COGENERATION INDIA,nan,149528.0,MAHENG/2017/76973,COGENERATION ASSOCIATION OF INDIA,MAH,PUNE,Q
MAHENG11261,HERITAGE INDIA,nan,96758.0,MAHENG/2008/24201,HERITAGE INDIA COMMUNICATIONS PVT. LTD.,MAH,PUNE,Q
MAHENG04520,INDIAN BEE JOURNAL,nan,11398.0,11398/ 57,ALL INDIA BEEKEEPERS ASSOCIATION,MAH,PUNE,Q
MAHENG04504,ARMED FORCES MEDICAL JOURNAL (INDIA),nan,6156.0,6156/ 57,"ARMED FORCES MEDICAL COLLEGE,PUNE",MAH,PUNE,Q
MAHENG04528,INDIAN LINGUISTICS,nan,9415.0,9415/ 57,LINGUISTIC SOCIETY OF INDIA,MAH,PUNE,Q
MAHENG14128,IASTAM INDIA NEWSLETTER,nan,40068.0,40068/ 84,INDIAN ASSOCIATION FOR THE STUDY OF TRADITIONAL ASIAN MEDICINE,MAH,PUNE,Q
MAHENG07480,THE WINGS TIME INDIA,nan,73663.0,MAHENG/1999/01106,VIHAR SHIVAJIRAO DAR,MAH,PUNE,Q
MAHMUL03408,INDIAN DAILY WORKER,nan,14068.0,14068/ 58,K.A.KALANI,MAH,PUNE,W
MAHENG11138,INDIA SPEAKING,nan,94483.0,MAHENG/2007/21926,CHAMKE BABU MAHADEV,MAH,PUNE,W
MAHMAR51545,INDIAN ORGANIC FARMING,nan,153552.0,MAHMAR/2021/80997,GAJANAN BHAURAO BHASME,MAH,PUNE,W
MAHMUL00350,THE MOUTH OF INDIA,nan,9079.0,9079/ 63,UNIVERSAL PEACE FEDERATION CONGRESS,MAH,PUNE,W
MAHMUL03698,MEDICAL MOMENTS OF INDIA,nan,,nan,ANANT DAVIDRAO KASABE,MAH,PUNE,W
MAHENG07881,THE SUNDAY TIMES OF INDIA,द संडे टाइम्स ऑफ़ इंडिया,72797.0,MAHENG/2000/00240,BENNETT COLEMAN & CO.LTD,MAH,PUNE,W
MAHMAR46645,INDIA NEWS POWER OF MEDIA,इंडिया न्यूज़ पावर ऑफ मीडिया,138593.0,MAHMAR/2015/66038,LIYAKAT SALIM NADAF,MAH,SANGLI,M
MAHMAR42754,INDIA SPEED NEWS,nan,124105.0,MAHMAR/2013/51550,SHIVAJI MANAGA MASAL,MAH,SANGLI,M
MAHMAR43964,THE GREATEST INDIAN,दि ग्रेटेस्ट इंडियन,137550.0,MAHMAR/2014/64995,ANANT DHONDIRAM HOWALE,MAH,SANGLI,W
MAHMAR41072,ONENESS INDIA,nan,118290.0,MAHMAR/2012/45733,MAHADEO CHANBASAPPA HARKE,MAH,SOLAPUR,F
MAHMUL02959,INDIAN STREAMS RESEARCH JOURNAL,nan,111152.0,MAHMUL/2011/38595,ASHOK SHIVAJI YAKKALDEVI,MAH,SOLAPUR,M
MAHMUL03549,CONTEMPORARY RESEARCH IN INDIA,nan,,UR,SHILPA DEEPAK NANAWARE,MAH,SOLAPUR,Q
MAHENG14268,INDIAN RESEARCH SPECTRUM,nan,,UR,NANAWARE DEEPAK CHANDRASEN,MAH,SOLAPUR,Q
MAHHIN09369,BAGBAN ALL INDIA NEWS,बागबान ऑल इंडिया न्यूज,134097.0,MAHHIN/2015/61542,NAJAKATALI CHANDSAB MANDRUPKAR,MAH,SOLAPUR,W
MAHMAR53147,TRANSFORMATION OF INDIA,nan,,nan,MANOHAR BHIMA JADHAV,MAH,SOLAPUR,W
MAHMAR38596,MIRROR INDIA,nan,117254.0,MAHMAR/2011/44697,BOLKOTE VIJAYKUMAR SIDDRAM,MAH,SOLAPUR,W
MAHMAR45562,YOUNG INDIAN TIMES,nan,143939.0,MAHMAR/2016/71384,ADITYA ARJUN MUDGUL,MAH,SOLAPUR,W
MAHHIN09995,NEW INDIA HERALD,nan,143893.0,MAHHIN/2016/71338,RAJESH KUMAR JAIN,MAH,THANE,D
MAHMAR10146,INDIAN NATIVE CHARTER,nan,56958.0,56958/ 93,BHIMRAO EKNATH GOTE,MAH,THANE,F
MAHMAR20018,INDIA CRIME,nan,75753.0,MAHMAR/2000/03196,PRAVIN DATTARAM KAMAT,MAH,THANE,F
MAHENG14573,RAMBHAU MHALGI PRABODHINI INDIAN JOURNAL OF DEMOCRATIC GOVERNANCE,nan,151655.0,MAHENG/2020/79100,RAMBHAU MHALGI PRABODHINI,MAH,THANE,HY
MAHENG13969,THE INDIAN CONCRETE JOURNAL,nan,13986.0,13986/ 57,M/S. ACC LIMITED,MAH,THANE,M
MAHENG11226,THANE BRANCH OF WESTERN INDIA REGIONAL COUNCIL OF THE INSTITUTE OF CHARTERED ACCOUNTANTS OF INDIA - NEWS LETTER,nan,124094.0,MAHENG/2008/51539,PRITI PARAS SAVLA,MAH,THANE,M
MAHBIL05899,INDIA UNBOUND,nan,109316.0,MAHBIL/2009/36759,POONAM NITYANAND PANDEY,MAH,THANE,M
MAHHIN09075,BAWANDER INDIA,बवंडर इंडिया,136808.0,MAHHIN/2015/64253,PREM RAMADHAR YADAV,MAH,THANE,M
MAHHIN04906,WATCH INDIA,nan,88800.0,MAHHIN/2005/16243,YADUNATH JHA,MAH,THANE,M
MAHENG06044,INDIAN PUMPS & VALVES REVIEW,nan,67125.0,67125/ 97,THEKKANTH SHASHIDHAR,MAH,THANE,Q
MAHHIN07600,RAFTAR INDIA,रफ़्तार इंडिया,102351.0,MAHHIN/2009/29794,SHAIKH RAFIQUE AHMED,MAH,THANE,W
MAHHIN09696,INDIA UNBOUND,इंडिया अनबाउंड,139702.0,MAHHIN/2015/67147,POONAM NITYANAND PANDEY,MAH,THANE,W
MAHHIN05227,CRIME OF INDIA,क्राईम ऑफ इंडिया,90604.0,MAHHIN/2006/18047,DEEPAK S.THAKUR,MAH,THANE/ ULHASNAGAR,F
MAHHIN03611,COMMODITIES INDIA,nan,77843.0,MAHHIN/2000/05286,CHATUR BHUJ VERMA,MAH,THANE/NAVI MUMBAI,M
MAHBIL09782,ALL INDIA KISAN KRANTI,आल इंडिया किसान क्रांति,43612.0,43612/ 82,OM PRAKASH AGRAWAL,MAH,WARDHA,M
MAHENG13151,THE STAR OF INDIA,nan,124772.0,MAHENG/2012/52217,OMKAR MADHUKAR NADE,MAH,WARDHA,W
MAHMAR47507,GOLD INDIA,nan,40049.0,40049/ 82,D.A MUDE,MAH,WARDHA,W
MAHMAR02219,INDIANTIMES,nan,35691.0,35691/ 78,AJAHRAO VISWANATH THAKARE,MAH,YAVATMAL,TWW
MAHMAR53143,BLUE INDIA,nan,,nan,PRAFUL PANDITRAO INGOLE,MAH,YAVATMAL,W
MEGENG00071,INDIAN LANDSLIDES (SCIENTIFIC),इंडियन लैंडस्लाइड्स (साइंटिफिक),101797.0,MEGENG/2008/29240,NATIONAL INSTITUTE OF INFOTECH AND MANAGEMENT (NIIM),MEG,EAST KHASI HILLS/ SHILLONG,HY
MEGENG00097,INDIAN JOURNAL OF HILL FARMING,nan,40912.0,40912/ 88,INDIAN ASSOCIATION OF HILL FARMING,MEG,EAST KHASI HILLS/ SHILLONG,HY
MEGENG00094,INDIAN,nan,8888.0,8888/ 65,P.N. SHAHA,MEG,EAST KHASI HILLS/ SHILLONG,W
MEGBIL00023,YOUNG INDIA,nan,12153.0,12153/ 66,KAPILA CHATTERJEE,MEG,SHILLONG,W
MEGENG00093,YOUNG INDIA,nan,1466.0,1466/ 58,KAPIL CHATERJEE,MEG,SHILLONG/ EAST KHASI HILLS,W
MPHIN32634,INDIA AAJ KAL,इंडिया आज कल,141638.0,MPHIN/2016/69083,RIPUDAMAN SINGH KUSHWAH,MP,BHIND,D
MPHIN38922,HARSHIT INDIA,हर्षित इंडिया,158053.0,MPHIN/2022/85498,HARSHIT MISHRA,MP,BHOPAL,D
MPHIN36227,SWATANTRA INDIA,स्वतंत्र इंडिया,155471.0,UR,SURENDRA SHARMA,MP,BHOPAL,D
MPHIN39096,UTKARSH INDIA,nan,,nan,SANDEEP MALVIYA,MP,BHOPAL,D
MPHIN36963,INDIAN WORLD,nan,,UR,VIKASH VISHWAKARMA,MP,BHOPAL,D
MPHIN32374,REGAL INDIA,nan,143653.0,MPHIN/2016/71098,RABIYA,MP,BHOPAL,D
MPHIN28836,MADHUR INDIA,nan,120913.0,MPHIN/2013/48357,MEHARBAN SINGH,MP,BHOPAL,D
MPHIN26845,PRABHAT INDIA,nan,112215.0,MPHIN/2011/39658,PREM SINGH,MP,BHOPAL,D
MPENG01241,ABSOLUTE INDIA,nan,142446.0,MPENG/2015/69891,YOGENDRA CHATURVEDI,MP,BHOPAL,D
MPHIN38463,HARPAL INDIA,हरपल इंडिया,160754.0,MPHIN/2023/88199,SATISH KUMAR GAUTAM,MP,BHOPAL,D
MPHIN35070,NEW INDIA HERALD,न्यू इंडिया हेरेल्ड,150535.0,MPHIN/2019/77980,RAJESH KUMAR JAIN,MP,BHOPAL,D
MPENG01137,THE TIMES OF INDIA,द टाइम्स ऑफ़ इंडिया,116586.0,MPENG/2012/44029,"BENNETT, COLEMAN & CO.LTD",MP,BHOPAL,D
MPHIN26130,NAYA INDIA,nan,113385.0,MPHIN/2011/40828,SAMVAD PARIKRAMA PVT LTD,MP,BHOPAL,D
MPHIN33605,ABSOLUTE INDIA,nan,142750.0,MPHIN/2016/70195,YOGENDRA CHATURVEDI,MP,BHOPAL,D
MPHIN32156,COVERAGE INDIA,कवरेज इंडिया,138081.0,MPHIN/2015/65526,VINOD KUMAR KUSHWAHA,MP,BHOPAL,D
MPHIN15231,INDIA CIRCULATION,nan,71916.0,71916/ 99,M.J. KHAN,MP,BHOPAL,D
MPHIN09563,PUBLIC NEWS OF INDIA,nan,56548.0,56548/ 93,GOVIND PRASAD MUKHRAIYA,MP,BHOPAL,F
MPBIL02150,THE INDIAN ROAR,nan,,UR,YASH GARG,MP,BHOPAL,F
MPENG00709,MATERIAL SCIENCE RESEARCH INDIA,मैटिरियल साईंस रिसर्च इंडिया,89851.0,MPENG/2004/17294,SHAHIDA IQBAL,MP,BHOPAL,HY
MPENG00103,INDIAN JOURNAL OF ZOOLOGY,nan,25889.0,25889/ 72,DEPTT OF ZOOLOGY SAIFIA COLLEGE,MP,BHOPAL,HY
MPHIN31150,INDIAN PEOPLES TIMES,इंडियन पीपुल्स टाईम्स,134725.0,MPHIN/2015/62170,ASHOK BHARGAV,MP,BHOPAL,M
MPHIN13772,TODAY'S INDIAN,nan,68945.0,68945/ 98,PRAKASH SAXENA,MP,BHOPAL,M
MPHIN36246,SAI INDIA,साई इंडिया,159162.0,MPHIN/2022/86607,SANGEETA THAKRE,MP,BHOPAL,M
MPHIN33216,HARSHIT INDIA,हर्षित इंडिया,142506.0,MPHIN/2016/69951,HARSHIT MISHRA,MP,BHOPAL,M
MPHIN26580,INDIAN EDUCATION,nan,115842.0,MPHIN/2011/43285,MANISH DUBEY,MP,BHOPAL,M
MPHIN14393,RASHTRA HIT INDIAN PRESS FORUM,nan,87288.0,MPHIN/1999/14731,RAJENDER S.GEHLOT,MP,BHOPAL,M
MPBIL00778,TASTE OF INDIA,nan,77714.0,MPBIL/2001/05157,CVPA (PVT.) LTD.,MP,BHOPAL,M
MPHIN23157,TO DATE INDIA,टू डेट इंडिया,107244.0,MPHIN/2010/34687,AZAM KHAN,MP,BHOPAL,M
MPHIN36706,INDIA SAMARTH,इंडिया समर्थ,153155.0,MPHIN/2021/80600,RAJMAL SINGH,MP,BHOPAL,M
MPBIL01115,INDIAN DIAMOND,इंडियन डायमण्ड,94903.0,MPBIL/2007/22346,BHAWANA AMBADKAR,MP,BHOPAL,M
MPHIN32534,PROUD OF INDIA TOURISM,प्राउड ऑफ़ इंडिया टूरिज्म,141149.0,MPHIN/2016/68594,MOIN UDDIN,MP,BHOPAL,M
MPHIN21792,INDIAN FACE,इंडियन फेस,95083.0,MPHIN/2007/22526,PRASHANT TELANG,MP,BHOPAL,M
MPHIN19953,GLORY OF INDIA,ग्‍लोरी ऑफ इंडि‍या,90288.0,MPHIN/2006/17731,DR.MAHESH YADAV,MP,BHOPAL,M
MPBIL36640,SPORTS AND FITNESS INDIA,nan,,nan,DAREN SHAHID,MP,BHOPAL,M
MPHIN16305,PROGRESS INDIA,nan,79461.0,MPHIN/2001/06904,MAHESH SHRIVASTAV,MP,BHOPAL,M
MPHIN36587,MUSKURAYAEGA INDIA,मुस्कुरायेगा इंडिया,153289.0,MPHIN/2021/80734,SHUBHAM PRAJAPATI,MP,BHOPAL,M
MPENG00076,GLORIOUS NEW INDIA,nan,50202.0,50202/ 89,YASHPAL MAHAJAN,MP,BHOPAL,M
MPHIN21823,UTPRERAK INDIA,उत्प्रेरक इंडिया,102061.0,MPHIN/2008/29504,REENA DIXIT,MP,BHOPAL,M
MPHIN36052,INDIA UPDATE,nan,,nan,PURVI SONI,MP,BHOPAL,M
MPHIN28319,INDIA RISE,nan,120053.0,MPHIN/2012/47496,DENSON THOMAS,MP,BHOPAL,M
MPHIN19090,INDIA ONE SAMACHAR,इंडिया वन समाचार,92360.0,MPHIN/2006/19803,A.A.BAHADUR,MP,BHOPAL,M
MPHIN38943,THE NEWS CRITIC INDIA,nan,,nan,PRASHANT SHARMA,MP,BHOPAL,M
MPENG01436,HEALTH PLUS INDIA,nan,,nan,MOHD TAMEEM HASHMI,MP,BHOPAL,M
MPHIN37322,INDIAN MARK,इंडियन मार्क,153949.0,MPHIN/2021/81394,VISHAL RAMOSHI,MP,BHOPAL,M
MPHIN29246,INDIA POL BIZ MAGAZINE,इंडिया पोल बिज मैगज़ीन,144441.0,MPHIN/2017/71886,SAIFUDDIN SAIFI,MP,BHOPAL,M
MPHIN21601,LIFE INDIA,लाइफ इंडिया,93816.0,MPHIN/2007/21259,VIJAY KUMAR DAS,MP,BHOPAL,M
MPBIL00114,INDIAN TESTIMONY,nan,23645.0,23645/ 72,K M MATHAI,MP,BHOPAL,M
MPHIN31871,SARTHI VISION INDIA,सारथी विजन इंडिया,139863.0,MPHIN/2015/67308,SHISHIR UPADHYAYA,MP,BHOPAL,M
MPHIN19236,PROGRESS OF INDIA,nan,87060.0,MPHIN/2005/14503,RAMPRAKASH TRIPATHI,MP,BHOPAL,M
MPHIN39302,WAKE UP TO THE NEW INDIA,nan,,nan,ABDUL WASEY KHAN,MP,BHOPAL,M
MPHIN25774,THE INDIAN GURU,nan,109958.0,MPHIN/2011/37401,MONIKA CHOURASIYA,MP,BHOPAL,M
MPHIN28479,INDIA AGAIN,nan,122756.0,MPHIN/2013/50201,ADV. AHMED KHAN,MP,BHOPAL,M
MPHIN28091,MADHUR INDIA,nan,117574.0,MPHIN/2012/45017,MEHARBAN SINGH,MP,BHOPAL,M
MPBIL02070,ALL INDIA DIPLOMA ENGINEERS JOURNAL,nan,21171.0,21171/ 69,ALL INDIA FEDERATION OF DIPLOMA ENGINEERS,MP,BHOPAL,M
MPHIN21892,JAGRAT INDIA,जागृत इंडिया,96157.0,MPHIN/2008/23600,EXTROL PUBLISHER,MP,BHOPAL,M
MPHIN27651,MID LINE INDIA,nan,115455.0,MPHIN/2012/42898,DINESH KHRE,MP,BHOPAL,M
MPHIN31112,SWASTH INDIA,स्वस्थ इंडिया,140170.0,MPHIN/2016/67615,SATISH MISHRA,MP,BHOPAL,M
MPHIN35530,INDIAN MEDIA TIMES,इंडियन मीडिया टाइम्स,150868.0,MPHIN/2019/78313,SHIVAM JUNEJA,MP,BHOPAL,M
MPBIL02112,THE NEWSMAN OF INDIA,द न्यूजमेन ऑफ इंडिया,145961.0,MPBIL/2017/73406,ABUL HASAN SIDDIQUE,MP,BHOPAL,M
MPHIN26977,INDIA VANI,nan,113832.0,MPHIN/2012/41275,SANGEETA THAKRE,MP,BHOPAL,M
MPHIN12926,INDIAN EYE,nan,65335.0,65335/ 97,NAVAL SINGH,MP,BHOPAL,OP
MPHIN17552,DEMOCRATIC INDIA,nan,81397.0,MPHIN/2002/08840,VISHNU VERMA VIDROHI,MP,BHOPAL,OP
MPHIN12965,THE BURNING INDIA,nan,67984.0,67984/ 97,PUSHPLATA SHARMA,MP,BHOPAL,OP
MPENG00415,INDIAN COMPUTRADE NEWS,nan,56475.0,56475/ 93,RAJNI SARAN GUPTA,MP,BHOPAL,OP
MPENG01158,INDIAN GUAGE,nan,120645.0,MPENG/2013/48089,VISHAL SHRIVASTAVA,MP,BHOPAL,Q
MPENG01430,INDIAN JOURNAL OF DEVELOPMENTAL AND BEHAVIORAL PEDIATRICS (OFFICIAL JOURNAL OF IAP CHAPTER OF NEURODEVELOPMENTAL PEDIATRICS),nan,156544.0,MPENG/2022/83989,IAP CHAPTER OF NEURO DEVELOPMENTAL PEDIATRICS,MP,BHOPAL,Q
MPHIN32930,COVERAGE INDIA,कवरेज इंडिया,139464.0,MPHIN/2016/66909,VINOD KUMAR KUSHWAHA,MP,BHOPAL,Q
MPHIN33227,TARA INDIA,nan,,UR,NAVODEETA PARASHAR,MP,BHOPAL,Q
MPHIN38858,IMPRESSIVE INDIA,nan,,nan,ATHAR KHAN,MP,BHOPAL,Q
MPHIN21788,NATURE INDIA,nan,96138.0,MPHIN/2008/23581,SRIRAM MAHESHWARI,MP,BHOPAL,Q
MPHIN10678,INDIAN PUBLIC REPORTER,इंडियन पब्लिक रिपोर्टर,58709.0,58709/ 94,NITISH KUMAR RAI,MP,BHOPAL,W
MPBIL01719,CENTRAL INDIA,nan,122634.0,MPBIL/2013/50079,ABHISHEK VERMA,MP,BHOPAL,W
MPBIL02005,SPARKLE INDIA,nan,143509.0,MPBIL/2016/70954,DHEERAJ PURVAE,MP,BHOPAL,W
MPHIN25911,POPULAR NEWS INDIA,nan,111147.0,MPHIN/2011/38590,BINDESH KUMAR TIWARI,MP,BHOPAL,W
MPHIN32973,INDIAN MEDIA TIMES,इंडियन मीडिया टाइम्स,140523.0,MPHIN/2016/67968,SHIVAM JUNEJA,MP,BHOPAL,W
MPHIN38582,NIRMAL INDIA,निर्मल इंडिया,160906.0,MPHIN/2023/88351,KANHAIYA LAL DHARMIK,MP,BHOPAL,W
MPENG01138,SUNDAY TIMES OF INDIA,संडे टाइम्स ऑफ़ इंडिया,116751.0,MPENG/2012/44194,"BENNETT, COLEMAN & CO.LTD",MP,BHOPAL,W
MPHIN10268,INDIAN FUTURE,nan,58687.0,58687/ 94,M.Y.KHAN,MP,BHOPAL,W
MPHIN28149,SANDESH INDIA,संदेश इंडिया,118966.0,MPHIN/2012/46409,PAWAN K PATEL,MP,BHOPAL,W
MPENG00251,TENDER & TRADE INDIA,nan,38091.0,38091/ 81,GOKUL GOEL,MP,BHOPAL,W
MPHIN26165,THE INDIAN BAZAAR,nan,115437.0,MPHIN/2011/42880,SYED MUSHAHID ALI,MP,BHOPAL,W
MPHIN34405,HARSHIT INDIA,हर्षित इण्डिया,144427.0,MPHIN/2017/71872,HARSHIT MISHRA,MP,BHOPAL,W
MPHIN36315,KALAM OF INDIA,nan,157894.0,MPHIN/2021/85339,KARTIK ANAND,MP,BHOPAL,W
MPHIN25818,CHRONICLE OF INDIA,nan,112485.0,MPHIN/2011/39928,RAJESH SINGH,MP,BHOPAL,W
MPMUL00383,THE SPRING INDIA,nan,159655.0,MPMUL/2022/87100,MOHAMMAD IMRAN KHAN,MP,BHOPAL,W
MPENG00002,ALL INDIA CIVIL TENDERS,nan,45127.0,45127/ 84,ALKA BEN S. BHATT,MP,CHHINDWARA,W
MPMUL00365,NITAI HALCHAL INDIA,nan,,nan,NITAI HELP WELFARE FOUNDATION,MP,DAMOH,W
MPENG00589,EAGLE OF INDIA,nan,47675.0,47675/ 86,RAM KUMA VANSAL,MP,GUALIOR,W
MPHIN21278,AMRIT INDIA,अमृत इंडि‍या,92603.0,MPHIN/2006/20046,AMRIT JAIN,MP,GWALIOR,D
MPHIN38951,REVISE INDIA,nan,,nan,ABHISHEK SINGHAL,MP,GWALIOR,D
MPHIN24837,INDIA SHAM TAK,nan,111677.0,MPHIN/2010/39120,DEV SHRIMALI,MP,GWALIOR,D
MPHIN24111,K M J INDIA,के एम जे इंडिया,110016.0,MPHIN/2011/37459,SANTOSHI LAL RATHORE,MP,GWALIOR,D
MPHIN35162,INDIA UPLIFT,इंडिया अपलिफ्ट,149297.0,MPHIN/2018/76742,RASHID HUSSAIN,MP,GWALIOR,D
MPHIN15460,INDIA STORY,nan,77546.0,MPHIN/1999/04989,AFTAB KHAN,MP,GWALIOR,D
MPHIN31006,NAYA INDIA,नया इंडिया,131633.0,MPHIN/2014/59078,SAMVAD PARIKRAMA PVT LTD,MP,GWALIOR,D
MPHIN00737,BEAUTY INDIA,nan,35237.0,35237/ 80,AMAR BHODKARIA,MP,GWALIOR,F
MPHIN23905,INDIAN PULSAR,nan,112140.0,MPHIN/2011/39583,SANTOSH ARORA,MP,GWALIOR,M
MPHIN26232,RAAG INDIA,nan,114841.0,MPHIN/2012/42284,VIVEK SRIVASTAVA,MP,GWALIOR,M
MPBIL01651,POL KHOL INDIA,nan,121083.0,MPBIL/2012/48528,SAYA MEDIA PVT.LTD,MP,GWALIOR,M
MPHIN20433,INDIA PLUS,इण्डिया प्लस,92127.0,MPHIN/2006/19570,SATISH SHARMA,MP,GWALIOR,M
MPHIN23562,INDIAN MIRROR,nan,112144.0,MPHIN/2009/39587,HIMANSHI SHRIVASTAVA,MP,GWALIOR,M
MPHIN30495,MILAN INDIA,मिलन इंडिया,132727.0,MPHIN/2014/60172,BHANU SHARMA,MP,GWALIOR,M
MPHIN28622,JAGATA INDIA,nan,122399.0,MPHIN/2013/49844,SANJAY GHODKE,MP,GWALIOR,M
MPHIN32008,DIYA HARSH SAVDHAN INDIA EXPRESS,दिया हर्ष सावधान इण्डिया एक्सप्रेस,138134.0,MPHIN/2015/65579,JITENDRA SINGH BHADORIYA,MP,GWALIOR,M
MPHIN38975,TARK INDIA,nan,,nan,MANISHWAR SINGH BAIS,MP,GWALIOR,M
MPHIN11432,EYE OF INDIA,आइ ऑफ़ इंडिया,61519.0,61519/ 95,ANAND KUMAR,MP,GWALIOR,W
MPHIN32264,INDIA UPLIFT,इण्डिया अपलिफ्ट,146040.0,MPHIN/2017/73485,RASHID HUSSAIN,MP,GWALIOR,W
MPHIN32600,INDIA MATTER,nan,142967.0,MPHIN/2016/70412,NAZMA KHAN,MP,GWALIOR,W
MPHIN36630,INDIAN NEWS ADDA,इंडियन न्यूज़ अड्डा,158267.0,MPHIN/2021/85712,DUSHYANT KUNTE,MP,INDORE,A
MPBIL00492,PUMPS INDIA,nan,58851.0,58851/ 94,ANIL UPADHYAY,MP,INDORE,BM
MPBIL00723,INDIAN PLAST PACK NEWS,nan,73836.0,MPBIL/1999/01279,INDIAN PLASTPACK FARM,MP,INDORE,BM
MPENG00900,"INDIAN JOURNAL OF DERMATOLOGY, VENEREOLOGY & LEPROLOGY",nan,6403.0,6403/ 57,"INDIAN ASSOCIATION OF DERMATOLOGISTS, VENEREOLOGISTS & LEPROLOGISTS",MP,INDORE,BM
MPHIN32201,MATRAM INDIA,मातरम इंडिया,138135.0,MPHIN/2015/65580,SUDHAKAR SINGH,MP,INDORE,D
MPENG01163,THE TIMES OF INDIA,द टाइम्स ऑफ़ इंडिया,117894.0,MPENG/2012/45337,"BENNETT, COLEMAN & CO.LTD",MP,INDORE,D
MPHIN31001,INDIA NOW,इंडिया नाउ,137492.0,MPHIN/2015/64937,NAVEEN MADAAN,MP,INDORE,D
MPHIN35457,EXPRESS YOUNG INDIA,एक्सप्रेस यंग इंडिया,150857.0,MPHIN/2019/78302,ASHISH JHA,MP,INDORE,D
MPHIN31007,NAYA INDIA,नया इंडिया,131627.0,MPHIN/2014/59072,SAMVAD PARIKRAMA PVT LTD,MP,INDORE,D
MPHIN28936,ART INDIA NEWS,आर्ट इंडिया न्यूज,129385.0,MPHIN/2014/56830,SHAHID SHAH,MP,INDORE,D
MPHIN36709,INDIA BHARTI NEWS,nan,,nan,POOJA JOSHI,MP,INDORE,F
MPHIN32160,HEARTBEAT OF INDIA,हार्टबीट ऑफ इंडिया,148045.0,MPHIN/2015/75490,AJAY NANDURKAR,MP,INDORE,F
MPENG01007,INDIAN JOURNAL OF NURSING STUDIES,nan,108776.0,MPENG/2010/36219,DR. USHA UKANDE,MP,INDORE,HY
MPHIN29193,AGRO INDIA,nan,124754.0,MPHIN/2013/52199,RAM SWAROOP MANTRI,MP,INDORE,M
MPBIL01178,IT ASSOCIATION OF INDIA,आई टी एसोसिएशन ऑफ इंडिया,96512.0,MPBIL/2007/23955,RAJESH SHUKLA,MP,INDORE,M
MPHIN30818,SARTHI INDIA,सारथी इंडिया,135682.0,MPHIN/2015/63127,ROHIT AGRAWAL,MP,INDORE,M
MPHIN18384,CENTRE INDIA DETECTIVE,सेन्टर इंडिया डिटेक्टिव,85838.0,MPHIN/2004/13281,OM JHANWAR,MP,INDORE,M
MPBIL01495,SUCCESS TREBHUVAN INDIA,सक्सेस त्रिभुवन इंडिया,105657.0,MPBIL/2010/33100,TRIBHUVAN SHARMA,MP,INDORE,M
MPHIN25791,THE INDIANAMA,nan,110999.0,MPHIN/2011/38442,KU. PRABHA ROKDE,MP,INDORE,M
MPHIN27292,METRO VISION OF INDIA,nan,114233.0,MPHIN/2012/41676,RAKESH THAKUR,MP,INDORE,M
MPHIN24062,MY INDIA,माय इंडिया,105863.0,MPHIN/2010/33306,NILESH PATEL,MP,INDORE,M
MPBIL02038,THE EXPOSE INDIA,nan,145495.0,MPBIL/2016/72940,VISHNU VARAT,MP,INDORE,M
MPBIL02241,PULSE OF INDIAN,nan,143555.0,MPBIL/2017/71000,SWATI KASHID,MP,INDORE,M
MPHIN31137,ANGRY INDIAN,एंग्री इंडियन,145106.0,MPHIN/2016/72551,SUNNY SINGH KANWAR,MP,INDORE,M
MPHIN29639,INDIA FIRST,nan,125852.0,MPHIN/2013/53297,I.F.MEDIA AND PUBLICATION,MP,INDORE,M
MPHIN27606,NAVRANG INDIA,नवरंग इंडिया,119043.0,MPHIN/2012/46486,SANJAY SRIVASTAVA,MP,INDORE,M
MPHIN27388,DIRECTOR INDIA,nan,114817.0,MPHIN/2012/42260,URMILA PARMAR,MP,INDORE,M
MPHIN21692,ADVANCE INDIA,एडवांस इंडिया,98220.0,MPHIN/2008/25663,DHARMENDRA SHUKLA,MP,INDORE,M
MPBIL01922,THE INDIAN PAPERBOY,द इंडियन पेपरबॉय,132675.0,MPBIL/2014/60120,DHANANJAY DASHORA VYAS,MP,INDORE,M
MPHIN21944,VAASTVIK INDIA,वास्तविक इण्डिया,99182.0,MPHIN/2008/26625,URMILA PARMAR,MP,INDORE,M
MPBIL01443,ENERGETICA INDIA,एनर्जेटिका इंडिया,108332.0,MPBIL/2009/35775,OMNI EDITION INDIA PVT. LTD.,MP,INDORE,M
MPBIL01872,QUEENS INDIA TIMES,क्वीन्स इंडिया टाइम्स,132676.0,MPBIL/2014/60121,PAWANJEET SINGH KUHRANA,MP,INDORE,M
MPHIN17996,PROGRESSIVE INDIA,प्रोग्रेसि‍व इंडि‍या,89754.0,MPHIN/2004/17197,KHANNU VISHWAKARMA,MP,INDORE,M
MPENG00974,THE INDIAN JOURNAL OF FIELD VETERINARIANS,दि इंडियन जर्नल ऑफ़ फील्ड वेटेरिनेरियन्स,105324.0,MPENG/2009/32767,DR.R.S. DHANOTIYA,MP,INDORE,Q
MPENG00804,VALVES INDIA,VI,90471.0,MPENG/2006/17914,ANIL UPADHYAY,MP,INDORE,Q
MPENG01287,THE INDIAN JOURNAL OF VETERINARY SCIENCES AND BIOTECHNOLOGY,nan,140706.0,MPENG/2015/68151,RADHESHYAM DHANOTIYA,MP,INDORE,Q
MPHIN04352,OUR INDIA,nan,35107.0,35107/ 79,AJAY TIWARI,MP,INDORE,W
MPHIN31628,MAX INDIA NEWS,मैक्स इंडिया न्यूज,139432.0,MPHIN/2015/66877,HITESH SHARMA,MP,INDORE,W
MPHIN03768,MARKETING TIMES OF INDIA,मार्केटिंग टाइम्स ऑफ़ इंडिया,58798.0,58798/ 92,ASHOK JAIN,MP,INDORE,W
MPHIN27249,THE GRAMIN NAMASTE INDIA,nan,115415.0,MPHIN/2012/42858,BASANT SINGH VERMA,MP,INDORE,W
MPHIN27154,AAGAZ INDIA,nan,116389.0,MPHIN/2012/43832,NITIN DIWEDI,MP,INDORE,W
MPHIN27533,CHETANA BULAND INDIA,nan,116116.0,MPHIN/2012/43559,NITESH PATIDAR,MP,INDORE,W
MPHIN13109,PALIWAL INDIA,nan,68234.0,68234/ 97,GIRISH KUMAR PUROHIT,MP,INDORE,W
MPBIL01559,NAYE BHARAT KI KHOJ RE DISCOVER INDIA,नये भारत की खोज री डिस्कवर इंडिया,133328.0,MPBIL/2014/60773,PRADEEP MISHRA,MP,INDORE,W
MPHIN02326,INDIA RADIO AND ELECTRONIC DEVELOPMENT,nan,45181.0,45181/ 84,MINAKSHI KATLANA,MP,INDORE,W
MPHIN31392,INDIAN PLAST TIMES,इंडियन प्लास्ट टाइम्स,137006.0,UR,SACHIN BANSAL,MP,INDORE,W
MPHIN14901,TRADE-LINK INDIA,nan,50213.0,50213/ 83,MOHANLAL MANTRI,MP,INDORE,W
MPHIN14781,THE PULS OF INDIA,nan,58671.0,58671/ 93,MOHD. IQBAL KHAN,MP,INDORE,W
MPBIL01482,COME ON INDIA,nan,109720.0,MPBIL/2010/37163,VISHNU KUMAR GUPTA,MP,INDORE,W
MPHIN22001,FOCUS INDIA,फोकस इंडिया,97863.0,MPHIN/2008/25306,MUBARIK SHAIKH,MP,INDORE,W
MPENG01164,SUNDAY TIMES OF INDIA,संडे टाइम्स ऑफ़ इंडिया,117893.0,MPENG/2012/45336,"BENNETT, COLEMAN & CO.LTD",MP,INDORE,W
MPHIN36631,INDIAN LION,इंडियन लॉयन,157498.0,MPHIN/2021/84943,VIJAY SINGH THAKUR,MP,INDORE,W
MPHIN36904,RUSH INDIA,nan,,nan,RASHMI CHOUHAN,MP,INDORE,W
MPHIN37365,NISHPAKSH NIDAR PATRAKARITA ABHI INDIA,nan,,nan,MOHD ANWAR HUSSAIN,MP,INDORE,W
MPBIL02101,DIGITAL INDIA EXPRESS,डिजिटल इंडिया एक्सप्रेस,145139.0,MPBIL/2017/72584,SAMAAJ SHILPI,MP,JABALPUR,D
MPHIN31008,NAYA INDIA,नया इंडिया,131634.0,MPHIN/2014/59079,SAMVAD PARIKRAMA PVT LTD,MP,JABALPUR,D
MPBIL01915,PALPAL INDIA,पलपल इंडिया,138406.0,MPBIL/2015/65851,SEEMA ABHIMANOJ,MP,JABALPUR,M
MPHIN32342,INDIA AHEAD,इंडिया अहेड,144893.0,MPHIN/2014/72338,SHASHWAT PANDEY,MP,JABALPUR,M
MPHIN23007,PRINCE INDIA,प्रिंस इंडिया,101018.0,MPHIN/2009/28461,R.K. RAIKWAR,MP,JABALPUR,M
MPBIL01352,THE INDIAN LAW REPORTS M.P SERIES,दि इंडियन लॉ रिपोर्ट्स एम.पी. सीरीज,104923.0,MPBIL/2009/32366,"MADHYA PRADESH SHASAN, BHOPAL",MP,JABALPUR,M
MPENG00105,INDIAN MEDICAL ASSOCIATION M P STATE BRANCH NEWS BULLETIN,nan,35158.0,35158/ 79,"INDIAN MEDICAL ASSOCIATION, JABALPUR",MP,JABALPUR,Q
MPENG00304,INDIA CULTURES QUARTERS,nan,13121.0,13121/ 57,"LEONARD THEOLOGICAL COLLEGE, JABALPUR",MP,JABALPUR,Q
MPHIN02398,INDIAN REPORTER,nan,23634.0,23634/ 72,DR HARISH VERMA,MP,JABALPUR,W
MPHIN36538,INDIAN BLOOD,nan,,UR,DINESH PREET,MP,JABALPUR,W
MPHIN39277,ART INDIA NEWS,आर्ट इंडिया न्यूज,159097.0,MPHIN/2022/86542,SHAHID SHAH,MP,KHANDAWA,D
MPBIL36583,INDIA PYRAMID,nan,,nan,PARVIN BI,MP,KHANDWA,F
MPBIL01251,NIYUDDHA FEDERATION OF INDIA,नियुद्ध फेडरेशन ऑफ़ इंडिया,101464.0,MPBIL/2009/28907,NIYUDDHA SPORT FEDERATION (REG.),MP,MANDSAUR,A
MPHIN38777,SARANSH INDIA NEWS,सारांश इंडिया न्यूज,160137.0,MPHIN/2023/87582,JITENDRA SINGH SIKARWAR,MP,MORENA,M
MPHIN33813,PRASHANT INDIA,प्रशांत इंडिया,145118.0,MPHIN/2016/72563,RAJESH SINGH SIKARWAR,MP,MORENA,M
MPHIN24771,INDIAN EXPRESS,इंडियन एक्सप्रेस,106427.0,MPHIN/2010/33870,CHANDRA PRAKASH SHIVHARE,MP,MORENA,W
MPHIN29390,RUBARU INDIA,nan,126301.0,MPHIN/2013/53746,MANGILAL KUSHWAH,MP,RAJGARH,M
MPHIN31113,INDIA HELP,इंडिया हेल्प,133239.0,MPHIN/2015/60684,SUNITA SHARMA,MP,RATLAM,M
MPHIN36103,INDIAMIX,इंडियामिक्स,152543.0,MPHIN/2021/79988,MUKESH DHABHAI,MP,RATLAM,M
MPHIN39338,MIDNIGHT INDIA,nan,,nan,DAYARAM KOSHTA,MP,REWA,D
MPHIN13337,SQUARE INDIA,nan,69269.0,69269/ 98,SHAMSHAD BEGUM,MP,REWA,M
MPHIN11802,PRAYAS INDIA,nan,62826.0,62826/ 95,PRAKASH TRIVEDI,MP,REWA,M
MPHIN32358,REACT INDIA,रियेक्ट इंडिया,145424.0,MPHIN/2017/72869,SURESH KUMAR VERMA,MP,REWA,W
MPHIN09842,THE WATER OF INDIA,nan,56429.0,56429/ 92,DINESH TRIVEDI,MP,REWA,W
MPHIN32169,VAIBHAV INDIA,वैभव इंडिया,140526.0,MPHIN/2016/67971,VED PRAKASH MISHRA,MP,REWA,W
MPHIN10892,REFLECT INDIA,nan,58740.0,58740/ 94,ARVIND KUMAR JAIN,MP,SAGAR,D
MPHIN18273,JAI INDIA,nan,84907.0,MPHIN/2004/12350,SURENDRA KUMAR SRIVASTAVA,MP,SAGAR,M
MPHIN18334,VOICE OF INDIA,वॉइस ऑफ़ इंडिया,84537.0,MPHIN/2003/11980,MOHAMMED JAVED,MP,SATNA,M
MPHIN37143,SHINE INDIA SAMACHAR,nan,,nan,SUNNY ARORA,MP,SATNA,M
MPHIN26037,INDIA DHUADHAR,nan,115083.0,MPHIN/2011/42526,RAMKRISHNA PARASHAR,MP,SHIVPURI,M
MPHIN29596,MONDAY INDIA,मंडे इंडिया,131868.0,MPHIN/2014/59313,N KUMAR AHUJA,MP,SIVNI,M
MPHIN39439,INDIAN PLUGIN NEWS,nan,,nan,SAYED ZAFAR HUSSAIN,MP,UJJAIN,D
MPHIN27909,BRIGHT INDIA,nan,120222.0,MPHIN/2012/47665,ABHILASHA BAGAYA,MP,UJJAIN,M
MPBIL36628,ALL INDIA INDORE NEWS,nan,,nan,RAKESH YADAV,MP,UJJAIN,W
MPHIN07219,INDIAN COLLECTION,nan,54124.0,54124/ 91,YUSUF BABAN,MP,UJJAIN,W
MPHIN26270,MUSLIM INDIA,nan,116870.0,MPHIN/2011/44313,AMEEN MOHAMMAD MANSOORI,MP,UMARIA,M
NAGENG00044,INDIAN CHRISTIAN POST,इंडियन क्रिस्चियन पोस्ट,118452.0,NAGENG/2010/45895,INATO YEKHETO SHIKHU,NAG,DIMAPUR,W
ODIENG00576,THE NEW INDIAN EXPRESS,द न्यू इंडियन एक्सप्रेस,70244.0,70244/ 97,EXPRESS PUBLICATIONS (MADURAI) LTD,ODI,BHUBANESHWAR,D
ODIENG01085,THE TIMES OF INDIA,द टाइम्स ऑफ़ इंडिया,128451.0,ODIENG/2014/55896,"BENNETT, COLEMAN & CO.LTD",ODI,BHUBANESHWAR,DS
ODIODI07331,FOCUS INDIA,nan,130251.0,ODIODI/2014/57696,HARE KRUSHNA APAT,ODI,BHUBANESHWAR,W
ODIENG01087,THE SUNDAY TIMES OF INDIA,द संडे टाइम्स ऑफ़ इंडिया,128258.0,ODIENG/2014/55703,"BENNETT, COLEMAN & CO.LTD",ODI,BHUBANESHWAR,W
ODIENG00500,THE VISION OF INDIA,nan,63981.0,63981/ 95,ARATA KUMAR SWAIN,ODI,BHUBANESWAR,W
ODIBIL00234,PRESS NEWS OF INDIA,nan,52589.0,52589/ 91,SANJAYA KR.PRADHAN,ODI,BHUBANESWAR,W
ODIENG01144,THE INDIAN MINING & ENGINEERING JOURNAL,nan,6462.0,6462/ 62,J M E PUBLICATION,ODI,BHUBANESWAR/KHORDHA,M
ODIBIL00522,ALL INDIA RADIO SCHOOL BROADCAST PAMPHLET,nan,4413.0,4413/ 60,ALL INDIA RADIO,ODI,CUTTACK,A
ODIODI08230,INDIA INDEPENDENT NEWS,nan,,nan,LAXMIDHAR BEHERA,ODI,CUTTACK,M
ODIENG00579,ALL INDIA TRIBUNAL CASES,nan,4021.0,4021/ 58,B. SAMAL,ODI,CUTTACK,M
ODIENG00103,INDIAN JOURNAL OF INFORMATION LIBRARY & SOCIETY,nan,48191.0,48191/ 88,BHARATI SHUKLA,ODI,CUTTACK,Q
ODIBIL00897,THE WEDNESDAY INDIA,nan,115967.0,ODIBIL/2012/43410,SURAJIT PANI,ODI,DHENKANAL,W
ODIENG01215,NEXT INDIA JOURNAL OF SOCIAL SCIENCE,nan,152829.0,ODIENG/2020/80274,NEXT INDIA TRUST,ODI,KENDUJHAR,A
ODIENG01249,DARPAN OF INDIA,nan,,nan,AVIJIT BHAUMIK,ODI,KHORDHA,D
ODIENG00861,REVERBERATE INDIA,रीवरब्रेट इंडि‍या,95430.0,ODIENG/2007/22873,MANAS RANJAN PATTANAIK,ODI,KHORDHA,M
ODIENG00502,YOUNG INDIA TIMES,nan,66429.0,66429/ 96,SEBATI DEVI MEDIA PVT LTD,ODI,KHORDHA/ BHUBANESWAR,D
ODIENG00111,JOURNAL OF ALL INDIA ASSOCIATION FOR EDUCATIONAL RESEARCH,nan,48247.0,48247/ 89,ALL INDIA ASSOCIATION FOR EDUCATIONAL RESEARCH,ODI,KHORDHA/ BHUBANESWAR,HY
ODIENG00570,INDIAN ERA,nan,69647.0,69647/ 98,KRANTI PRESS PVT. LTD.,ODI,KHURDA,D
ODIENG00729,INDIA FIRST,nan,86204.0,ODIENG/2004/13647,SRI JAGANNATH PUBLICATIONS PVT.LTD,ODI,KHURDA,F
ODIENG00810,INDIA CORRIDOR,श्रथ्žश्रक्ž,91141.0,ODIENG/2006/18584,NIRANJAN MOHANTY,ODI,KHURDA,M
ODIENG00531,INDIAN INK,nan,67378.0,67378/ 97,THE MANDATE GLOBAL VILLAGE FOR REHETRILITATION & DEVELOPMENT,ODI,MALKANGIRI,HY
ODIMUL00847,AWARENESS NEWS INDIA,nan,,nan,SASMITA DHAL,ODI,MAYURBHANJ,M
ODIBIL00879,INDIAN MEDIA WORLD,nan,112507.0,ODIBIL/2010/39950,ADWAITA PRASAD BISWAL,ODI,ROURKELA,M
ODIENG01187,THE NEW INDIAN EXPRESS,nan,145668.0,ODIENG/2017/73113,EXPRESS PUBLICATIONS (MADURAI) LTD,ODI,SAMBALPUR,D
ODIBIL00129,A JOURNAL OF INDIAN CREATIVITY VARNAMALA,nan,48268.0,48268/ 90,RAMESH CH TRIPATHY,ODI,SAMBALPUR,THY
ODIHIN00188,INDIA AT GROUND ZERO,nan,,nan,RITESH PRUSETH,ODI,SUNDARGARH,Q
ODIMUL00840,FITNESS INDIA,nan,,nan,SHANTILATA BEHERA,ODI,SUNDERGARH/ ROURKELA,M
PONENG00100,INDIAN JOURNAL OF SEXUALLY TRANSMITTED DISEASES,nan,34296.0,34296/ 80,INDIAN ASSOCIATION FOR THE STUDY OF SEXUALLY TRANSMITTED DISEASE INSTITUTE OF VENOREOLOGY GOVT. OF CENTRAL HOSPITAL,PON,PUDUCHERRY,HY
PONENG00045,MOTHER INDIA,मदर इंडिया,8667.0,8667/ 63,SRI AUROBINDO ASHRAM TRUST,PON,PUDUCHERRY,M
PONENG00076,ALL INDIA MAGAZINE,आल इंडिया मैगज़ीन,22334.0,22334/ 71,SRI AUROBINDO SOCIETY,PON,PUDUCHERRY,M
PONTAM00205,AKHILA INDIA IDHAZH,nan,70839.0,70839/ 99,SRI AUROBINDO SOCIETY,PON,PUDUCHERRY,OP
PONENG00063,INDIAN JOURNAL OF PHARMACALOGY,इंडियन जर्नल ऑफ़ फर्माकोलोजी,32196.0,32196/ 78,"INDIAN PHARMACOLOGY SOCIETY, PONDICHERRY",PON,PUDUCHERRY,Q
PONENG00064,INDIAN JOURNAL OF UROLOGY,इंडियन जर्नल ऑफ़ यूरोलॉजी,36811.0,36811/ 85,THE UROLOGICAL SOCIETY OF INDIA,PON,PUDUCHERRY,Q
PUNENG01165,BULLETIN OF THE INDIAN MEDICAL ASSOCIATION PUNJAB STATE BRANCH,nan,42285.0,42285/ 83,"INDIAN MEDICAL ASSOCIATION, AMRITSAR",PUN,AMIRTSAR,BM
PUNENG00234,INDIA THROUGH ART,nan,7418.0,7418/ 63,INDIAN ACADEMY OF FINE ARTS,PUN,AMRITSAR,Q
PUNMUL00720,INDIAN DOCTOR,nan,10203.0,10203/ 65,DR. MAN SINGH,PUN,BARNALA,M
PUNENG00315,THE JOURNAL OF CURRENT INDIAN BIOGRAPHY,nan,34150.0,34150/ 79,HARJIT PAL,PUN,CHANDIGARH,Q
PUNENG00888,INDIAN CHEMIST,nan,7290.0,7290/ 63,DHARAM BIR KAPUR,PUN,HOSHIARPUR,M
PUNENG01336,THE INDIAN ENQUIRER,दि इंडियन इन्क्वायरर,107027.0,PUNENG/2010/34470,PUNJAB KESARI PUBLISHING HOUSE PVT. LTD.,PUN,JALANDHAR,D
PUNHIN01113,THE INDIAN ABIDING,nan,51522.0,51522/ 93,MANOJ KUMAR NAYYAR,PUN,JALANDHAR,F
PUNPUN04140,THINK INDIA,nan,151218.0,PUNPUN/2017/78663,SHREE BALAJI MEDIA HOUSE,PUN,JALANDHAR,M
PUNBIL01290,NORTHERN INDIA NEWS,nan,,nan,NITISH BHANOT,PUN,JALANDHAR,M
PUNENG01256,INDIAN'S VOICE,nan,85014.0,PUNENG/2004/12457,RAVINDERJIT KAUR,PUN,JALANDHAR,M
PUNENG00891,INDIAN LANCET,nan,10015.0,10015/ 64,NAWAL KISHORE,PUN,JALANDHAR,M
PUNBIL01057,BODY BUILDING INDIA,बॉडी बिल्डिंग इण्डिया,100876.0,PUNBIL/2009/28319,BALVIR HASTIR,PUN,JALANDHAR,M
PUNENG00069,BUYER'S GUIDE FOR INDIAN PRODUUCTS,nan,30774.0,30774/ 78,MOHINDER KUMAR JAIN,PUN,JALANDHAR,M
PUNPUN04089,INDIA JAGRITI,इण्डिया जागृति,146558.0,PUNPUN/2016/74003,SUKHCHAIN SINGH,PUN,JALANDHAR,W
PUNHIN01837,JAI HIND INDIA,जय हिंद इंडिया,147894.0,PUNHIN/2015/75339,RAJESH KAPIL,PUN,JALANDHAR,W
PUNENG00890,THE INDIAN JOURNAL OF MEDICINE & SURGERY,दि इंडियन जर्नल ऑफ़ मेडिसिन एंड सर्जरी,5.0,1957-05-01 00:00:00,DR KISHAN CHAND KAPOOR,PUN,JULLUNDUR,M
PUNENG00905,THE INDIAN LIBRARIAN,दि इंडियन लाइब्रेरियन,146.0,146/ 57,SANT RAM BHATIA,PUN,JULLUNDUR,Q
PUNENG00850,THE INDIAN MIRROR,दि इंडियन मिरर,173.0,173/ 57,PRAKASH CHAND KOCHAR,PUN,KAPURTHALA,F
PUNENG01166,MACHINE TOOLS INDIA,nan,23129.0,23129/ 72,SHRI PRITAM SINGH,PUN,LUCHIANA,M
PUNENG00909,INDIAN GERIATRICS JOURNAL,nan,10208.0,10208/ 64,DR. NARINDER SINGH SATIJA,PUN,LUDHIANA,BM
PUNHIN01685,ADARSH INDIA,आदर्श इंडिया,134925.0,PUNHIN/2012/62370,AZAD SINGH,PUN,LUDHIANA,F
PUNENG00262,INDIAN JOUURNAL OF ECOLOGY,nan,30588.0,30588/ 74,PUNJAB AGRICULTURAL UNIVERSITY,PUN,LUDHIANA,HY
PUNPUN00619,INDIAN POULTRY REVIEW,nan,33977.0,33977/ 80,GAUTAM NARAYAN GHOSE,PUN,LUDHIANA,M
PUNPUN03981,INDIA NEWS 24,इंडिया न्यूज़ 24,134432.0,PUNPUN/2015/61877,GAURAV KUMAR,PUN,LUDHIANA,M
PUNMUL01006,INDIA`S JUSTICE,nan,70930.0,70930/ 98,TEJINDER SINGH,PUN,LUDHIANA,M
PUNBIL00914,INDIAN BICYCLE CHANNELS,nan,70417.0,70417/ 84,M/S BICYCLE PUBLICATION OF INDIA,PUN,LUDHIANA,M
PUNENG01395,INDIAN BICYCLE BUSINESS GUIDE,इंडियन बाइसिकल बिज़नेस गाइड,129744.0,PUNENG/2014/57189,HARISH KUMAR,PUN,LUDHIANA,M
PUNENG00254,INDIAN NEWS INDEX,nan,10147.0,10147/ 65,PUNJAB UNIVERSITY,PUN,LUDHIANA,Q
PUNPUN03304,GREAT INDIA,nan,78249.0,PUNPUN/2001/05692,JASWINDER SINGH SACHDEVA,PUN,LUDHIANA,Q
PUNHIN01863,OPTICIAN INDIA,ऑप्टिशियन इंडिया,138020.0,PUNHIN/2015/65465,DEEPIKA BANSAL,PUN,LUDHIANA,Q
PUNURD01140,INDIAN TIMES,nan,7285.0,7285/ 63,BALBIR SINGH,PUN,LUDHIANA,W
PUNHIN01814,SARVODAYA INDIAN TIMES,सर्वोदय इंडियन टाइम्स,134426.0,PUNHIN/2015/61871,SUNIL PURI,PUN,LUDHIANA,W
PUNHIN01786,RATAN OF INDIA,रत्न ऑफ़ इंडिया,130526.0,PUNHIN/2014/57971,PUNJAB SINGH BHARAT,PUN,LUDHIANA,W
PUNMUL01423,LEHAR INDIA,लहर इंडिया,153789.0,PUNMUL/2021/81234,JASBIR SINGH,PUN,LUDHIANA,W
PUNPUN04201,GOOD INDIA,nan,,UR,SUBHASH KAMRA,PUN,MANSA,F
PUNENG01185,TIMBER GAZETTE OF INDIA,टिम्बर गजट ऑफ़ इंडिया,7226.0,7226/ 60,RAJAN SARHADDI,PUN,PATHANKOT,M
PUNENG00226,INDIAN FERN JOURNAL,nan,42404.0,42404/ 85,S.S. BIR,PUN,PATIALA,A
PUNMUL01279,CRIME REPORT OF NORTH INDIA,क्राइम रिपोर्ट ऑफ़ नार्थ इंडिया,134232.0,PUNMUL/2015/61677,RAMESH BANSAL,PUN,PATIALA,M
PUNPUN04319,STAR NEWS INDIA,nan,160702.0,PUNPUN/2024/88147,KOMAL SINGLA,PUN,PATIALA,M
PUNENG00904,INDIAN JOURNAL OF MEDICAL PHOTOGRAPHY,nan,10209.0,10209/ 65,INDIAN CHAPTER BIOLOGICAL PHOTOGRAPHIC ASSOCIATION- INC,PUN,PATIALA,Q
PUNENG01391,PEEP INDIA,पीप इंडिया,130002.0,PUNENG/2014/57447,HARKANWAR SINGH,PUN,S. A. S. NAGAR,W
PUNENG01353,INFO INDIA FOR AGRICULTURE,nan,118177.0,PUNENG/2012/45620,ARVIND KUMAR,PUN,SANGRUR,A
RAJHIN16483,NAYA INDIA,नया इंडिया,120906.0,RAJHIN/2013/48350,SAMVAD PARIKRAMA PVT. LTD.,RAJ,AJMER,D
RAJHIN16276,DAVO INDIA,दावो इंडिया,125473.0,RAJHIN/2013/52918,SIKANADAR MOHAMMED,RAJ,AJMER,F
RAJHIN28018,INDIA HYPE,nan,,nan,KAMLESH KUMAR PAREEK,RAJ,AJMER,M
RAJMUL00038,THE HOLY SAINT OF INDIA,द होली सेंट ऑफ़ पुरा,28350.0,28350/ 74,SAHIBZADA S.KHALILUR REHMAN,RAJ,AJMER,M
RAJHIN11213,LALKAR INDIA,ललकार इंडिया,73662.0,RAJHIN/2000/01105,HITESH MENDIRATTA,RAJ,ALWAR,W
RAJHIN17513,SAMADHAN INDIA,समाधान इंडिया,139394.0,RAJHIN/2015/66839,ANIL SHARMA,RAJ,BANSWARA,Q
RAJHIN12787,SHINING INDIA,शाइनिंग इंडिया,88074.0,RAJHIN/2004/15517,BHUPENDRA JOSHI,RAJ,BANSWARA,W
RAJHIN26870,RED INDIA,nan,16192.0,16192/ 68,SOHAN LAL SHARMA,RAJ,BHARATPUR,W
RAJHIN11612,DIAMOND INDIA,nan,76584.0,RAJHIN/2001/04027,DIAMOND NEWS PAPER PVT. LTD.,RAJ,BHEELWARA,M
RAJHIN16335,NAYA INDIA,nan,119027.0,RAJHIN/2012/46470,SAMVAD PARIKRAMA PVT. LTD.,RAJ,BHILWARA,D
RAJHIN12972,VIJAY INDIA,nan,87084.0,RAJHIN/2005/14527,PRASHANT MEWARA,RAJ,BHILWARA,F
RAJHIN16050,THE MOVEMENT OF INDIA,nan,121431.0,RAJHIN/2012/48876,DAYARAM DIVY,RAJ,BHILWARA,F
RAJHIN11357,KING OF INDIA,nan,73708.0,RAJHIN/2000/01151,NAND KISHORE UPADHYAY,RAJ,BIKANER,F
RAJHIN09418,THAR INDIA,nan,62331.0,62331/ 95,MOHINI GOD,RAJ,BIKANER,F
RAJHIN08045,EVERGREEN INDIA,nan,63269.0,63269/ 92,CHATURBHUJ UPADHYAY,RAJ,BIKANER,F
RAJENG01026,INDIAN SOCIO LEGAL JOURNAL,nan,31210.0,31210/ 75,INDIAN INSTITUTE OF COMPARATIVE LAW,RAJ,BIKANER,HY
RAJENG01078,ISAH INDIAN JOURNAL OF ARID HORTICULTURE,nan,152104.0,RAJENG/2020/79549,INDIAN SOCIETY FOR ARID HORTICULTURE,RAJ,BIKANER,HY
RAJHIN16160,ABHAY INDIA,nan,117696.0,RAJHIN/2012/45139,DEEPIKA BORA,RAJ,BIKANER,W
RAJHIN10739,GREATEST INDIA,nan,26049.0,26049/ 73,GOPAL VYAS,RAJ,BIKANER,W
RAJBIL01477,LAW CASES INDIA,nan,111446.0,RAJBIL/2010/38889,PRAVEEN KUMAR KANOJIA,RAJ,CHITTAURGARH,M
RAJHIN12119,POLITICAL TIMES INDIA,पोलिटीकल टाइम्‍स इंडिया,83914.0,RAJHIN/2003/11357,SHAUKIN VARMA,RAJ,CHITTOURGARH,M
RAJENG00989,UNIVERSAL HEALTH OF INDIA TRANSFORMING HEALTH CARE,nan,148160.0,UR,PRASHANT PRAJAPAT,RAJ,CHURU,M
RAJHIN26984,SPECIAL INDIA,स्पेशल इंडिया,137940.0,RAJHIN/2015/65385,SHELESH KHANDELWAL,RAJ,DAUSA,D
RAJBIL01474,MEDICO INDIA,मेडिको इण्डिया,102395.0,RAJBIL/2009/29838,ANIL KUMAR SHARMA,RAJ,DAUSA,M
RAJHIN11181,ASHOK INDIAN,nan,73200.0,RAJHIN/2000/00643,ASHOK KUMAR SHARMA,RAJ,DAUSA,W
RAJHIN12291,NET INDIA,नेट इण्डिया,83584.0,RAJHIN/2003/11027,HANSRAJ GURIYA,RAJ,HANUMANGARH,F
RAJHIN14039,PERFECT INDIA,परफेक्ट इंडिया,95693.0,RAJHIN/2007/23136,LAXMANRAM VERMA,RAJ,HANUMANGARH,F
RAJHIN17273,INDIAN DHARA,इंडियन धारा,135157.0,RAJHIN/2015/62602,M/S. INDIAN DHARA MEDIA PUBLICATIONS,RAJ,HANUMANGARH,F
RAJHIN27673,INDIA ANCHOR,इण्डिया एंकर,152585.0,RAJHIN/2020/80030,RAMESH KUMAR JHORAR,RAJ,HANUMANGARH,M
RAJENG00706,HANDBOOK OF INDIAN DIAMOND TRADE,nan,80652.0,RAJENG/2002/08095,BHANUPRAKASH CHETWANI,RAJ,JAIPUR,A
RAJHIN27709,INDIA HEALTH,इंडिया हेल्थ,153257.0,RAJHIN/2021/80702,ALOK SHARMA,RAJ,JAIPUR,BM
RAJENG00900,INDIAN JEWELLER,nan,122734.0,RAJENG/2010/50179,ALOK KALA,RAJ,JAIPUR,BM
RAJBIL01183,STUDENT INDIA,nan,82001.0,RAJBIL/2003/09444,CHARAN SINGH KHANGARAO,RAJ,JAIPUR,BM
RAJHIN17256,INDIA PRIME,इंडिया प्राइम,130470.0,RAJHIN/2014/57915,ANITA CHOUHAN,RAJ,JAIPUR,D
RAJHIN27294,THOUGHTS OF INDIA,थॉट्स ऑफ़ इण्डिया,141952.0,RAJHIN/2016/69397,RENU SHARMA,RAJ,JAIPUR,D
RAJHIN12736,AMRIT INDIA,nan,85390.0,RAJHIN/2004/12833,AMRIT JAIN,RAJ,JAIPUR,D
RAJHIN16830,SPECIAL INDIA,स्पेशल इंडिया,126095.0,RAJHIN/2013/53540,SHELESH KHANDELWAL,RAJ,JAIPUR,D
RAJHIN28025,INDIA NEWS,nan,,nan,GOOD MORNING INDIA MEDIA PVT LTD,RAJ,JAIPUR,D
RAJENG00853,THE TIMES OF INDIA,द टाइम्स ऑफ़ इंडिया,98091.0,RAJENG/2008/25534,"BENNETT, COLEMAN & CO.LTD",RAJ,JAIPUR,D
RAJHIN17612,NEW INDIA HERALD,न्यू इंडिया हेराल्ड,137801.0,RAJHIN/2015/65246,RAJESH KUMAR JAIN,RAJ,JAIPUR,D
RAJENG01082,FIRST INDIA,nan,150319.0,RAJENG/2019/77764,FIRST EXPRESS PUBLISHERS,RAJ,JAIPUR,D
RAJHIN14695,RAJ INDIA,nan,57830.0,57830/ 93,RAJKUMAR JAIN,RAJ,JAIPUR,D
RAJENG00378,SHALIMAR INDIA,nan,38215.0,38215/ 82,ASHOK JOSHI,RAJ,JAIPUR,D
RAJHIN04114,RAJ INDIA,nan,38256.0,38256/ 82,RAM CHAND JAIN,RAJ,JAIPUR,D
RAJHIN00375,ANMOL INDIA TIMES,nan,80827.0,RAJHIN/2002/08270,SMT.SAROJ JOSHI,RAJ,JAIPUR,D
RAJHIN14649,RAJ INDIA,nan,46573.0,46573/ 88,RAJKUMAR JAIN,RAJ,JAIPUR,D
RAJHIN28102,EXCELLENT INDIA,nan,,nan,RAKESH SHARMA,RAJ,JAIPUR,D
RAJHIN08256,SUGAM INDIA,nan,57761.0,57761/ 93,BALDEV MALIK,RAJ,JAIPUR,D
RAJHIN15686,NAYA INDIA,nan,110747.0,RAJHIN/2011/38190,SAMVAD PARIKRAMA PVT. LTD.,RAJ,JAIPUR,D
RAJENG01008,THE INDIAN EXPRESS,द इंडियन एक्सप्रेस,137302.0,RAJENG/2015/64747,THE INDIAN EXPRESS PVT. LIMITED,RAJ,JAIPUR,D
RAJHIN16382,WAQT INDIA,nan,119467.0,RAJHIN/2012/46910,DINESH SHARMA,RAJ,JAIPUR,D
RAJHIN17469,UJJWAL INDIA,उज्जवल इण्डिया,133625.0,RAJHIN/2014/61070,NEHAL SHARMA,RAJ,JAIPUR,D
RAJHIN12332,WAQT INDIA,nan,82864.0,RAJHIN/2002/10307,DINESH SHARMA,RAJ,JAIPUR,DE
RAJHIN08425,PANCHAL INDIA,nan,56346.0,56346/ 93,ARUNA BHADA PANCHAL,RAJ,JAIPUR,F
RAJHIN08301,NEW AMAR INDIA,nan,56352.0,56352/ 93,DINESH KUMAR AMAR,RAJ,JAIPUR,F
RAJHIN09902,KIRANA INDIA,nan,64784.0,64784/ 96,PAWAN KUMAR SHARMA,RAJ,JAIPUR,F
RAJHIN14453,GURJAR INDIA,गुर्जर इण्डिया,101322.0,RAJHIN/2008/28765,D.R. KASANA,RAJ,JAIPUR,F
RAJENG00442,INDIAN AND RAJ STATUTES,nan,10296.0,10296/ 65,SHRI JOSHI TRILOKI NATH,RAJ,JAIPUR,F
RAJHIN16260,AWARE INDIA,nan,118993.0,RAJHIN/2012/46436,MOHD . IQBAL,RAJ,JAIPUR,F
RAJHIN08230,VARUN INDIA,nan,57805.0,57805/ 93,SMT. SWARN LATA,RAJ,JAIPUR,F
RAJHIN13053,INDIAN FRAME,nan,87254.0,RAJHIN/2005/14697,SUBHASH CHAUDHARI,RAJ,JAIPUR,F
RAJHIN27369,STRONG INDIA,स्ट्रोंग इन्डिया,144567.0,RAJHIN/2017/72012,JOHN AJAY SOLOMAN,RAJ,JAIPUR,F
RAJHIN10529,INDIA FAN,nan,71108.0,71108/ 98,ROOP KISHOR ELANI,RAJ,JAIPUR,F
RAJHIN16555,ARUN INDIA TIMES,nan,122861.0,RAJHIN/2013/50306,SUNITA RAJORIA,RAJ,JAIPUR,F
RAJENG00154,INDIAN LIFE STYLE,nan,46286.0,46286/ 86,RAJ KUMARI KAILASH MUTHA,RAJ,JAIPUR,F
RAJHIN16503,SHABAAS INDIA,nan,122747.0,RAJHIN/2013/50192,RAKESH JAIN,RAJ,JAIPUR,F
RAJHIN16172,IMAGE INDIA,nan,122892.0,RAJHIN/2013/50337,ANITA YADAV,RAJ,JAIPUR,F
RAJHIN15239,AHA INDIA,nan,109304.0,RAJHIN/2010/36747,MAHENDRA CHAUDHARY,RAJ,JAIPUR,F
RAJHIN06220,POWERFUL INDIA,nan,54613.0,54613/ 91,JAYANT MATHUR,RAJ,JAIPUR,F
RAJHIN14719,INDIAN MAIL,इंडियन मेल,63317.0,63317/ 94,HANUMANTH KISHORE CHATURVEDI,RAJ,JAIPUR,F
RAJHIN11388,THE INDIAN CHAKRAVYUH TIMES,nan,73342.0,RAJHIN/1991/00785,SHYAM SUNDER MATHUR,RAJ,JAIPUR,F
RAJHIN07839,INDIAN DHAMAKA,इंडियन धमाका,84896.0,RAJHIN/1992/12339,YUWARAJ SINGH,RAJ,JAIPUR,F
RAJENG01070,JDA INDIAN JOURNAL OF CLINICAL DERMATOLOGY,nan,148764.0,RAJENG/2018/76209,JAIPUR DERMATOLOGY ASSOCIATION,RAJ,JAIPUR,FMY
RAJHIN09790,INDIAN FRAME,nan,85116.0,RAJHIN/2004/12559,SUBHASH CHAUDHARY,RAJ,JAIPUR,M
RAJENG01081,ALL INDIA FEDERATION OF TAX PRACTITIONERS INDIRECT TAX AND CORPORATE LAWS JOURNAL,nan,,nan,ALL INDIA FEDERATION OF TAX PRACTITIONERS,RAJ,JAIPUR,M
RAJHIN12965,DECOR INDIA,डेकोर इंडिया,90523.0,RAJHIN/2006/17966,JAMNADAS MAHESWARI,RAJ,JAIPUR,M
RAJBIL01717,UJJWAL INDIA,nan,124720.0,RAJBIL/2013/52165,NEHAL SHARMA,RAJ,JAIPUR,M
RAJHIN15295,INDIAN FABRICS,इंडियन फेब्रिक्स,105462.0,RAJHIN/2010/32905,VIKAS AGARWAL,RAJ,JAIPUR,M
RAJENG00140,INDIAN HOLIDAY,nan,7303.0,7303/ 62,C.P.PANDIT,RAJ,JAIPUR,M
RAJBIL01225,AGRANI INDIA,nan,93096.0,RAJBIL/2007/20539,AGRANI PUBLICATIONS PVT. LTD.,RAJ,JAIPUR,M
RAJHIN16895,ANUTHA INDIA,अनूठा इंडिया,132694.0,RAJHIN/2014/60139,JAGDISH PRASAD BILONIYA,RAJ,JAIPUR,M
RAJHIN14793,JAAT INDIA NEWS,nan,111490.0,RAJHIN/2009/38933,PRABHURAM BAJIYA,RAJ,JAIPUR,M
RAJHIN14317,INDIA'S PRIDE,इंडियाज प्राइड,99644.0,RAJHIN/2008/27087,MUKESH MAHAVAR,RAJ,JAIPUR,M
RAJENG00034,BULLETIN OF THE ASSOCIATION OF KINETICISTS OF INDIA,nan,35078.0,35078/ 79,"ASSOCIATION OF KINETICISTS OF INDIA, JAIPUR",RAJ,JAIPUR,M
RAJHIN12931,ELECTRO INDIA,इलैक्‍ट्रो इंडिया,87729.0,RAJHIN/2005/15172,AMIT JAIN,RAJ,JAIPUR,M
RAJHIN15079,INDIA COLORS,इंडिया कलर्स,103345.0,RAJHIN/2010/30788,RUPESH KUMAR,RAJ,JAIPUR,M
RAJHIN15771,INDIA BUSINESS GROWTH,nan,111923.0,RAJHIN/2011/39366,YOGESH PAREEK,RAJ,JAIPUR,M
RAJHIN13058,MAYA INDIA,nan,88398.0,RAJHIN/2005/15841,PRATAP SINGH,RAJ,JAIPUR,M
RAJHIN14177,THE TRIBAL INDIA,दि ट्राईबल इण्डिया,97669.0,RAJHIN/2008/25112,FATEH SINGH,RAJ,JAIPUR,M
RAJBIL00885,FOOTWEAR INDIA JOURNAL,nan,57859.0,57859/ 93,SURESH KAKU,RAJ,JAIPUR,M
RAJHIN27556,INDIAN FILM PANORAMA,इण्डियन फिल्म पैनोरमा,150017.0,RAJHIN/2019/77462,RAMJAN KHAN QURASHI,RAJ,JAIPUR,M
RAJHIN27453,KUMAWAT INDIA,कुमावत इंडिया,146840.0,RAJHIN/2017/74285,KUMAWAT PRAGATI TRUST,RAJ,JAIPUR,M
RAJHIN15783,INDIA 365 DAYS,nan,120582.0,RAJHIN/2012/48026,KHUSHNUMA,RAJ,JAIPUR,M
RAJBIL00024,ALL INDIA BANKS & COMPANIES,nan,43412.0,43412/ 84,"INTERNATIONAL PUBLICITY CHAMBER, JAIPUR",RAJ,JAIPUR,Q
RAJENG00160,INDIAN JOURNAL OF GERONTOLOGY,nan,17985.0,17985/ 69,INDIAN GERONTOLOGICAL ASSOCIATION,RAJ,JAIPUR,Q
RAJENG00146,INDEX INDIA,nan,16185.0,16185/ 68,DIRECTOR RAJASTHAN UNIVERSITY LIBRARY,RAJ,JAIPUR,Q
RAJENG00446,INDIAN JOURNAL OF PHYSIOLOGY AND PHARMACOLOGY,nan,6271.0,6271/ 61,ASSOCIATION OF PHYSIOLOGISTS & PHARMACOLOGISTS OF INDIA,RAJ,JAIPUR,Q
RAJBIL01716,WOMAN IN INDIA,वुमेन इन इंडिया,127675.0,RAJBIL/2013/55120,SUSHIL SHANKAR VIG,RAJ,JAIPUR,Q
RAJENG01068,GFNPSS GLOBAL NURSING JOURNAL OF INDIA,nan,148743.0,RAJENG/2018/76188,GLOBAL FOUNDATION FOR NURSING PROFESSION AND SOCIAL SERVICES,RAJ,JAIPUR,THY
RAJHIN16321,ITS INDIA,nan,122712.0,RAJHIN/2012/50157,PRAVEEN JAKHAR,RAJ,JAIPUR,W
RAJHIN15863,INDIA PRIME,nan,112497.0,RAJHIN/2011/39940,ANITA CHOUHAN,RAJ,JAIPUR,W
RAJENG00850,SUNDAY TIMES OF INDIA,संडे टाइम्स ऑफ़ इंडिया,102882.0,RAJENG/2009/30325,"BENNETT, COLEMAN & CO.LTD",RAJ,JAIPUR,W
RAJENG00438,FILM NEWS OF INDIA,nan,10280.0,10280/ 65,KRISHNA KUMAR BHATIA,RAJ,JAIPUR,W
RAJHIN14697,D INDIAN CHKRUTH TIMES,nan,57842.0,57842/ 91,nan,RAJ,JAIPUR,W
RAJHIN15529,THE TRIBAL INDIA,दि ट्राईबल इण्डिया,106115.0,RAJHIN/2010/33558,FATEH SINGH,RAJ,JAIPUR,W
RAJBIL01705,INDIA CRAZE,nan,123753.0,RAJBIL/2013/51198,SURESH CHANDRA MATHUR,RAJ,JAIPUR,W
RAJHIN12929,CHOICE OF INDIA,nan,89060.0,RAJHIN/2005/16503,KAMLESH SHARMA,RAJ,JAIPUR,W
RAJHIN17249,YUGANTAR RASHTRIYA INDIA NEWS,युगान्तर राष्ट्रीय इण्डिया न्यूज़,139322.0,RAJHIN/2016/66767,RAMAKANT SHARMA,RAJ,JAIPUR,W
RAJHIN06747,INDIA SKYLINE,nan,56168.0,56168/ 91,PRAVIN TIKKU,RAJ,JAIPUR,W
RAJBIL27050,DIGITAL INDIA KI AWAAZ,डिजिटल इंडिया की आवाज,160267.0,RAJBIL/2023/87712,RAJANI VERMA,RAJ,JAIPUR,W
RAJHIN08871,WAQT INDIA,nan,43427.0,43427/ 84,DINESH SHARMA,RAJ,JAIPUR,W
RAJHIN16868,SHABAAS INDIA,nan,126309.0,RAJHIN/2013/53754,RAKESH JAIN,RAJ,JAIPUR,W
RAJHIN16867,THOUGHTS OF INDIA,थॉटस ऑफ़ इण्डिया,136077.0,RAJHIN/2015/63522,RENU SHARMA,RAJ,JAIPUR,W
RAJHIN03581,NIYOJAN INDIA TIMES,nan,54508.0,54508/ 90,VIRENDRA KUMAR DIXIT,RAJ,JAIPUR,W
RAJBIL00922,ROYAL INDIA TIMES,nan,58017.0,58017/ 94,RAJENDRA PAHARIYA,RAJ,JAIPUR,W
RAJHIN12516,GOOD MORNING INDIA,गुड मॉर्निंग इंडिया,84910.0,RAJHIN/2004/12353,SURENDRA KUMAR JAIN,RAJ,JAIPUR,W
RAJHIN11731,INDIA THE GREAT,nan,79049.0,RAJHIN/2002/06492,INDRA MISHTRI,RAJ,JALAUR,M
RAJENG00149,INDIAN JOURNAL OF LEGAL STUDIES,nan,31400.0,31400/ 78,"FACULTY OF LAW, UNIVERSITY OF JODHPUR",RAJ,JODHPUR,A
RAJHIN28069,TRUE INDIA,ट्रू इंडिया,158560.0,RAJHIN/2022/86005,RANJAN DAIYA,RAJ,JODHPUR,D
RAJHIN16610,NAYA INDIA,nan,122220.0,RAJHIN/2013/49665,SAMVAD PARIKRAMA PVT. LTD.,RAJ,JODHPUR,D
RAJHIN13677,PHILPHAT INDIA,फ़ि‍लफ़ॉट् इण्डिया,93338.0,RAJHIN/2006/20781,ARVIND PANDIT,RAJ,JODHPUR,F
RAJBIL01480,FYLFOT INDIA,FYLFOT INDIA,104103.0,RAJBIL/2010/31546,ARVIND PANDIT,RAJ,JODHPUR,F
RAJENG01027,THE INDIAN JOURNAL OF POLITICAL STUDIES,nan,31019.0,31019/ 76,"DEPTT OF POLITICAL SCIENCE, UNIVERSITY OF JODHPUR",RAJ,JODHPUR,HY
RAJENG01028,TRANSACTIONA OF INDIA SOCIETY OF DESERT TECHNOLOGY AND UNIVERSITY CENTRE OF DESERT STUDIES,nan,31070.0,31070/ 76,INDIAN SOCIETY OF DESERT TECHNOLOGY,RAJ,JODHPUR,HY
RAJHIN16100,MANIJAI INDIA,nan,120226.0,RAJHIN/2012/47669,JAYANT MATHUR,RAJ,JODHPUR,M
RAJHIN27778,TRUE INDIA,ट्रू इंडिया,153275.0,UR,RANJAN DAIYA,RAJ,JODHPUR,M
RAJENG00763,JOURNAL OF THE INDIAN ACADEMY OF GERIATRICS,nan,87801.0,RAJENG/2005/15244,THE INDIAN ACADEMY OF GERIATRIES.,RAJ,JODHPUR,Q
RAJENG00153,INDIAN JUDICIAL REPORTS,nan,46372.0,46372/ 87,K. KUMAR,RAJ,JODHPUR,W
RAJHIN17372,NEWS MAKE IN INDIA,न्यूज़ मेक इन इंडिया,134824.0,RAJHIN/2015/62269,ASHOK KUMAR GOYAL,RAJ,JODHPUR,W
RAJENG00016,ALL INDIA TAX TRIBUNALS JUDGEMENTS,nan,43523.0,43523/ 76,CURRENT TAX REPORTER,RAJ,JODHPUR,W
RAJHIN01913,INDIAN DOOT,nan,38133.0,38133/ 80,RAMESH CHANDRA PAWAR,RAJ,JODHPUR,W
RAJHIN16611,NAYA INDIA,nan,122236.0,RAJHIN/2013/49681,SAMVAD PARIKRAMA PVT. LTD.,RAJ,KOTA,D
RAJBIL01101,ALL INDIA GRAMIN BANK WORKS,nan,75064.0,RAJBIL/2000/02507,ALL INDIA GRAMIN BANK AOOICERS ORGANISATION,RAJ,KOTA,M
RAJHIN17301,THE THINKS OF INDIA,द थिंक्स ऑफ़ इण्डिया,138388.0,RAJHIN/2015/65833,SHYAM BIHARI,RAJ,KOTA,M
RAJHIN14190,SOCH INDIA,सोच इण्डिया,97905.0,RAJHIN/2008/25348,RAJENDRA BHARDWAJ,RAJ,KOTA,M
RAJHIN16693,NAAZ INDIA,nan,131050.0,RAJHIN/2013/58495,CHANDA GORAMA,RAJ,KOTA,M
RAJBIL27012,THE BELIEVER OF INDIA,nan,,UR,SHIVAM MITTAL,RAJ,KOTA,Q
RAJHIN08146,HEART OF INDIA,nan,57771.0,57771/ 93,RAM NIVAS SINGHAL,RAJ,PALI,F
RAJHIN00260,AMAR INDIA,nan,17964.0,17964/ 68,JANKILAL SHARMA,RAJ,SAWAI MADHOPUR,F
RAJHIN27831,RAJSEVAK INDIA,राजसेवक इंडिया,159825.0,RAJHIN/2023/87270,MAMTA KHANDELWAL,RAJ,SAWAI MADHOPUR,M
RAJHIN11013,SON OF INDIA,nan,7314.0,7314/ 63,BABU LAL SETH,RAJ,SAWAI MADHOPUR,W
RAJHIN26985,SPECIAL INDIA,स्पेशल इंडिया,137941.0,RAJHIN/2015/65386,SHELESH KHANDELWAL,RAJ,SIKAR,D
RAJHIN15489,RELIABLE INDIA,nan,117138.0,RAJHIN/2011/44581,MUKESH KUMAR GARHWAL,RAJ,SIKAR,F
RAJENG00150,THE INDIAN JOURNAL OF PARASYCHOLOGY,nan,4998.0,4998/ 59,SETH SOHAN LAL MEMORIAL INSTITUTE OF PARASYCHOLOGY,RAJ,SRIGANGA NAGAR,Q
RAJHIN27970,CHIRAG INDIA,nan,,nan,NARESH KUMAR,RAJ,SRIGANGANAGAR,F
RAJHIN08381,GOOD INDIA,nan,57907.0,57907/ 93,VED BHARTIYA,RAJ,SRIGANGANAGAR,W
RAJENG00914,INDIAN JOURNAL OF SMALL RUMINANTS,nan,118727.0,RAJENG/2012/46170,INDIAN SOCIETY FOR SHEEP AND GOAT PRODUCTION AND UTILIZATION,RAJ,TONK,HY
RAJENG00830,INDIAN JOURNAL OF ANAESTHESIA,इण्डियन जरनल ऑफ एनस्थेसिया,6778.0,6778/ 57,INDIAN SOCIETY OF ANAESTHESIOLOGISTS,RAJ,UDAIPUR,BM
RAJHIN16484,NAYA INDIA,nan,120895.0,RAJHIN/2013/48339,SAMVAD PARIKRAMA PVT. LTD.,RAJ,UDAIPUR,D
SIKENG00065,THE ECHO OF INDIA,nan,150909.0,SIKENG/2019/78354,ASISH LAHA,SIK,EAST SIKKIM/ GANGTOK,D
TELMUL00032,ALL INDIA STD/ISD CODE BOOK,nan,74225.0,APMUL/2000/01668,GANTA SATYANARAYANA REDDY,TEL,HYDERABAD,A
TELENG00343,INDIAN JOURNAL OF BOTANY,nan,32257.0,32257/ 78,S.KRISHNAMURTHY,TEL,HYDERABAD,A
TELBIL01742,JOURNAL OF INDIAN MEDICAL HERITAGE,nan,158697.0,TELBIL/2022/86142,NATIONAL INSTITUTE OF INDIAN MEDICAL HERITAGE,TEL,HYDERABAD,BNL
TELENG00332,THE NEW INDIAN EXPRESS,द न्यू इंडियन एक्सप्रेस,32179.0,32179/ 77,EXPRESS PUBLICATIONS (MADURAI) LTD.,TEL,HYDERABAD,D
TELENG00713,SHARP INDIANS,nan,111420.0,TELENG/2011/38863,MD. JAFFARUDDIN SIDDIQI,TEL,HYDERABAD,D
TELTEL02004,NEWS INDIA TELUGU,nan,154357.0,TELTEL/2021/81802,VENKATESHWARLU VUPPALA,TEL,HYDERABAD,D
TELENG00723,THE SOUTH INDIA TIMES,दि साउथ इंडिया टाइम्स,101782.0,TELENG/2009/29225,BUCHI BABU VUPPALA,TEL,HYDERABAD,D
TELENG00665,INDIAN PEARLS,nan,71560.0,71560/ 99,MOHAMMED WALIULLAH SAMEER,TEL,HYDERABAD,D
TELENG00216,INDIAN HERALD,nan,21006.0,21006/ 71,VISWABHARATH TRUST,TEL,HYDERABAD,D
TELENG00361,BRIGHT INDIA,nan,37755.0,37755/ 81,K. SUDHAKAR,TEL,HYDERABAD,F
TELENG00701,TODAY'S DYNAMIC YOUNG INDIANS,nan,81024.0,APENG/2002/08467,PINNAMA RAJU VASU BABU,TEL,HYDERABAD,F
TELENG00181,INDIAN PSYCHOLOGIST,nan,15845.0,15845/ 69,ANDHRA PRADESH PSYCHOLOGICAL ASSOCIATION,TEL,HYDERABAD,HY
TELENG00773,INDIAN PSYCHIATRIC SOCIETY TELANGANA STATE BRANCH TELANGANA JOURNAL OF PSYCHIATRY,nan,153112.0,TELENG/2020/80557,INDIAN PSYCHIATRIC SOCIETY TELANGANA STATE BRANCH,TEL,HYDERABAD,HY
TELENG00207,INDIAN JOURNAL OF AMERICAN STUDIES,nan,17760.0,17760/ 69,AMERICAN STUDIES RESEARCH CENTRE,TEL,HYDERABAD,HY
TELMUL00016,THE INDIAN DETONATORS NEWS,nan,15783.0,15783/ 67,INDIAN DETONATORS LTD.,TEL,HYDERABAD,HY
TELBIL01564,THE INDIAN JOURNAL OF HOMEOPATHY,nan,32328.0,32328/ 80,P. MAJUMDAR,TEL,HYDERABAD,M
TELBIL01605,SHINE INDIA,nan,141352.0,TELBIL/2016/68797,SAEED PUBLICATION,TEL,HYDERABAD,M
TELENG00262,THE INDIAN PUBLICITY ENTERPRISES,nan,25268.0,25268/ 73,A. PRABHAKER RAO,TEL,HYDERABAD,M
TELENG00668,ALL INDIA LAW DIGEST,nan,75137.0,APENG/2000/02580,WASIM AHMED,TEL,HYDERABAD,M
TELTEL00726,DAKSHINA INDIA SANGHA VANI,nan,8051.0,8051/ 62,CHURCH OF SOUTH INDIA,TEL,HYDERABAD,M
TELENG00114,THE INDIAN RATIONALIST,nan,10787.0,10787/ 66,ALL INDIA RATIONALISTS ASSOCIATION,TEL,HYDERABAD,M
TELENG00642,SWORD OF INDIA,nan,89203.0,APENG/2003/16646,A. NAVEEN CHANDRA MOHAN,TEL,HYDERABAD,M
TELENG00351,CURENT INVESTMENTS INDIA,nan,32325.0,32325/ 80,HOMEOPATHY MEDICAL ASSOCIATION OF INDIA,TEL,HYDERABAD,M
TELBIL01566,THE VOICE OF GREAT INDIA,nan,37743.0,37743/ 80,K JAYARAO,TEL,HYDERABAD,M
TELENG00321,NEWS BULLETIN AP CHAPTER OF THE INDIAN INSTITUTE OF ARCHITECTS,nan,32063.0,32063/ 76,INDIAN INSTITUTE OF ARCHITECTS,TEL,HYDERABAD,M
TELTEL00015,DREAM INDIA NEWS,ड्रीम इंडिया न्यूज़,129843.0,TELTEL/2014/57288,P. RAVI KUMAR,TEL,HYDERABAD,M
TELTEL01274,LEADS INDIA,nan,63308.0,63308/ 95,LEGAL ENVIRONMENT AWARENESS DEVELOPMENT SOCIETY,TEL,HYDERABAD,M
TELENG00570,THE FIGHT OF INDIA,nan,73700.0,APENG/2000/01143,M.A.ZAINUDDIN,TEL,HYDERABAD,M
TELENG00010,EXCEL INDIA,nan,146436.0,TELENG/2014/73881,SANGEM B RAMA KRISHNA,TEL,HYDERABAD,M
TELENG00647,THE WEALTH OF INDIA,nan,90108.0,APENG/2003/17551,R.ASHOK KUMAR,TEL,HYDERABAD,M
TELENG00221,INDIAN JOURNAL OF SOCIAL SCIENCES,nan,21048.0,21048/ 71,SOCIETY FOR THE STUDY OF SOCIAL SCIENCES,TEL,HYDERABAD,Q
TELBIL01530,ALL INDIA RADIO SCHOOL BROADCASTS,nan,15825.0,15825/ 68,A.I.R. HYDERABAD,TEL,HYDERABAD,Q
TELENG00667,INDIAN JOURNAL OF NURSING AND MIDWIFERY,nan,73425.0,APENG/2000/00868,ACADEMY FOR NURSING STUDIES,TEL,HYDERABAD,Q
TELENG00027,THE BEST OF INDIA,nan,131584.0,TELENG/2014/59029,FRANCIS FARIAS,TEL,HYDERABAD,Q
TELENG00252,SOUTH REGIONAL CENTRE INDIAN COUNCIL OF SOCIAL SCIENCE RESEARCH NEWS LETTER,nan,27635.0,27635/ 75,"SOUTH REGIONAL CENTRE INDIAN COUNCIL OF SOCIAL SCIENCE RESEARCH, OSMANIA UNIVERSITY",TEL,HYDERABAD,THY
TELENG00475,NEW INDIA INTERNATIONAL,nan,61834.0,61834/ 94,MOHD.ZAMEERUDDIN,TEL,HYDERABAD,W
TELURD01855,THE INDIAN ADVISER,nan,38010.0,38010/ 84,MOHD. RIYAZUDDIN,TEL,HYDERABAD,W
TELURD02096,CAREER INDIA,nan,88616.0,APURD/2005/16059,NIKHATUNNISA,TEL,HYDERABAD,W
TELURD01823,INDIAN NEWS,nan,37932.0,37932/ 84,MOHD MUSHTAQ HUSSAIN,TEL,HYDERABAD,W
TELENG00500,INDIAN MAGAZINE OF HUMAN EXPRESSION,nan,69194.0,69194/ 98,C.NARASIMHA RAO,TEL,HYDERABAD,W
TELENG00371,INDIA NOW,nan,37779.0,37779/ 81,SYED ZIAUL HASSAN MUTJHEDI,TEL,HYDERABAD,W
TELURD01831,INDIAN PRESS,nan,37952.0,37952/ 84,S A ALI HUSSAINI,TEL,HYDERABAD,W
TELENG00566,THE SUNDAY TIMES OF INDIA,द सण्डे टाइम्स ऑफ इण्डिया,75639.0,TELENG/2000/03082,"BENNETT, COLEMAN & CO. LIMITED",TEL,HYDERABAD,W
TELBIL01747,QUALITY CIRCLE INDIA,nan,44956.0,44956/ 87,QUALITY CIRCLE FORUM OF INDIA,TEL,HYDERABAD/ SECUNDERABAD,BM
TELMUL00055,JOURNAL OF INDIAN INSTITUTE OF MANAGEMENT AND COMMERCE,nan,148181.0,TELMUL/2018/75626,VASAVI FOUNDATION,TEL,HYDERABAD/ SECUNDERABAD,HY
TELENG00815,DISTRICTS DIGEST INDIA,nan,,nan,BHATTIPROLU LAKSHMI HARIPRIYA,TEL,HYDERABAD/ SECUNDERABAD,M
TELENG00436,INDIAN WHITE PAPER,nan,52766.0,52766/ 92,ARU ADVERTISEMENT SERVICES,TEL,HYDERABAD/ SECUNDERABAD,W
TELENG00521,INDIA TENDER & EMPLOYMENT JOURNAL,nan,69474.0,69474/ 97,M.MANOHAR,TEL,HYDERABAD/ SECUNDERABAD,W
TELTEL12223,INDIALO EEROJU,nan,160791.0,TELTEL/2023/88236,JALI AMARENDER REDDY,TEL,KARIMNAGAR,D
TELTEL01345,MANA HEALTH INDIA,nan,146378.0,TELTEL/2017/73823,MIRALA RAJENDER,TEL,KARIMNAGAR,F
TELENG00507,THE HANS INDIA,nan,139168.0,TELENG/2015/66613,HYDERABAD MEDIA HOUSE LTD.,TEL,KHAMMAM,D
TELENG00092,INDIAN COLLIERY REVIEW,इंडियन कोलियरी रिव्यू,3324.0,3324/ 58,S. VENKATESHAM,TEL,KHAMMAM,F
TELENG00811,ECOPRENEUR INDIA,nan,156588.0,TELENG/2022/84033,LINGALA RAMESH,TEL,MALKAJGIRI,A
TELTEL00035,POLITICAL MANA INDIA,पॉलिटिकल माना इंडिया,131870.0,TELTEL/2014/59315,NANUBALA MALLAIAH YADAV,TEL,NALGONDA,M
TELENG00508,THE HANS INDIA,nan,139167.0,TELENG/2015/66612,HYDERABAD MEDIA HOUSE LTD.,TEL,NIZAMABAD,D
TELTEL00180,STARS OF INDIA,nan,131956.0,TELTEL/2014/59401,MOHD SHABUDDIN,TEL,RANGAREDDY,D
TELENG00705,INDIAN WHITE PAPER,nan,63971.0,63971/ 96,ANNU ENTERPRISES,TEL,RANGAREDDY,D
TELENG00724,THE SOUTH INDIA TIMES,nan,112769.0,TELENG/2011/40212,BUCHI BABU VUPPALA,TEL,RANGAREDDY,F
TELTEL01108,YOUNG INDIAN,nan,140011.0,TELTEL/2016/67456,RAJ KUMAR MEDI,TEL,RANGAREDDY,M
TELENG00739,THE NEW INDIAN EXPRESS,nan,145631.0,TELENG/2017/73076,EXPRESS PUBLICATIONS (MADURAI) LTD.,TEL,WARANGAL,D
TELENG00195,THE HANS INDIA,nan,114498.0,TELENG/2012/41941,HYDERABAD MEDIA HOUSE LTD.,TEL,WARANGAL,D
TELTEL00799,DAKSHANA INDIA SANGHA PATRIKA,nan,10934.0,10934/,DIOCESS OF DORNAKAL,TEL,WARANGAL,M
TNENG03241,KOTHARI'S ECONOMICS GUIDE AND INVESTORS HAND BOOK OF INDIA,nan,21476.0,21476/ 57,M/S KOTHARI & CO.,TN,CHENNAI,A
TNENG00592,HINDU SURVEY OF INDIAN INDUSTRY,nan,5734.0,5734/ 61,SRINIVASAN PARTHASAR,TN,CHENNAI,A
TNENG05710,INDIAN CINEMA DIARY,nan,129254.0,TNENG/2014/56699,V. M. NAGARAJAN,TN,CHENNAI,A
TNENG00034,ALL INDIA HANDLOOM EXPORTERS GUIDE,nan,28092.0,28092/ 74,S. NARAYANAN,TN,CHENNAI,A
TNENG04408,INDIAN MODELS DIRECTORY,INDIAN MODELS DIRECTORY,92214.0,TNENG/2007/19657,JEEVAN SETHU,TN,CHENNAI,A
TNENG00591,THE HINDU SURVEY OF INDIAN AGRICULTURE,nan,42774.0,42774/ 88,KASTURI & SONS LTD,TN,CHENNAI,A
TNENG00555,HANDLOOM INDIA,nan,33578.0,33578/ 78,S.SUBRAMANIAN,TN,CHENNAI,BM
TNENG05810,INDIAN WIND POWER,इंडियन विंड पावर,133160.0,TNENG/2015/60605,INDIAN WIND TURBINE MANUFACTURERS ASSOCIATION,TN,CHENNAI,BM
TNENG01964,INDIAN CHESS BULLETIN,इंडियन चैस बुलेटिन,1421.0,1421/ 57,S. K. NARASIMHAN,TN,CHENNAI,BM
TNENG03768,BULLETIN OF THE CATALYSIS SOCIETY OF INDIA,nan,78927.0,TNENG/2002/06370,"THE CATALYSIS SOCIETY OF INDIA,",TN,CHENNAI,BM
TNBIL04542,APPRECIATE INDIA,nan,149741.0,TNBIL/2018/77186,MAHAKAVIBHARATHI INSPIRATIONAL TRUST,TN,CHENNAI,BM
TNENG05971,INDIAN JOURNAL OF VETERINARY AND ANIMAL SCIENCES RESEARCH,nan,,UR,DIRECTORATE OF DISTANCE EDUCATION VETERNINARY & ANIMAL SCIENCES UNIVERSITY,TN,CHENNAI,BM
TNENG03224,INDIAN EXPRESS,इंडियन एक्सप्रेस,8269.0,8269/ 63,INDIAN EXPRESS (MADURAI) LTD.,TN,CHENNAI,D
TNTAM18442,INDIA,nan,33651.0,33651/ 79,A G CHANDRASEKARAN,TN,CHENNAI,D
TNENG04872,THE TIMES OF INDIA,द टाइम्स ऑफ़ इंडिया,97195.0,TNENG/2008/24638,"BENNETT, COLEMAN & CO.LTD",TN,CHENNAI,D
TNENG01980,THE NEW INDIAN EXPRESS,द न्यू इन्डियन एक्सप्रेस,1002.0,1002/ 57,EXPRESS PUBLICATIONS (MADURAI) LTD.,TN,CHENNAI,D
TNENG02161,THE PRESS TRUST OF INDIA FINANCIAL & COMM SERVICE,द प्रेस ट्रस्ट ऑफ़ इंडिया फाइनेंसियल एंड कॉंम. सर्विस,1362.0,1362/ 57,PRESS TRUST OF INDIA PUBLIC LIMITED,TN,CHENNAI,D
TNTAM12023,INDRAIYA INDIA,nan,17860.0,17860/ 70,R. KANNAN,TN,CHENNAI,D
TNENG05378,PUBLIC INDIA,पब्लिक इंडिया,108246.0,TNENG/2010/35689,D.K. GEORGE,TN,CHENNAI,D
TNTAM19806,NOW INDIAR TIMES,nan,111821.0,TNTAM/2011/39264,D. SAM SUNDAR RAJ,TN,CHENNAI,D
TNENG05852,NEW INDIA FLASH,nan,143610.0,TNENG/2017/71055,A.VENKATESAN,TN,CHENNAI,D
TNTAM07524,ALL INDIA STUDIO NEWS,nan,49622.0,49622/ 90,K.KARMEGAM,TN,CHENNAI,D
TNENG02329,INDIAN SUN,nan,33685.0,33685/ 80,RAJAN PUBLICATIONS TRUST,TN,CHENNAI,D
TNENG05573,INDIA EVERYDAY,nan,119811.0,TNENG/2012/47254,K.V.P. EDUCATIONAL TRUST,TN,CHENNAI,D
TNENG04971,THE SOUTH INDIA TIMES,दी साउथ इंडिया टाइम्स,98733.0,TNENG/2008/26176,BUCHI BABU VUPPALA,TN,CHENNAI,D
TNTAM23075,BEST CITIZEN OF INDIA,nan,141863.0,TNTAM/2016/69308,KARTHIKEYAN.G,TN,CHENNAI,D
TNTAM07585,NAVA INDIA,नवा इंडिया,1217.0,1217/ 57,M/S RAMAKRISHNA INDUSTRIALS PVT. LTD.,TN,CHENNAI,D
TNENG01890,INDIAN FACTORIES JOURNAL,इंडियन फैक्ट्रीज जर्नल,1294.0,1294/ 57,T. A. RAJGOPAL,TN,CHENNAI,F
TNBIL01982,JAI INDIA NEWS,nan,85188.0,TNBIL/2004/12631,K.MADURAI VEERAN,TN,CHENNAI,F
TNTAM14041,ANBUDAN INDIAN,nan,79121.0,TNTAM/2001/06564,J.LOURDUNATHAN,TN,CHENNAI,F
TNENG02036,INDIAN MARKET DIGEST,nan,8358.0,8358/ 64,I.S.K.MENON,TN,CHENNAI,F
TNTAM14460,NAMMA INDIA,nan,80430.0,TNTAM/2002/07873,K.GOWRI KANTHAN,TN,CHENNAI,F
TNBIL04115,HEALTHY INDIA 2030,हेल्थी इंडिया 2030,135055.0,TNBIL/2015/62500,F.A.ABDUL NAZAR,TN,CHENNAI,F
TNENG04978,EXIM INDIA TIMES,एक्ज़िम इंडिया टाइम्स,100426.0,TNENG/2009/27869,P.A. MURUGAN,TN,CHENNAI,F
TNTAM22066,NEW INDIA FLASH,न्यूज़ इंडिया फ़्लैश,132967.0,TNTAM/2014/60412,A.VENKATESAN,TN,CHENNAI,F
TNBIL04247,THE YOUTH INDIA,nan,138907.0,TNBIL/2015/66352,T.S.SUYAMBURAJAN,TN,CHENNAI,F
TNTAM12021,INDIA THOOTHAN,nan,8150.0,8150/ 63,"M. A. HOYATH, M.A.ABDUL AZIZ, AND M.A.A.JALAL",TN,CHENNAI,F
TNBIL03609,INDIA EVERYDAY,nan,122901.0,TNBIL/2013/50346,K.V.P. EDUCATIONAL TRUST,TN,CHENNAI,F
TNENG05936,GARMENTS INDIA,nan,30386.0,30386/ 76,S. RANGARAJAN,TN,CHENNAI,F
TNTAM08529,INDIA THOZHILALI,nan,30325.0,30325/ 75,THE MADRAS LABOUR UNION,TN,CHENNAI,F
TNENG02876,THE INDIAN AND GLOBAL BUSINESS,nan,68585.0,68585/ 97,M. NARASIMHAN,TN,CHENNAI,F
TNENG02174,SOUTH INDIA TURF CLUB PVT LTD RACING CALENDER,nan,14725.0,14725/ 57,SOUTH INDIA TURF CLUB P LTD,TN,CHENNAI,F
TNENG04358,PHYSIOTHERAPY-THE JOURNAL OF THE INDIAN ASSOCIATIO,nan,87876.0,TNENG/2005/15319,B.S.DESIKAMANI,TN,CHENNAI,HY
TNENG00695,INDIAN JOURNAL OF CRIMINOLOGY,nan,28178.0,28178/ 73,"THE INDIAN SOCIETY FOR CRIMINOLOGY, CHENNAI",TN,CHENNAI,HY
TNENG00621,INDIAN DEVELOPMENT SPECTRUM,nan,42615.0,42615/ 85,CENTRE RESEARCH ON NEW INTERNATIONAL ECONOMIC,TN,CHENNAI,HY
TNENG02137,INDIAN JOURNAL OF APPLIED PSYCHOLOGY,nan,11847.0,11847/ 64,THE CHENNAI PSYCHOLOGY SOCIETY,TN,CHENNAI,HY
TNENG04003,INDIA BUSINESS WEB DIRECTORY,nan,83535.0,TNENG/2003/10978,M.THULUKKANAM,TN,CHENNAI,HY
TNENG00681,INDIAN MINERALOGIST,nan,5660.0,5660/ 93,MINERALOGICAL SOCIETY OF INDIA,TN,CHENNAI,HY
TNENG03245,JOURNAL OF THE MARINE BIOLOGICAL ASSOCIATION OF INDIA,nan,14707.0,14707/ 59,THE MARINE BIOLOGICAL ASSOCIATION OF INDIA,TN,CHENNAI,HY
TNENG00661,INDIAN VALLEY BALL,nan,33632.0,33632/ 79,VOLLEY BALL FEDERATION OF INDIA,TN,CHENNAI,HY
TNENG03227,INDIAN JOURNAL OF EXPERIMENTAL PSYCHOLOGY,nan,11913.0,11913/ 67,MADRAS PSYCHOLOGY SOCIETY,TN,CHENNAI,HY
TNENG05126,INDIAN JOURNAL OF RESEARCH IN HUMAN SCIENCE,इंडियन जर्नल ऑफ़ रिसर्च इन ह्यूमन साइंस,104296.0,TNENG/2010/31739,"READER & HEAD OF THE DEPARTMENT, DEPARTMENT OF P.G.STUDIES AND RESEARCH IN HUMAN SCIENCE",TN,CHENNAI,HY
TNENG01330,RED INDIA,nan,11751.0,11751/ 66,CARBORUNDUM UNIVERSAL LTD.,TN,CHENNAI,HY
TNENG04886,"BI ANNUAL JOURNAL OF INDIAN ART CULTURE, HERITAGE AND TOURISM","बाइएनुअल जर्नल ऑफ़ इंडियन आर्ट कल्चर, हेरिटेज एंड टूरिज्म",105169.0,TNENG/2010/32612,PRABHU KUMARI VANAMA,TN,CHENNAI,HY
TNENG01960,ANGLO INDIAN,एंग्लो इंडियन,1068.0,1068/ 57,A J EDMONDS,TN,CHENNAI,M
TNENG02419,THE SOUTH INDIAN JOURNALIST,द साउथ इंडियन जर्नलिस्ट,1081.0,1081/ 57,THE SOUTH INDIAN TEACHER UNION,TN,CHENNAI,M
TNTAM20488,INDIA ARASIAL,nan,128208.0,TNTAM/2014/55653,ABI & ABI PUBLICATIONS,TN,CHENNAI,M
TNTAM07884,INDIAN SELVAM,nan,8359.0,8359/ 64,M. P. RADHA KRISHNAN,TN,CHENNAI,M
TNENG00776,JAPAN INDIA BUSINESS INFORMATION SERVICES N.L.F.J.,nan,49467.0,49467/ 88,N KRISHNA SWAMI,TN,CHENNAI,M
TNENG03314,INDIAN BACKWARD`S VOICE,nan,72321.0,72321/ 99,INDIAN BACKWARD'S VOICE,TN,CHENNAI,M
TNENG02087,SOUTH INDIA CHURCHMAN,SOUTH INDIA CHURCHMAN,1170.0,1170/ 57,"THE SYNOD OF THE CHURCH OF SOUTH INDIA, CHENNAI",TN,CHENNAI,M
TNENG05011,ALL INDIA JUDGEMENTS,आल इंडिया जजमेंट्स,101547.0,TNENG/2008/28990,T. RANJITH RAJU,TN,CHENNAI,M
TNENG00642,THE INDIAN CHESS MAGAZINE,nan,30432.0,30432/ 77,S ARUNACHALAM,TN,CHENNAI,M
TNENG01604,SOUTH INDIA INDUSTRIAL REPORTER,साउथ इंडिया इंडस्ट्रियल रिपोर्टर,8090.0,8090/ 62,N.L. GOVINDARAJ,TN,CHENNAI,M
TNENG03042,INDIAN KENNEL GAZETTE,nan,69827.0,69827/ 97,THE KENNEL CLUB OF INDIA,TN,CHENNAI,M
TNENG02752,ALL INDIA BANKER'S UPDATE,nan,62573.0,62573/ 95,P.SARAVANAN,TN,CHENNAI,M
TNENG00625,INDIAN GENERAL TRADE,nan,11866.0,11866/ 66,M.S.L.NARSIMHAM,TN,CHENNAI,M
TNENG03825,NEWS & VIEWS OF INDIAN HOTELS,nan,80672.0,TNENG/2002/08115,S.A.ALAGAR SAMY,TN,CHENNAI,M
TNENG05933,SOUTH INDIA HOLIDAYS,nan,141261.0,TNENG/2016/68706,A. ALAVUDEEN UDHAYARAJA,TN,CHENNAI,M
TNENG01090,MODERN INDIA MONTHLY,nan,17872.0,17872/ 70,N SWAMI DAS,TN,CHENNAI,M
TNENG01919,PRINTINDIA,प्रिंटइंडिया,1179.0,1179/ 57,T SUBRAMANIAM,TN,CHENNAI,M
TNENG03269,SHORT STORY MAGAZINE OF INDIA,nan,8256.0,8256/ 63,B. V. NARASIMHAN,TN,CHENNAI,M
TNBIL03660,AGILA INDIA MAKKAL SHAKTHI,nan,119003.0,TNBIL/2012/46446,M.PALANI,TN,CHENNAI,M
TNBIL00218,INDIAN MOVIE STAR,nan,21517.0,21517/ 71,S SELVARAJOO,TN,CHENNAI,M
TNENG00712,INDIAN REVIEW OF BOOKS,nan,53789.0,53789/ 93,K S PADMANABAN,TN,CHENNAI,M
TNTAM24098,IMAGE INDIA,nan,153665.0,TNTAM/2021/81110,B. JOHN PETER,TN,CHENNAI,M
TNENG02367,INDIAN LEATHER,nan,11898.0,11898/ 67,S. SANKARAN,TN,CHENNAI,M
TNENG04119,FIRE SENSE INDIA,nan,88585.0,TNENG/2005/16028,A.KISHORE BABU,TN,CHENNAI,M
TNENG02040,THE INDIAN VETERINARY JOURNAL,दि इंडियन वेटरनरी जर्नल,1125.0,1125/ 57,INDIAN VETERINARY ASSOCIATIION CHENNAI,TN,CHENNAI,M
TNENG02024,THE EXPORT INDIA JOURNAL,द एक्सपोर्ट इंडिया जर्नल,1245.0,1245/ 57,D.N.K. KESWARAN AND THREE OTHERS MADRAS,TN,CHENNAI,M
TNTAM11535,INTAYA INDIAN,nan,68738.0,68738/ 98,H. VASANTHA KUMAR,TN,CHENNAI,M
TNENG05148,INDIAN JOURNAL OF SCIENCE AND TECHNOLOGY,इंडियन जर्नल ऑफ़ साइंस एंड टेक्नोलॉजी,106044.0,TNENG/2010/33487,INDIAN SOCIETY FOR EDUCATION AND ENVIRONMENT,TN,CHENNAI,M
TNTAM22021,JUNIOR INDIANS,nan,135711.0,TNTAM/2015/63156,S. MANISH KUMAR,TN,CHENNAI,M
TNHIN00130,MOTOR INDIA,nan,72845.0,TNHIN/1999/00288,GOPALI AND CO.,TN,CHENNAI,M
TNTAM20099,INDIAR MAKKAL KARJANAI,nan,114701.0,TNTAM/2011/42144,K. KARUNAKARAN,TN,CHENNAI,M
TNENG02086,THE SOUTH INDIAN TEACHER,द साउथ इंडियन टीचर,1082.0,1082/ 57,THE SOUTH INDIAN TEACHERS UNION,TN,CHENNAI,M
TNMUL00496,ISLAMIC BANKING AND FINANCE INDIA,nan,149379.0,TNMUL/2017/76824,ISLAMIC ECONOMIC FORUM OF INDIA,TN,CHENNAI,M
TNENG05054,INDIAN AGE,nan,99855.0,TNENG/2009/27298,SURESH PALAMEL,TN,CHENNAI,M
TNENG01664,TAX INDIA,nan,28228.0,28228/ 74,ALL INDIA INCOME-TEX EMPLOYES FEDERATION,TN,CHENNAI,M
TNBIL03933,SECURE INDIA,nan,128312.0,TNBIL/2014/55757,EKAMBARAM GANESH BABU,TN,CHENNAI,M
TNENG05484,THE FAMILY PRACTITIONER OF INDIA,nan,115458.0,TNENG/2012/42901,DR. A. RAJA RAJESHWAR,TN,CHENNAI,M
TNTAM15264,INDIAN REPORTER,nan,84026.0,TNTAM/2003/11469,V.R.KRISHNAKUMAR,TN,CHENNAI,M
TNTAM14103,INDIAN SCIENCE MONITOR,nan,79159.0,TNTAM/2002/06602,T.K.V.RAJAN,TN,CHENNAI,M
TNENG03234,JAPAN INDIA BUSINESS INFORMATION SERVICES N L F(I),nan,49468.0,49468/ 88,N.KRISHANASWAMI,TN,CHENNAI,M
TNTAM20891,SUDENDHIRA INDIA,nan,131982.0,TNTAM/2013/59427,R. MURUGAN,TN,CHENNAI,M
TNENG04732,INDIAN SCIENCE MONITOR,nan,99581.0,TNENG/2008/27024,T.K.V. RAJAN,TN,CHENNAI,M
TNENG00636,INDIA MAGAZINE,इंडिया मैगज़ीन,1074.0,1074/ 57,B.V. NARASIMHAN,TN,CHENNAI,M
TNENG00711,THE INDIAN REVIEW,दि इंडियन रिव्यू,1076.0,1076/ 57,G.A. NATESAN & CO,TN,CHENNAI,M
TNENG03270,SOCIAL INDIA,सोशल इंडिया,1380.0,1380/ 59,E. V. K. PILLAI,TN,CHENNAI,M
TNBIL03353,INDIA CHEITHI MALAR,INDIA CHEITHI MALAR,105754.0,TNBIL/2010/33197,G. MANOHARAN,TN,CHENNAI,M
TNBIL00554,SAINTS INDIA,nan,30536.0,30536/ 78,SAM S.P. KUMAR,TN,CHENNAI,M
TNBIL04712,INDIAN HEALTH POINT,nan,153683.0,TNBIL/2021/81128,T. ARUNACHALAM,TN,CHENNAI,M
TNENG06201,SOUTH INDIA VISION,nan,160488.0,TNENG/2023/87933,H. MOHAMED HARIF,TN,CHENNAI,M
TNENG05135,LEATHER NEWS INDIA,लेदर न्यूज इंडिया,104080.0,TNENG/2010/31523,COUNCIL FOR LEATHER EXPORTS,TN,CHENNAI,M
TNENG00703,INDIAN STORAGE BATTERY JOURNAL,nan,33794.0,33794/ 81,V. JAI SANKAR,TN,CHENNAI,M
TNTAM24596,DRAVIDA INDIA,nan,,nan,SELVARAJ VC,TN,CHENNAI,M
TNENG00659,INDIAN TRAVEL GUIDE,nan,30266.0,30266/ 76,Y LAKSHMINARAYAN,TN,CHENNAI,M
TNENG01165,NEWS FROM ENFIELD INDIA,nan,17873.0,17873/ 70,THE ENFIELD INDIA LTD.,TN,CHENNAI,M
TNENG02067,MOTORINDIA,मोटरइंडिया,1353.0,1353/ 57,GOPALI & CO.,TN,CHENNAI,M
TNBIL04004,NANO INDIAN,nan,131822.0,TNBIL/2014/59267,T.K. ASWINIKUMAR,TN,CHENNAI,M
TNTAM22385,NEWS 24X7 INDIA,nan,138862.0,TNTAM/2015/66307,H. ABDULLAH BASHA,TN,CHENNAI,M
TNTAM20043,INDIA FIRST,nan,117428.0,TNTAM/2012/44871,R. RAJARAM,TN,CHENNAI,M
TNTAM17382,BUILDERS INDIA,बि‍ल्‍डर्स इंडि‍या,95190.0,TNTAM/2007/22633,VENKATRAMAN S.,TN,CHENNAI,M
TNENG03271,SOUTH INDIAN MARKET,nan,11723.0,11723/ 65,R VISWANATHAN,TN,CHENNAI,M
TNENG00647,INDIAN COOKERY,nan,24470.0,24470/ 74,R. DESIKAN,TN,CHENNAI,M
TNENG00826,JOURNAL OF INDIAN HOUSE WIFE,nan,30384.0,30384/ 76,R DESIKAN,TN,CHENNAI,M
TNBIL00217,INDIAN MINORITIES,nan,42714.0,42714/ 87,R. JAMAL NAZEAM,TN,CHENNAI,M
TNENG00682,INDIAN NEEDLEWOMAN,nan,28011.0,28011/ 73,R. DESIKAN,TN,CHENNAI,M
TNBIL03419,VOICE OF OVERSEAS INDIANS,nan,110154.0,TNBIL/2010/37597,G. PRITHIVIRAJ,TN,CHENNAI,M
TNENG02372,JOURNAL OF THE CINE TECHNICIANS ASS OF SOUTH INDIA,nan,8086.0,8086/ 57,THE CINE TECHNICIANS ASSOCIATIONS OF SOUTH INDIA,TN,CHENNAI,M
TNBIL04514,A TO Z INDIA,nan,148086.0,TNBIL/2017/75531,INDIRA SRIVATSA,TN,CHENNAI,M
TNTAM24122,THE GREAT INDIA,nan,153905.0,TNTAM/2021/81350,R. BALAMURUGAN,TN,CHENNAI,M
TNENG03720,INSTITUTION OF ENGINEERS(INDIA)T.N STATE CENTRE BULLETIN,nan,78142.0,TNENG/2001/05585,INSTITUTION OF ENGINEERS (INDIA) TAMILNADU STATE CENTRE,TN,CHENNAI,M
TNENG05740,THE ROYALTY INDIA,nan,129260.0,TNENG/2014/56705,ROSHNI S. HEMDEV,TN,CHENNAI,M
TNENG05478,ROOF & FACADE INDIA,nan,116311.0,TNENG/2011/43754,ROOF & FACADE ENTERPRISES INDIA PVT. LTD.,TN,CHENNAI,M
TNENG02041,JOURNAL OF THE SOUTHERN INDIA CHAMBER OF COMMERCE,nan,8087.0,8087/ 63,THE SOUTHERN INDIA CHAMBER OF COMMERCE,TN,CHENNAI,M
TNENG06209,REFLECT INDIA,nan,,UR,REFLECT NEWS PRIVATE LIMITED,TN,CHENNAI,M
TNTAM24623,SOUTH INDIAN PRESS NEWS,nan,,nan,NAGARAJAN G,TN,CHENNAI,M
TNENG02063,MY MAGAZINE OF INDIA,माय मैगज़ीन ऑफ़ इंडिया,1079.0,1079/ 57,SMT. V LAKSHMI DEVI,TN,CHENNAI,M
TNENG03927,INDIAN DTP NEWS,nan,83414.0,TNENG/2003/10857,M.THULUKKANAM,TN,CHENNAI,M
TNTAM01776,INDIAN STAR,इंडियन स्टार,1364.0,1364/ 57,K.A. MARIAPPAN,TN,CHENNAI,M
TNMUL00297,THE FRIEND OF INDIA,nan,77386.0,TNMUL/2001/04829,K.SHANTH KUMAR,TN,CHENNAI,M
TNTAM13882,INDIAN KURAL,nan,77820.0,TNTAM/2001/05263,L.MANOHARAN,TN,CHENNAI,M
TNENG00629,INDIAN HOCKEY,nan,8135.0,8135/ 62,"COMMITTEE CONSISTING OF M/S J.D. NAGARVALU, F.V.ARUL, VICTOR SIMMON AND C.D.PARTHA SARATHY STADIUM,",TN,CHENNAI,M
TNENG05587,INDIA REIGNS,nan,124948.0,TNENG/2013/52393,S. JOSEPH EMMANUEL,TN,CHENNAI,M
TNENG03500,NEWS LETTER OF NEUROLOGICAL SOCIETY OF INDIA,nan,78586.0,TNENG/2000/06029,NEURLOGY SOCIETY OF INDIA,TN,CHENNAI,OP
TNENG04096,KRISHNAMURTI FOUNDATION INDIA BULLETIN,nan,85402.0,TNENG/2003/12845,KRISHNAMURTI FOUNDATION,TN,CHENNAI,OP
TNENG00667,THE INDIAN JOURNAL OF POLITICAL SCIENCE,nan,42751.0,42751/ 86,"THE INDIAN POLITICAL SCIENCE ASSOCIATION, MADRAS",TN,CHENNAI,Q
TNENG00649,INDIA PISTONS BULLETIN,nan,5671.0,5671/ 60,MESSRS INDIA PISTONS (PRIVATE) LTD.,TN,CHENNAI,Q
TNENG03582,INDIAN FOLKLIFE,nan,77808.0,TNENG/2001/05251,M.D.MUTHUKUMARASWAMY,TN,CHENNAI,Q
TNENG00624,INDIAN FOOT WEAR,nan,30423.0,30423/ 77,"INDIAN FOOTWEAR SOCIETY, CHENNAI",TN,CHENNAI,Q
TNBIL00613,SOUTH INDIA HOUSE MAGAZINE,nan,17700.0,17700/ 68,SOUTH INDIA CORPORATION (A) PRIVATE LTD.,TN,CHENNAI,Q
TNENG02112,JOURNAL OF THE INDIAN BOTANICAL SOCIETY,nan,11840.0,11840/ 57,THE INDIAN BOTANICAL SOCIETY,TN,CHENNAI,Q
TNENG03225,INDIAN JOURNAL OF INDUSTRIAL MEDICINE,इंडियन जर्नल ऑफ़ इंडस्ट्रियल मेडिसिन,1426.0,1426/ 57,V. RAMACHANDRAN,TN,CHENNAI,Q
TNENG02914,JOURNAL OF TRIBOLOGY INDIA LIMITED,nan,65029.0,65029/ 96,TRIBOLOGY INDIA LIMITED,TN,CHENNAI,Q
TNENG04647,ALL INDIA M.PS - M.L.AS VOICE,आल इंडिया एम. पीज. - एम. एल. एज वॉइस,97265.0,TNENG/2007/24708,P.SURESH MURUGAN,TN,CHENNAI,Q
TNENG02674,JOURNAL OF INDIAN RHEUMATISM ASSOCIATION,nan,55433.0,55433/ 94,INDIAN RHEUMATISM ASSOCIATION,TN,CHENNAI,Q
TNENG03166,INDIAN JOURNAL OF PRACTICAL PEDIATRICS,nan,71867.0,71867/ 99,DR.M.V.VIJAYAKUMAR,TN,CHENNAI,Q
TNENG03420,INDIAN COMMERCIAL &TRADE NEWS,nan,76122.0,INENG/2000/03565,INDO AMERICAN CHAMBER OF COMMERCE,TN,CHENNAI,Q
TNENG00639,INDIAN BRIDGE MAGAZINE,nan,11886.0,11886/ 66,ALL INDIA BRIDGE FEDERATION,TN,CHENNAI,Q
TNENG00944,LUNG INDIA,nan,33785.0,33785/ 82,INDIAN CHEST SOCIETY,TN,CHENNAI,Q
TNENG04831,INDIAN VEGETARIAN CONGRESS QUARTERLY,nan,5647.0,5647/ 60,THE INDIAN VEGETARIAN CONGRESS,TN,CHENNAI,Q
TNENG00716,INDIAN SHAREHOLDER,nan,30443.0,30443/ 77,THE CHENNAI SHAREHOLDERS ASSOCIATION,TN,CHENNAI,Q
TNENG01800,WAKE UP INDIA,nan,24491.0,24491/ 73,NEW LIFE FOR INDIA MOVEMENT (TRUST),TN,CHENNAI,Q
TNENG02196,ENGLISH ELECTRIC INDIAN NEWS,nan,5362.0,5362/ 60,THE ENGLISH ELECTRIC CO. LTD,TN,CHENNAI,Q
TNENG02102,INDIAN OVERSEAS BANK REVIEW,nan,8154.0,8154/ 63,INDIAN OVERSEAS BANK LTD,TN,CHENNAI,Q
TNENG02617,INDIA CHURCH GROWTH QUATERLY,nan,62377.0,62377/ 94,CHURCH GROWTH EDUCATION TRUST,TN,CHENNAI,Q
TNENG03289,WAKE UP INDIA,nan,30538.0,30538/ 78,NEW LIFE FOR INDIA MOVEMENT (TRUST),TN,CHENNAI,Q
TNENG01934,INDIAN INDUSTRIES,इंडियन इंडस्ट्रीज,1259.0,1259/ 57,KRISHNA SRINIVAS,TN,CHENNAI,Q
TNENG03223,INDIAN CHRISTIAN ENDEAVOUR,nan,24443.0,24443/ 74,TITUS EBENEZER,TN,CHENNAI,Q
TNENG01601,SOUTH INDIAN HORTICULTURE,nan,8167.0,8167/ 57,SOUTH INDIAN HORTICULTURAL ASSOCIATION,TN,CHENNAI,Q
TNENG05907,THE INDIAN GEOGRAPHICAL JOURNAL,nan,14731.0,14731/ 57,THE INDIAN GEOGRAPHICAL SOCIETY,TN,CHENNAI,Q
TNENG01933,INDIAN CORRECTIONAL JOURNAL,इंडियन करेक्शनल जर्नल,1182.0,1182/ 57,V KRISHNA MENON,TN,CHENNAI,Q
TNENG00700,INDIAN JOURNAL OF FORENSIC SCIENCES,nan,49497.0,49497/ 87,FORENSIC SCIENCES SOCIETY OF INDIA,TN,CHENNAI,Q
TNENG03579,INDIAN TRANSPLANT NEWSLETTER,nan,76996.0,TNENG/2001/04439,MOHAN FOUNDATION,TN,CHENNAI,Q
TNENG03228,INDIAN TOBACCO JOURNAL,nan,21579.0,21579/ 69,"DIRECTORATE OF TOBACCO DEVELOPMENT, MINISTRY OF AGRICULTURE, GOVT OF INDIA",TN,CHENNAI,Q
TNENG00650,INDIA PISTONS JOURNAL,nan,11770.0,11770/ 65,"INDIA PISTONS LTD.,",TN,CHENNAI,Q
TNENG03183,ALL INDIA MANUFACTURERES ORGANISATION MADRAS STATE QUATERLY REVIEW,nan,17695.0,17695/ 68,ALL INDIA MANUFACTURERS ORGANISATION,TN,CHENNAI,Q
TNENG03169,ORTHONET INDIA,nan,73770.0,TNENG/1999/01213,A.B.GOVINDARAJ,TN,CHENNAI,Q
TNBIL02322,THE JOURNAL OF WWW. INDIAN MODELS DIRECTORY.COM,TJWWW,90382.0,TNBIL/2005/17825,JEEVAN SETHU,TN,CHENNAI,Q
TNENG02164,SOUTH INDIA RACING NEWS,nan,11917.0,11917/ 65,A. GNANA PRAKASAM,TN,CHENNAI,THW
TNENG02163,SOUTH INDIA SPORTING NEWS,nan,14783.0,14783/ 65,A GNANA PRAKASAM,TN,CHENNAI,THW
TNENG02142,JOURNAL OF THE INDIAN ACADEMY OF APPLIED PSYCHOLOGY,nan,8299.0,8299/ 64,THE INDIAN ACADEMY OF APPLIED PSYCHOLOGY,TN,CHENNAI,THY
TNANG00001,ALL INDIA MARKET REPORT AND SPORTS,आल इंडिया मार्किट रिपोर्ट एंड स्पोर्ट्स,8220.0,8220/ 57,P R SUBBIAH,TN,CHENNAI,TWW
TNBIL00805,ALL INDIA SPORTING NEWS,nan,8221.0,8221/ 57,N R RAMALINGAM,TN,CHENNAI,TWW
TNBIL00013,THE ALL INDIA TURF NEWS,nan,24337.0,24337/ 72,N. R. RAMALINGAM,TN,CHENNAI,TWW
TNBIL02455,UNITED INDIA SPORTING NEWS,nan,17861.0,17861/ 69,J.C.R.SATHIYAM,TN,CHENNAI,TWW
TNBIL00009,THE ALL INDIA RACING NEWS,nan,17806.0,17806/ 69,P.R. SAROJA,TN,CHENNAI,TWW
TNENG03387,SOUTH INDIA EQUESTRIAN GUIDE,nan,76721.0,TNENG2001/04164,K.P.S.MOORTHY,TN,CHENNAI,TWW
TNENG00035,THE ALL INDIA HORSE SELECTIONS,nan,24450.0,24450/ 74,S. M. RAJAGOPAL,TN,CHENNAI,TWW
TNENG01634,SPORTS INDIA,nan,17895.0,17895/ 70,SOUTH INDIA CORPORATION (AGENCIES) PRIVATE LTD.,TN,CHENNAI,W
TNENG01985,FREE INDIA,फ्री इंडिया,1017.0,1017/ 57,FREE INDIA PVT LTD,TN,CHENNAI,W
TNTAM01745,INDIA,nan,24387.0,24387/ 72,A. G. CHANDRASEKARAN,TN,CHENNAI,W
TNTAM09455,NAAN ORE INDIAN,nan,53783.0,53783/ 93,HAJI T K A SABI MOHAMED,TN,CHENNAI,W
TNTAM10921,VEERA INDIAN,nan,66340.0,66340/ 96,S.JANAKIRAMAN,TN,CHENNAI,W
TNTAM07525,ALL INDIA STUDIO NEWS,nan,49708.0,49708/ 91,K KARMEGAMN,TN,CHENNAI,W
TNBIL03939,SOUTH INDIAN VOICE,nan,128387.0,TNBIL/2014/55832,C. SENTHILKUMARAN,TN,CHENNAI,W
TNTAM17404,SOUTH INDIAN POST,साउथ इंडि‍यन पोस्‍ट,94659.0,TNTAM/2007/22102,T. ASOKAN,TN,CHENNAI,W
TNENG05003,SUNDAY TIMES OF INDIA,संडे टाइम्स ऑफ़ इंडिया,98949.0,TNENG/2008/26392,"BENNETT, COLEMAN & CO.LTD",TN,CHENNAI,W
TNENG03184,ALL INDIA SALES DIGEST,nan,28115.0,28115/ 75,K.S. RAMASWAMY,TN,CHENNAI,W
TNTAM01664,INDIAN NADAR MURASU,nan,55354.0,55354/ 92,K.M. JULIAN,TN,CHENNAI,W
TNENG00720,INDIAN SOCIALIST,nan,11856.0,11856/ 66,I S RAO,TN,CHENNAI,W
TNBIL04697,RICH INDIA,nan,,nan,NOORDEEN A,TN,CHENNAI,W
TNBIL01351,SUPPLIMENT TO ALL INDIA SHORTING NEWS,nan,11918.0,11918/ 57,N. R. RAMALINGAM,TN,CHENNAI,W
TNTAM24502,TALKS OF INDIA,nan,158115.0,TNTAM/2023/85560,S SANTHOSH,TN,CHENNAI,W
TNENG00714,INDIAN SCIENTIST,nan,28185.0,28185/ 75,K. SHANMUGAM,TN,COIMBATORE,A
TNENG05483,THE TIMES OF INDIA,द टाइम्स ऑफ़ इंडिया,112269.0,TNENG/2011/39712,"BENNETT, COLEMAN & CO.LTD",TN,COIMBATORE,D
TNTAM07586,NAVA INDIA,नव इंडिया,1009.0,1009/ 57,RAMAKRISHNA INDUSTRIALS PVT. LTD.,TN,COIMBATORE,D
TNTAM03890,NAMATHU INDIA,nan,42623.0,42623/ 85,M K KALIANNAN,TN,COIMBATORE,D
TNENG02449,THE NEW INDIAN EXPRESS,द न्यू इंडियन एक्सप्रेस,53674.0,53674/ 91,EXPRESS PUBLICATIONS (MADURAI) LTD,TN,COIMBATORE,D
TNBIL03625,INDIA ON DUTY,nan,125947.0,TNBIL/2013/53392,S.ANANTHI,TN,COIMBATORE,M
TNTAM23094,THE INDIAN INDUSTRIAL NEWS,nan,,UR,M.SURESH,TN,COIMBATORE,M
TNBIL04819,THE INDIAN INDUSTRIAL NEWS,nan,,nan,SURESH M,TN,COIMBATORE,M
TNTAM05880,THOZHIL INDIA,nan,24378.0,24378/ 73,SOMA ERA ARUMUGAM,TN,COIMBATORE,M
TNENG00701,INDIAN JOURNAL OF HOME SCIENCE,nan,30312.0,30312/ 66,THE HOME SCIENCE ASSOCIATION OF INDIA,TN,COIMBATORE,Q
TNENG05482,SUNDAY TIMES OF INDIA,संडे टाइम्स ऑफ़ इंडिया,112268.0,TNENG/2011/39711,"BENNETT, COLEMAN & CO.LTD",TN,COIMBATORE,W
TNENG02114,INDIAN JOURNAL OF NUTRITION AND DIEBETICS,nan,8306.0,8306/ 64,"SRI AVINASHALINGAM HOME SCIENCE COLLEGE,",TN,COIMBATORE-17,M
TNENG00694,INDIAN JOURNAL OF COMMUNITY GUIDANCE SERVICE,nan,42578.0,42578/ 84,M. RAJAMANIKAM,TN,CUDDALORE,FMY
TNENG06046,THE NEW INDIAN EXPRESS,nan,145366.0,TNENG/2017/72811,EXPRESS PUBLICATIONS (MADURAI) LTD.,TN,DHARMAPURI,D
TNENG05516,JOURNAL OF INDIAN ACADEMY OF DENTAL SPECIALIST RESEARCHERS,nan,119586.0,TNENG/2012/47029,INDIAN ACADEMY OF DENTAL SPECIALISTS,TN,ERODE,Q
TNENG06122,WCSC INDIAN JOURNAL OF YOGA FOR HUMAN EXCELLENCE,nan,158547.0,TNENG/2019/85992,WORLD COMMUNITY SERVICE CENTRE,TN,ERODE,Q
TNENG06207,TIMES OF UNITED SAMARITANS INDIA,nan,,nan,SHEEBA LOURDHES,TN,KANCHEEPURAM,Q
TNENG00719,INDIAN SOCIAL REFORMER,nan,8088.0,8088/ 63,V. M. JESUDHAS,TN,KANNIYAKUMARI,M
TNENG00630,INDIAN HONEY,nan,33625.0,33625/ 78,INDIAN INSTITUTE OF HONEY,TN,KANNIYAKUMARI,Q
TNENG05507,THE TIMES OF INDIA,द टाइम्स ऑफ़ इंडिया,113207.0,TNENG/2011/40650,"BENNETT, COLEMAN & CO.LTD",TN,MADURAI,D
TNTAM01663,INDIA MURASU,nan,28129.0,28129/ 75,K. DURAIPANDIAN,TN,MADURAI,D
TNENG01979,THE NEW INDIAN EXPRESS,दि न्यू इंडियन एक्सप्रेस,1196.0,1196/ 57,EXPRESS PUBLICATIONS (MADURAI) LTD.,TN,MADURAI,D
TNTAM01662,INDIA MURASU,nan,11803.0,11803/ 66,K. DURAIPANDIAN,TN,MADURAI,D
TNENG05320,INDIAN JOURNAL OF NURSING INNOVATIONS,nan,111868.0,TNENG/2011/39311,THE MADURAI-RAMNAD DIOCESE,TN,MADURAI,HY
TNENG03226,INDIAN JOURNAL OF PSYCHIATRY,nan,6181.0,6181/ 58,"INDIAN PSYCHIATRIC SOCIETY, MADURAI",TN,MADURAI,Q
TNENG05513,SUNDAY TIMES OF INDIA,संडे टाइम्स ऑफ़ इंडिया,113523.0,TNENG/2011/40966,"BENNETT, COLEMAN & CO.LTD",TN,MADURAI,W
TNBIL04273,CHURCH OF SOUTH INDIA HIGH SCHOOL MAGAZINE,nan,14758.0,14758/ 57,"CHURCH OF SOUTH INDIA HIGH SCHOOL, NAGAPATTINAM",TN,NAGAPATTINAM,A
TNENG06043,THE NEW INDIAN EXPRESS,nan,145365.0,TNENG/2017/72810,EXPRESS PUBLICATIONS (MADURAI) LTD.,TN,NAGAPATTINAM,D
TNTAM24453,PUDHIYA INDIA,nan,158633.0,TNTAM/2022/86078,P S PRABHU,TN,NAMAKKAL,M
TNTAM19024,INDIAN URIMAIKAL,INDIAN URIMAIKAL,105744.0,TNTAM/2010/33187,B. JAGATHEES KUMAR,TN,RAMANATHAPURAM,M
TNENG01910,THE INDIAN KENNEL GAZETTE,दि इंडियन केनल गजट,1075.0,1075/ 57,KENNEL CLUB OF INDIA,TN,SALEM,M
TNENG02101,THE INDIAN RAILWAY ENGINEER,दि इंडियन रेलवे इंजीनियर,1220.0,1220/ 57,T S KRISHNA RAO,TN,TANJORE,Q
TNENG02108,THE INDIAN RAILWAYS WORKSHOP MAGAZINE,दि इंडियन रेलवेज वर्कशॉप मैगज़ीन,1123.0,1123/ 57,T S KRISHNA RAO,TN,TANJORE,Q
TNENG03794,CARDAMOMCITYINDIA-MAIL SERVICE,कार्डममसिटीइंडिया-मेल सर्विस,82739.0,TNENG/2003/10182,SUBRAMANIAM PRASADH,TN,THENI,OP
TNENG04779,ZEALSMART'S INDIAN HEALTHCARE QUEST,nan,100337.0,TNENG/2009/27780,S. MYTHILI,TN,THIRUVALLUR,A
TNENG04778,ZEALSMART'S TICK INDIA QUEST,nan,100338.0,TNENG/2009/27781,S. MYTHILI,TN,THIRUVALLUR,A
TNENG04777,ZELASMART'S INDIAN EDUCATION QUEST,nan,100334.0,TNENG/2009/27777,S. MYTHILI,TN,THIRUVALLUR,A
TNENG04780,ZEALSMART'S INDIA TOP IT QUEST,nan,100314.0,TNENG/2009/27757,S. MYTHILI,TN,THIRUVALLUR,A
TNTAM23300,INDIA VANIAR MALAR,nan,148073.0,TNTAM/2017/75518,A.SANKARAN,TN,THIRUVALLUR,M
TNTAM21706,ALL INDIA NEWS TRACK,आल इंडिया न्यूज़ ट्रैक,136447.0,TNTAM/2014/63892,S. ABDUL RAHIM,TN,THIRUVALLUR,M
TNENG05152,INDIAN RESEARCH REVIEW,इंडियन रिसर्च रिव्यू,102995.0,TNENG/2009/30438,N. MOHAN,TN,THIRUVALLUR,Q
TNTAM18294,SOUTH INDIAN CRIME POINT,साउथ इंडियन क्राइम प्वाइंट,101029.0,TNTAM/2009/28472,N. SEENIVASAN,TN,THIRUVALLUR,W
TNTAM12020,INDIAMITHIRAN,nan,30271.0,30271/ 76,P. KRISHNADOSS,TN,THIRUVARUR,M
TNENG04511,INDIAN JOURNAL FOR RESEARCH IN PHYSICAL EDUCATION AND SPORTS SCIENCES (IJRPESS),इण्‍ि‍इयन जरनल फार रि‍सर्च इन फि‍जि‍कल एजूकेशन एण्‍ड स्‍पोटर्स सांईन्‍स,90175.0,TNENG/2006/17618,ADITANAR EDUCATIONAL INSTITUTION,TN,THOOTHUKKUDI/ TUTICORIN,HY
TNTAM01742,INDIAN BIBLE STUDENTS ASSOCIATION MONTHLY MAGAZINE,nan,21618.0,21618/ 71,INDIAN BIBLE STUDENTS ASSOCIATION,TN,TIRUCHIRAPALLI,M
TNTAM24025,GREEN INDIA,nan,156109.0,TNTAM/2022/83554,JAMBULINGAM K,TN,TIRUCHIRAPPALLI,M
TNENG04329,THE NEW INDIAN EXPRESS,द न्यू इंडियन एक्सप्रेस,85404.0,TNENG/2003/12847,EXPRESS PUBLICATIONS (MADURAI) LTD,TN,TIRUCHY,D
TNBIL01334,MAGAZINE OF THE COLLEGE OF INDIAN SYSTEMS OF MEDICINE,nan,14876.0,14876/ 67,"GOVT COLLEGE OF INDIAN SYSTEM OF MEDICINE, PALAYAMKOTTAI",TN,TIRUNELVELI,A
TNENG06042,THE NEW INDIAN EXPRESS,nan,145348.0,TNENG/2017/72793,EXPRESS PUBLICATIONS (MADURAI) LTD.,TN,TIRUNELVELI,D
TNTAM19178,VANAKKAM INDIA,वणक्कम इंडिया,106092.0,UR,S. JESUDASS JACOB MONRAJ,TN,TIRUNELVELI,D
TNTAM24415,VANAKKAM INDIA,nan,153725.0,TNTAM/2019/81170,S. JESUDASS JACOB MONRAJ,TN,TIRUNELVELI,D
TNBIL04779,KNIT INDIA TIRUPPUR,nan,157859.0,TNBIL/2023/85304,KUMARAN,TN,TIRUPPUR,M
TNTAM19997,NAM INDIARKAL,nan,112462.0,TNTAM/2011/39905,S. SYED MUSTAFA,TN,TIRUPUR,F
TNBIL03161,SOUTH INDIAN CINEMA DIRECTORY,साउथ इंडियन सिनेमा डायरेक्टरी,103983.0,TNBIL/2009/31426,N. SEENIVASAN,TN,TIRUVALLUR,A
TNTAM17301,ILLAINGER INDIA,इल्लेन्जेर इंडिया,97242.0,TNTAM/2008/24685,G. VELMURUGAN,TN,TIRUVALLUR,M
TNTAM18855,SOUTH INDIAN CINEMA,साउथ इंडियन सिनेमा,103210.0,TNTAM/2009/30653,N. SEENIVASAN,TN,TIRUVALLUR,W
TNENG05700,THE TIMES OF INDIA,द टाइम्स ऑफ़ इंडिया,124893.0,TNENG/2013/52338,"BENNETT, COLEMAN & CO.LTD",TN,TRICHY,D
TNENG05715,MEDINDIA NEWS,मेडइंडिआ न्यूज़,136779.0,TNENG/2015/64224,M. S. ASHRAF,TN,TRICHY,M
TNTAM19735,NEW BRIGHT INDIA,nan,117940.0,TNTAM/2012/45383,A. AMALRAJ,TN,TRICHY,M
TNENG05699,SUNDAY TIMES OF INDIA,संडे टाइम्स ऑफ़ इंडिया,124891.0,TNENG/2013/52336,"BENNETT, COLEMAN & CO.LTD",TN,TRICHY,W
TNENG04144,INDIAN HISTORICAL STUDIES,nan,87151.0,TNENG/2004/14594,"HEAD OF THE DEPT.OF HISTORY,",TN,TRICHY DC,HY
TNENG03596,INDIAN JOURNAL OF CONTINUING NURSING EDUCATION,nan,77683.0,TNENG/2001/05126,"DEAN, COLLEGE OF NURSING, CHRISTIAN MEDICAL COLLEGE, VELLORE",TN,VELLORE,HY
TNENG02103,THE INDIAN JOURNAL OF MEDICAL EDUCATION,nan,14713.0,14713/ 62,INDIAN ASSOCIATION FOR THE ADVANCEMENT OF MEDICAL EDUCATION,TN,VELLORE,Q
TNENG00645,INDIAN CHRISTIAN ENDEAVOUR UNION-NEWS BULLETIN,nan,14839.0,14839/ 68,THE INDIA CHRISTIAN ENDEAVOUR UNION,TN,VELLORE,Q
TNENG06048,THE NEW INDIAN EXPRESS,nan,145430.0,TNENG/2017/72875,EXPRESS PUBLICATIONS (MADURAI) LTD.,TN,VILLUPURAM,D
TNTAM24280,HELLO INDIA,nan,,nan,ARK THAMILSELVAN,TN,VILUPPURAM,M
TNTAM24762,NEW PYRO INDIA NEWS,nan,,nan,VIJAYAKUMAR A,TN,VIRUDHUNAGAR,M
UPHIN49797,NEWS NEXT INDIA,न्‍यूज नेक्‍स्‍ट इंडिया,160931.0,UPHIN/2021/88376,VIREN AGARWAL,UP,AGRA,D
UPHIN40132,INDIA 7,इण्डिया 7,103456.0,UPHIN/2009/30899,ALOK NARAIN DALELA,UP,AGRA,F
UPENG03676,INDIAN JOURNAL OF BIOLOGICAL STUDIES AND RESEARCH,इंडियन जर्नल ऑफ़ बायोलॉजिकल स्टडीज एंड रिसर्च,134229.0,UPENG/2011/61674,VIJAY KUMAR SINGH,UP,AGRA,HY
UPENG03786,INDIAN RESEARCH JOURNAL OF GENETICS AND BIOTECHNOLOGY,nan,119648.0,UPENG/2012/47091,"THE INDIAN SOCIETY OF GENETICS , BIOTECHNOLOGY RESEARCH AND DEVELOPMENT",UP,AGRA,Q
UPHIN46503,PROMISING INDIA,प्रॉमिसिंग इंडिया,137372.0,UPHIN/2015/64817,NIMESH NIGAM,UP,AGRA,W
UPHIN42208,PARAKH INDIA,nan,112800.0,UPHIN/2011/40243,MEDIA EDUCATION SOCIETY,UP,AGRA,W
UPHIN41820,GET UP INDIA,nan,117199.0,UPHIN/2011/44642,PT. SUSHIL BHARDWAJ,UP,AGRA,W
UPBIL05273,INDIAN JOURNAL OF MULTIDISCIPLINARY SCIENCES,nan,,nan,SHRIMATI RUMALI DEVI SEVA SAMITI,UP,ALIGARH,A
UPHIN37292,LIGHT OF INDIA,लाइट ऑफ इण्डिया,102773.0,UPHIN/2009/30216,ANWAR ALI,UP,ALIGARH,F
UPENG00504,INDIAN COMMUNIST,nan,15319.0,15319/ 67,JAI GOPAL TIWARI,UP,ALIGARH,Q
UPENG01440,NORTHERN INDIA PATRIKA,nan,4977.0,4977/ 59,ALLAHABAD PATRIKA PVT. LTD.,UP,ALLAHABAD,D
UPENG02512,NORTHERN INDIA PATRIKA,nan,35338.0,35338/ 78,ALLAHABAD PATRIKA PVT. LTD.,UP,ALLAHABAD,D
UPENG01463,INDIAN FACTORIES AND LABOUR REPORTS,nan,4994.0,4994/ 60,V. K. KHARBANDA,UP,ALLAHABAD,F
UPHIN30362,INDIAN LEADER,nan,80218.0,UPHIN/2002/07661,JAHID SIDDIQUI,UP,ALLAHABAD,F
UPENG02439,JOURNAL OF THE ANATOMICAL SOCIETY OF INDIA,जर्नल ऑफ़ दि अनाटॉमिकल सोसाइटी ऑफ़ इंडिया,356.0,356/ 57,THE ANATOMICAL SOCIETY OF INDIA,UP,ALLAHABAD,HY
UPENG02824,ALL INDIA CASES,nan,81464.0,UPENG/2003/08907,V.K.KHARBANDA,UP,ALLAHABAD,M
UPHIN18004,ASHA INFORMATION INDIA,nan,62726.0,62726/ 94,ASHIK INAYAT AASHA,UP,ALLAHABAD,M
UPBIL00064,ALL INDIA UNANI TIBBI TARZUMAN,nan,51862.0,51862/ 91,AFSARI BEGAM,UP,ALLAHABAD,M
UPENG00996,PROBE INDIA,nan,35413.0,35413/ 79,MITRA PRAKASHAN (P) LTD,UP,ALLAHABAD,M
UPHIN26149,ASHA INFORMATION INDIAN,nan,59596.0,59596/ 94,NIL,UP,ALLAHABAD,M
UPENG00549,INDIAN JOURNAL OF ECONOMICS,nan,28648.0,28648/ 75,"DEPARTMENT OF ECONOMICS AND COMMERCE ALLAHABAD UNIVERSITY,",UP,ALLAHABAD,Q
UPENG01095,THE STRANDED INDIA,nan,36372.0,36372/ 79,MANOHAR LAL,UP,ALLAHABAD,Q
UPENG00397,FRIDAY WEEKLY OF INDIA,nan,46109.0,46109/ 86,"FRIDAY PUBLICATIONS, ALLAHABAD",UP,ALLAHABAD,W
UPENG03291,DEVELOP INDIA,डेवलप इण्डिया,99174.0,UPENG/2008/26617,DHEER SINGH RAJPUT,UP,ALLAHABAD,W
UPHIN46746,INDIA DIARY,इण्डिया डायरी,136539.0,UPHIN/2015/63984,AMIT JAIN,UP,ALLAHABAD,W
UPENG04137,EMPLOYMENT BUREAU OF INDIA,nan,46083.0,46083/ 86,"LOK PRIYA LEAVING COMPANY PVT.LTD, ALLAHABAD",UP,ALLAHABAD,W
UPHIN02674,COMPETION WEEKLY OF INDIA,nan,47752.0,47752/ 87,KESHAV CHAND PANDEY,UP,ALLAHABAD,W
UPHIN49166,INTEGRATE INDIA,nan,,UR,SWATANTRA KUMAR SHUKLA,UP,ALLAHABAD/PRAYAGRAJ,D
UPHIN49846,THE INDIAN PRESS NEWS,nan,,nan,ANKIT YADAV,UP,ALLAHABAD/PRAYAGRAJ,HY
UPBIL05255,NORTH CENTRAL OF INDIA,नॉर्थ सेंट्रल ऑफ इंडिया,160263.0,UPBIL/2023/87708,MUHAMMAD SAYED AHAMAD,UP,ALLAHABAD/PRAYAGRAJ,W
UPHIN51293,VISTRIT INDIA NEWS TIMES,nan,,UR,DHIRENDRA KUMAR PANDEY,UP,AMBEDKAR NAGAR,W
UPHIN40757,INDIA VIA AMBEDKAR NAGAR,इंडिया वाया आंबेडकर नगर,106856.0,UPHIN/2010/34299,VIJAI SHANKER TIWARI,UP,AMBEDKAR NAGAR,W
UPHIN51578,KARM KSHETRA INDIA,nan,,UR,MANISH KUMAR TIWARI,UP,AMETHI,D
UPHIN45732,SHIV INDIA TIMES,शिव इण्डिया टाइम्स,132958.0,UPHIN/2015/60403,ASHEESH CHANDRA SAROJ,UP,AMETHI,D
UPHIN48348,SAMAR INDIA,समर इंडिया,143516.0,UPHIN/2017/70961,AMAN KUMAR SIDHU,UP,AMROHA,D
UPHIN45242,SAMAR INDIA,समर इण्डिया,132918.0,UPHIN/2014/60363,AMAN KUMAR SIDHU,UP,AMROHA,W
UPHIN46798,SUNRISE NEWS INDIA,सनराइज न्यूज इण्डिया,138706.0,UPHIN/2015/66151,SUSHIL KUMAR SHARMA,UP,AMROHA,W
UPHIN45642,INDIAN READER NEWS,nan,130857.0,UPHIN/2014/58302,MRIDULA DWIVEDI,UP,AURAIYA,D
UPHIN22632,OUR BRAVE INDIA,अवर ब्रेव इंडिया,63889.0,63889/ 96,ARUN KUMAR DASS,UP,"AYODHYA,FAIZABAD",W
UPHIN50366,JANHIT INDIA,जनहित इंडिया,156642.0,UPHIN/2022/84087,MADAN MOHAN PANDEY,UP,AZAMGARH,D
UPHIN43712,JANHIT INDIA,nan,123762.0,UPHIN/2013/51207,MADAN MOHAN PANDEY,UP,AZAMGARH,M
UPHIN49731,BASAVAN INDIA,nan,,nan,NARENDRA PRATAP,UP,AZAMGARH,M
UPHIN42529,GREAT INDIA,nan,117358.0,UPHIN/2012/44801,SOCIAL & CULTURAL DEVELOPMENT SANSTHAN,UP,AZAMGARH,M
UPHIN49999,ACTUAL INDIA,एक्चुअल इंडिया,158362.0,UPHIN/2021/85807,PAVAN KUMAR,UP,BADAUN,Q
UPHIN50336,HARGAON INDIA,हरगाँव इंडिया,159546.0,UPHIN/2022/86991,SUNIL KUMAR,UP,BADAUN,W
UPHIN50006,MIZAN E INDIA,मीजान ए इंडिया,157064.0,UPHIN/2021/84509,ZEESHAN ANSARI,UP,BADAUN,W
UPHIN38999,RAINBOW INDIA,nan,124339.0,UPHIN/2013/51784,TRIPURARI SHARAN SRIVASTAVA,UP,BAHRAICH,M
UPHIN50257,UNHEARD INDIA,nan,,nan,JAIRAM ANURAGI,UP,BALLIA,W
UPENG03391,NEWS FROM INDIA,न्‍यूज फ्रोम इण्डिया,98860.0,UPENG/2008/26303,KHALID SABIR,UP,BANDA,D
UPHIN27816,SHRI INDIA,nan,72409.0,72409/ 99,M/S KEN MEDIA(PVT)LT,UP,BANDA,D
UPHIN15876,THE UNITY OF INDIA,nan,48008.0,48008/ 89,U S KAUSHIK,UP,BARABANKI,F
UPHIN28183,AFREEN INDIA TIMES,nan,72426.0,72426/ 99,KHURSHID ALAM,UP,BARABANKI,W
UPENG03749,THE INDIAN OPINION,nan,123050.0,UPENG/2012/50495,RAGHVENDRA MISHRA,UP,BARABANKI,W
UPHIN41718,REPORTER NEWS OF INDIA,nan,122445.0,UPHIN/2013/49890,SAYED HASHIM ALI,UP,BAREILLY,F
UPHIN31948,TOP INDIA NEWS,nan,83173.0,UPHIN/2003/10616,GOPAL SINGH,UP,BAREILLY,M
UPBIL04689,ALL INDIA GUIDE,आल इंडिया गाइड,9676.0,9676/ 64,AMAR NATH DAWAR,UP,BAREILLY,M
UPHIN34720,SHIKHAR INDIA,शिखर इण्डिया,92785.0,UPHIN/2006/20228,MANOJ KUMAR,UP,BAREILLY,Q
UPENG02482,INDIAN PHOTOGRAPHERS JOURNAL AND GUIDE,nan,23267.0,23267/ 72,BHAWANI PRASHAD SHAH,UP,BARELLY,M
UPHIN29869,NATIONALIST INDIA,nan,80717.0,UPHIN/2001/08160,KRISHAN DEV MISHRA,UP,BASTI,OP
UPHIN51168,INDIA SPEECH,nan,,UR,FATEH AHMAD KHAN,UP,BASTI,W
UPURD05080,AZEEM INDIA,अज़ीम इंडिया,137476.0,UPURD/2015/64921,MOHD.SALEEM,UP,BHADOI,D
UPHIN29549,INDIAN FIGHTER,nan,76250.0,UPHIN/2001/03693,JAGDISH CHANDRA,UP,BIJNOR,M
UPHIN30901,INDIA TRACK,nan,81800.0,UPHIN/2002/09243,AVNEESH KUMAR VERMA,UP,BIJNOR,Q
UPHIN31453,ROJGAR CAREER INDIA,nan,82076.0,UPHIN/2002/09519,PRADEEP KR.MITTAL,UP,BULANDSHAHAR,F
UPHIN29530,NAV INDIA NEWS PARISHAD,nan,75765.0,UPHIN/2000/03208,RAJENDRA KUMAR SAGAR,UP,BULANDSHAHAR,W
UPHIN44627,TARGET INDIA,टारगेट इण्डिया,130326.0,UPHIN/2014/57771,PRADEEP KUMAR MITTAL,UP,BULANDSHAHR,D
UPHIN30961,NAV INDIA NEWS PARISHAD,nan,79074.0,UPHIN/2002/06517,RAJENDRA KUMAR SAGAR,UP,BULANDSHAHR,D
UPHIN40226,SALAM INDIA,सलाम इण्डिया,104621.0,UPHIN/2010/32064,SHRIPAL SINGH TEVTIYA,UP,BULANDSHAHR,F
UPBIL04211,HAPPY INDIA,nan,120790.0,UPBIL/2013/48234,NEERAJ BANSAL,UP,BULANDSHAHR,F
UPHIN31291,FANCY GLOBAL INDIA,nan,87480.0,UPHIN/2004/14923,SURYA BHUSHAN MITTAL,UP,BULANDSHAHR,Q
UPHIN43396,WARDAT INDIA,nan,121218.0,UPHIN/2012/48663,ZAKAULLAH KHAN,UP,BULANDSHAHR,W
UPHIN38456,UDAN INDIA,उड़ान इण्डिया,100846.0,UPHIN/2009/28289,SYED FIROZUDDIN,UP,CHANDAULI,M
UPHIN24283,INDIAN POLICE ACTION,इंडियन पुलिस एक्शन,68320.0,68320/ 97,VINI BASU,UP,DEHRADUN,M
UPENG01387,MAL OWEDER INDIAN INTERNATIONAL,मॉल OWEDER इंडियन इंटरनेशनल,59775.0,59775/ 91,SMT VIMLA SHARMA G 1,UP,DEHRADUN,Q
UPENG02534,JOURNAL OF THE SOCIETY OF INDIAN FORESTERS,जर्नल ऑफ़ द सोसाइटी ऑफ़ इंडियन फॉरेस्टर्स,9491.0,9491/ 59,"SOCIETY OF INDIAN FORESTERS CENTRAL EXECUTIVE COMMITTEE, DEHRADUN",UP,DEHRADUN,Q
UPHIN29381,INDIA ABROAD EXPRESS,इंडिया अब्रॉड एक्सप्रेस,73399.0,UPHIN/1998/00842,RAM CHANDRA SHARMA,UP,DEHRADUN,W
UPHIN28704,SUDARSHAN INDIA,सुदर्शन इंडिया,72630.0,UPHIN/1998/00073,SUDARSHAN BIHARI BHARAT MATA DHARMARTH SANSATHA SAMITI,UP,DEHRADUND,W
UPHIN39991,INDEPENDENCE INDIA,nan,109771.0,UPHIN/2011/37214,CHANDRAKANT GANDHI,UP,ETAH,W
UPHIN41573,SWAR INDIA,nan,111204.0,UPHIN/2011/38647,SUDHIR MISHRA,UP,ETAWAH,W
UPHIN42156,INDIAN READER NEWS,nan,115783.0,UPHIN/2011/43226,MRIDULA DWIVEDI,UP,ETAWAH,W
UPHIN50018,INDIA NEWS DARSHAN,इण्डिया न्यूज दर्शन,158792.0,UPHIN/2022/86237,JITENDRA KUMAR,UP,FAIZABAD,BM
UPENG03482,INDIAN JOURNAL OF COMMUNITY PSYCHOLOGY,इन्डियन जर्नल आफ कम्युनिटी साइकोलॉजी,102177.0,UPENG/2009/29620,"DR. SURENDRANATH DUBEY,SECY.COMMUNITI PSYCHOLOGY ASSOCIATION OF INDIA",UP,FAIZABAD,HY
UPHIN46959,CHAKRAVYUH INDIA,चक्रव्यूह इण्डिया,138538.0,UPHIN/2015/65983,ARVIND KUMAR MISHRA,UP,FAIZABAD,W
UPHIN25913,MISTER INDIA,nan,72880.0,UPHIN/1999/00323,KESHAV BIGULAR,UP,FAIZABAD,W
UPHIN35535,YOUTH INDIA,यूथ इंडिया,90373.0,UPHIN/2005/17816,SHARAD KATIYAR,UP,FARRUKHABAD,D
UPHIN32384,YOUTH INDIA,यूथ इंडिया,89288.0,UPHIN/2005/16731,SHARAD KATIYAR,UP,FARRUKHABAD,M
UPHIN38463,YOUTH INDIA,यूथ इंडिया,99317.0,UPHIN/2008/26760,SHARAD KATIYAR,UP,FARRUKHABAD,W
UPHIN46409,SECULAR INDIA,सेकुलर इण्डिया,137402.0,UPHIN/2015/64847,KAMRAN AHMAD,UP,FATEHPUR,D
UPHIN09931,SWEET INDIA,nan,71112.0,71112/ 98,AMANULLA KHAN,UP,FATEHPUR,W
UPHIN51274,SARTAJ INDIA FATEH NEWS,nan,,UR,MOHD SARTAJ RAKIB RAZZAK ALI KHAN,UP,FATEHPUR,W
UPHIN40594,HELLO INDIA,हेलो इण्डिया,103994.0,UPHIN/2009/31437,SANTOSH KUMAR,UP,FATEHPUR,W
UPHIN44946,VISHAL INDIA,विशाल इंडिया,127791.0,UPHIN/2014/55236,RAJESH CHAUDHARY,UP,GAUTAM BUDDH NAGAR,D
UPHIN42481,VISHAL INDIA,विशाल इंडिया,114067.0,UPHIN/2012/41510,RAJESH CHAUDHARY,UP,GAUTAM BUDDH NAGAR,W
UPENG04462,GEOSPATIAL INDIA,nan,,nan,SANJAY KUMAR,UP,GAUTAM BUDDHA NAGAR,BM
UPENG02839,EDUCATION WATCH OF INDIA,nan,81759.0,UPENG/2003/09202,ALLIANCE PUBLISHERS,UP,GAUTAM BUDDHA NAGAR,BM
UPHIN46351,CONTROL INDIA,कंट्रोल इंडिया,138880.0,UPHIN/2015/66325,VISHAL TOMAR,UP,GAUTAM BUDDHA NAGAR,D
UPURD05275,FUTURE INDIA,फ्यूचर इण्डिया,139417.0,UPURD/2016/66862,SARFRAZ ALI SAIFI,UP,GAUTAM BUDDHA NAGAR,D
UPHIN51533,INDIA CORE NEWS,nan,,nan,ANKIT SRIVASTAV,UP,GAUTAM BUDDHA NAGAR,D
UPHIN50892,INDIA NEWS,nan,,nan,GOOD MORNING INDIA MEDIA PVT LTD,UP,GAUTAM BUDDHA NAGAR,D
UPURD05264,AKHIL INDIA,अखिल इंडिया,141299.0,UPURD/2016/68744,AKHILESH KUMAR,UP,GAUTAM BUDDHA NAGAR,D
UPENG03495,INDIAN NEWS ECHO,इण्डिया न्žयूज इको,99927.0,UPENG/2009/27370,VIJAY KUMAR CHOPRA,UP,GAUTAM BUDDHA NAGAR,D
UPHIN47750,INDIA SAVDHAN NEWS,इन्डिया सावधान न्यूज़,143559.0,UPHIN/2016/71004,ISHAKAT KHAN,UP,GAUTAM BUDDHA NAGAR,D
UPHIN47830,LOOK NEWS INDIA,लुक न्‍यूज इण्‍डिया,143632.0,UPHIN/2016/71077,RAJEEV VERMA,UP,GAUTAM BUDDHA NAGAR,M
UPBIL04484,INDIA SUPER NEWS,इंडिया सुपर न्यूज़,132743.0,UPBIL/2014/60188,BIJENDAR SINGH,UP,GAUTAM BUDDHA NAGAR,M
UPENG03220,DIGITAL LEARNING INDIA,डिजिटल लर्निग इण्डिया,97868.0,UPENG/2008/25311,RAVI GUPTA,UP,GAUTAM BUDDHA NAGAR,M
UPHIN44730,TATKAL INDIA NEWS,तत्काल इंडिया न्यूज़,138361.0,UPHIN/2014/65806,PRADEEP KUMAR,UP,GAUTAM BUDDHA NAGAR,M
UPHIN47743,FUTURE INDIA,फ्यूचर इण्‍डिया,146323.0,UPHIN/2017/73768,SARFARAZ ALI SAIFI,UP,GAUTAM BUDDHA NAGAR,M
UPBIL04116,INDIA UNLIMITED,nan,125653.0,UPBIL/2012/53098,JYOTSNA BHATT,UP,GAUTAM BUDDHA NAGAR,M
UPENG03802,INDIA SHIKSHA MISSION,nan,121021.0,UPENG/2012/48465,TRUST FOR HUMAN EMPOWERMENT THROUGH AUTHORISED TRUSTEE,UP,GAUTAM BUDDHA NAGAR,M
UPHIN48239,SAKSHAM NEWS INDIA,सक्षम न्‍यूज इंडिया,142355.0,UPHIN/2016/69800,S. HARI PRAKASH SINGH,UP,GAUTAM BUDDHA NAGAR,M
UPHIN36951,THE INDIA POST JOURNAL,द इंडिया पोस्ट जर्नल,96494.0,UPHIN/2008/23937,ANIL MISHRA,UP,GAUTAM BUDDHA NAGAR,M
UPBIL02176,REFORM INDIA,nan,62629.0,62629/ 95,PRAMOD SHRIVASTAV,UP,GAUTAM BUDDHA NAGAR,M
UPENG03448,MERITOCRACY INDIA INTERNATIONAL,मेरिटोक्रैसी इंडिया इंटरनेशनल,105666.0,UPENG/2009/33109,OPENDER NATH KARIR,UP,GAUTAM BUDDHA NAGAR,Q
UPENG04301,INDIAN JOURNAL OF CARDIOVASCULAR DISEASE IN WOMEN-WINCARS,nan,148452.0,UPENG/2018/75897,WOMEN IN CARDIOLOGY AND RELATED SCIENCES (WINCARS),UP,GAUTAM BUDDHA NAGAR,Q
UPENG04027,PURE & ECO INDIA,प्योर एण्ड इको इंडिया,136455.0,UPENG/2015/63900,RUTAKSHA RAWAT,UP,GAUTAM BUDDHA NAGAR,Q
UPHIN35623,EAST INDIA,nan,91463.0,UPHIN/2007/18906,UPENDRA KUMAR PUSHPANJALI,UP,GAUTAM BUDDHA NAGAR,W
UPHIN47872,NEWS INDIA LIVE,न्यूज़ इंडिया लाइव,146353.0,UPHIN/2017/73798,KASHISH FOUNDATION CHARITABLE TRUST,UP,GAUTAM BUDDHA NAGAR,W
UPHIN51038,DIRECT NEWS WORLD INDIA,nan,,nan,HARISH ASWAL,UP,GAUTAM BUDDHA NAGAR,W
UPHIN28567,INDIA ABROAD EXPRESS,इंडिया अब्रॉड एक्सप्रेस,72296.0,72296/ 99,RAM CHANDRA SHARMA,UP,GAUTAM BUDDHA NAGAR,W
UPHIN45721,SAKSHAM NEWS INDIA,सक्षम न्यूज़ इंडिया,137639.0,UPHIN/2014/65084,S. HARI PRAKASH SINGH,UP,GAUTAM BUDDHA NAGAR,W
UPHIN47427,SAVE FUTURE INDIA,सेव फ्यूचर इण्डिया,140036.0,UPHIN/2016/67481,SARFRAZ ALI SAIFI,UP,GAUTAM BUDDHA NAGAR,W
UPHIN39344,SLOGAN OF INDIA,nan,122253.0,UPHIN/2011/49698,PANKAJ KUMAR,UP,GAUTAM BUDDHA NAGAR,W
UPHIN28457,SUDARSHAN INDIA,nan,71979.0,71979/ 99,SUDARSHAN BIHARI BHARAT MATA DHARMARTH SANSTHAN SAMITI,UP,GAUTAM BUDDHA NAGAR,W
UPENG03253,INDIA LEGAL,इंडिया लीगल,98320.0,UPENG/2007/25763,E.N. COMMUNICATION PVT. LTD.,UP,GAUTAM BUDDHA NAGAR,W
UPHIN37336,AMAN INDIA,अमन इण्डिया,96601.0,UPHIN/2008/24044,KUNWAR NOOR MOHD.,UP,GAUTAM BUDDHA NAGAR,W
UPHIN50093,INDIA DIRECT NEWS,इंडिया डायरेक्ट न्यूज,155516.0,UPHIN/2019/82961,UMESH SHARMA,UP,GAUTAMBUDDH NAGAR,D
UPBIL02713,PATEL INDIA,nan,74479.0,UPBIL/2000/01922,KUSUM SACHAN,UP,GAZIABAD,Q
UPBIL04001,INDIAN JOURNAL OF SOCIAL CONCERNS,इंडियन जर्नल ऑफ़ सोशल कंसर्न्स,110659.0,UPBIL/2011/38102,RAJ NARAYAN SHUKLA,UP,GHAZIABAD,A
UPENG03051,SANITATION INDIA,सैनीटेशन इंडिया,91477.0,UPENG/2006/18920,PREM PAL SINGH,UP,GHAZIABAD,BM
UPENG04482,INDIA NEWS,nan,,nan,GOOD MORNING INDIA MEDIA PVT LTD,UP,GHAZIABAD,D
UPHIN45830,ASHINKA OF INDIA,आशिंका ऑफ इण्डिया,133354.0,UPHIN/2015/60799,VIJAY PAL SINGH,UP,GHAZIABAD,D
UPHIN43119,NEW INDIA HERALD,न्यू इंडिया हेराल्ड,118175.0,UPHIN/2012/45618,RAJESH KUMAR JAIN,UP,GHAZIABAD,D
UPHIN48806,WELCOME INDIA,वेलकम इंडिया,149429.0,UPHIN/2018/76874,LALIT KUMAR,UP,GHAZIABAD,D
UPURD04614,MOON INDIA,मून इंडिया,116404.0,UPURD/2012/43847,MANOJ KUMAR SHARMA,UP,GHAZIABAD,D
UPHIN29387,INDIA ABROAD EXPRESS,nan,74647.0,UPHIN/1997/02090,RAMCHANDRA SHARMA,UP,GHAZIABAD,D
UPHIN51097,NEW TREND OF INDIA,nan,,nan,SANJEEV KUMAR,UP,GHAZIABAD,DS
UPHIN16810,PRESS SAMAGREE INDIA,nan,56688.0,56688/ 92,RAMESHWAR UPADHYAY,UP,GHAZIABAD,F
UPENG03674,READIT INDIA BUSINESS NEWS,रीडइट इंडिया बिज़नेस न्यूज़,108264.0,UPENG/2011/35707,AKANKSHA BHARADWAJ,UP,GHAZIABAD,F
UPHIN38593,PRESS SAMAGRI INDIA,nan,54367.0,54367/ 91,RAMESHWAR UPADHAYAY,UP,GHAZIABAD,F
UPBIL03065,KAAKTOONS INDIA,काक्तून्स इंडिया,85121.0,UPBIL/2004/12564,HARISH CHANDRA SHUKLA KAK,UP,GHAZIABAD,F
UPHIN51101,FRAGRANCE INDIA,फ्रेगरेंस इंडिया,160587.0,UPHIN/2023/88032,SANJEEV NEMA,UP,GHAZIABAD,M
UPENG03765,NAMASKAR INDIA,nan,126250.0,UPENG/2013/53695,RENU SHARMA,UP,GHAZIABAD,M
UPHIN44400,INDIAN EXPERT VIEWS,nan,126895.0,UPHIN/2013/54340,KSHEM PRAKASH,UP,GHAZIABAD,M
UPHIN45923,MOON INDIA,मून इंडिया,136593.0,UPHIN/2015/64038,MANOJ KUMAR SHARMA,UP,GHAZIABAD,M
UPBIL05254,INDIAN VICTORY,इंडियन विक्ट्री,160186.0,UPBIL/2023/87631,PREETI TYAGI,UP,GHAZIABAD,M
UPHIN46103,WELCOME INDIA,वेलकम इंडिया,134166.0,UPHIN/2015/61611,LALIT KUMAR,UP,GHAZIABAD,M
UPBIL05191,CORACLE INDIA,nan,157532.0,UPBIL/2022/84977,DHEERAJ KUMAR SINGH,UP,GHAZIABAD,M
UPBIL03194,INDIAN SPORTS,इंडियन स्पोर्ट्स,87816.0,UPBIL/2005/15259,DAYACHAND BHOLA,UP,GHAZIABAD,M
UPBIL03911,NEED INDIA,नीड इंडिया,108509.0,UPBIL/2010/35952,MAHENDRA PRAKASH GARG,UP,GHAZIABAD,M
UPENG04434,INDIAN EPIDEMIOLOGY JOURNAL OF ADR PUBLICATIONS,nan,,nan,ADR PUBLICATIONS AND DISTRIBUTIONS PRIVATE LIMITED,UP,GHAZIABAD,Q
UPENG01515,INDIAN SOCILOGICAL BULIETIN,इंडियन सोशियोलॉजिकल बुलेटिन,9590.0,9590/ 63,RAJ PAL MOHAN,UP,GHAZIABAD,Q
UPHIN30532,COOPERATIVE INDIA,nan,79236.0,UPHIN/2002/06679,SANDHYA ROY,UP,GHAZIABAD,Q
UPHIN25136,SUDARHSAN INDIA,nan,68554.0,68554/ 98,SUDARSHAN BIHARI BHARAT MATA DHARMARTH SANSTHAN SAMITI,UP,GHAZIABAD,W
UPHIN21216,INDIA ABROAD EXPRESS,इंडिया अब्रॉड एक्सप्रेस,62614.0,62614/ 95,RAM CHANDRA SHARMA,UP,GHAZIABAD,W
UPHIN43300,INDIA DIRECT NEWS,इण्डिया डायरेक्ट न्यूज,127555.0,UPHIN/2012/55000,UMESH SHARMA,UP,GHAZIABAD,W
UPBIL02301,DECENT INDIA,डिसेंट इंडिया,68606.0,68606/ 97,HARI SHANKER SHARMA,UP,GHAZIABAD,W
UPHIN25110,ALL INDIA TIMES,nan,68788.0,68788/ 98,SANJAY KUMAR,UP,GHAZIABAD,W
UPHIN45231,ATAL INDIA,अटल इण्डिया,135577.0,UPHIN/2014/63022,ANWAR CHOUDHARY,UP,GHAZIABAD,W
UPHIN22227,KRAFCO INDIA,nan,63946.0,63946/ 96,JITENDAR KUMAR TOMAR,UP,GHAZIABAD,W
UPENG02661,HOPE INDIA,nan,76127.0,UPENG/2000/03570,KAVITA SINHA,UP,GHAZIABAD,W
UPHIN47222,NEWS KRANTI INDIA,न्यूज़ क्रांति इंडिया,144483.0,UPHIN/2016/71928,DHARMENDRA SINGH,UP,GHAZIABAD,W
UPHIN19316,REPORTER INDIA,nan,62526.0,62526/ 94,CHUNNI LAL SAMANIA,UP,GHAZIABAD,W
UPHIN50513,SAROKAR INDIA,सरोकार इंडिया,156861.0,UPHIN/2022/84306,M IQBAL,UP,GHAZIABAD,W
UPHIN23067,ZOOM INDIA,nan,64737.0,64737/ 96,NEERAJA CHOUDHARY,UP,GHAZIABAD,W
UPHIN45778,SAVDHAN INDIA,सावधान इंडिया,131464.0,UPHIN/2014/58909,GYAN PRAKASH SINGH,UP,GHAZIPUR,W
UPHIN38644,DIG LIG INDIA,nan,59639.0,59639/ 94,JAGDISH PRASAD MISHRA,UP,GONDA,W
UPHIN38678,U P INDIA TIMES,nan,63088.0,63088/ 95,S. SRIVASTAVA,UP,GONDA,W
UPHIN49639,NIRBHIK INDIA,निर्भीक इंडिया,157143.0,UPHIN/2022/84588,NAVNEET KUMAR MISHRA,UP,GORAKHPUR,D
UPBIL00323,ENVIRONMENT INDIA,nan,40098.0,40098/ 80,"THE GORAKHPUR ECO-SOCIETY, DEPTT. OF BOTANY",UP,GORAKHPUR,HY
UPHIN49904,AGRICULTURAL MOVEMENT INDIA NEWS,nan,,nan,YOGESH KUMAR PANDEY,UP,GORAKHPUR,Q
UPHIN26558,INDIA PEAPULS,nan,68157.0,68157/ 97,EKHLAK AHMED KHAN,UP,GORAKHPUR,W
UPHIN45404,INDIAN PULSE,इण्डियन पल्स,134743.0,UPHIN/2014/62188,BRAHMA DEO MISHRA,UP,GORAKHPUR,W
UPHIN46946,INDIA KHOZ VICHAR,इण्डिया खोज विचार,142430.0,UPHIN/2016/69875,SUSHIL KUMAR,UP,HAMIRPUR,W
UPHIN44810,SAMAY INDIA,समय इण्डिया,135581.0,UPHIN/2014/63026,MOHAMMAD AHMAD RAZA,UP,HAMIRPUR,W
UPENG04498,SHRI JAIPAL SINGH SHARMA TRUST MEDICAL RESEARCH JOURNAL OF INDIA,nan,,nan,SHRI JAIPAL SINGH SHARMA TRUST,UP,HAPUR,BNL
UPURD05214,MOON INDIA,मून इंडिया,138067.0,UPURD/2015/65512,MANOJ KUMAR SHARMA,UP,HAPUR,D
UPHIN51610,DABANG INDIA,nan,,UR,ANURAG GUPTA,UP,HARDOI,D
UPHIN40218,FIRE OF INDIA,फायर ऑफ इण्डिया,104123.0,UPHIN/2009/31566,KULDEEP SHUKLA,UP,HARDOI,F
UPHIN39982,MESSAGE OF INDIA,मैसेज ऑफ इण्डिया,105746.0,UPHIN/2009/33189,DR. SURNATH AVASTHI 'KHUNKHUN',UP,HARDOI,F
UPHIN40867,NOBLE INDIA,नोबल इंडिया,104847.0,UPHIN/2010/32290,RAVI CHANAKYA,UP,HARDOI,W
UPHIN49842,SENSIBLE INDIA,nan,,nan,CHANDRA VIJAY,UP,HARDOI,W
UPHIN49242,DABANG INDIA,दबंग इंडिया,155380.0,UPHIN/2020/82825,ANURAG GUPTA,UP,HARDOI,W
UPHIN29888,INDIA ABROAD EXPRESS,इंडिया अब्रॉड एक्सप्रेस,76301.0,UTTHIN/2001/03744,RAM CHANDRA SHARMA,UP,HARIDWAR,W
UPENG02851,THE INDIAN JOURNAL OF ANIMAL REPRODUCTION,nan,77481.0,UPENG/2001/04924,INDIAN SOCTY.FOR THE,UP,IZATNAGAR,HY
UPHIN46338,BAAT INDIA,बात इण्डिया,141102.0,UPHIN/2015/68547,VISHNU DATT UPADHYAY,UP,JAUNPUR,W
UPHIN49165,NEWS BHIM INDIA,न्यूज भीम इण्डिया,152624.0,UPHIN/2020/80069,RAMCHANDAR,UP,JAUNPUR,W
UPHIN33390,FORTUNE INDIA,फार्चून इण्डिया,89781.0,UPHIN/2006/17224,YASHVANT KUMAR GUPTA,UP,JAUNPUR,W
UPBIL04617,EAST INDIA TIMES,ईस्ट इण्डिया टाइम्स,137571.0,UPBIL/2015/65016,PAWAN SHARMA,UP,JAUNPUR,W
UPHIN38419,IDEAL INDIA,nan,117965.0,UPHIN/2009/45408,PRAMOD VACHSPATI,UP,JAUNPUR,W
UPENG04300,SGWSD INDIAN JOURNAL OF INNOVATIVE RESEARCH,nan,147033.0,UPENG/2017/74478,SOCIETY FOR GREEN WORLD AND SUSTAINABLE DEVELOPMENT,UP,JHANSI,HY
UPHIN42758,INDIA SAMIKARAN,इंडिया समीकरण,136147.0,UPHIN/2012/63592,BHARTI MISHRA,UP,JHANSI,M
UPHIN43493,INDIAN FAIR NEWS,इंडियन फेयर न्यूज़,129506.0,UPHIN/2013/56951,SHAILENDRA KUMAR DUBEY,UP,JHANSI,M
UPENG02477,JOURNAL OF INDIAN ASSOCATION FOR COMM. DISEASEAS,nan,40200.0,40200/ 82,"SECRETARY, INDIAN ASSOCIATION OF COMMUNICATE DISEASEAS",UP,JHANSI,Q
UPENG01533,INDIAN PERFUMER,nan,6811.0,6811/ 60,ESSENTIAL OIL ASSOCIATION OF INDIA,UP,KANPUR,HY
UPHIN06526,LOVE INDIA,nan,43164.0,43164/ 84,RAJENDRA PRASAD AVASTHI,UP,KANPUR,M
UPENG02465,FOOT WEAR INDIA,nan,2486.0,2486/ 57,SHRI JAI PRAKASH SINGAL,UP,KANPUR,M
UPENG01480,INDIAN EDUCATION,इंडियन एजुकेशन,9628.0,9628/ 61,OFFICE OF ALL INDIA FEDERATION OF EDUCATION ASSOCIATION,UP,KANPUR,M
UPBIL00245,COSMO INDIA,nan,40173.0,40173/ 82,RAJ KUMAR,UP,KANPUR,Q
UPENG00190,BULLETIN OF MATHEMATICAL ASSOCATION OF INDIA,nan,19236.0,19236/ 69,MATHEMATICAL ASSOCIATION OF INDIA,UP,KANPUR,Q
UPENG00545,INDIAN JOURNAL OF COMMUNITY MEDICINE,nan,36265.0,36265/ 79,INDIAN ASSOCIATION OF PREVENTION AND SOCIAL MEDICINE,UP,KANPUR,Q
UPHIN03414,EXPRESS INDIA,एक्सप्रेस इंडिया,15292.0,15292/ 67,"(1) DIRGESH NARAIN SHUKLA, (2) RAMANAND SINGH",UP,KANPUR,W
UPHIN47491,INDIA SAMVAD,इंडिया संवाद,139056.0,UPHIN/2016/66501,VISHNU SHANKER TRIPATHI,UP,KANPUR DEHAT,W
UPHIN51295,SWARAJ INDIA,स्वराज इंडिया,159324.0,UPHIN/2023/86769,SAPNA DEVI,UP,KANPUR NAGAR,D
UPURD02856,INDIAN BLOCK,nan,62281.0,62281/ 95,NAIM AHMAD,UP,KANPUR NAGAR,D
UPHIN43550,INDIA SAMVAD,इंडिया संवाद,121383.0,UPHIN/2013/48828,VISHNU SHANKER TRIPATHI,UP,KANPUR NAGAR,D
UPHIN42431,PATRA INDIA,nan,115171.0,UPHIN/2012/42614,PATRA INDIA MEDIA PVT. LTD,UP,KANPUR NAGAR,D
UPHIN46342,ANTI CORRUPTION INDIA,एन्टी करप्शन इण्डिया,134739.0,UPHIN/2015/62184,SHAHANAZ ATHAR,UP,KANPUR NAGAR,DE
UPHIN42846,INDIA SAMVAD,इंडिया संवाद,117828.0,UPHIN/2012/45271,VISHNU SHANKAR TRIPATHI,UP,KANPUR NAGAR,F
UPHIN26785,LOVE INDIA,nan,55803.0,55803/ 92,RAJENDRA PRASAD AWASTI,UP,KANPUR NAGAR,F
UPHIN44395,INDIA SAMVAD,इण्डिया संवाद,127153.0,UPHIN/2013/54598,VISHNU SHANKAR TRIPATHI,UP,KANPUR NAGAR,M
UPENG03796,DOCTORS IN INDIA,nan,124897.0,UPENG/2013/52342,SANJAY SHAKYA,UP,KANPUR NAGAR,M
UPBIL04059,VIEW INDIA TIMES,nan,120111.0,UPBIL/2011/47554,RUPENDRA KUMAR,UP,KANPUR NAGAR,M
UPBIL03320,ALL INDIA HOMEOPATHIC JOURNAL,ऑल इण्डिंया होमियोपैथी जरनल,97348.0,UPBIL/2007/24791,DR.VIMAL CHANDRA ACHARYA,UP,KANPUR NAGAR,M
UPENG03466,BULLETIN OF THE INDIAN ASSOCIATION OF PHYSICS TEACHERS,बुलेटिन ऑफ़ दि इंडियन एसोसिएशन ऑफ़ फिजिक्स टीचर्स,102539.0,UPENG/2009/29982,INDIAN ASSOCIATION OF PHYSICS TEACHERS,UP,KANPUR NAGAR,M
UPHIN46201,BUILDERS INDIA,बिल्डर्स इंडिया,139302.0,UPHIN/2015/66747,MAHENDRA BAHADUR SINGH,UP,KANPUR NAGAR,M
UPHIN12945,THE WATER OF INDIA,दि वाटर ऑफ़ इंडिया,35362.0,35362/ 79,DINESH KUMAR TRIVEDI,UP,KANPUR NAGAR,W
UPHIN46299,FAITH OF INDIA,फेथ ऑफ इण्डिया,136757.0,UPHIN/2015/64202,RANI DEVI,UP,KANPUR NAGAR,W
UPHIN37463,RAGHOTTAM INDIA,रघोत्‍तम इन्डिया,97766.0,UPHIN/2008/25209,GAUTAM KUMAR SHUKLA,UP,KANPUR NAGAR,W
UPHIN42442,SEARCH INDIA NEWS,nan,115693.0,UPHIN/2012/43136,ABHISHEK SRIVASTAVA,UP,KANPUR NAGAR,W
UPHIN30038,PYARA INDIA,nan,77797.0,UPHIN/2001/05240,ABHAY SAXENA,UP,KANPUR NAGAR,W
UPHIN03091,DIG LIG INDIA,nan,46262.0,46262/ 87,JAGDISH PRASAD MISHRA,UP,KANPUR NAGAR,W
UPHIN49385,JEETEGA INDIA,जीतेगा इंडिया,154017.0,UPHIN/2021/81462,ZAMEER AHMAD,UP,KANPUR NAGAR,W
UPHIN42093,INDIAN JOB TIMES,nan,112276.0,UPHIN/2011/39719,MURLI SINGH PARIHAR,UP,KANPUR NAGAR,W
UPHIN45634,IMAGINE INDIA,इमेजिन इण्डिया,132738.0,UPHIN/2014/60183,HAJI KAUSAR SOLANKI,UP,KANPUR NAGAR,W
UPHIN42270,ANTI CORRUPTION INDIA,nan,114275.0,UPHIN/2011/41718,SHAHANAZ ATHAR,UP,KANPUR NAGAR,W
UPHIN44191,INDIA SAMVAD,इंडिया संवाद,123854.0,UPHIN/2013/51299,VISHNU SHANKAR TRIPATHI,UP,KANPUR NAGAR,W
UPHIN27972,LOOK IN INDIA,nan,77068.0,UPHIN/2001/04512,RAJESH MISHRA,UP,KANPUR NAGAR,W
UPHIN44688,NORTH INDIA STATESMAN,नार्थ इंडिया स्टेट्समैन,126610.0,UPHIN/2013/54055,RITA SAXENA,UP,KUSHINAGAR,D
UPBIL05262,JAWAB DO INDIA,nan,,UR,JAGDISH SHARMA,UP,KUSHINAGAR,D
UPHIN29580,AMBEDKAR IN INDIA,nan,79095.0,UPHIN/2002/06538,DAYANATH NIGAM,UP,KUSHINAGAR,M
UPHIN49343,MAHAN INDIA,महान इंडिया,157341.0,UPHIN/2022/84786,RAVI PRAKASH,UP,LAKHIMPUR KHERI,M
UPHIN49762,INDIA LAKSHYA NEWS,nan,,nan,RAGHVENDRA SINGH CHAUHAN,UP,LAKHIMPUR KHERI,W
UPENG04126,INDIAN JOUSNAL OF ENGLISH STUDIES,nan,36406.0,36406/ 79,INDIAN ASSOCIATION OF ENGLISH STUDIES,UP,LUCKNOW,A
UPENG04439,JOURNAL OF SURGERY ARCHIVES OFFICIAL JOURNAL OF ASSOCIATION OF SURGEONS OF INDIA UTTAR PRADESH CHAPT,nan,,nan,ASSOCIATION OF SURGEONS OF INDIA - UTTAR PRADESH CHAPTER,UP,LUCKNOW,BNL
UPHIN41424,NAYA INDIA,nan,110749.0,UPHIN/2011/38192,SAMVAD PARIKRAMA PVT. LTD.,UP,LUCKNOW,D
UPENG03847,BAREILLY TIMES OF INDIA,nan,145577.0,UPENG/2015/73022,"BENNETT, COLEMAN & CO.LTD",UP,LUCKNOW,D
UPURD04826,NEW INDIA HERALD,न्यू इंडिया हेराल्ड,125954.0,UPURD/2013/53399,RAJESH KUMAR JAIN,UP,LUCKNOW,D
UPHIN45013,LOKPRIYA INDIAN NEWS PATRA,लोकप्रिय इंडियन न्यूज पत्र,128007.0,UPHIN/2014/55452,ARSHIYA SULTANA,UP,LUCKNOW,D
UPHIN37102,FRIENDS INDIA,फ्रेन्‍ड्स इण्डिया,98284.0,UPHIN/2008/25727,YOGENDRA TRIPATHI,UP,LUCKNOW,D
UPBIL05227,MIRACLE INDIA,मिरेकल इण्डिया,155391.0,UPBIL/2021/82836,MANISH CHITRANSH,UP,LUCKNOW,D
UPHIN37062,NATIONALIST INDIA,नेशनलिस्ट इण्डिया,95123.0,UPHIN/2007/22566,KRISHAN DEV MISHRA,UP,LUCKNOW,D
UPENG04430,INDIA SAMACHAR SEWA,nan,156776.0,UPENG/2022/84221,MERAJ UDDIN SIDDIQUI,UP,LUCKNOW,D
UPHIN47937,PEARL OF INDIA,पर्ल आफ इंडिया,140804.0,UPHIN/2016/68249,ASHISH KUMAR,UP,LUCKNOW,D
UPHIN41072,TELEGRAPH INDIA,टेलीग्राफ इण्डिया,105301.0,UPHIN/2008/32744,NARESH PRADHAAN,UP,LUCKNOW,D
UPHIN42454,INDIA DECIDE,nan,121453.0,UPHIN/2012/48898,MD. AKRAM SIDDIQUI,UP,LUCKNOW,D
UPENG02728,THE INDIAN EXPRESS,दि इंडियन एक्सप्रेस,78231.0,UPENG/2001/05674,THE INDIAN EXPRESS PVT. LIMITED,UP,LUCKNOW,D
UPENG03803,NORTH INDIA STATESMAN,नार्थ इंडिया स्टेट्समैन,123301.0,UPENG/2013/50746,RITA SAXENA,UP,LUCKNOW,D
UPHIN51238,HEADLINES INDIA,nan,,UR,SAIFUL,UP,LUCKNOW,D
UPENG03849,MEERUT TIMES OF INDIA,मेरठ टाइम्स ऑफ़ इंडिया,134897.0,UPENG/2015/62342,"BENNETT, COLEMAN & CO.LTD",UP,LUCKNOW,D
UPHIN44342,NEW INDIA HERALD,न्यू इंडिया हेराल्ड,124525.0,UPHIN/2013/51970,RAJESH KUMAR JAIN,UP,LUCKNOW,D
UPHIN42453,NEWS INDIA,nan,114991.0,UPHIN/2012/42434,NEWS INDIA PRINTS & MEDIA P. LTD.,UP,LUCKNOW,D
UPHIN31509,COUNTRY OF INDIA,nan,80706.0,UPHIN/2002/08149,ABDUL AZEEZ SIDDAQI,UP,LUCKNOW,D
UPHIN44583,THE DAILY REPORT OF INDIA,द डेली रिपोर्ट ऑफ़ इंडिया,127560.0,UPHIN/2014/55005,ALKA SINGH,UP,LUCKNOW,D
UPURD04258,TELEGRAPH INDIA,टेलीग्राफ इण्डिया,105282.0,UPURD/2009/32725,NARESH PRADHAN,UP,LUCKNOW,D
UPENG03844,GLIMPSE OF INDIA,nan,121079.0,UPENG/2010/48524,ABRAR ALAM,UP,LUCKNOW,D
UPENG04503,PROGRESSIVE INDIA,nan,,UR,AKANKSHA SINGH CHAUHAN,UP,LUCKNOW,D
UPHIN47943,YOUTH INDIA,यूथ इण्डिया,140754.0,UPHIN/2016/68199,SHARAD KATIYAR,UP,LUCKNOW,D
UPENG04201,MORNING INDIA,मार्निंग इंडिया,144507.0,UPENG/2016/71952,PREM,UP,LUCKNOW,D
UPHIN44909,INDIA JUNCTION,इण्डिया जंक्शन,129856.0,UPHIN/2014/57301,PIYUSH MANI AWASTHI,UP,LUCKNOW,D
UPHIN40102,INDIAN HERALD,इण्डियन हेराल्ड,102477.0,UPHIN/2009/29920,VIMLESH KUMAR PANDEY,UP,LUCKNOW,D
UPHIN45906,KARM KSHETRA INDIA,कर्मक्षेत्र इण्डिया,132005.0,UPHIN/2014/59450,MANISH KUMAR TIWARI,UP,LUCKNOW,D
UPENG02747,LUCKNOW TIMES OF INDIA,लखनऊ टाइम्स ऑफ़ इंडिया,78510.0,UPENG/2002/05853,"BENNETT, COLEMAN & CO.LTD",UP,LUCKNOW,D
UPENG04181,TRUE OBSERVING INDIA,nan,142380.0,UPENG/2016/69825,KRISHAN SINGH,UP,LUCKNOW,D
UPHIN44143,THE WING INDIA,nan,123570.0,UPHIN/2013/51015,GANGA PRASAD DIKSHIT,UP,LUCKNOW,D
UPHIN50843,NEXT INDIA TIMES DAILY NEWSPAPER,नेक्स्ट इंडिया टाइम्स डेली न्यूजपेपर,156582.0,UPHIN/2021/84027,NEXT INDIA PRIVATE LIMITED,UP,LUCKNOW,D
UPHIN42023,WISDOM INDIA,nan,114165.0,UPHIN/2011/41608,SHEEL KUMAR SHUKLA,UP,LUCKNOW,D
UPHIN44414,THE SWORD OF INDIA,nan,126896.0,UPHIN/2013/54341,MUINUDDIN ANSARI,UP,LUCKNOW,D
UPHIN39509,INDIA VOICE TIMES,इंडिया वाइस टाइम्स,103619.0,UPHIN/2010/31062,GEETA SINGH,UP,LUCKNOW,D
UPENG04056,INDIAN LOTUS,इंडियन लोटस,135126.0,UPENG/2015/62571,RAKSHA SINHA,UP,LUCKNOW,D
UPENG04393,FIRST INDIA,nan,152784.0,UPENG/2020/80229,FIRST EXPRESS PUBLISHERS,UP,LUCKNOW,D
UPHIN43596,MANTHAN INDIA,nan,121667.0,UPHIN/2013/49112,VIVEK VERMA,UP,LUCKNOW,D
UPENG00900,NORTHERN INDIA PATRIKA,nan,35421.0,35421/ 79,ALLAHABAD PATRIKA PVT. LTD.,UP,LUCKNOW,D
UPHIN36601,NORTH INDIA TIMES,नार्थ इण्डिया टाइम्स,93505.0,UPHIN/2006/20948,MAMTA PRADEEP,UP,LUCKNOW,D
UPHIN51357,ANUBHAV INDIA,अनुभव इण्डिया,159323.0,UPHIN/2021/86768,VIKAS KUMAR SRIVASTAVA,UP,LUCKNOW,D
UPHIN43636,NORTH INDIA STATESMAN,नार्थ इंडिया स्टेट्समैन,120581.0,UPHIN/2012/48025,RITA SAXENA,UP,LUCKNOW,D
UPURD04856,THE DAILY REPORT OF INDIA,द डेली रिपोर्ट ऑफ़ इंडिया,127545.0,UPURD/2014/54990,ALKA SINGH,UP,LUCKNOW,D
UPENG03905,THE DAILY REPORT OF INDIA,द डेली रिपोर्ट ऑफ़ इंडिया,127546.0,UPENG/2014/54991,ALKA SINGH,UP,LUCKNOW,D
UPHIN47921,MEGA INDIA,मेगा इण्डिया,140721.0,UPHIN/2016/68166,RAKESH SINGH CHAUHAN,UP,LUCKNOW,D
UPENG03492,THE INDIAN EXPOSITOR,द इंडियन एक्सपोजीटर,101201.0,UPENG/2009/28644,AVANI PANDEY,UP,LUCKNOW,D
UPHIN46683,STATE OF REAL INDIA,स्टेट ऑफ रियल इण्डिया,137807.0,UPHIN/2015/65252,JYOTI GUPTA,UP,LUCKNOW,D
UPENG03172,NEWS FROM INDIA,न्यूज़ फ्रोम इण्डिया,94918.0,UPENG/2007/22361,KHALID SABIR,UP,LUCKNOW,D
UPENG03959,JUST INDIA NEWS,nan,131034.0,UPENG/2014/58479,NIKHIL KUMAR,UP,LUCKNOW,D
UPHIN51429,INSTANT INDIA,nan,,nan,DURGESH KUMAR,UP,LUCKNOW,D
UPHIN44774,JUST INDIA NEWS,nan,126891.0,UPHIN/2013/54336,NIKHIL KUMAR,UP,LUCKNOW,D
UPHIN46639,MY PROUD INDIA,माई प्राउड इंडिया,136035.0,UPHIN/2015/63480,SAMEER KHAN,UP,LUCKNOW,D
UPENG02284,THE TIMES OF INDIA,द टाइम्स ऑफ़ इंडिया,40361.0,40361/ 83,"BENNETT, COLEMAN & CO. LTD.",UP,LUCKNOW,DS
UPHIN23078,ANAEMIC INDIA,nan,65553.0,65553/ 96,KAUSHLENDRA PANDEY,UP,LUCKNOW,F
UPENG03664,ACADEMICS INDIA,nan,109156.0,UPENG/2011/36599,RAJEEV SHUKLA,UP,LUCKNOW,F
UPHIN48617,DAY TO DAY INDIA,डे टू डे इंडिया,147365.0,UPHIN/2016/74810,SATISH SHUKLA,UP,LUCKNOW,F
UPHIN17513,FIT INDIA ABHIYAN,nan,59787.0,59787/ 93,JANARDHAN UPADHYAYA,UP,LUCKNOW,F
UPHIN39562,INDIA ALIVE,इंडिया एलाइव,102401.0,UPHIN/2009/29844,NIPUN SINGH,UP,LUCKNOW,F
UPHIN26440,FIT INDIA,nan,58394.0,58394/ 93,NOT GIVEN,UP,LUCKNOW,F
UPHIN36367,SRIS INDIA,सृस इण्डिया,99697.0,UPHIN/2008/27140,PAWAN KUMAR GUPT,UP,LUCKNOW,F
UPHIN36229,INDIA CITYZEN TIMES,इंडिया सिटीजन टाइम्स,96649.0,UPHIN/2008/24092,MOHD. WASEEM,UP,LUCKNOW,F
UPENG02480,INDIAN JOURNAL OF SUGARCANE TECHNOLOGY,nan,33148.0,33148/ 78,ASSOCIATION OF SUGARCANE TECHNOLOGISTS OF INDIA,UP,LUCKNOW,HY
UPBIL03921,THE TRANSACTIONS OF THE INSTITUTE OF GEOGRAPHERS INDIA,nan,120391.0,UPBIL/2011/47834,"THE INSTITUTE OF GEOGRAPHERS, INDIA",UP,LUCKNOW,HY
UPHIN30234,INDIAN HERALD,nan,78589.0,UPHIN/2001/06032,VIMLESH KUMAR PANDEY,UP,LUCKNOW,M
UPBIL04846,LITO INDIA,nan,,UR,PANTHER HOUSE PAPER AND DIGITAL PUBLICATION LLP,UP,LUCKNOW,M
UPHIN43808,INDIAN VYAPAR CARE,इंडियन व्यापार केयर,135619.0,UPHIN/2014/63064,RAMSAMUJH TIWARI,UP,LUCKNOW,M
UPHIN29275,RURAL INDIA,nan,78007.0,UPHIN/2001/05450,JITENDRA PANDEY,UP,LUCKNOW,M
UPHIN50306,ALL INDIA NEWSPAPER ASSOCIATION TODAY,आल इण्डिया न्यूज़पेपर एसोसिएशन टुडे,160083.0,UPHIN/2022/87528,ALL INDIA NEWSPAPAER ASSOCIATION,UP,LUCKNOW,M
UPBIL04250,VIBE INDIA,nan,126609.0,UPBIL/2013/54054,ABHISHEK TRIPATHI,UP,LUCKNOW,M
UPHIN49813,PARTH INDIA,nan,,nan,SHIVAM DIXIT,UP,LUCKNOW,M
UPHIN46454,LOOK NEWS INDIA,लुक न्यूज इण्डिया,139100.0,UPHIN/2016/66545,RAJEEV VERMA,UP,LUCKNOW,M
UPHIN43373,DAY TO DAY INDIA,nan,125474.0,UPHIN/2013/52919,SATISH SHUKLA,UP,LUCKNOW,M
UPENG04239,LOOK NEWS INDIA,लुक न्यूज इण्डिया,147148.0,UPENG/2017/74593,RAJEEV VERMA,UP,LUCKNOW,M
UPHIN05055,JAWAHAR INDIA,nan,38707.0,38707/ 81,SHIV KANT MISHRA,UP,LUCKNOW,M
UPHIN30570,MICRO INDIA,माइक्रो इंडिया,79281.0,UPHIN/2002/06724,MAHESH YADAV,UP,LUCKNOW,M
UPHIN33274,THE INDIAN VIEW,nan,85903.0,UPHIN/2004/13346,VIVEK SHUKLA,UP,LUCKNOW,M
UPBIL00491,THE INSTITUTION OF ENGINEERS INDIA UP STATE CENTRE,nan,55864.0,55864/ 92,THE INSTITUTION OF ENGINEERS (INDIA),UP,LUCKNOW,M
UPHIN38328,INDIAN THUNDER WORLDS,nan,116599.0,UPHIN/2010/44042,RAJESH KUMAR SHRIVASTAVA,UP,LUCKNOW,M
UPENG00077,ALL INDIA TAX LAW TIMES,nan,33026.0,33026/ 78,H.R. PUBLICATIONS,UP,LUCKNOW,M
UPHIN38002,AROUND THE INDIA,एराउंड द इण्डिया,101212.0,UPHIN/2008/28655,RAJESH ANAND,UP,LUCKNOW,M
UPHIN51456,INDIA JAN SADHARAN TIME,nan,,nan,PRAVEEN KUMAR AWASTHI,UP,LUCKNOW,M
UPHIN51419,GRAM INDIA,nan,,nan,VIVEK KUMAR SHUKLA,UP,LUCKNOW,M
UPHIN39409,REAL INDIA,रियल इण्डिया,105162.0,UPHIN/2010/32605,YOGESH SINGH,UP,LUCKNOW,M
UPHIN25546,INDIAN SPEED,nan,72108.0,72108/ 99,SANDEEP KUMAR,UP,LUCKNOW,M
UPBIL04101,MIRACLE INDIA,nan,122395.0,UPBIL/2013/49840,MANISH CHITRANSH,UP,LUCKNOW,M
UPHIN42940,INDIAN HELPLINE,इण्डियन हेल्पलाइन,130613.0,UPHIN/2014/58058,INDIAN HELPLINE SOCIETY,UP,LUCKNOW,M
UPHIN24169,INDIAN POLITICS,nan,70224.0,70224/ 99,NEHA RAI,UP,LUCKNOW,M
UPHIN43838,SAVDHAN INDIA,सावधान इंडिया,126351.0,UPHIN/2013/53796,GYAN PRAKASH SINGH,UP,LUCKNOW,M
UPHIN42239,NOBLE INDIA,nan,111154.0,UPHIN/2011/38597,RAVI CHANAKYA,UP,LUCKNOW,M
UPHIN39201,TURNING INDIA,nan,109103.0,UPHIN/2010/36546,KAILASH PATI TRIPATHI,UP,LUCKNOW,M
UPHIN39371,FRIENDS INDIA,फ्रेन्ड्स इण्डिया,100650.0,UPHIN/2009/28093,YOGENDRA TRIPATHI,UP,LUCKNOW,M
UPHIN51529,YATHARTH INDIA,nan,,nan,MADHULIKA,UP,LUCKNOW,M
UPHIN51094,VIGILANT INDIA,nan,,UR,ATUL TIWARI,UP,LUCKNOW,M
UPHIN36145,CRIME INVESTIGATION SERVICES OF INDIA,क्राईम इन्‍वेस्टिगेशन सर्विसेज ऑफ इन्‍डिया,99107.0,UPHIN/2007/26550,AMIT KUMAR,UP,LUCKNOW,M
UPHIN42447,UMANG INDIA,nan,122863.0,UPHIN/2012/50308,VINOD KUMAR DWIVEDI,UP,LUCKNOW,M
UPHIN43938,PEARL OF INDIA,nan,125469.0,UPHIN/2013/52914,ASHISH KUMAR,UP,LUCKNOW,M
UPENG00328,DRUGS & PHARMACEUTICAL CURRENT INDIAN TITLE,nan,36389.0,36389/ 80,"CDRI, DEPTT. OF SCIENCE & TECHNOLOGY, GOVT. OF INDIA",UP,LUCKNOW,M
UPHIN35753,DREAMS INDIA,ड्रीम्स इंडिया,99258.0,UPHIN/2007/26701,RAVINDER SINGH,UP,LUCKNOW,M
UPHIN36409,INDIAN BEATS,इण्डियन बीट्स,92906.0,UPHIN/2006/20349,ZINDAGI LIVE FOUNDATION,UP,LUCKNOW,M
UPBIL00063,ALL INDIA TRADE UNION GAZETTE,nan,23273.0,23273/ 72,PADMAKAR TRIPATHI,UP,LUCKNOW,M
UPHIN46450,GROUP INDIA,ग्रुप इण्‍डिया,141532.0,UPHIN/2016/68977,SHWETA MISHRA,UP,LUCKNOW,M
UPHIN44325,KARM KSHETRA INDIA,nan,125182.0,UPHIN/2013/52627,MANISH KUMAR TIWARI,UP,LUCKNOW,M
UPHIN51234,ICONIC INDIA NEWS,nan,,UR,PRABHAT KUMAR,UP,LUCKNOW,M
UPENG04120,MICROBIOZ INDIA,nan,146230.0,UPENG/2017/73675,JITENDRA KUMAR SHUKLA,UP,LUCKNOW,M
UPHIN41070,TELEGRAPH INDIA,टेलीग्राफ इण्डिया,105283.0,UPHIN/2008/32726,NARESH PRADHAAN,UP,LUCKNOW,M
UPHIN35849,SAMACHAR INDIA,समाचार इण्डिया,99775.0,UPHIN/2009/27218,MUKESH CHANDRA ALAKH,UP,LUCKNOW,M
UPENG00536,INDIAN JUDGEMENT REPORTER,nan,40239.0,40239/ 83,VIDHI PRACHAR SAMITI,UP,LUCKNOW,M
UPHIN32430,COUNTRY OF INDIA,nan,84062.0,UPHIN/2003/11505,ABDUL AZEEZ SIDDAQI,UP,LUCKNOW,M
UPBIL04450,INDIAN LOTUS,इंडियन लोटस,132772.0,UPBIL/2014/60217,RAKSHA SINHA,UP,LUCKNOW,M
UPHIN47651,FARK INDIA,फर्क इंडिया,147233.0,UPHIN/2016/74678,REITA KRISHNA MOHAN,UP,LUCKNOW,M
UPHIN42445,INDIA MOMENT,nan,119054.0,UPHIN/2011/46497,AJAY GIRI,UP,LUCKNOW,M
UPHIN49587,INDIAN LOBBY,इंडियन लाबी,155084.0,UPHIN/2021/82529,NILAM KUMARI,UP,LUCKNOW,M
UPHIN31204,LOKPRIYA INDIAN NEWS PATRA,nan,79833.0,UPHIN/2001/07276,ARSHIYA SULTANA,UP,LUCKNOW,M
UPHIN31547,INDIA INSIDE,nan,82678.0,UPHIN/2003/10121,ARUN SINGH,UP,LUCKNOW,OP
UPENG01596,INDIAN JOURNAL OF HETEROCYCLIC CHEMISTRY,nan,54462.0,54462/ 91,R S VERMA,UP,LUCKNOW,Q
UPHIN20809,ALMIGHTY INDIA,nan,62654.0,62654/ 95,JAGDAMBA PRASAD GUPTA,UP,LUCKNOW,Q
UPENG02538,THE INDIAN JOURNAL OF POLITICAL SCIENCE,nan,2454.0,2454/ 57,INDIAN POLITICAL SCIENCE ASSOCIATION,UP,LUCKNOW,Q
UPENG03016,NEWS LETTER INDIAN SOCIETY FOR ADVANCEMENT OF CANINE PRACTICE,न्‍यूज लेटर इण्‍डियन सोसाइटी फार एडवांसमेन्‍ट ऑफ कैनाइन प्रैक्‍टिस,89489.0,UPENG/2006/16932,"DR,A.K.SRIVASTAVA,SECRETARY GENERAL I.S.A.C.P.,LUCKNOW",UP,LUCKNOW,Q
UPENG00520,THE INDIAN VETERINARY MEDICAL JOURNAL,nan,33009.0,33009/ 77,U P VETERINARY ASSOCIATION,UP,LUCKNOW,Q
UPENG00698,LABORATORY ANIMALS INDIA,nan,55857.0,55857/ 92,DR. KULDIP RAJ BHARDWAJ,UP,LUCKNOW,Q
UPHIN31496,THE WING INDIA,nan,84411.0,UPHIN/2003/11854,GANGA PRASAD DIKSHIT,UP,LUCKNOW,Q
UPENG01512,THE INDIAN JOURNAL OF LABOUR ECONOMICS,nan,6773.0,6773/ 62,INDIAN SOCIETY OF LABOUR ECONOMICS,UP,LUCKNOW,Q
UPHIN40535,NORTH INDIA NEWS,नार्थ इण्डिया न्यूज,105181.0,UPHIN/2010/32624,SANTOSH KUMAR RAI,UP,LUCKNOW,W
UPHIN31155,THE GREAT INDIA,nan,80994.0,UPHIN/2002/08437,PRITI SAXENA,UP,LUCKNOW,W
UPHIN15862,TELEGRAPH INDIA,nan,40246.0,40246/ 82,NARESH CHANDRA PRADHAN,UP,LUCKNOW,W
UPHIN31433,INDIA TO WORD,nan,81952.0,UPHIN/2002/09395,RAMESH VERMA,UP,LUCKNOW,W
UPBIL04918,THE INDIAN OPINION,द इण्डियन ओपिनियन,146270.0,UPBIL/2017/73715,RAGHVENDRA MISHRA,UP,LUCKNOW,W
UPHIN44755,ALL INDIA CRIME BRANCH,nan,126850.0,UPHIN/2012/54295,UPENDRA CHAUDHARY,UP,LUCKNOW,W
UPHIN37092,NOBLE INDIA,नोबल इण्डिया,101177.0,UPHIN/2009/28620,RAVI CHANAKYA,UP,LUCKNOW,W
UPBIL03087,WITNESS INDIA,nan,84597.0,UPBIL/2004/12040,DR. AASHISH KUMAR MASSEY,UP,LUCKNOW,W
UPHIN40274,PASSION INDIA,nan,112978.0,UPHIN/2010/40421,SAMEER AHMAD,UP,LUCKNOW,W
UPBIL02267,THE INDIAN NEWS MAKER,nan,68144.0,68144/ 97,PAWAN BHATIYA,UP,LUCKNOW,W
UPHIN44125,INDIAN SHAKTI,nan,126098.0,UPHIN/2013/53543,RANJANA BAJPAI,UP,LUCKNOW,W
UPHIN45704,THE GLOBAL BULLETIN OF INDIA,द ग्लोबल बुलेटिन ऑफ इण्डिया,133697.0,UPHIN/2015/61142,RAM NARAYAN VERMA,UP,LUCKNOW,W
UPHIN49253,INDIA EMOTIONS,इंडिया इमोशंस,154432.0,UPHIN/2021/81877,AJAY SRIVASTAVA,UP,LUCKNOW,W
UPENG03608,THE INDIAN EXPOSITOR,दि इंडियन एक्सपोजिटर,103909.0,UPENG/2010/31352,AVANI PANDEY,UP,LUCKNOW,W
UPHIN33350,INDIA ABROAD EXPRESS,इंडिया अब्रॉड एक्सप्रेस,65437.0,65437/ 97,RAM CHANDRA SHARMA,UP,LUCKNOW,W
UPHIN35759,KHABAR INDIA,खबर इंडिया,92476.0,UPHIN/2007/19919,SANJEEV TRIPATHI,UP,LUCKNOW,W
UPHIN21183,UNITED INDIA,nan,63411.0,63411/ 95,KEDAR OJHA,UP,LUCKNOW,W
UPHIN38694,NORTH INDIA STATESMAN,नार्थ इंडिया स्टेट्समैन,63890.0,63890/ 96,RITA SAXENA,UP,LUCKNOW,W
UPHIN37049,NATIONALIST INDIA,नेशनलिस्ट इण्डिया,95213.0,UPHIN/2007/22656,KRISHAN DEV MISHRA,UP,LUCKNOW,W
UPHIN37159,THE GUIDE OF INDIA,दि गाइड ऑफ इण्डिया,97588.0,UPHIN/2008/25031,MOHIT LODHI,UP,LUCKNOW,W
UPENG02483,INDIAN THOUGHTS,nan,66661.0,66661/ 96,SWATI,UP,LUCKNOW,W
UPHIN41098,ADVANTAGE INDIA,nan,108868.0,UPHIN/2010/36311,MANOJ KUMAR AGARWAL,UP,LUCKNOW,W
UPHIN41550,SHANAWAR IN INDIA,SHANAWAR IN INDIA,108723.0,UPHIN/2011/36166,SHAHNAZ SUHAIL,UP,LUCKNOW,W
UPHIN46535,MEGA INDIA,मेगा इण्डिया,137416.0,UPHIN/2015/64861,RAKESH SINGH CHAUHAN,UP,LUCKNOW,W
UPHIN45665,INDIAN VOICE NEWS,इंण्डियन वॉइस न्यूज,142389.0,UPHIN/2015/69834,MOHD LARAIB,UP,LUCKNOW,W
UPENG04048,INDIAN CITIZEN NEWS,इंडियन सिटीजन न्यूज़,138525.0,UPENG/2015/65970,SHAH AYAZ SIDDIQUI,UP,LUCKNOW,W
UPENG02797,SUNDAY TIMES OF INDIA,संडे टाईम्‍स ऑफ इंडिया,90304.0,UPENG/2002/17747,"BENNETT, COLEMAN & CO.LTD",UP,LUCKNOW,W
UPHIN32200,ROYAL NEWS OF INDIA,nan,82244.0,UPHIN/2003/09687,VISWANATH SINGH CHOU,UP,LUCKNOW,W
UPENG03470,INDIAN SPEED,nan,68129.0,68129/ 98,SANDEEP KUMAR,UP,LUCKNOW,W
UPHIN46622,AAKASH CRIME INDIA,आकाश क्राइम इण्‍डिया,137252.0,UPHIN/2015/64697,SHRIKANT DWIVEDI,UP,LUCKNOW,W
UPHIN37114,MANAVADHIKAR INVESTIGATION SERVICES OF INDIA,मानवाधिकार इन्‍वेस्‍टीगेशन सर्विसेज ऑफ इंडिया,97508.0,UPHIN/2008/24951,SWATANTRA PRIYA GUPTA,UP,LUCKNOW,W
UPHIN37480,NEST INDIA TIMES,नेस्‍ट इण्डिया टाइम्‍स,97547.0,UPHIN/2008/24990,AMAR ANAND MAISI,UP,LUCKNOW,W
UPHIN45048,INDIAN CITIZEN NEWS,इंडियन सिटिज़न न्यूज़,130826.0,UPHIN/2014/58271,SHAH AYAZ SIDDIQUI,UP,LUCKNOW,W
UPENG03108,NEWSLINE OF INDIA,न्यूजलाइन ऑफ इंडिया,94143.0,UPENG/2007/21586,MOHD. MUZAFFAR MOHSIN,UP,LUCKNOW,W
UPENG01091,THE STATES OF INDIA,nan,43120.0,43120/ 84,BARNARD SAVAIL,UP,LUCKNOW,W
UPENG03562,GLIMPSE OF INDIA,ग्लिम्पसेज ऑफ़ इंडिया,103289.0,UPENG/2010/30732,ABRAR ALAM,UP,LUCKNOW,W
UPHIN50708,INDIA MOMENT,इंडिया मोमेन्ट,156124.0,UPHIN/2022/83569,AJAY GIRI,UP,LUCKNOW,W
UPENG04145,NORTH INDIA STATESMAN,nan,63845.0,63845/ 96,RITA SAXENA,UP,LUCKNOW,W
UPURD04791,SHABBAS INDIA,nan,125396.0,UPURD/2013/52841,MD. HAROON,UP,LUCKNOW,W
UPHIN45116,SAVDHAN INDIA,सावधान इंडिया,128440.0,UPHIN/2014/55885,GYAN PRAKASH SINGH,UP,LUCKNOW,W
UPHIN50725,BENAZEER INDIA,बेनज़ीर इण्डिया,160203.0,UPHIN/2023/87648,ROOHI BEGUM,UP,LUCKNOW,W
UPBIL04659,INDIA BELIEVE TODAY NEWS,nan,140303.0,UPBIL/2015/67748,NITIN SINGH,UP,LUCKNOW,W
UPHIN47304,WE INDIANS,वी इंडियन्स,138618.0,UPHIN/2016/66063,SANJAY SRIVASTAVA,UP,LUCKNOW,W
UPHIN45165,SAMANJASYA INDIA,सामंजस्य इण्डिया,133703.0,UPHIN/2015/61148,SANJEEV SRIVASTAVA,UP,LUCKNOW,W
UPHIN47886,INDIA 1 WEEKLY FACTS,इण्‍डिया 1 वीकली फैक्‍ट,143140.0,UPHIN/2016/70585,PANKAJ TRIPATHI,UP,LUCKNOW,W
UPHIN35587,SUDARSHAN INDIA,nan,69856.0,69856/ 98,SUDARSHAN BIHARI BHARAT MATA DHARMARTH SANSTHAN SAMITI,UP,LUCKNOW,W
UPURD05496,HAFTEWAR CARE INDIA,nan,,UR,CARE INDIA TRUST,UP,LUCKNOW,W
UPHIN35230,INDIA,इण्डिया,92867.0,UPHIN/2006/20310,MO. KARIM,UP,LUCKNOW,W
UPHIN44651,NORTH INDIAN MAIL,नार्थ इण्डियन मेल,127686.0,UPHIN/2014/55131,SANJAY SWAROOP SAXENA,UP,LUCKNOW,W
UPHIN24223,LOKPRIYA INDIAN NEWS PATRA,nan,72030.0,72030/ 99,ARSHIYA SULTANA,UP,LUCKNOW,W
UPBIL01983,COUNTRY OF INDIA,nan,72122.0,72122/ 97,ABDUL AZEEZ SIDDAQI,UP,LUCKNOW,W
UPHIN43138,KINGS MAN INDIA,nan,117927.0,UPHIN/2010/45370,ATIK HUSAIN KHAN VAR,UP,LUCKNOW,W
UPHIN46234,ANUBHAV INDIA,अनुभव इंडिया,135840.0,UPHIN/2015/63285,VIKAS KUMAR SRIVASTAVA,UP,LUCKNOW,W
UPHIN42925,NEWS INDIA,nan,116322.0,UPHIN/2012/43765,NEWS INDIA PRINTS & MEDIA P. LTD.,UP,LUCKNOW,W
UPHIN18500,THE MOON OF INDIA,nan,57703.0,57703/ 93,RIYASAT NAWAB,UP,LUCKNOW,W
UPHIN33557,NORTH INDIA TIMES,नार्थ इण्डिया टाइम्‍स,89758.0,UPHIN/2006/17201,MAMTA PRADEEP,UP,LUCKNOW,W
UPHIN24117,SPEED OF INDIA,nan,66987.0,66987/ 97,HAZI RIZWAAN HUSSAIN,UP,LUCKNOW,W
UPENG01450,INDIAN WITNESS,इंडियन विटनेस,2106.0,2106/ 57,METHODIST CHURCH IN SOUTH EAST ASIA,UP,LUCKNOW,W
UPURD03718,THE INDIAN NEWSMAKER,nan,83706.0,UPURD/2003/11149,PAWAN BHATIA,UP,LUCKNOW,W
UPHIN20334,THE INDIA THIS MONTHLY,nan,63197.0,63197/ 95,RAJIV JAISWAL,UP,LUCKNOW,W
UPBIL03791,INDIAN SPEED,इण्डियन स्पीड,101412.0,UPBIL/2009/28855,SANDEEP KUMAR,UP,LUCKNOW,W
UPHIN21640,U.P. INDIA TIMES,nan,67401.0,67401/ 96,SMT. S.SRIVASTAV,UP,LUCKNOW,W
UPHIN42050,JUST INDIA NEWS,nan,119430.0,UPHIN/2011/46873,NIKHIL KUMAR,UP,LUCKNOW,W
UPHIN45414,EXPRESSION OF INDIA,nan,131011.0,UPHIN/2014/58456,ANIES AHMAD SIDDIQUI,UP,LUCKNOW,W
UPHIN51290,INDIAN SPEED,nan,70879.0,70879/ 99,SANDEEP KUMAR,UP,LUCKNOW,W
UPHIN42695,INDIA PUBLIC KHABAR,इंडिया पब्लिक खबर,126697.0,UPHIN/2013/54142,PRATYAKSHA MEDIA PVT. LTD.,UP,LUCKNOW,W
UPHIN47972,SKILL INDIA,स्किल इण्डिया,141032.0,UPHIN/2016/68477,DEEPAK AVASTHI,UP,LUCKNOW,W
UPBIL02937,SPORTIFF INDIA,nan,81042.0,UPBIL/2002/08485,LUXMI SINGH,UP,LUCKNOW,W
UPENG02895,THE INDIAN NEWSMAKER,nan,83377.0,UPENG/2002/10820,PAWAN BHATIA,UP,LUCKNOW,W
UPHIN43387,LEADING INDIA,nan,120858.0,UPHIN/2013/48302,SHAILENDER PANDEY,UP,LUCKNOW,W
UPHIN49771,NEW INDIA ANALYSIS,न्यू इंडिया एनालिसिस,154728.0,UPHIN/2021/82173,ANUPAM SINGH,UP,LUCKNOW,W
UPMUL00307,DINAKAR INDIA,nan,64415.0,64415/ 96,MOHD. RIZWAN,UP,LUCKNOW,W
UPBIL03075,ALL INDIA KHALSA TIMES,nan,84247.0,UPBIL/2003/11690,GURVINDER SINGH,UP,LUCKNOW,W
UPHIN33728,INDIAN HERALD,nan,87076.0,UPHIN/2004/14519,VIMLESH KUMAR PANDEY,UP,LUCKNOW,W
UPHIN43253,SHINE INDIA TIMES,nan,122037.0,UPHIN/2012/49482,SHINE WELFARE SOCIETY,UP,LUCKNOW,W
UPHIN35278,INDIAN NEWS VALUE,इण्डियन न्यूज वैल्यू,95318.0,UPHIN/2007/22761,R.S. TRIPATHI,UP,LUKHNOW,W
UPBIL03181,SUNO INDIA THE POWER OF EDUCATION,nan,87875.0,UPBIL/2005/15318,JAGDEESH VARMA,UP,MATHURA,F
UPHIN03341,IRA INDIA,nan,45997.0,45997/ 85,MATA PRASAD SHARMA,UP,MATHURA,M
UPENG01431,INDIAN PHILOSOPHY AND CULTURE,nan,2164.0,2164/ 57,VAISHNAVA RESEARCH INSTITUTE,UP,MATHURA,Q
UPBIL02623,INDIAN OIL MATHURA REFIENERY DARPAN,nan,71892.0,71892/ 99,INDIAN OIL CORPORATION LIMITED,UP,MATHURA,W
UPHIN51378,INDIA TALKS,nan,,nan,AMBER DIXIT,UP,MEERUT,BM
UPHIN34847,INDIAN CONNECTION,इण्डियन कनेक्‍शन,90643.0,UPHIN/2006/18086,GULZAR BALI,UP,MEERUT,D
UPHIN47363,CAPTAIN INDIA,कैप्टन इंडिया,147910.0,UPHIN/2018/75355,RAJAN TYAGI,UP,MEERUT,D
UPENG00548,INDIAN JOURNAL OF CURRENT PSYCHOLOGICAL RESEARCH,nan,46132.0,46132/ 86,S.N. RAI,UP,MEERUT,HY
UPHIN41451,INDIA KI RAFTAR,nan,122601.0,UPHIN/2011/50046,DILSHAD SAIFI,UP,MEERUT,M
UPENG01709,THE INDIAN RATIONALIST,nan,2267.0,2267/ 57,INDIAN RATIONOLIST ASSOCIATION,UP,MEERUT,M
UPBIL04180,INDIAN JATAV,nan,123186.0,UPBIL/2013/50631,JAGMOHAN SHAKAL,UP,MEERUT,M
UPBIL03163,THE CITY INDIA,nan,86213.0,UPBIL/2004/13656,PALLAVI BHARDWAJ,UP,MEERUT,M
UPENG02695,ALL INDIA APPEALS REPORTERS,आल इंडिया अपील्स रिपोर्टर्स,76043.0,UPENG/2001/03486,AJAY SIWACH,UP,MEERUT,M
UPBIL03744,INDIAN WAY,इण्डियन वे,102374.0,UPBIL/2009/29817,RAJKUMAR AGARWAL,UP,MEERUT,M
UPHIN46336,BADALTA INDIA CRIME,बदलता इंडिया क्राइम,137439.0,UPHIN/2015/64884,RAHUL MITTAL,UP,MEERUT,M
UPHIN33385,VIEWS INDIA,nan,86236.0,UPHIN/2004/13679,FREE LANCER MEDIA LIMITED,UP,MEERUT,M
UPHIN43390,SADBHAV INDIA,nan,124789.0,UPHIN/2013/52234,ANITA GOYAL,UP,MEERUT,M
UPBIL05022,INDIA SPARK,nan,,nan,VINEET BISHNOI,UP,MEERUT,M
UPHIN32722,INDIA SEARCH MEDIA,nan,84555.0,UPHIN/2004/11998,SHAHANSHAH ALAM,UP,MEERUT,M
UPHIN46097,INDIA FAME,इंडिया फेम,145531.0,UPHIN/2017/72976,PRADEEP RAJ SAXENA,UP,MEERUT,M
UPHIN43089,INDIA KA NETWORK,इंडिया का नेटवर्क,136038.0,UPHIN/2013/63483,BHARAT SINGH,UP,MEERUT,M
UPENG01532,INDIAN JOURNAL OF SOCIAL RESEARCH,इंडियन जर्नल ऑफ़ सोशल रिसर्च,9695.0,9695/ 64,PROF G C HALLEN MEE,UP,MEERUT,THY
UPHIN21654,THE TIMES OF KHALEEJ FOR INDIA,nan,66047.0,66047/ 97,MOHAMMAD SALIM,UP,MEERUT,W
UPHIN18929,SINGH INDIA,nan,59722.0,59722/ 94,RAM PAL SINGH,UP,MEERUT,W
UPBIL02939,QUIET INDIA CLASSIFIED,nan,80345.0,UPBIL/2002/07788,MEHTAB ALAM,UP,MEERUT,W
UPBIL01359,INDIAN SCENE,nan,2146.0,2146/ 57,R.L. SINGHAL,UP,MEERUT,W
UPHIN45146,FAMOUS INDIA,फेमस इण्डिया,130409.0,UPHIN/2014/57854,MANISH PARASHAR,UP,MEERUT,W
UPHIN22282,INDIAN BULLETIN,nan,64260.0,64260/ 96,ABHINAV AGRAWAL,UP,MEERUT,W
UPHIN29056,GADREY INDIA,nan,74023.0,UPHIN/2000/01466,R.D.GADREY,UP,MEERUT,W
UPHIN16577,GREEN INDIA,nan,54481.0,54481/ 92,SUNITA KUMARI,UP,MEERUT,W
UPBIL04156,APEX INDIA,nan,124477.0,UPBIL/2012/51922,SANDEEP GOYAL,UP,MEERUT,W
UPBIL00261,DAN OF INDIA,nan,38825.0,38825/ 81,GULZAR ADIL KHAN,UP,MORADABAD,F
UPHIN17007,AMAR INDIA TIMES,nan,54315.0,54315/ 90,JAKI SAJJAD AHMED KATHERI,UP,MORADABAD,F
UPHIN32412,GLOBAL INDIA,nan,88008.0,UPHIN/2003/15451,NARESH BHARDWAJ,UP,MORADABAD,Q
UPHIN09956,TAJ OF INDIA,nan,56827.0,56827/ 99,ABDULLA SIDDIQUI,UP,MORADABAD,W
UPBIL04637,AASRA NEWS INDIA,आसरा न्यूज़ इंडिया,145753.0,UPBIL/2017/73198,RAKESH BAHADUR,UP,MORADABAD,W
UPMUL00813,SOCIAL AWARE INDIA,nan,,nan,MOHD MOHSIN,UP,MORADABAD,W
UPURD01606,SON OF INDIA,nan,33212.0,33212/ 78,M ASLAM,UP,MORADABAD,W
UPHIN28870,CORRUPTION FREE INDIA,nan,73740.0,UPHIN/2000/01183,AJAY KR.SINGH,UP,MURADABAD,F
UPHIN41488,THE INDIAN STREET,nan,110931.0,UPHIN/2011/38374,BHARAT BHUSHAN ARORA,UP,MUZAFFARNAGAR,D
UPHIN04542,INDIAN HERBS,nan,38846.0,38846/ 81,RAJ KUMAR AGGARWAL,UP,MUZAFFARNAGAR,F
UPENG03596,ENGINEERING AND TECHNOLOGY IN INDIA,इंजीनियरिंग एंड टेक्नोलॉजी इन इंडिया,104830.0,UPENG/2010/32273,RAKESH KUMAR SINGH,UP,MUZAFFARNAGAR,HY
UPENG02281,JOURNAL OF EXPERIMENTAL ZOOLOGY INDIA,nan,68602.0,68602/ 98,PUNNAVASI RAM YADAV,UP,MUZAFFARNAGAR,HY
UPENG02072,INDIAN JOURNAL OF OTOLOGY,nan,62769.0,62769/ 95,DR. MAHENDRA KUMAR TANEJA,UP,MUZAFFARNAGAR,Q
UPHIN37288,INDIA DIARY,इण्डिया डायरी,96228.0,UPHIN/2008/23671,AMIT JAIN,UP,MUZAFFARNAGAR,W
UPHIN45365,SOCIAL INDIA TIMES,सोशल इन्डिया टाईम्स,132907.0,UPHIN/2014/60352,SHAH ALAM,UP,MUZAFFARNAGAR,W
UPHIN33212,AAJ KA INDIA,nan,86455.0,UPHIN/2003/13898,MOHAMMAD AMIR ANSARI,UP,MUZAFFARNAGAR,W
UPHIN21661,INDIA IN INDIA,nan,63322.0,63322/ 96,SURAJ PRAKASH MALIK,UP,MUZAFFARNAGAR,W
UPHIN40468,NEWS WEB INDIA,न्यूज वेब इंडिया,105873.0,UPHIN/2010/33316,SUMIT KUMAR PUNDIR,UP,MUZAFFARNAGAR,W
UPHIN36484,ALL INDIA CRIME BRANCH,ऑल इण्डिया क्राइम ब्रांच,94963.0,UPHIN/2007/22406,UPENDRA CHAUDHARY,UP,MUZAFFARNAGAR,W
UPHIN43127,INQLAB OF INDIA,nan,126342.0,UPHIN/2013/53787,SONI,UP,PANCHSHEEL NAGAR,W
UPBIL02255,HEAD MAN OF INDIA,हेड मैन ऑफ़ इंडिया,65429.0,65429/ 96,MOHD. HAMID KHAN,UP,PILIBHIT,D
UPBIL01985,KINGS MAN INDIA,किंग्स मैन इंडिया,59602.0,59602/ 94,ATIK HUSSAIN KHAN VARASI,UP,PILIBHIT,W
UPMUL00284,MAHOL INDIA,माहोल इंडिया,63068.0,63068/ 95,DR. M. SALEEM QURESHI,UP,PILIBHIT,W
UPHIN19284,NEW INDIAN PROGRESS,न्यू इंडियन प्रोग्रेस,58611.0,58611/ 94,GHULAM ALI,UP,PILIBHIT,W
UPURD02832,KINGS MAN INDIA,किंग्स मैन इंडिया,59686.0,59686/ 94,ATIK HUSSAIN KHAN VARSI,UP,PILIBHIT,W
UPHIN19302,NEW INDIA PROGRESS,न्यू इंडिया प्रोग्रेस,59568.0,59568/ 94,GULAM ALI,UP,PILIBHIT,W
UPHIN29174,INDIA LOVE,nan,78171.0,UPHIN/2001/05614,VEDPRAKASH VARMA,UP,PRATAPGARH,M
UPHIN09884,SUPER INDIA,nan,51865.0,51865/ 82,VRINDAVAN TRIPATHI RATNESH,UP,PRATAPGARH,W
UPHIN30110,HALLA BOL INDIA,nan,78352.0,UPHIN/2001/05795,RAM KUMAR AHEER,UP,PRATAPGARH,W
UPHIN38466,HELLO INDIA,हैलो इण्डिया,99304.0,UPHIN/2008/26747,SANTOSH KUMAR,UP,RAEBAREILLY,D
UPHIN40161,HELLO INDIA,हेलो इण्डिया,104056.0,UPHIN/2009/31499,SANTOSH KUMAR,UP,RAEBAREILLY,F
UPHIN44427,NEW INDIA PRAHAR,न्यू इण्डिया प्रहर,130373.0,UPHIN/2014/57818,M. YAKUB KHAN,UP,RAIBAREILLY,M
UPHIN36256,BAHUJAN INDIA,बहुजन इण्डिया,96388.0,UPHIN/2008/23831,AJIT BAJPAI,UP,RAIBAREILLY,W
UPHIN29526,HELLO INDIA,nan,77854.0,UPHIN/2001/05297,SANTOSH KUMAR,UP,RAIBAREILLY,W
UPMUL00457,ALL INDIA EDUCATION SAMACHAR,आल इंडिया एजुकेशन समाचार,74381.0,UPBIL/2000/01824,NIGAH TABI,UP,RAMPUR,F
UPENG03651,INDIAN JOURNAL OF PHYSICAL EDUCATION AND YOGIC SCIENCE,इंडियन जर्नल ऑफ़ फिजिकल एजुकेशन एंड योगिक साइंस,108511.0,UPENG/2010/35954,MUJAHID ALI,UP,RAMPUR,HY
UPHIN44507,LOOK INDIA TIMES,लुक इंडिया टाइम्स,133593.0,UPHIN/2014/61038,ASHOK SINGH,UP,RAMPUR,M
UPHIN22125,INDIA COUNCIL NEWS,nan,63500.0,63500/ 96,SAYED IFTKHAR AHMED,UP,RAMPUR,W
UPHIN41123,I WIN INDIA TIMES,nan,118523.0,UPHIN/2010/45966,MOHD. ALIM,UP,RAMPUR,W
UPHIN29467,PREM SAHARA INDIA,nan,74725.0,UPHIN/2000/02168,ABDUL SALAM KHAN,UP,RAMPUR,W
UPURD00130,ALL INDIA,nan,12675.0,12675/ 66,ANWAR HUSAIN AYUBI,UP,RAMPUR,W
UPHIN49497,RUN INDIA,nan,,nan,YOUSUF ALI KHAN JAMAL,UP,RAMPUR,W
UPHIN29695,JEWELLARY NEWS INDIA,nan,77978.0,UPHIN/2001/05421,VINOD KUMAR VERMA,UP,SAHARANPUR,F
UPHIN07154,MINORITIES OF INDIA,nan,43348.0,43348/ 85,"INDIAN MINORITIES EDUCATION SOCIETY, SAHARANPUR",UP,SAHARANPUR,M
UPENG03481,JOURNAL OF INTERNET MEDICINE OF INDIA,nan,69152.0,69152/ 98,ASSOCIATIO OF PHYSICIANS OF INDIA-UR CHAPTER,UP,SAHARANPUR,Q
UPURD00634,INDIAN MESSAGE,nan,35595.0,35595/ 79,USMAN UL HAQUE SIDDIQUI,UP,SAHARANPUR,Q
UPHIN45488,YOUNGEST INDIAS THOUGHT,यंगेस्ट इण्डियाज् थॉट,144960.0,UPHIN/2016/72405,SHOBHIT KUMAR SHARMA,UP,SHAHJAHANPUR,M
UPHIN49667,INDIA KHAS NEWS,इंडिया खास न्यूज,155488.0,UPHIN/2021/82933,AMAR PAL,UP,SHAHJAHANPUR,W
UPHIN43617,TAKSHAK INDIA,तक्षक इण्डिया,127266.0,UPHIN/2014/54711,ANJANA SRIVASTAVA,UP,SULTANPUR,D
UPHIN50854,GRAND INDIA,nan,,nan,ARCHIT TIWARI,UP,UNNAO,D
UPHIN46540,INDIA EFFECT,इण्‍डिया इफेक्‍ट,141420.0,UPHIN/2016/68865,OM SHANKAR TRIPATHI,UP,UNNAO,M
UPHIN25602,PRAYAS INDIA,nan,69998.0,69998/ 96,PRAKASH TRIVEDI,UP,UNNAO,M
UPHIN27529,THE WATER OF INDIA,nan,54415.0,54415/ 88,DINESH TRIVEDI,UP,UNNAO,W
UPENG04212,GLIMPSE OF INDIA,गिल्मप्स ऑफ इण्डिया,140067.0,UPENG/2016/67512,ABRAR ALAM,UP,VARANASI,D
UPHIN02370,CHANAKYA INDIA,चाणक्य इंडिया,69902.0,69902/ 96,ASHOK MALIK,UP,VARANASI,D
UPURD05455,HALATE INDIA,nan,,nan,SAROJ CHAUDHARY,UP,VARANASI,D
UPENG03150,SHINING INDIA,शायनिंग इंडिया,94478.0,UPENG/2007/21921,CHINTA MANI GANESH MEDIA & ENTERTAINMENT PVT. LTD.,UP,VARANASI,D
UPENG02852,INDIAN JOURNAL OF SPORTS STUDIES,nan,83779.0,UPENG/2001/11222,DR. N.B. SHUKLA,UP,VARANASI,HY
UPMUL00430,JOURNAL OF RESEARCH IN INDIAN MEDICINE,nan,20209.0,20209/ 66,"COLLEGE OF MEDICAL SCIENCES, BHU",UP,VARANASI,HY
UPENG01487,NEWS BULLETIN INDIAN MEDICAL ASSOCIATION U P,nan,6950.0,6950/ 62,"INDIAN MEDICAL ASSOCIATION, U.P. STATE BRANCH",UP,VARANASI,M
UPHIN28538,INDIA DAY AND NIGHT,nan,73339.0,UPHIN/2000/00782,ANAND MOHAN DUBEY,UP,VARANASI,M
UPHIN32087,SAMYIK INDIA,nan,88253.0,UPHIN/2004/15696,ANIL KUMAR PANDEY,UP,VARANASI,M
UPENG00552,INDIAN JOURNAL OF ENVIRONMENTAL PROTECTION,nan,40280.0,40280/ 83,MOHINI KUMAR,UP,VARANASI,M
UPHIN49006,FAST NEWS INDIA,फास्ट न्यूज़ इण्डिया,160104.0,UPHIN/2018/87549,VIJETA DWIVEDI,UP,VARANASI,M
UPENG01710,THE INDIAN THEOSOPHIST,nan,4540.0,4540/ 57,THE THEOSOPHICAL SOCIETY,UP,VARANASI,M
UPENG00528,INDIAN JOURNAL OF PREVENTIVE AND SOCIAL MEDICINE,nan,19265.0,19265/ 69,"VARANASI DISTRICT BRANCH OF ALL INDIA PUBLIC HEALTH, ASSOCIATION",UP,VARANASI,Q
UPENG00523,INDIAN JOURNAL OPTOMETRY,nan,25205.0,25205/ 73,E VAITHILINGAM,UP,VARANASI,Q
UPBIL04811,INDIAN JOURNAL OF INTEGRATED RESEARCH AND ANALYSIS,nan,148039.0,UPBIL/2018/75484,SANSKRITI WELFARE TRUST,UP,VARANASI,Q
UPENG04169,INDIAN JOURNAL OF BUSINESS RESEARCH AND ANALYSIS,nan,148332.0,UPENG/2018/75777,SANSKRITI WELFARE TRUST,UP,VARANASI,Q
UPHIN15624,LIGHT OF INDIA,लाइट ऑफ़ इंडिया,26628.0,26628/ 74,SURENDRA PANDEY,UP,VARANASI,W
UPHIN25550,REWARDING INDIA,nan,73977.0,UPHIN/2000/01420,LAXMAN PRASAD GUPTA,UP,VARANASI,W
UPHIN42759,FAST NEWS INDIA,nan,117733.0,UPHIN/2012/45176,VIJETA DWIVEDI,UP,VARANASI,W
UTTHIN05010,INDIA WARTA,इंडिया वार्ता,140082.0,UTTHIN/2016/67527,SANDEEP SHARMA,UTT,ALMORA,D
UTTHIN00343,NAMASKAR INDIA,नमस्‍कार इण्डिया,89976.0,UTTHIN/2006/17419,NEERAJ KR. JAIN,UTT,DEHRADOON,M
UTTBIL00490,INDIAN FOREST COLLEGE MAGAZINE,इंडियन फारेस्ट कॉलेज मैगज़ीन,9918.0,9918/ 57,INDIAN FOREST COLLEGE ASSCIATION,UTT,DEHRADUN,A
UTTENG00337,INDIAN JOURNAL OF PHYSICAL & NATURAL SCIENCES,इंडियन जर्नल ऑफ़ फिजिकल एंड नेचुरल साइंस,38894.0,38894/ 81,"DAV (PG) COLLEGE, DEHRADUN",UTT,DEHRADUN,A
UTTENG00116,NEWS LETTER OF INDIAN ACADEMY OF WOOD SCIENCE,न्यूज़ लेटर ऑफ़ इंडियन एकेडेमी ऑफ़ वुड साइंस,28721.0,28721/ 76,"THE INDIAN ACADEMY OF WOOD SCIENCE, DEHRADUN",UTT,DEHRADUN,BM
UTTENG00238,SCIENTIFIC INDIA,साइंटिफिक इंडिया,130379.0,UTTENG/2013/57824,VINOD KUMAR,UTT,DEHRADUN,BM
UTTENG00396,INDIAN THOUGHTS,nan,,nan,SWATI,UTT,DEHRADUN,D
UTTHIN01964,INDIA WARTA,इंडिया वार्ता,111661.0,UTTHIN/2011/39104,SANDEEP SHARMA,UTT,DEHRADUN,D
UTTHIN01562,MANTHAN INDIA,मंथन इंडिया,99624.0,UTTHIN/2008/27067,VIVEK VERMA,UTT,DEHRADUN,D
UTTHIN00358,INDIA BOLE,इंडिया बोले,84842.0,UTTHIN/2004/12285,RAJHANS PUBLICATIONS,UTT,DEHRADUN,D
UTTHIN02060,ACTION INDIA,एक्शन इंडिया,104210.0,UTTHIN/2009/31653,RAKESH BHARDWAJ,UTT,DEHRADUN,D
UTTHIN02229,NEW INDIA HERALD,न्यू इंडिया हेराल्ड,107977.0,UTTHIN/2010/35420,RAJESH KUMAR JAIN,UTT,DEHRADUN,D
UTTHIN02592,NAYA INDIA,नया इंडिया,113418.0,UTTHIN/2011/40861,SAMVAD PARIKRAMA PVT LTD,UTT,DEHRADUN,D
UTTHIN05588,INDIA NEWS,nan,,nan,GOOD MORNING INDIA MEDIA PVT LTD,UTT,DEHRADUN,D
UTTHIN04295,INDIAN PLAN,इण्डियन प्लान,144966.0,UTTHIN/2017/72411,VISION GLOBAL PLUS FOUNDATION TRUST,UTT,DEHRADUN,F
UTTHIN04209,INDIA SAKSHI POST,इंडिया साक्षी पोस्ट,139728.0,UTTHIN/2015/67173,NEERAJ SINGHAL,UTT,DEHRADUN,F
UTTHIN00355,INDIAN UJALA,इंडियन उजाला,84844.0,UTTHIN/2004/12287,SANDEEP ARORA,UTT,DEHRADUN,F
UTTHIN00921,INDIA ECHOES,इण्डिया ईकोज़,92595.0,UTTHIN/2006/20038,LAKSHYA SAHAY,UTT,DEHRADUN,F
UTTHIN05731,VISUAL INDIA,nan,,nan,SONY RANI,UTT,DEHRADUN,F
UTTHIN01355,HAR MOD PAR AAPKE SAATH INDIA,हर मोड़ पर आपके साथ इंडिया,98215.0,UTTHIN/2008/25658,SUDESH RANI,UTT,DEHRADUN,F
UTTENG00293,INDIAN JOURNAL OF SOIL CONSERVATION,इंडियन जर्नल ऑफ़ सॉइल कन्सरवेशन,25186.0,25186/ 73,INDIAN ASSOCIATION OF SOIL AND WATER CONSERVATIONISTS,UTT,DEHRADUN,FMY
UTTHIN02855,SAROKAR INDIA,सरोकार इंडिया,112641.0,UTTHIN/2011/40084,M. IQBAL,UTT,DEHRADUN,M
UTTBIL00378,HARBINGER INDIA,हर्बिंजर इंडिया,127623.0,UTTBIL/2014/55068,VIMAL PATHAK,UTT,DEHRADUN,M
UTTHIN01129,INDIAN IDOL,इन्डियन आईडल,92387.0,UTTHIN/2006/19830,ANIL KUMAR KAKKAR,UTT,DEHRADUN,M
UTTENG00188,INDIA TIMES THE POWER,इंडिया टाइम्स द पावर,119363.0,UTTENG/2012/46806,DEVENDRA SINGH NEGI,UTT,DEHRADUN,M
UTTHIN04506,INDIA NURSERY,इंडिया नर्सरी,33027.0,33027/ 78,K.L. KASHYAP,UTT,DEHRADUN,M
UTTHIN01202,INDIAN ARTIST,इण्डियन आर्टिस्ट,101838.0,UTTHIN/2009/29281,VIJAY ROHIT,UTT,DEHRADUN,M
UTTENG00247,INDIA ECHOES FOR TRENDS,इंडिया इकोज फॉर ट्रेन्डस,129462.0,UTTENG/2014/56907,LAKSHAY SAHAI,UTT,DEHRADUN,M
UTTHIN00754,WAVE INDIA,वेव इन्डिया,89438.0,UTTHIN/2006/16881,PRATIBHA SHARMA,UTT,DEHRADUN,M
UTTENG00012,PEOPLES PULSE INDIA,पीपल्स पल्स इंडिया,81030.0,UTTENG/2002/08473,UMESH OBEROI,UTT,DEHRADUN,M
UTTHIN04151,HIMALAYAN INDIA,हिमालयन इण्डिया,136415.0,UTTHIN/2015/63860,GURPREET SINGH BABBAR,UTT,DEHRADUN,M
UTTENG00201,SATELLITE OF INDIA,सैटलाइट ऑफ़ इंडिया,114980.0,UTTENG/2012/42423,KUMAR VIJAY,UTT,DEHRADUN,M
UTTENG00005,THE BOOK SEARCH IN INDIA,द बुक सर्च इन इंडिया,79888.0,UTTENG/2001/07331,ASHOK KUMAR MILTON,UTT,DEHRADUN,M
UTTBIL00117,INDIA TIMES THE PERFECT PACKAGE,इंडिया टाइम्स द परफेक्ट पैकेज,93166.0,UTTBIL/2006/20609,DEVENDRA SINGH NEGI,UTT,DEHRADUN,M
UTTENG00304,INDIAN FORESTER,इण्डियन फोरेस्टर,4839.0,4839/ 57,BOARD OF MANAGEMENT,UTT,DEHRADUN,M
UTTBIL00483,JOURNAL OF THE TIMBER DEVELOPMENT ASSN. OF INDIA,जर्नल ऑफ़ द टिम्बर डेवलपमेंट एसोसिएशन ऑफ़ इंडिया,2468.0,2468/ 57,THE TIMBER DEVELOPMENT ASSOCIATION OF INDIA,UTT,DEHRADUN,Q
UTTENG00330,INDIAN JOURNAL OF FORESTRY,इंडियन जर्नल ऑफ़ फॉरेस्ट्री,36233.0,36233/ 78,GAJENDRA SINGH GAHLOT,UTT,DEHRADUN,Q
UTTENG00269,QUALIFIED INDIA,nan,142676.0,UTTENG/2016/70121,VIJAY ROHIT,UTT,DEHRADUN,Q
UTTHIN01935,HIMALAYAN INDIA,हिमालयन इण्डिया,104401.0,UTTHIN/2010/31844,GURPREET SINGH BABBAR,UTT,DEHRADUN,W
UTTHIN02825,BHADAS FOR INDIA,भड़ास फॉर इंडिया,113709.0,UTTHIN/2011/41152,NARAYAN PARGAIN,UTT,DEHRADUN,W
UTTHIN00287,UTTARANCHAL INDIA,उत्तरांचल इंडिया,84477.0,UTTHIN/2003/11920,YASHVEER SINGH,UTT,DEHRADUN,W
UTTBIL00280,GLANCING INDIA,ग्लान्सिंग इंडिया,111863.0,UTTBIL/2011/39306,DEVENDRA SINGH NEGI,UTT,DEHRADUN,W
UTTHIN04049,PATROLING INDIA,पेट्रोलिंग इंडिया,137635.0,UTTHIN/2015/65080,RAJU VERMA,UTT,DEHRADUN,W
UTTHIN03461,INDIA FLASH,इंडिया फ्लैस,139259.0,UTTHIN/2013/66704,DEVEN JEET,UTT,DEHRADUN,W
UTTHIN00968,NEWS NET INDIA BULLETIN,न्यूज नेट इण्डिया बुलेटिन,96731.0,UTTHIN/2007/24174,UMESH J. KUMAR,UTT,DEHRADUN,W
UTTENG00049,UTTARANCHAL INDIA,उत्तरांचल इंडिया,87335.0,UTTENG/2005/14778,YASHVEER SINGH,UTT,DEHRADUN,W
UTTENG00340,GLOURIOUS DAWN WEEKLY OF INDIA,ग्लोरियस डॉन वीकली ऑफ़ इंडिया,54312.0,54312/ 91,AJAY GAUTAM,UTT,DEHRADUN,W
UTTHIN03930,INDIA TIMES THE PERFECT PACKAGE,इंडिया टाइम्स द परफैक्ट पैकेज,134532.0,UTTHIN/2013/61977,DEVENDRA SINGH NEGI,UTT,DEHRADUN,W
UTTHIN00940,ONLINE INDIA,ऑनलाइन इंडिया,93112.0,UTTHIN/2007/20555,BHAGAT SINGH NEGI,UTT,DEHRADUN,W
UTTHIN01998,NORTH INDIA EXPRESS,नार्थ इंडिया एक्सप्रेस,111480.0,UTTHIN/2011/38923,PRADEEP NAGRATH,UTT,DEHRADUN,W
UTTHIN01373,ACTION INDIA,एक्शन इंडिया,103257.0,UTTHIN/2009/30700,RAKESH BHARDWAJ,UTT,DEHRADUN,W
UTTHIN00912,MANTHAN INDIA,मंथन इंडिया,98176.0,UTTHIN/2008/25619,VIVEK VERMA,UTT,DEHRADUN,W
UTTHIN02981,LUCKY INDIA,लकी इंडिया,117356.0,UTTHIN/2012/44799,RAJESH TYAGI,UTT,HARIDWAR,D
UTTHIN01673,MANTHAN INDIA,मंथन इंडिया,100647.0,UTTHIN/2009/28090,VIVEK VERMA,UTT,HARIDWAR,D
UTTHIN04642,JOURNAL OF INDIAN POLICE,nan,46211.0,46211/ 87,SANTOSH KR SAXENA,UTT,HARIDWAR,M
UTTHIN04815,INDIAN POLICE MONITOR,nan,62309.0,62309/ 95,DEEPAK SHARMA,UTT,HARIDWAR,Q
UTTENG00348,JOURNAL OF INDIAN WATER RESOURCES SOCIETY,nan,61811.0,61811/ 95,"INDIAN WATER RESOURCES SOCIETY AT W.R.D.T.C., ROORKEE",UTT,HARIDWAR,Q
UTTHIN00010,SUDARSHAN INDIA,सुदर्शन इंडिया,75536.0,UPHIN/2000/02979,SEEMA SHARMA,UTT,HARIDWAR,W
UTTHIN03429,MANTHAN INDIA,मंथन इंडिया,118082.0,UTTHIN/2012/45525,VIVEK VERMA,UTT,HARIDWAR,W
UTTHIN04006,DIGITAL INDIA,डिजिटल इण्डिया,134497.0,UTTHIN/2015/61942,SANJEEV KUMAR SAINI,UTT,HARIDWAR,W
UTTHIN04590,NIROGI INDIA,निरोगी इण्डिया,139814.0,UTTHIN/2016/67259,MOHD.SHAHNAWAZ,UTT,HARIDWAR,W
UTTHIN03027,SUCCESS INDIA,सक्सेस इंडिया,115031.0,UTTHIN/2012/42474,NISHA ARORA,UTT,HARIDWAR,W
UTTHIN01481,CONFIDENCE INDIA,कॉन्फिडेंस इंडिया,99796.0,UTTHIN/2009/27239,AMOGH AKSHAT BANSAL,UTT,HARIDWAR,W
UTTHIN05164,SOUL OF INDIA,सोल ऑफ इण्‍डिया,146264.0,UTTHIN/2017/73709,SURYAKANT BELWAL,UTT,HARIDWAR,W
UTTHIN00008,SUDARSHAN INDIA,सुदर्शन इंडिया,75492.0,UPHIN/2000/02935,SUDARSHAN BIHARI BHARAT MATA DHARMARTH SANSTHAN SAMITI,UTT,HARIDWAR,W
UTTHIN04997,MANTHAN INDIA,मंथन इंडिया,139770.0,UTTHIN/2016/67215,VIVEK VERMA,UTT,NAINITAL,D
UTTENG00261,INDIAN REVOLUTION,इंडियन रिवोल्यूशन,137459.0,UTTENG/2014/64904,DEV BHOOMI FOUNDATION SOCIETY,UTT,NAINITAL,Q
UTTBIL00478,INDIAN TEMPERANCE NEWS AND CLIP SHEET,nan,6620.0,6620/ 61,ALL INDIA WOMAN'S CHRISTIAN TEMPERANCE UNION,UTT,ROORKEE/ HARIDWAR,Q
UTTHIN05719,EYEWITNESS INDIA,nan,,nan,RAJAT KUMAR,UTT,UDHAM SINGH NAGAR,BM
UTTENG00295,INDIAN FARMER'S DIGEST,nan,15330.0,15330/,"AGRICULTURAL UNIVERSITY, PANT NAGAR",UTT,UDHAM SINGH NAGAR,M
UTTENG00156,THE RESURGENT INDIA,nan,108740.0,UTTENG/2010/36183,THE RESURGENT INDIA TRUST,UTT,UDHAM SINGH NAGAR,M
UTTHIN04393,INDIAN MORCHA,इंडियन मोर्चा,138951.0,UTTHIN/2015/66396,SHAMEEM KHAN,UTT,UDHAM SINGH NAGAR,W
UTTHIN03627,PREM SAHARA INDIA,प्रेम सहारा इण्डिया,127788.0,UTTHIN/2013/55233,ABDUL SALAM KHAN,UTT,UDHAM SINGH NAGAR,W
UTTHIN05580,AWAAZ 24X7 INDIA,आवाज़ 24X7 इंडिया,159387.0,UTTHIN/2023/86832,SUNIL MEHTA,UTT,UDHAM SINGH NAGAR,W
WBENG03644,NEWSLETTER OF THE INDIAN INSTITUTE OF ASTROLOGYWB,nan,82811.0,WBENG/2002/10254,INDIAN INSTITUTE OF,WB,ALIPORE,Q
WBENG03633,INFOINDIA,INFO INDIA,82007.0,WBENG/2003/09450,ASISH LAHA,WB,BARASAT,W
WBENG00379,COAL FIELD NEWS OF INDIA,nan,18422.0,18422/ 70,SATYA RANJAN KARMAKAR,WB,BARDHAMAN/ ASANSOL,F
WBBEN12292,HALLOW INDIA,nan,87944.0,WBBEN/2004/15387,ASHUTOSH KUMAR SINGH,WB,BARDHMAN/ DURGAPUR,F
WBBIL01532,"INDIAN JOURNAL OF YOGA,EXERCISES AND SPORT SCIENCE AND PHYSICAL EDUCATION","इंडियन जरनल ऑफ योगा, एक्सरसाइजे़ज एन्ड र्स्पोट साईन्स एन्ड फिसिकल एजुकेशन",95234.0,WBBIL/2007/22677,SAMIRAN MONDAL,WB,BIRBHUM,HY
WBENG02371,INDIAN JOURNAL OF MINING GEOLOGY METALLURGY & FUEL,nan,8804.0,8804/ 64,R.D. PASSI,WB,BURDWAN,M
WBENG03874,INDIAN ENGINEERING EXPORTS,nan,97126.0,WBENG/2008/24569,ENGINEERING EXPORT PROMOTION COUNCIL,WB,CALCUTTA,M
WBENG04132,PLASTICS INDIA,nan,110417.0,WBENG/2011/37860,INDIAN PLASTICS FEDERATION,WB,CALCUTTA,M
WBENG04443,INDIAN JOURNAL OF LAW AND GOVERNANCE(CBPBU),nan,154288.0,WBENG/2020/81733,"DEPARTMENT OF LAW, COOCH BEHAR PANCHANAN BARMA UNIVERSITY",WB,COOCH BEHAR,A
WBBIL01615,TRAVEL INDIA-ALL INDIA TOURISM INFO GUIDE,ट्रेवल इंडिया-आल इंडिया टूरिज्म इन्फो गाइड,103575.0,WBBIL/2009/31018,KAMAL SINGH GOUTI,WB,DARJILING,M
WBBEN15833,DIGITAL INDIAN GOLDEN INDIA,nan,,nan,SUBHOJYOTI CHAKRABORTY,WB,HOOGHLY,W
WBENG01132,JOURNAL OF THE INDIAN SOCIETY OF ORIENTAL ART,nan,16488.0,16488/ 66,INDIAN SOCIETY OF ORIENTAL ART,WB,KOLKATA,A
WBENG00044,ALL INDIA FILM GUIDE,nan,16511.0,16511/ 67,NAND LAL PODDAR,WB,KOLKATA,A
WBENG02507,THE INDIAN ENGINEER,दि इंडियन इंजीनियर,2932.0,2932/ 58,SUBODH RANJAN GHOSH ROY CHOWDHURY,WB,KOLKATA,A
WBENG00033,ALL INDIA INDUSTRIAL DIRECTORY,nan,27020.0,27020/ 74,INDIAN ENTERPRISE,WB,KOLKATA,A
WBENG03513,INDIA YELLOW PAGES,nan,80123.0,WBENG/2000/07566,GAUTAM KUNDU,WB,KOLKATA,A
WBENG00962,INDIAN MOTION PICTURE ALMANAC,nan,18495.0,18495/ 71,BAGESHWAR JHA,WB,KOLKATA,A
WBHIN01487,JOURNAL OF THE INSTITUTION OF ENGINEERS (INDIA),nan,13809.0,13809/ 66,THE INSTITUTION OF ENGINEERS INDIA,WB,KOLKATA,A
WBENG01014,INDIAN SCIENCE CRUISER,nan,44132.0,44132/ 87,INSTITUTE OF SCIENCE EDUCATION AND CULTURE,WB,KOLKATA,A
WBENG00977,INDIAN INDUSTRIAL DIRECTORY,nan,18500.0,18500/ 71,KAMAL KUMAR MITRA,WB,KOLKATA,A
WBENG02492,JOURNAL& PROCEEDINGS OF THE INSTITUTION OF CHEMISTS (INDIA),nan,13766.0,13766/ 57,"OFFICE OF INSTITUTION OF CHEMISTS INDIA CHEMICAL DEPARTMENT MEDICAL COLLEGE,",WB,KOLKATA,BM
WBENG00380,COAL INDIA NEWS,nan,30081.0,30081/ 76,COAL INDIA LTD,WB,KOLKATA,BM
WBENG01012,INDIAN RUBBER AND CHEMICALS REVIEWER,nan,18257.0,18257/ 69,P. C. MAHANTI,WB,KOLKATA,BM
WBENG02265,TRANSACTIONS OF THE INDIAN INSTITUTE OF METALS,ट्रांजेक्शंस ऑफ़ दि इंडियन इंस्टिट्यूट ऑफ़ मेटल्स,2802.0,2802/ 57,THE INDIAN INSTITUTE OF METALS,WB,KOLKATA,BM
WBENG00856,INDIAN CRITIC,nan,18266.0,18266/ 69,BIPLAB ROY,WB,KOLKATA,BM
WBENG03314,INDIA & TECHNOLOGY,nan,8718.0,8718/ 64,SUKUMAR CHAKRABORTY,WB,KOLKATA,BM
WBENG02811,INDIAN WATCHMAKERS & JEWELLERS REVIEW,nan,8507.0,8507/ 63,NITYA GOPAL CHOWDHURY,WB,KOLKATA,BM
WBENG03928,INDIAN JOURNAL OF APPLIED CHEMISTRY,इंडियन जर्नल ऑफ़ एप्लाइड केमिस्ट्री,2801.0,2801/ 58,INDIAN CHEMICAL SOCIETY,WB,KOLKATA,BM
WBENG03329,INDIAN TRANSPORT & TRAFFIC ENGINEER,nan,5365.0,5365/ 61,E G MARGENOUT,WB,KOLKATA,BM
WBCHI00002,CHINESE JOURNAL OF INDIA,nan,2517.0,2517/ 57,MA KUAN SIEN AND OTHERS,WB,KOLKATA,D
WBENG03572,CALCUTTA TIMES OF INDIA,कलकत्ता टाइम्स ऑफ़ इंडिया,79120.0,WBENG/2002/06563,"BENNETT, COLEMAN & CO.LTD",WB,KOLKATA,D
WBHIN01600,INDIAN AGE,nan,126329.0,WBHIN/2013/53774,SHYAM KISHOR SINHA,WB,KOLKATA,D
WBENG04261,DARPAN OF INDIA,nan,128098.0,WBENG/2014/55543,AVIJIT BHAUMIK,WB,KOLKATA,D
WBCHI00001,OVERSEAS CHINESE COMMERCE OF INDIA,nan,18315.0,18315/ 69,CHINESE TANNERY OWNERS ASSOCIATION,WB,KOLKATA,D
WBENG03443,THE TIMES OF INDIA,द टाइम्स ऑफ़ इंडिया,73619.0,WBENG/1999/01062,"BENNETT, COLEMAN & CO.LTD",WB,KOLKATA,D
WBENG04264,MORNING INDIA,मॉर्निंग इंडिया,129358.0,WBENG/2014/56803,PREM,WB,KOLKATA,D
WBENG03755,THE ECHO OF INDIA,nan,86033.0,WBENG/2004/13476,ASISH LAHA,WB,KOLKATA,D
WBENG04470,INDIAN INFO EXCHANGE,nan,160785.0,WBENG/2023/88230,AVIK KUMAR NASKAR,WB,KOLKATA,D
WBENG03757,THE INDIAN EXPRESS,दि इंडियन एक्सप्रेस,93346.0,WBENG/2005/20789,THE INDIAN EXPRESS PVT. LTD.,WB,KOLKATA,D
WBENG02968,FT INDIA,nan,53144.0,53144/ 93,ANANDA BAZAR PATRIKA,WB,KOLKATA,D
WBBEN15434,ALL INDIA ADVANCEMENT OF MEDICAL SCIENCE,nan,37249.0,37249/ 80,NITAI CHARAN BERA,WB,KOLKATA,F
WBURD00359,SPORTS INDIA,nan,27169.0,27169/ 75,MD. HASAN,WB,KOLKATA,F
WBENG01008,INDIAN POULTRY REVIEW,nan,18320.0,18320/ 70,GANTAM NARAYAN GHOSH,WB,KOLKATA,F
WBENG03009,INDIAN BYLANES,nan,53209.0,53209/ 94,PRADIP KUMAR SINHA,WB,KOLKATA,F
WBENG01911,TEA INDIA,nan,41080.0,41080/ 83,INDIAN TEA ASSOCIATION,WB,KOLKATA,F
WBENG02169,INDIAN MESSENGER,nan,5097.0,5097/ 57,SADHARAN BRAHMO SAMAJ,WB,KOLKATA,F
WBENG03159,CREATIVE INDIA,nan,66337.0,66337/ 97,GAUTAM JALAN,WB,KOLKATA,F
WBENG04273,ALL INDIA SCANNER,nan,135195.0,WBENG/2015/62640,ABHIJIT SETH,WB,KOLKATA,F
WBENG02149,JOURNAL OF ACUPUNCTURE ASSOCIATION OF INDIA (JAAT),nan,63040.0,63040/ 95,ACCUPUNCTURE ASSOCIATION OF INDIA,WB,KOLKATA,F
WBBEN16108,NEWS WAVE INDIA,nan,,UR,SUDIPTA CHAKRABORTY,WB,KOLKATA,F
WBENG02254,INDIAN HEART JOURNAL,इंडियन हार्ट जर्नल,2859.0,2859/ 57,CARDIOLOGICAL SOCIETY OF INDIA,WB,KOLKATA,FMY
WBENG04123,INDIAN HUMAN RIGHTS LAW REVIEW (IHRLR),nan,115361.0,WBENG/2010/42804,R. CAMBRAY & CO. PRIVATE LTD.,WB,KOLKATA,HY
WBENG00952,THE INDIAN MANAGEMENT REVIEW,nan,34891.0,34891/ 79,THE INSTITUTE OF BUSINESS MANGEMENT & RESEARCH,WB,KOLKATA,HY
WBENG00963,INDIAN MUSEUM BULLETIN,nan,12059.0,12059/,"INDIAN MUSEUM, KOLKATA",WB,KOLKATA,HY
WBENG02702,INDIA JOURNAL OF COLOPROCTOLOGY,nan,44170.0,44170/ 86,THE ASSOCIATION OF COLON & RECTAL SURGEONS OF INDIA,WB,KOLKATA,HY
WBENG01157,JOURNAL OF THE INDIAN ACADEMY OF FORENSIC SCIENCES,nan,27027.0,27027/ 71,THE INDIAN JOURNAL OF FORENISIC SCIENCES,WB,KOLKATA,HY
WBENG03582,INDIAN JOURNAL OF ANIMAL HEALTH,nan,80427.0,WBENG/2002/07870,WEST BENGAL VETERINARY ASSOCIATION,WB,KOLKATA,HY
WBENG02487,INDIAN AGRICULTURIST,nan,5154.0,5154/ 57,THE AGRICULTURAL SOCEITY,WB,KOLKATA,HY
WBENG02495,THE JOURNAL OF THE INDIAN ACADEMY OF PHILOSOPHY,nan,8494.0,8494/ 63,THE INDIA ACADEMY OF PHILOSOPHY,WB,KOLKATA,HY
WBENG04252,CURRENT INDIAN EYE RESEARCH,nan,134115.0,WBENG/2014/61560,OPHTHALMIC RESEARCH GROUP,WB,KOLKATA,HY
WBENG03327,JOURNAL OF INDIAN RESEARCH INSTITUTE,nan,30144.0,30144/ 76,KARUNA PADA DUTTA,WB,KOLKATA,HY
WBENG00993,INDIAN JOURNAL OF EARTH SCIENCE,nan,27036.0,27036/ 74,INDIAN SOCIETY OF EARTH SCIENCE,WB,KOLKATA,HY
WBENG00867,INDIAN GEOHYDROLOGY,nan,18574.0,18574/ 71,INDIAN ASSOCIATION OF GEOHYDROLOGISTS,WB,KOLKATA,HY
WBENG03319,THE INDIAN ENGINEER,nan,8796.0,8796/ 58,SUBODH RANJAN,WB,KOLKATA,M
WBENG04310,NEWS BULLETIN OF THE INSTITUTION OF ENGINEERS INDIA WEST BENGAL STATE CENTRE,न्यूज़ बुलेटिन ऑफ़ द इंस्टीट्यूशन ऑफ़ इन्जीनिअर्स इंडिया वेस्ट बंगाल स्टेट सेंटर,37245.0,37245/ 80,INSTITUTION OF ENGINEERS (INDIA),WB,KOLKATA,M
WBENG02370,INDIAN JOURNAL OF ENGINEERS,nan,5218.0,5218/ 60,JYOTSNAMAY GUHATHAKURTA,WB,KOLKATA,M
WBENG02200,JOURNAL OF THE INSTITUTION OF ENGINEERS INDIA,nan,5041.0,5041/ 57,INSTITUTION OF ENGINEERS (INDIA),WB,KOLKATA,M
WBENG02860,NEWMAN'S INDIAN BRADSHAW,न्यूमैन्स इंडियन ब्रेडशॉ,2935.0,2935/ 57,W. NEWMAN & CO. LTD.,WB,KOLKATA,M
WBENG02368,INDIAN ENGINEERING EXPORTER,इंडियन इंजीनियरिंग एक्सपोर्टर,2957.0,2957/ 57,ENGINEERING EXPORT PROMOTION COUNCIL,WB,KOLKATA,M
WBENG03328,INDIAN TAX CASES,nan,8523.0,8523/ 63,BANWARILAL DALMIA,WB,KOLKATA,M
WBENG04349,REVIEW OF INDIAN SPIRITUALISM,nan,30166.0,30166/ 74,AMIYA KUMAR SINHA,WB,KOLKATA,M
WBENG03356,LIGHT OF INDIA,लाइट ऑफ़ इंडिया,18501.0,18501/ 71,ANIL BARAN ROY,WB,KOLKATA,M
WBENG02367,INDIAN ENGINEERING ASSOCIATION NEWS BULLETIN,nan,8810.0,8810/ 65,INDIAN ENGINEERING ASSOCIATION KOLKATA,WB,KOLKATA,M
WBENG02170,JOURNAL OF THE INDIAN MEDICAL ASSOCIATION,nan,2557.0,2557/ 57,INDIAN MEDICAL ASSOCIATION,WB,KOLKATA,M
WBBEN02720,JOURNAL OF THE INDIAN CHEMICAL SOCIETY,जर्नल ऑफ़ दि इंडियन केमिकल सोसाइटी,2664.0,2664/ 57,INDIAN CHEMICAL SOCIETY,WB,KOLKATA,M
WBENG02379,INDIAN MEDICAL RECORD,nan,2698.0,2698/ 57,GURUCHARAN MUKHERJEE AND SIBCHANDRA MUKHERJEE,WB,KOLKATA,M
WBENG02183,ENGINEERING NEWS OF INDIA,nan,5021.0,5021/ 57,ENGINEERING ASSOCIATION OF INDIA,WB,KOLKATA,M
WBENG02372,INDIAN JOURNAL OF PEDIATRICS,nan,5130.0,5130/ 57,DR. AMALA CHOUDHURY,WB,KOLKATA,M
WBENG02806,INDIAN MINING JOURNAL,nan,5022.0,5022/ 57,ENGINEERING & TECHNOLOGY,WB,KOLKATA,M
WBENG02374,INDIAN LAWYERS,nan,8782.0,8782/ 63,LAWYERS ASSOCIATION & OTHERS,WB,KOLKATA,M
WBENG02535,C I S INDIA NEWSLETTER,nan,12126.0,12126/ 66,THE CHARTERED INSTITUTE OF SECRETARIES INDIA ASSOCIATION,WB,KOLKATA,M
WBENG00899,INDEX TO INDIAN ECONOMIC JOURNALS,nan,18397.0,18397/ 70,INFORMATION RESARCH ACADEMY,WB,KOLKATA,M
WBENG02788,INDIAN CERAMICS,nan,16684.0,16684/ 68,"SOUMYEN ROY, SUJIT ROY, PARTHA ROY, AMBAR ROY",WB,KOLKATA,M
WBENG02194,INDIAN LAW REPORTS CALCUTTA SERIES,इंडियन लॉ रिपोर्ट्स कलकत्ता सीरीज,2746.0,2746/ 57,GOVT. OF WEST BENGAL,WB,KOLKATA,M
WBENG02190,INDIAN AVIATION,nan,2568.0,2568/ 57,THORNE'S P. LIMITED,WB,KOLKATA,M
WBENG02373,INDIAN JOURNAL OF POWER AND RIVER VALLEY DEVELOPMT,nan,2665.0,2665/ 57,ENGINEERING AND TECHNOLOGY,WB,KOLKATA,M
WBENG02382,INDIAN OLYMPIC NEWS,nan,5414.0,5414/ 62,INDIAN OLYMPIC ASSOCIATION,WB,KOLKATA,M
WBENG02426,TEXTILE INDUSTRY OF INDIA,nan,5361.0,5361/ 62,SUBODH RANJAN ROY CHOWDHURY,WB,KOLKATA,M
WBENG03801,INDIA TOMORROW,इंडिया टुमारो,2981.0,2981/ 59,BIRENDRA CHANDRA BOSE,WB,KOLKATA,M
WBENG02369,INDIAN FOUNDRY JOURNAL,nan,8680.0,8680/ 57,THE INSTITUTE OF INDIAN FOUNDRYMEN,WB,KOLKATA,M
WBENG03237,BULLETIN OF THE ALL INDIA INSTT.OF HOMOEOPATHY,nan,27056.0,27056/ 74,ALL INDIA INSTITUTE OF HOMOEOPATHY RESPECTIVELY WEST BENGAL STATE BRANCH,WB,KOLKATA,M
WBENG00861,INDIAN ELECTRICAL MAGAZINE,nan,24604.0,24604/ 72,KARTICK DAY,WB,KOLKATA,M
WBENG02381,THE INDIAN OIL AND SOAP JOURANL,nan,5053.0,5053/ 57,THE INDIAN SOAP AND TOILETRIES MAKERS' ASSOCIATION,WB,KOLKATA,M
WBENG00961,INDIAN MODELLER,nan,12095.0,12095/ 66,"THE SOCIETY OF MODEL AERONAUTICAL ENGINEERS OF INDIA, LTD",WB,KOLKATA,M
WBENG00949,THE INDIAN LION,nan,12100.0,12100/ 66,LIONS INTERNATIONAL,WB,KOLKATA,M
WBENG03318,INDIAN BOOKS,nan,16573.0,16573/ 68,SUKLA MUKHERJI,WB,KOLKATA,M
WBENG02195,INDIAN MEDICAL REVIEW,nan,2586.0,2586/ 57,SARDA PRASAD GHOSE,WB,KOLKATA,M
WBENG02191,INDIAN CONSTRUCTION NEWS,इंडियन कांस्ट्रक्शन न्यूज़,2739.0,2739/ 57,"THE TECHNICAL JOURNALS OF INDIA P. LTD.,",WB,KOLKATA,M
WBENG02378,INDIAN MEDICAL JOURNAL,इंडियन मेडिकल जर्नल,2794.0,2794/ 57,ALL INDIA MEDICAL LICENTIATES ASSOCIATION,WB,KOLKATA,M
WBENG03058,MYSTIC INDIA,nan,53277.0,53277/ 94,SUNEEL BAGAL,WB,KOLKATA,M
WBENG00905,INDIAN TOURIST,nan,18590.0,18590/ 70,SANDHYA ROY,WB,KOLKATA,M
WBENG03516,SATELLITE @ INTERNET INDIA,nan,76513.0,WBENG/2000/03956,UNIVERSAL MEDIA CONSULTANTS,WB,KOLKATA,M
WBENG02386,THE INDIAN RAILWAY GAZETTE,nan,2629.0,2629/ 57,THORNE'S (P) LTD. CO.,WB,KOLKATA,M
WBENG02385,INDIAN PULP AND PAPER,nan,2683.0,2683/ 57,EASTERN INDIAN SERVICE AND MARKETING CO LTD,WB,KOLKATA,M
WBENG02182,COMMERCIAL INDIA,कमर्शियल इंडिया,2718.0,2718/ 57,NIRENDRA NARAIN CHAUDHURI,WB,KOLKATA,M
WBENG01166,JOURNALOF INDIAN LEATHER TECHNOLOGISTS ASSOCIATION,जर्नल ऑफ़ इंडियन लैदर टेक्नोलॉजिस्ट्स एसोसिएशन,2839.0,2839/ 57,INDIAN LEATHER TECHNOLOGISTS ASSOCIATION,WB,KOLKATA,M
WBENG02377,INDIAN MEDICAL GAZETTE,nan,5258.0,5258/ 61,AMAR PANDEYA,WB,KOLKATA,M
WBENG01217,LIGHT OF INDIA,लाइट ऑफ़ इंडिया,2951.0,2951/ 59,BHABESH CHANDRA SEN,WB,KOLKATA,M
WBENG00879,THE INDIAN BUYER,nan,8539.0,8539/ 61,THE PURSCHAING OFFICERS'S ASSOCIATION OF INDIA,WB,KOLKATA,M
WBENG04458,AQUAFARM INDIA,nan,,nan,SANJOY MUKERJI,WB,KOLKATA,M
WBENG00603,EASTERN INDIA MARKET REPORT,nan,34779.0,34779/ 79,SUBHAS BISWAS & TAPAS NANDY,WB,KOLKATA,M
WBENG02698,THE INDIAN HUMANIST,nan,18204.0,18204/ 69,ANJAN BARAN BISWAS,WB,KOLKATA,M
WBENG04362,ECONOMIC EARNINGS OF INDIA,nan,37251.0,37251/ 80,SUSIL KUMAR DEY,WB,KOLKATA,M
WBENG00886,INDIAN AND EASTERN PHARMACY,nan,16638.0,16638/ 68,"VIJAY SHANKAR PANDEYA,O N. PANDEYA, VISHWA BHUSHAN PANDEYA",WB,KOLKATA,M
WBENG02790,THE INDIAN CYCLE AND MOTOR JOURNAL,nan,2567.0,2567/ 57,SEN AND PANDIT PRIVATE LTD.,WB,KOLKATA,M
WBENG02384,INDIAN PLASTICS REVIEW,इंडियन प्लास्टिक रिव्यू,2805.0,2805/ 57,PLASTIC AND MACHINERY DISRIBUTORS,WB,KOLKATA,M
WBENG02787,THE INDIAN AIRMAN AND SPACEMAN,nan,5025.0,5025/ 57,K. K. MUKHERJEE,WB,KOLKATA,M
WBENG02546,JOURNAL OF INDIAN PHARMACEUTICAL MANUFACTURERS,nan,8553.0,8553/ 63,ASSOCIATIONOF INDIA PHARMACEUTICAL MANUFACTURERS,WB,KOLKATA,M
WBENG03484,BHRAMAN INDIA TRAVEL,nan,79418.0,WBENG/2002/06861,SWARNAKSHAR PRAKSSANI PRIVATE LIMITED,WB,KOLKATA,M
WBENG02376,INDIAN MEDICAL FORUM,इंडियन मेडिकल फोरम,2751.0,2751/ 57,INDIAN MEDICAL FORUM,WB,KOLKATA,M
WBENG00967,THE INDIAN OPTICAL JOURNAL,nan,13811.0,13811/ 67,ANIL KUMAR MEHRA,WB,KOLKATA,M
WBENG02375,INDIAN JOURNAL OF PHYSICS,nan,5108.0,5108/ 57,INDIAN ASSOCIATION FOR THE CULTIVATION OF SCIENCE,WB,KOLKATA,M
WBENG02472,TRANSACTIONS OF THE INDIAN CERAMIC SOCIETY,nan,5125.0,5125/ 58,THE INDIAN CERAMIC SOCEITY,WB,KOLKATA,Q
WBENG02451,INDIAN JOURNAL & PSYCHOLOGY,nan,13827.0,13827/ 57,THE INDIAN PSYCHOLOGICAL ASSOCIATION,WB,KOLKATA,Q
WBENG03655,PRISM INDIA,nan,82261.0,WBENG/2003/09704,M/S PRISM UDYOG,WB,KOLKATA,Q
WBENG03321,INDIAN FOLK WORE,INDIAN FOLK WORE,2913.0,2913/ 58,PRAPHULLA CHANDRA PAL,WB,KOLKATA,Q
WBENG04455,CURATIVE INDIA,nan,,nan,AARTI BR SINGH,WB,KOLKATA,Q
WBENG00907,INDIAN WELDING JOURNAL,nan,32664.0,32664/ 68,INDIAN INSTITUE OF WELDING,WB,KOLKATA,Q
WBENG04329,INDIAN JOURNAL OF OTOLARYNGOLOGY,nan,1122.0,1122/ 57,THE ASSOCIATION OF OTOLARYNGOLOGISTS IN INDIA,WB,KOLKATA,Q
WBENG03352,LAWQUATERLY JOUR OF THE INDIAN LAW INST WB ST UNIT,nan,8777.0,8777/ 64,"INDUSTRIAL INSTITUTE, WEST BENGAL STATE CIVIL COURT PRUILDAYS",WB,KOLKATA,Q
WBENG02564,INDIAN TUBE REVIEW,nan,8745.0,8745/ 64,THE INDIAN TUBE CO. LIMITED,WB,KOLKATA,Q
WBENG01021,INDUSTRIAL SITUATION IN INDIA,nan,24527.0,24527/ 72,MANJARI CHAUDHARI,WB,KOLKATA,Q
WBBIL00263,INDIAN BEARING BROCHURE,nan,5118.0,5118/ 59,PROBIR KUMAR GHOSH,WB,KOLKATA,Q
WBENG02445,CONSTRUCTION ENGINEERS OF INDIA,nan,5135.0,5135/ 59,STATE ENGINEERS' ASSOCIATION,WB,KOLKATA,Q
WBENG03315,INDIAN TUBE PATRIKA,nan,32700.0,32700/ 76,INDIAN TUBE COMPANY LTD.,WB,KOLKATA,Q
WBENG04466,IIC-INDIAN JOURNAL OF CERAMICS,nan,,UR,INDIAN INSTITUTE OF CERAMICS,WB,KOLKATA,Q
WBENG03325,INDIAN JOURNAL OF MICROBIOLOGY,nan,5341.0,5341/ 61,ASSOCIATION OF MICROBIOLOGISTS OF INDIA,WB,KOLKATA,Q
WBENG02774,GEOGRAPHICAL REVIEW OF INDIA,nan,13833.0,13833/ 57,GEOGRAPHICAL SOCIETY OF INDIA,WB,KOLKATA,Q
WBENG03326,JOURNAL OF THE INDIAN PUMP MANUFACTURERS ASSCN,nan,18256.0,18256/ 69,INDIAN PUMP MANUFACTURERS ASSOCIATION,WB,KOLKATA,Q
WBENG03407,JOURNAL OF STEEL WIRE MANUFACTURERS ASSO. OF INDIA,nan,18604.0,18604/ 71,STEEL WIRE MANUFACTURERS ASSOCIATION OF INDIA,WB,KOLKATA,Q
WBENG02074,WATERWAYS OF INDIA,nan,37223.0,37223/ 80,FEDERATION OF INLAND WATER TRANSPORT ASSOCIATION OF INDIA,WB,KOLKATA,Q
WBENG01016,INDIAN SHELLAC,nan,42058.0,42058/ 83,SHELLAC EXPORT PROMOTION COUNCIL,WB,KOLKATA,Q
WBENG03317,JOURNAL OF INDIAN ASSOCIAN OF PAEDIATRIC SURGEONS,nan,63975.0,63975/ 96,INDIAN ASSOCIATION OF PADIATRIC,WB,KOLKATA,Q
WBENG02229,INDIAN MINERALS,इंडियन मिनरल्स,2812.0,2812/ 57,GEOLOGICAL SURVEY OF INDIA,WB,KOLKATA,Q
WBENG00990,INDIAN JOURNAL OF CANCER CHEMOTHERAPY,nan,34957.0,34957/ 79,INDIAN ASSOCIATION OF CANER CHEMOTHERAPISTS,WB,KOLKATA,Q
WBENG00682,G E C INDIAN NEWS,nan,24630.0,24630/ 73,GENERAL ELECTRIC COMPANY OF INDIA,WB,KOLKATA,Q
WBENG03322,INDIAN JOURNAL OF CRYOGENICS,nan,30214.0,30214/ 77,INDIAN CRYOGENICS COUNCIL,WB,KOLKATA,Q
WBENG00909,INDIAN JOURNAL OF LIBRARY SCIENCE,nan,35017.0,35017/ 78,INSTITUTE OF LIBRARIANS,WB,KOLKATA,Q
WBENG00874,INDIA IN INDUSTRIES,nan,8588.0,8588/ 63,OXFORD BOOK AND STATIONERY CO.,WB,KOLKATA,Q
WBENG02453,INDIAN PRINT & PAPER,इंडियन प्रिंट एंड पेपर,2910.0,2910/ 58,SHIMWELL & BROS. CALCUTTA PVT. LTD.,WB,KOLKATA,Q
WBENG03323,INDIAN JOURNAL OF INDUSTRIAL MEDICINE,nan,13861.0,13861/ 61,THE SOCIETY FOR THE STUDY OF INDUSTRIAL MEDICINE INDIA,WB,KOLKATA,Q
WBENG02556,ALL INDIA RACING RECORD,nan,5229.0,5229/ 60,MOLIN PRESS PVT. LTD.,WB,KOLKATA,Q
WBBIL01578,INDIAN LIFE UNDERWRITER,nan,98407.0,WBBIL/2008/25850,LIFE INSURANCE AGENT'S FEDERATION OF INDIA,WB,KOLKATA,Q
WBHIN01211,INDIAN TUBE PATRIKA,nan,32701.0,32701/ 76,THE INDIAN TUBE COMPANY LTD,WB,KOLKATA,Q
WBENG01164,JOURNAL OF INDIAN INSTITUTE OF ASTROLOGY,nan,42025.0,42025/ 81,INDIAN INSTITUTE OF ASTROLOGY,WB,KOLKATA,Q
WBENG00922,INDIAN LIBRARY SCIENCE ABSTRACTS,nan,18220.0,18220/ 69,INDIAN ASSOCIATION OF SPECIAL LIBRARIES AND INFORMATION CENTERS (IASLIC),WB,KOLKATA,Q
WBENG02054,VOICE OF THE FEDERATION OF BANK OF INDIA OFFICERS ASSOCIATION,nan,34798.0,34798/ 78,THE FEDERATION OF BANK OF INDIA OFFICERS ASSOCIATION,WB,KOLKATA,Q
WBENG02799,INDIAN JOURNAL OF PUBLIC HEALTH,nan,8502.0,8502/ 67,INDIA PUBLIC HEALTH ASSOCIATION.,WB,KOLKATA,Q
WBENG02454,INDIAN STUDIES PAST AND PRESENT,इंडियन स्टडीज पास्ट एंड प्रेजेंट,5161.0,5161/ 59,RAM KRISHNA MAITRA,WB,KOLKATA,Q
WBENG03320,INDIAN FILM CULTURE,nan,5401.0,5401/ 62,FEDERATION OF FILM SOCIETIES OF INDIA,WB,KOLKATA,Q
WBENG01005,INDIAN PORTS,nan,16597.0,16597/ 68,PORTS CONSULTATIVE ORGANIZATION,WB,KOLKATA,Q
WBENG03367,NEWSLETTER OF THE BENGAL REGIONAL BRANCH OF THE INDIAN INSTITUTE OF PUBLIC ADMNISTRATION,nan,34383.0,34383/ 81,WEST BENGAL REGIONAL BRANCH OF THE INDIAN INSTITUTE OF PUBLICK ADMINISTRATION,WB,KOLKATA,Q
WBENG00881,INDIAN CHEMICAL ENGINEER,nan,5004.0,5004/ 59,INDIAN INSTITUTE OF CHEMICAL ENGINEERS,WB,KOLKATA,Q
WBENG02449,INDIAN JOURNAL OF DERMATOLOGY,nan,2587.0,2587/ 57,JOURNAL OF COMMITTEE OF INDIAN JOURNAL OF DERMATOLOGY,WB,KOLKATA,Q
WBENG01015,INDIAN SHELLAC,nan,5384.0,5384/ 62,SHELLAC EXPORT PROMOTION COUNCIL,WB,KOLKATA,Q
WBENG04007,JOURNAL OF THE INDIAN ANTHROPOLOGICAL SOCIETY,nan,16482.0,16482/ 67,INDIAN ANTHROPOLOGICAL SOCIETY,WB,KOLKATA,THY
WBENG00039,ALL INDIA APPOINTMENT GAZETTE,nan,24619.0,24619/ 73,S.C.TALUKDAR,WB,KOLKATA,TWW
WBBEN10477,SWEET INDIA,nan,32907.0,32907/ 78,SAMIR GHOSH CHOUDHARY,WB,KOLKATA,W
WBENG02286,INDIAN FINANCE,nan,2526.0,2526/ 57,INDIAN FINANCIAL JOURNAL PVT LTD.,WB,KOLKATA,W
WBENG03383,PRESS CUTTING NEWS OF INDIA,nan,34978.0,34978/ 80,AMRENDRA KISHORE MAJUMDAR,WB,KOLKATA,W
WBENG03444,THE SUNDAY TIMES OF INDIA,द संडे टाइम्स ऑफ़ इंडिया,73514.0,WBENG/1999/00957,"BENNETT, COLEMAN & CO.LTD",WB,KOLKATA,W
WBENG02958,LACONIC WEEKLY OF INDIA,nan,53156.0,53156/ 93,DEBASISH MAJUMDAR,WB,KOLKATA,W
WBENG03501,NEWS CLIPPINGS SERVICE OF INDIA,nan,74896.0,WBENG/2000/02339,DIPANKAR MAITRA,WB,KOLKATA,W
WBENG03316,INDIA YESTERDAY,nan,43910.0,43910/ 84,AMITAVA SHARMA,WB,KOLKATA,W
WBENG00863,INDIAN ENGINEERING NEWS RECORD,nan,16577.0,16577/ 68,DR A K MUKHERJEE & SMT TULINA MUKHERJEE,WB,KOLKATA,W
WBENG00040,ALL INDIA AUCTION GAZETTE,nan,34943.0,34943/ 79,"TRADE INFORMATION CENTRE, KOLKATA",WB,KOLKATA,W
WBENG03324,INDIAN JOURNAL OF INDUSTRIAL MEDICINE,nan,37187.0,37187/ 80,INDIAN ASSOCIATION OF OCCUPATIONAL,WB,MUMBAI,D
WBENG04432,JOURNAL OF INDIAN ACADEMY OF OBSTETRICS AND GYNAECOLOGY,nan,151030.0,WBENG/2019/78475,KALYANI OBSTETRICS AND GYNAECOLOGICAL SOCIETY,WB,NADIA,HY
WBENG03335,JOURNAL OF THE INLAND FISHERIES SOCIETY OF INDIA,nan,18378.0,18378/ 70,INLAND FISHERIES SOCIETY OF INDIA,WB,NORTH 24 PARGANAS,A
WBENG02256,JOURNAL OF THE INDIAN APPRENTICE ENGINEERS,जर्नल ऑफ़ दि इंडियन अपरेंटिस इंजीनियर्स,2769.0,2769/ 57,INDIAN APPRENTICE ENGR. ASSOCIATION,WB,NORTH 24 PARGANAS,A
WBBIL00813,THE VOICE OF THE GRMAPHONE COMPANY OF INDIA P LTD,nan,5382.0,5382/ 58,THE GRAMOPHONE COMPANY OF INDIA P LTD,WB,NORTH 24 PARGANAS,Q
WBENG03836,CERAMICS INDIA INTERNATIONAL,CII,92732.0,WBENG/2006/20175,INSTITUTE OF TECHNOLOGY ENTREPRENERSHIP & MANAGEMENT,WB,NORTH 24 PARGANAS,Q
WBENG04060,KINDLE INDIA,किंडल इंडिया,108668.0,WBENG/2010/36111,PRITHA KEJRIWAI,WB,NORTH TWENTY FOUR PARGANAS,M
WBENG03963,OUTLINE OF INDIA,आउटलाइन ऑफ़ इंडिया,101791.0,WBENG/2009/29234,CHANDAN BASU,WB,NORTH TWENTY FOUR PARGANAS,Q
WBBEN14185,THE GREAT INDIA TIMES,nan,113445.0,WBBEN/2011/40888,SUSANTA SARKAR,WB,NORTH TWENTY FOUR PARGANAS,W
WBENG04237,THE ECHO OF INDIA,nan,122489.0,WBENG/2013/49934,ASISH LAHA,WB,SILIGURI,D
WBURD00546,SALUTE INDIA,nan,,nan,SARDAR KUMAR ARYAN DHAR MOHAPATRA,WB,SOUTH 24 PARGANAS,D
WBENG04478,THE INDIAN LAW READY REFERENCE,nan,,nan,ALOKE BANERJEE,WB,SOUTH 24 PARGANAS,M
WBBEN12816,INDIA DOOT,INDIA DOOT,92107.0,WBBEN/2006/19550,MITA GHOSH,WB,SOUTH 24 PARGANAS,M
WBBEN16007,INDIA BENEFICIARY TIMES,nan,,nan,NEW LIFE BENEFICIAL & CHARITABLE TRUST,WB,SOUTH 24 PARGANAS,M
WBHIN01611,INFO INDIA,इंफो इंडिया,128825.0,WBHIN/2014/56270,ASISH LAHA,WB,SOUTH TWENTY FOUR PARGANAS,D
WBBEN14600,NATURE INDIAN,nan,120401.0,WBBEN/2013/47844,NANDINI GUPTA,WB,SOUTH TWENTY FOUR PARGANAS,F
WBENG04116,INDIA BEATS,इंडिया बीट्स,106804.0,WBENG/2010/34247,VISHAL PANDEY,WB,SOUTH TWENTY FOUR PARGANAS,M
WBBIL01614,ART OF INDIA,आर्ट ऑफ़ इंडिया,101894.0,WBBIL/2009/29337,SANTOSH BOSE,WB,SOUTH TWENTY FOUR PARGANAS,M
WBENG03866,METALS AND MINERALS OF INDIA,मैटल्स् एण्ड मिनेरल्स् ऑफ इंडिया,92929.0,WBENG/2007/20372,S.K. PANDEY,WB,SOUTH TWENTY FOUR PARGANAS,M
WBENG04196,HOTEL JOB IN INDIA,nan,120494.0,WBENG/2012/47938,MOLOY MALLIK,WB,SOUTH TWENTY FOUR PARGANAS,M
WBENG04124,INDIAN JOURNAL OF PERINATOLOGY AND REPRODUCTIVE BIOLOGY,nan,111613.0,WBENG/2010/39056,INDIAN SOCIETY OF PERINATOLOGY AND REPRODUCTIVE BIOLOGY,WB,SOUTH TWENTY FOUR PARGANAS,Q
WBBIL01719,INDIAN PHOTO ARTS,nan,129470.0,WBBIL/2014/56915,PRASUN MAJUMDAR,WB,SOUTH TWENTY FOUR PARGANAS,Q
WBENG03964,ALL INDIA TENDER NEWS,आल इण्डिया टेण्डर न्यूज,96683.0,WBENG/2008/24126,MD. FAROOQUE AZAM,WB,SOUTH TWENTY FOUR PARGANAS,W
