Title-Code,Title Name,Hindi Title,Register Serial No,Regn No.,Owner Name,State,Publication City/District,Periodity
NOFHIN00557,KARNAL TODAY,करनाल टुडे,51574.0,51574/ 93,NOF,nan,nan,F
ANDENG00151,TODAY TIMES,टुडे टाइम्स,125860.0,ANDENG/2013/53305,PRADEEP KUMAR,AND,PORT BLAIR,D
ANDENG00010,ANDAMAN TODAY,अंडमान टुडे,40891.0,40891/ 88,T.THANGA SWAMY,AND,SOUTH ANDAMAN/ PORT BLAIR,F
APTEL12212,RAYALASEEMA TODAY,nan,110796.0,APTEL/2011/38239,G. SREENATH REDDY,AP,ANANTAPUR,M
APTEL14584,TODAY AMRAVATHI,टुडे अमरावती,136795.0,APTEL/2015/64240,B RAGHUNATHA REDDY,AP,ANANTAPUR,M
APTEL14586,PURAPALAKA TODAY,nan,136273.0,APTEL/2015/63718,KOTHAPALLI ANIL KUMAR REDDY,AP,ANANTAPUR,M
APTEL12098,PUBLIC TODAY,nan,112163.0,APTEL/2011/39606,N. JAYARAMULU,AP,ANANTAPUR,M
APTEL16145,TADIPATRI TODAY,nan,154336.0,APTEL/2022/81781,VELURU RAMADEVI,AP,ANANTAPUR,W
APTEL16197,PRAJA TODAY,nan,,nan,M MAHABOOB BASHA,AP,ANANTAPUR,W
APTEL11831,TODAY CITY,nan,118361.0,APTEL/2012/45804,V.V.RAMANA REDDY,AP,CHITTOOR,F
APTEL16112,THE TELEGRAM TODAY,nan,,nan,KONDURU VENKATESH,AP,CHITTOOR/ TIRUPATI,D
APTEL08541,RURAL TODAY,nan,86603.0,APTEL/2004/14046,S.VENKATA RAMANA,AP,EAST GODAVARI,D
APTEL13347,INDIA NEWS TODAY,nan,121150.0,APTEL/2012/48595,SANGINEEDI SITARAM,AP,EAST GODAVARI,D
APTEL12319,INDIA NEWS TODAY,nan,111391.0,APTEL/2011/38834,SANGINEEDI SITARAM,AP,EAST GODAVARI,M
APTEL04515,TODAY CHRISTIAN,nan,52966.0,52966/ 94,RAJA KUMAR GULLA,AP,EAST GODAVARI/ RAJAHMUNDRY,M
APTEL14592,GUNTUR TODAY,गुंटूर टुडे,138167.0,APTEL/2015/65612,CHALLA SRINIVASA RAO,AP,GUNTUR,D
APTEL11651,TODAY JOURNALIST,टुडे जर्नलिस्ट,105436.0,APTEL/2010/32879,UPPALA SRINIVASA RAO,AP,GUNTUR,D
APTEL13187,VOICE TODAY,nan,120454.0,APTEL/2012/47897,KOLUSU VENKATA SIVA KUMAR,AP,GUNTUR,D
APTEL15442,DELTA TODAY,nan,150107.0,APTEL/2019/77552,BALINEDI HARI BABU,AP,GUNTUR,D
APTEL15328,REVENUE TODAY,nan,146863.0,APTEL/2017/74308,GUNTUPALLI CHANDRA MOULI,AP,GUNTUR,M
APTEL13393,CRIME TODAY A P,nan,123371.0,APTEL/2013/50816,GENTAPOGUE STEEVEN BABU,AP,GUNTUR,M
APTEL08360,ANDHRA TODAY,nan,85167.0,APTEL/2004/12610,BEJJAM SAI PRASAD,AP,GUNTUR,W
APENG03296,TIDING TODAY,nan,115975.0,APENG/2012/43418,MOHAMMED JAMEEL AKTHAR,AP,HYDERABAD,D
APURD01935,FLASH TODAY,nan,118640.0,APURD/2012/46083,SARWAR JAHAN,AP,HYDERABAD,D
APTEL13734,MEDIA TODAY,nan,125393.0,APTEL/2013/52838,ANKATHI RAJKUMAR,AP,HYDERABAD,D
APHIN00335,MANNAT TODAY,nan,125338.0,TELHIN/2013/52783,S. SANDDEP SINGH,AP,HYDERABAD,D
APTEL14890,MIRROR TODAY,मिरर टुडे,138217.0,TELTEL/2015/65662,G JYOTHSNA,AP,HYDERABAD,D
APTEL11435,VASAVI TODAY,वासवी टुडे,106793.0,APTEL/2010/34236,Y.R. GUPTA,AP,HYDERABAD,M
APTEL13434,TODAYS AGRICULTURE,nan,122616.0,APTEL/2013/50061,Y. SRIDEVI,AP,HYDERABAD,M
APTEL13564,POLICE TODAY,nan,124051.0,APTEL/2013/51496,V. SHANKARA SHARMA,AP,HYDERABAD,M
APENG03046,FLASH TODAY,फ़्लैश टुडे,100268.0,APENG/2006/27711,SARWAR JEHAN,AP,HYDERABAD,M
APTEL11726,MEDIA TODAY,nan,114436.0,APTEL/2011/41879,ANKATHI RAJKUMAR,AP,HYDERABAD,M
APTEL12105,HOMOEO TODAY,nan,110380.0,APTEL/2011/37823,R.D.S. PRAKASH,AP,HYDERABAD,M
APENG03292,KRANTI TODAY,क्रांति टुडे,113786.0,APENG/2011/41229,SYED KARRAR ALI KHAN,AP,HYDERABAD,M
APTEL11348,MIRROR TODAY,nan,113432.0,APTEL/2010/40875,G JYOTHSNA,AP,HYDERABAD,M
APENG02867,EDUCATION TODAY,एजुकेशन टुडे,102422.0,APENG/2008/29865,S.M. ZEESHAN ABBAS RAZVI,AP,HYDERABAD,W
APURD01890,FLASH TODAY,nan,114747.0,APURD/2011/42190,SARWAR JAHAN,AP,HYDERABAD,W
APTEL05876,PSYCHOLOGY TODAY,nan,72941.0,APTEL/1999/00384,G.KRISHNA KUMARI,AP,KAKINADA,M
APTEL10112,LOCAL NEWS TODAY,लोकल न्‍यूज टुडे,94710.0,APTEL/2007/22153,V. RAMU,AP,KARIMNAGAR,W
APTEL13541,TIME TODAY,टाइम टुडे,135508.0,TELTEL/2014/62953,K.L.R. MAHARSHI,AP,KHAMMAM,D
APTEL10708,KHAMMAM TODAY,खम्मम टुडे,103114.0,APTEL/2009/30557,J. KUTUMBA RAO,AP,KHAMMAM,W
APENG02055,TODAY FREEDOM,nan,62984.0,62984/ 95,B.DEVADAS,AP,KRISHNA,D
APENG02753,PROFIT TODAY,प्रौफिट टुडे,94987.0,APENG/2007/22430,NITIN K. PAREKH,AP,KRISHNA(VIJAYAWAD),M
APBIL14857,JANATHA TODAY,nan,157011.0,APBIL/2022/84456,VADAPALLI S M PUSHKAR KUMAR,AP,KRISHNA/ MACHILIPATNAM,F
APTEL03704,MILLING TODAY,nan,52848.0,52848/ 93,S.K. SUBANI,AP,KRISHNA/ VIJAYWADA,F
APTEL02838,TODAY POLITICS,nan,44822.0,44822/ 85,AVUTHU AJAY KUMAR,AP,KRISHNA/ VIJAYWADA,F
APTEL04497,HEALTH TODAY,nan,65712.0,65712/ 96,DR. A.PARAMANANDA PRASAD BABU,AP,KRISHNA/ VIJAYWADA,M
APTEL04268,LAW TODAY,nan,62294.0,62294/ 93,BEERAM SUBHA RAO,AP,KRISHNA/ VIJAYWADA,W
APTEL16169,TODAY PALLE SAKSHI,nan,154592.0,APTEL/2022/82037,VADDE LINGAMURTHY,AP,KURNOOL,D
APTEL14338,TELUGU STAR TODAY,nan,131610.0,APTEL/2014/59055,RAZIA BI,AP,KURNOOL,D
APTEL16537,KEERTHI TODAY,nan,,nan,PANUGANTI SRINIVASULU,AP,KURNOOL,M
APTEL11735,TELUGU STAR TODAY,तेलुगु स्टार टुडे,108424.0,APTEL/2010/35867,RAZIA BI,AP,KURNOOL,W
APTEL13103,PALAMOOR TODAY,पालमूर टुडे,137668.0,TELTEL/2015/65113,KAVALI NARSIMHA,AP,MAHBUBNAGAR,W
APENG03159,TODAY NALGONDA,टुडे नलगोंडा,108150.0,APENG/2010/35593,GANGADARI VENKATESHWARLU,AP,NALGONDA,D
APTEL13909,MEDIA TODAY,nan,127020.0,APTEL/2013/54465,ANKATHI RAJKUMAR,AP,NALGONDA,D
APTEL13746,HANSINI TODAY,nan,125624.0,APTEL/2013/53069,BADE RAMARAO,AP,NALGONDA,D
APTEL13432,HANSINI TODAY,nan,122559.0,APTEL/2013/50004,BADE RAMARAO,AP,NALGONDA,M
APTEL15846,SIMHAPURI TODAY,nan,151529.0,TEL/2019/78974,SHAIK GHOUSE BASHA,AP,NELLORE,D
APTEL16248,SHAKTHI TODAY,nan,157999.0,APTEL/2022/85444,BUDURU MALLIKARJUNA,AP,NELLORE,M
APTEL14752,INSURANCE TODAY,nan,144493.0,APTEL/2017/71938,SARVEPALLI KOTESWARA RAO,AP,NELLORE,M
APTEL16546,SIMHAPURI TODAY,nan,159445.0,APTEL/2022/86890,SHAIK GHOUSE BASHA,AP,PRAKASAM,D
APENG02726,HYDERABAD TODAY,हैदराबाद टुडे,96757.0,APENG/2008/24200,AMBADIPUDI SATYANARAYANA MURTHY,AP,RAJAHMUNDRY (EAST GODAVARI),D
APBIL01651,YADAV TODAY,यादव टुडे,103231.0,APBIL/2009/30674,B. KALAVATHI,AP,RANGAREDDY,BM
APTEL12101,GOODS AND SERVICE TAX TODAY,nan,107684.0,APTEL/2010/35127,K. MITHUNCHAKRAVARTHY,AP,RANGAREDDY,D
APTEL10806,NEETI PRAJALA CHAITHANYAM KOSAM VAARTHA TODAY,NEETI PRAJALA CHAITHANYAM KOSAM VAARTHA TODAY,102671.0,TELTEL/2009/30114,CHINNALA SRIKANTH,AP,RANGAREDDY,D
APENG03342,GOODS AND SERVICE TAX TODAY,nan,117218.0,APENG/2012/44661,K.MITHUNCHAKRAVARTHY,AP,RANGAREDDY,D
APBIL01840,OBC TODAY,nan,119404.0,APBIL/2012/46847,P.LAVANYA,AP,RANGAREDDY,M
APTEL11339,GOODS AND SERVICE TAX TODAY,गुड्स एंड सर्विस टैक्स टुडे,102452.0,APTEL/2009/29895,K. MITHUNCHAKRAVARTHY,AP,RANGAREDDY,M
APENG03358,GOODS AND SERVICES TAX TODAY,nan,118194.0,APENG/2012/45637,MITHUNCHAKRAVARTHY,AP,RANGAREDDY,M
APTEL14685,UDDANAM NEWS TODAY,nan,142021.0,APTEL/2016/69466,BAVANA SRIKANTH,AP,SRIKAKULAM,D
APTEL15292,SIKKOLU TODAY,nan,144035.0,APTEL/2017/71480,GAJJI SHANMUKHARAO,AP,SRIKAKULAM,D
APTEL16166,SRIKAKULAM TODAY,nan,,nan,AMPILI SANKARA RAO,AP,SRIKAKULAM,W
APTEL16339,SIMHAPURI TODAY,nan,156737.0,APTEL/2022/84182,SHAIK GHOUSE BASHA,AP,TIRUPATHI,D
APTEL06013,LAW TODAY,nan,52860.0,52860/ 93,NOT GIVEN,AP,VIJAYAWADA,W
APTEL14899,MIRROR TODAY,nan,144359.0,APTEL/2016/71804,G.JYOTHSNA,AP,VISAKHAPATNAM,D
APTEL16242,ANAKAPALLI TODAY,nan,160155.0,APTEL/2023/87600,NAMMI SRINU,AP,VISAKHAPATNAM,D
APTEL09517,GREATER TODAY,ग्रेटर टुडे,90955.0,TEL/2006/18398,M.K.M. MOHANARAO,AP,VISAKHAPATNAM,D
APTEL08160,JUSTICE TODAY,जस्žटिžस टूडे,83879.0,APTEL/2003/11322,K.SWATHI,AP,VISAKHAPATNAM,D
APTEL14820,EXPRESS TODAY,एक्सप्रेस टुडे,137524.0,UR,SASHI B.S.S.,AP,VISAKHAPATNAM,D
APTEL11068,NIGHA TODAY,NIGHA TODAY,102817.0,APTEL/2009/30260,SAPPARAPU VIJAYA BALA KUMAR,AP,VISAKHAPATNAM,DE
APTEL10680,VISAKHA TODAY,विशाखा टुडे,101758.0,APTEL/2009/29201,S. VIJAYA GOWRI,AP,VISAKHAPATNAM,DE
APTEL13582,EXPRESS TODAY,nan,132227.0,UR,SASHI B.S.S.,AP,VISAKHAPATNAM,M
APBIL01855,MIRACLE TODAY,nan,121148.0,APBIL/2013/48593,SAMUEL KARMOJI,AP,VISAKHAPATNAM,M
APENG02407,PARAPSYCHOLOGY TODAY,nan,81649.0,APENG/2002/00092,INDIAN PSYCHICAL RESEARCH SOCIETY,AP,VISAKHAPATNAM,M
APTEL16380,PEN TODAY,nan,160614.0,APTEL/2023/88059,BUDIREDDY LAKSHMI,AP,VISAKHAPATNAM,M
APTEL13552,TODAY NEWS HEADLINES,nan,126878.0,APTEL/2013/54323,KODAMANCHILI ESWARA CHANDRA VIDYA SAGAR,AP,VISAKHAPATNAM,M
APTEL13329,TODAY FOCUS,nan,125254.0,APTEL/2013/52699,BUDDHA MOHAN RAO,AP,VISAKHAPATNAM,M
APTEL14354,GODAVARI TODAY,गोदावरी टुडे,135427.0,APTEL/2015/62872,SHAIK MOHAMMED MAHABOOB ALI,AP,VISAKHAPATNAM,W
APTEL07694,CHRISTIAN TODAY,nan,81838.0,APTEL/2002/09281,BANGARI GEORGE,AP,VISAKHAPATNAM,W
APTEL15493,VASISTA TODAY,nan,150311.0,APTEL/2019/77756,TATA RAO NUKELLA,AP,WEST GODAVARI,D
APTEL16446,VISWAM TODAY,nan,,nan,KUPPISETTI NAGA VARAPRASAD,AP,WEST GODAVARI,D
APTEL13264,EVANGELIST TODAY,nan,125625.0,APTEL/2013/53070,KONALA SAMUEL,AP,WEST GODAVARI,M
APTEL14181,VOICE NGO TODAY,nan,145049.0,APTEL/2015/72494,M. LAKSHMI NARAYANA RAJU,AP,YSR (KADAPA),M
ASSENG00425,THE EASTERN TODAY,दि ईस्टर्न टुडे,136760.0,ASSENG/2015/64205,NIKH KHOPI,ASS,DIBRUGARH,D
ASSENG00385,NORTH EAST EDUCATION TODAY,नार्थ ईस्ट एजुकेशन टुडे,122225.0,ASSENG/2013/49670,KHAYRUL BASHAR,ASS,GOALPARA,W
ASSENG00305,THE NORTH EAST COMPUTER TODAY,nan,90155.0,ASSENG/2006/17598,SANJAY AGARWALLA,ASS,GUWAHATI,F
BIHHIN03874,NEW NIRVAN TODAY,nan,71381.0,71381/ 99,NAVIN KUMAR VERMA,BIH,AURANGABAD,M
BIHHIN11930,JAMUI TODAY,nan,,nan,KUMAR NEHRU,BIH,JAMUI,M
BIHHIN04882,ROJGAAR NIVIDA TODAY,nan,67415.0,67415/ 95,KUMAR ABHISHEK,BIH,MUJAFFARPUR,F
BIHHIN11944,JOURNALISM TODAY,nan,,nan,YASMEEN RAHMANI,BIH,MUZAFFARPUR,D
BIHHIN05295,ANIVESH TODAY,अनिवेष टुडे,130316.0,BIHHIN/2014/57761,KRISHNA MOHAN PRASAD,BIH,MUZAFFARPUR,W
BIHHIN04543,MAHANAGAR TODAY,महानगर टुडे,84690.0,BIHHIN/2003/12133,BIPENDRA KUMAR,BIH,PATNA,D
BIHENG00683,MASSES TODAY,nan,159213.0,BIHENG/2023/86658,MD ALAMGIR,BIH,PATNA,D
BIHHIN04565,BIHAR TODAY,nan,83491.0,BIHHIN/2003/10934,RITESH KUMAR SINGH,BIH,PATNA,M
BIHHIN04578,HARE KRISHNA TODAY,हरे कृष्‍ण टुडे,89960.0,BIHHIN/2006/17403,"INT. SOCIETY FOR KRISHNA CONSCIOUSNESS,",BIH,PATNA,M
BIHENG00591,STUDY TODAY,nan,89150.0,BIHENG/2006/16593,AJIT KUMAR,BIH,PATNA,M
BIHHIN11881,INDIAN CULTURE TODAY,nan,,nan,KUMAR ANUPAM SINHA,BIH,PATNA,M
BIHHIN05323,JANPATH NEWS TODAY,जनपथ न्यूज़ टुडे,133693.0,BIHHIN/2015/61138,RUBY KUMARI,BIH,SAHARSA,M
BIHHIN03678,SARAN TODAY,nan,61827.0,61827/ 95,ASHUTOSH KUMAR,BIH,SARAN,W
BIHHIN05203,HADKAMP TODAY,nan,126698.0,BIHHIN/2013/54143,ANANDI DEVI,BIH,SIWAN,M
BIHHIN05134,MANAVADHIKAR TODAY,मानवाधिकार टुडे,128222.0,BIHHIN/2013/55667,SHASHI BHUSHAN KUMAR,BIH,VAISHALI,Q
CHABIL00172,ASTROLOGICAL SCIENCES TODAY,एस्ट्रालाजिकल साईंसेस टुडे,91264.0,CHABIL/2006/18707,ARUN PUBLISHING HOUSE(P)LTD.,CHA,CHANDIGARH,BM
CHAENG01014,JOURNAL ON TODAYS IDEAS TOMORROW'S TECHNOLOGIES,nan,123790.0,CHAENG/2013/51235,CHITKARA UNIVERSITY,CHA,CHANDIGARH,HY
CHAENG00475,KARNATAKA JUDGEMENTS TODAY,nan,68657.0,68657/ 96,HARMINDER SINGH CHAWLA,CHA,CHANDIGARH,M
CHAENG00868,LABOUR LAW TODAY,लेबर लॉ टूडे,96149.0,CHAENG/2007/23592,"LABOUR COMMISSIONER, HARYANA",CHA,CHANDIGARH,M
CHAENG00006,ADULTERATION TODAY,nan,46633.0,46633/ 88,M/S GARG PUBLICATION,CHA,CHANDIGARH,M
CHAENG00053,CHANDIGARH TODAY,चंडीगढ़ टुडे,46851.0,46851/ 90,CHARANJIT SINGH,CHA,CHANDIGARH,W
CHHHIN17484,NAGARNAR TODAY,nan,,nan,SUNIL PANDEY,CHH,BASTAR,BM
CHHBIL01014,GEOGRAPHERS TODAY,nan,,nan,CHHATTISGARH BHOOGOL PARISHAD,CHH,BILASPUR,A
CHHHIN17609,BILASPUR TODAY,बिलासपुर टुडे,160103.0,CHHHIN/2023/87548,MEENA TIWARI,CHH,BILASPUR,D
CHHHIN03022,CHHATTISGARH TODAY,nan,107461.0,CHHHIN/2010/34904,BHUPESH OJHA,CHH,BILASPUR,M
CHHHIN17129,GUNJ TODAY,nan,,nan,VIVEK LAXMEY,CHH,BILASPUR,M
CHHHIN15415,PRAYAG TODAY,nan,120011.0,CHHHIN/2012/47454,PRAFULL SHARMA,CHH,DURG,M
CHHHIN16996,JANTA TIMES TODAY,nan,,UR,MANNA SEN,CHH,DURG,M
CHHBIL00850,SANCHAR TODAY,nan,110544.0,CHHBIL/2011/37987,D.S. AHLUWALIYA,CHH,DURG,W
CHHHIN16743,BHILAI TODAY,nan,62278.0,62278/ 95,KUSUM AGGARWAL,CHH,DURG,W
CHHHIN03240,JANADHAR TODAY,nan,114583.0,CHHHIN/2011/42026,KALYAN SINGH,CHH,KORIYA,M
CHHENG00398,RAIGARH TODAY,nan,110927.0,CHHENG/2009/38370,BHARAT TRIPATHI,CHH,RAIGARH,W
CHHHIN16842,CHRONICLE TODAY,क्रॉनिकल टुडे,140600.0,CHHHIN/2016/68045,SAJIV BISWAS,CHH,RAIPUR,D
CHHHIN17256,CITY TODAY,nan,,UR,SATISH PIMPLE,CHH,RAIPUR,D
CHHHIN15466,PRADESH TODAY,nan,115387.0,CHHHIN/2012/42830,HRADAYESH DIXIT,CHH,RAIPUR,D
CHHHIN00051,TAX TODAY,nan,78234.0,CHHHIN/2001/05677,SATISH SHRIVASTAV,CHH,RAIPUR,F
CHHHIN01515,RAIPUR TODAY,रायपुर टुडे,96369.0,CHHHIN/2006/23812,SUBHASH SHARMA,CHH,RAIPUR,M
CHHBIL01019,THE EDITION TODAY,nan,151327.0,CHHBIL/2020/78772,OMPRAKASH DEWANGAN,CHH,RAIPUR,M
CHHHIN16099,AKSHAY TODAY,अक्षय टुडे,139771.0,CHHHIN/2015/67216,AAROH COMMUNICATIONS,CHH,RAIPUR,M
CHHHIN02090,PANDIT DEENDAYAL UPADHYAY MISSION TODAY,पंडित दीनदयाल उपाध्याय मिशन टुडे,103429.0,CHHHIN/2008/30872,M.U. CHOWDHRY,CHH,RAIPUR,OP
CHHHIN02119,HAMAR SUNTODAY,हमर सन टुडे,96469.0,CHHHIN/2008/23912,KISHOR SHILLEDAR,CHH,RAJNANDGAON,W
DNHHIN00030,UT TODAY,nan,126254.0,DNHHIN/2013/53699,NIRAJ SANJAY SHUKLA,DD,SILVASSA,D
DELHIN15891,INDIA TODAY,nan,59399.0,59399/ 94,LIVING MEDIA INDIA LTD,DEL,DELHI,A
DELGUJ00069,INDIA TODAY,nan,65023.0,65023/ 96,LIVING MEDIA INDIA LTD.,DEL,DELHI,A
DELTEL00053,INDIA TODAY,nan,57338.0,57338/ 94,LIVING MEDIA INDIA LTD.,DEL,DELHI,A
DELTAM00063,INDIA TODAY,nan,57400.0,57400/ 94,LIVING MEDIA INDIA LTD,DEL,DELHI,A
DELENG07700,COMMUNICATIONS TODAY,कम्युनिकेशन्स टुडे,57380.0,57380/ 94,M/S ADI MEDIA PVT. LTD.,DEL,DELHI,BM
DELENG06088,TRAVEL TODAY,nan,47288.0,47288/ 88,MEERA GUPTA,DEL,DELHI,BM
DELENG18003,FORGINGS TODAY,nan,112569.0,DELENG/2011/40012,RAJENDRA KUMAR JAIN,DEL,DELHI,BM
DELHIN11330,AYURVED TODAY,nan,79808.0,DELHIN/2002/07251,SANJEEV KUMAR,DEL,DELHI,BM
DELENG12330,INDIAN MEDICAL & PHARMACEUTICAL TODAY JOURNAL,nan,78019.0,DELENG/2001/05462,JAIDEV SINGH,DEL,DELHI,BM
DELENG11157,HFI EDUCATION TODAY SPECIAL,एचएफआई एजुकेशन टुडे स्पेशल,66135.0,66135/ 96,M.GULAB SINGH & SONS (PVT) LTD.,DEL,DELHI,BM
DELENG17565,"INDIA: YESTERDAY, TODAY AND TOMORROW",nan,107782.0,DELENG/2010/35225,D.L. KALRA,DEL,DELHI,BM
DELMAI00034,MITHILANCHAL TODAY,nan,117896.0,DELMAI/2012/45339,KRISHAN KUMAR ROY,DEL,DELHI,BM
DELENG07615,CHEMISTRY TODAY,nan,53544.0,53544/ 91,MAHABIR SINGH,DEL,DELHI,BM
DELENG17720,PRAKASHDEEP AYURVEDA TODAY,प्रकाशदीप आयुर्वेद टुडे,112199.0,DELENG/2010/39642,HOLISTIC AYURVEDA PRIVATE LIMITED,DEL,DELHI,BM
DELENG10144,CARDIOLOGY TODAY,nan,66903.0,66903/ 97,MEDIWORLD PUBLICATION PVT. LTD.,DEL,DELHI,BM
DELENG14705,STAMPS TODAY,सब न्žयूज,91442.0,DELENG/2005/18885,"VIJAY SETH S-331, GREATER KAILASH-I,",DEL,DELHI,BM
DELHIN27680,AGRA KHOJ TODAY,अग्र खोज टुडे,127160.0,DELHIN/2014/54605,MEENAKSHI GOYAL,DEL,DELHI,BM
DELENG10984,BOOKS TODAY,बुक्स टुडे,70998.0,70998/ 99,LIVING MEDIA INDIA LTD.,DEL,DELHI,BM
DELENG00132,AGRICULTURAL ENGINEERING TODAY,nan,28688.0,28688/ 76,"INDIAN SOCIETY OF AGRICULTURAL ENGINEERS, DELHI",DEL,DELHI,BM
DELENG14537,DESIGNER INSIDE TODAY,nan,88038.0,DELENG/2005/15481,S.C.RAMOLA,DEL,DELHI,BM
DELENG10330,PHARMATRENDZ TODAY,nan,67607.0,67607/ 97,MEDIWORLD PUBLICATIONS PVT. LTD.,DEL,DELHI,BM
DELENG14689,ENERGY TODAY,nan,87932.0,DELENG/2005/15375,KEDAR NATH SHARMA,DEL,DELHI,BM
DELENG15412,AEROMODELLING TODAY,nan,95187.0,DELENG/2007/22630,DELHI INSTITUTE OF AEROMODELLING,DEL,DELHI,BM
DELENG12120,OPHTHALMOLOGY TODAY,nan,75134.0,DELENG/2000/02577,MEDIWORLD PUBLICATION PVT.LTD,DEL,DELHI,BM
DELHIN27797,VIVIDH TODAY,विविध टुडे,131281.0,DELHIN/2014/58726,SEEMANT SHUKLA,DEL,DELHI,D
DELHIN27149,ADARSH TODAY,nan,114492.0,DELHIN/2012/41935,AWADHESH KUMAR,DEL,DELHI,D
DELHIN27412,JOURNALISM TODAY,nan,121425.0,DELHIN/2013/48870,YASMEEN RAHMANI,DEL,DELHI,D
DELHIN27348,NCR TODAY,nan,124343.0,DELHIN/2013/51788,ASHA SHARMA,DEL,DELHI,D
DELENG07268,TENDERS TODAY,nan,12759.0,12759/ 66,S. AGNANI,DEL,DELHI,D
DELHIN16488,FIZA TODAY,nan,110754.0,DELHIN/2011/38197,LATIF AHMAD KHAN,DEL,DELHI,D
DELHIN27934,LIVE TODAY,लाईव टुडे,134198.0,DELHIN/2015/61643,GROUP MEDIA PVT. LTD.,DEL,DELHI,D
DELENG10518,SUPREME LAWS TODAY,nan,67464.0,67464/ 98,PRADEEP BAHL,DEL,DELHI,D
DELURD03069,NAAZ TODAY,नाज़ टुडे,130798.0,DELURD/2014/58243,MD. SHAMIMUR RAHMAN,DEL,DELHI,D
DELENG18386,TODAY TIMES,nan,119478.0,DELENG/2012/46921,PRADEEP KUMAR,DEL,DELHI,D
DELENG18239,LADAKH TODAY,लदाख टुडे,122538.0,DELENG/2013/49983,SANKATHA PD. SINGH,DEL,DELHI,D
DELENG18777,MILLENIUM TODAY,nan,137917.0,DELENG/2015/65362,BRAJ BHUSHAN RAI,DEL,DELHI,D
DELENG13579,TODAY,टूडे,81623.0,DELENG/2002/09066,LIVING MEDIA INDIA,DEL,DELHI,D
DELHIN27843,MILAN TODAY,मिलन टूडे,127930.0,DELHIN/2014/55375,RAZAUR RAHMAN,DEL,DELHI,D
DELURD02957,URDU SAMAJ TODAY,nan,116895.0,DELURD/2012/44338,NOOR JAHAN,DEL,DELHI,D
DELURD03013,MILAN TODAY,nan,126231.0,DELURD/2013/53676,RAZAUR RAHMAN,DEL,DELHI,D
DELHIN16259,RADIANT TODAY,nan,109910.0,DELHIN/2010/37353,NAVIN GOEL,DEL,DELHI,D
DELENG03475,THE JUDGEMENTS TODAY,nan,45910.0,45910/ 86,"TAXATION PUBLICHERS (P) LTD,",DEL,DELHI,D
DELHIN16130,TODAY JUNOON,टुडे जूनून,104224.0,DELHIN/2010/31667,M/S. SUPERIOR PRINTERS AND PUBLICATION,DEL,DELHI,D
DELHIN28315,BRIGHT TODAY,ब्राइट टुडे,139409.0,DELHIN/2016/66854,ABID QURAISHI,DEL,DELHI,D
DELENG18587,MASSES TODAY,nan,127157.0,DELENG/2013/54602,MD. ALAMGIR,DEL,DELHI,D
DELHIN27881,SADBHAWNA TODAY,सदभावना टुडे,130713.0,DELHIN/2014/58158,SAIFULLAH SIDDIQUE,DEL,DELHI,D
DELHIN16096,NIRMANAM TODAY,निर्माणम् टुडे,101374.0,DELHIN/2009/28817,SACHIN SETH,DEL,DELHI,D
DELHIN27637,PRADESH TODAY,प्रदेश टुडे,128581.0,DELHIN/2013/56026,HRADAYESH DIXIT,DEL,DELHI,D
DELENG09648,SUPREME TODAY,सुप्रीम टुडे,62932.0,62932/ 95,VIKAS NIJHAWAN,DEL,DELHI,D
DELHIN07148,ILLUSTRATED MEDIA TODAY,nan,65406.0,65406/ 96,SUNIL TRIPATHI,DEL,DELHI,D
DELENG16367,MAIL TODAY,मेल टुडे,94479.0,DELENG/2007/21922,T.V. TODAY NETWORK LIMITED,DEL,DELHI,D
DELENG15898,TRACK TODAY,ट्रैक टुडे,92516.0,DELENG/2007/19959,SUDHIR KUMAR,DEL,DELHI,F
DELENG15365,TODAY HI TODAY,टूडे ही टूडे,89935.0,DELENG/2006/17378,RAJESH KUMAR JAIN,DEL,DELHI,F
DELHIN14402,HINDUSTAN TODAY,हिžन्žदुस्žतान,90981.0,DELHIN/2007/18424,SYED NUSRAT ALI,DEL,DELHI,F
DELENG01546,DISNEY TODAY,nan,47229.0,47229/ 87,LIVING MEDIA INDIA PVT. LTD.,DEL,DELHI,F
DELENG07552,BUSINESS TODAY,बिज़नेस टुडे,53481.0,53481/ 92,LIVING MEDIA INDIA LTD.,DEL,DELHI,F
DELHIN28681,RAJRANG TODAY,राजरंग टुडे,144215.0,DELHIN/2017/71660,DR.ASHOK CHOUDHARY,DEL,DELHI,F
DELENG01053,COMPETITION TODAY,nan,34668.0,34668/ 80,MEENA MULHUKAR,DEL,DELHI,F
DELHIN01864,INDIA GAPS TODAY,nan,49157.0,49157/ 89,OM SHARMA,DEL,DELHI,F
DELBIL05323,THE CARRIERS TODAY,nan,57216.0,57216/ 93,BHARTI SACHDEVA,DEL,DELHI,F
DELENG14449,TAXMAN'S CHARTERED ACCOUNTANTS TODAY,nan,86380.0,DELENG/2004/13823,M/S TAXMANN ALLIED SERVICES PVT LTD,DEL,DELHI,F
DELENG15606,TODAY AND TONIGHT,टुडे,93099.0,DELENG/2007/20542,M.H. GENTLE,DEL,DELHI,F
DELHIN14171,CONSTRUCTIONS TODAY,कंस्ट्रक्शनस टुडे,95544.0,DELHIN/2007/22987,DINESH KUMAR TYAGI,DEL,DELHI,F
DELHIN01242,DISNEY TODAY,nan,47230.0,47230/ 87,LIVING MEDIA INDIA PVT. LTD.,DEL,DELHI,F
DELBIL08024,INDIA ABROAD TODAY,nan,133538.0,DELBIL/2014/60983,M. AJMAL KHAN,DEL,DELHI,F
DELHIN13876,TODAY & TONIGHT,टुडे & टुनाइट,92444.0,DELHIN/2006/19887,M.H. GENTLE,DEL,DELHI,F
DELENG13623,CAM NEWS NETWORK TODAY,nan,82090.0,DELENG/2002/09533,CAM NEWS NETWORK (P) LTD,DEL,DELHI,F
DELGUJ00014,INDIA TODAY,nan,55602.0,55602/ 92,LIVING MEDIA INDIA LIMITED,DEL,DELHI,F
DELENG14732,KIDS TODAY,nan,88234.0,DELENG/2005/15677,ATUL JAIN,DEL,DELHI,F
DELENG02724,INDIA TODAY (INTERNATIONAL EDITION),nan,50858.0,50858/ 82,LIVING MEDIA INDIA LTD.,DEL,DELHI,F
DELENG13020,ASIA TODAY,nan,86847.0,DELENG/2003/14290,PAULSON PRESS(P)LTD,DEL,DELHI,F
DELHIN01137,DALYUS TODAY,nan,47256.0,47256/ 88,PARVINDER KOUR,DEL,DELHI,F
DELENG06193,UNIVERSITY TODAY,युनि‍वर्सि‍टी टुडे,37006.0,37006/ 81,C.S.KALRA,DEL,DELHI,F
DELHIN14797,NIRMANAM TODAY,निर्माणम् टुडे,94457.0,DELHIN/2007/21900,SACHIN SETH,DEL,DELHI,F
DELHIN16340,JAGRUKTA TODAY,जागरूकता टुडे,108363.0,DELHIN/2010/35806,VIJAY CHAWLA,DEL,DELHI,F
DELENG18768,THE VERDICT TODAY,nan,138795.0,DELENG/2014/66240,PARMOD SINGHAL,DEL,DELHI,F
DELENG14700,TAX MANN'S SERVICE TAX TODAY,nan,87048.0,DELENG/2005/14491,TAXMANN ALLIED SERVICES PVT. LTD.,DEL,DELHI,F
DELENG07580,BJP TODAY,nan,53502.0,53502/ 92,BHARTIYA JANTA PARTY,DEL,DELHI,F
DELBIL06711,BREAKING NEWS TODAY,ब्रेकिंग न्यूज टुडे,96884.0,DELBIL/2008/24327,BULLS & BEAR (STOCK BROKERS) LTD.,DEL,DELHI,F
DELHIN11809,BHARAT TODAY,भारत टुडे,88195.0,DELHIN/2005/15638,ANIL TIWARI,DEL,DELHI,F
DELHIN07032,PARIBHARMAN TODAY,nan,59290.0,59290/ 94,R K YADAV,DEL,DELHI,F
DELBIL06958,PROPERTY TODAY,nan,98815.0,DELBIL/2008/26258,RELLI HOME SOLUTION PVT. LTD.,DEL,DELHI,F
DELENG15055,INDIA TODAY HEALTHCARE DELHI AND NATIONAL CAPITAL REGION,सब न्यूज,91879.0,DELENG/2006/19322,LIVING MEDIA INDIA LIMITED,DEL,DELHI,HY
DELENG14854,INDIA TODAY BUYER'S GUIDE TO HOMES IN MUMBAI,इंडिया टुडे बायरस् गाईड टु होम्स इन मुम्बई,89849.0,DELENG/2006/17292,LIVING MEDIA INDIA LIMITED,DEL,DELHI,HY
DELENG15052,INDIA TODAY BUYER'S GUIDE TO HOMES IN KOLKATA,इंडिया टुडे बायरस् गाईड टु होम्स इन कोलक्ता,89690.0,DELENG/2006/17133,LIVING MEDIA INDIA LTD.,DEL,DELHI,HY
DELENG14978,INDIA TODAY BUYER'S GUIDE COMMERCIAL PROPERTIES IN DELHI & NATIONAL CAPITAL REGION,nan,89222.0,DELENG/2006/16665,M/S LIVING MEDIA INDIA LIMITED,DEL,DELHI,HY
DELBIL07444,WOMENS TODAY,विमेंस टुडे,105193.0,DELBIL/2010/32636,PRIYA,DEL,DELHI,M
DELHIN05782,IDEA TODAY,nan,55531.0,55531/ 92,SUBHASH CHANDRA,DEL,DELHI,M
DELHIN10485,WISDOM TODAY,nan,73691.0,DELHIN/2000/01134,SHAIL K.OJHA,DEL,DELHI,M
DELENG13951,INDIA TODAY TRAVEL PLUS,nan,85597.0,DELENG/2004/13040,LIVING MEDIA INDIA LTD.,DEL,DELHI,M
DELENG05247,STUDENT TODAY,nan,28880.0,28880/ 76,THE FAMILY,DEL,DELHI,M
DELENG10858,SAARC OILS & FATS TODAY,nan,69781.0,69781/ 98,M.B. NAQBI,DEL,DELHI,M
DELENG12020,SOCIAL WORK TODAY,nan,74826.0,DELENG/2000/02269,'BETTER HALF'THE SOCIETY FOR WELFARE OF GIRL CHILD,DEL,DELHI,M
DELBIL05198,FOOTWEAR TODAY,nan,82002.0,DELBIL/2003/09445,M.S.GULATI,DEL,DELHI,M
DELENG14496,ECONOMY TODAY,nan,86840.0,DELENG/2005/14283,SUJAY SINHA,DEL,DELHI,M
DELBIL07846,BRIGHT TODAY,nan,126772.0,DELBIL/2013/54217,ABID QURESHI,DEL,DELHI,M
DELENG10501,DIAMOND CRICKET TODAY,nan,67924.0,67924/ 98,DIAMOND MAGAZINES PVT LTD,DEL,DELHI,M
DELBIL07806,PARWAZ CORPORATE TODAY,nan,124483.0,DELBIL/2013/51928,SHAMIM AHMED KHAN,DEL,DELHI,M
DELHIN27554,FEMALE TODAY,nan,124532.0,DELHIN/2013/51977,UPENDRA KUMAR UPADHYAY,DEL,DELHI,M
DELHIN28215,LALKAR TODAY,ललकार टुडे,135691.0,DELHIN/2015/63136,ANIL SAXENA,DEL,DELHI,M
DELENG19892,CASTING TODAY,nan,,UR,CASTING TODAY LLP,DEL,DELHI,M
DELHIN08741,H.F.I. EDUCATION TODAY,एचएफआई एजुकेशन टुडे,67604.0,67604/ 97,GULAB SINGH & SONS (P) LTD.,DEL,DELHI,M
DELHIN09187,INSURED TODAY,nan,70377.0,70377/ 99,S.MUKHERJEE,DEL,DELHI,M
DELHIN27965,VISION MUSLIM TODAY,विजन मुस्लिम टुडे,135343.0,DELHIN/2015/62788,AGHA KHURSHEED KHAN,DEL,DELHI,M
DELHIN28546,MAHAPRASTHA TODAY,महाप्रस्थ टुडे,140128.0,DELHIN/2016/67573,PRANEY SHARMA,DEL,DELHI,M
DELENG01741,ENVIRONMENT TODAY,nan,42939.0,42939/ 84,AKHIL CHANDRA,DEL,DELHI,M
DELENG17533,SHOPPING TODAY,शॉपिंग टुडे,104442.0,DELENG/2010/31885,PRADEEP KHANNA,DEL,DELHI,M
DELURD03050,MUSLIM TODAY,मुस्लिम टुडे,128809.0,DELURD/2014/56254,AGHA KHURSHEED KHAN,DEL,DELHI,M
DELENG02913,INDIAN MANUFACTURERS & BUYERS TODAY,nan,53312.0,53312/ 91,BUSINESS MEDIA PUBLICATION,DEL,DELHI,M
DELHIN05889,VISION TODAY,nan,53467.0,53467/ 91,VIKAS NIRMAL,DEL,DELHI,M
DELENG19296,F M TODAY,nan,144553.0,DELENG/2017/71998,AMAN SYAL,DEL,DELHI,M
DELENG19511,BRIDES TODAY,nan,149580.0,DELENG/2018/77025,M/S LIVING MEDIA INDIA LIMITED,DEL,DELHI,M
DELHIN07429,RASTRIYA RAJDHANI TODAY,राष्ट्रीय राजधानी टुडे,59413.0,59413/ 95,RAJENDER SINGH VERMA,DEL,DELHI,M
DELENG16308,COMMODITY TODAY,nan,95406.0,DELENG/2007/22849,ANITA GARG,DEL,DELHI,M
DELBIL05343,FASHION TODAY,nan,83328.0,DELBIL/2003/10771,ANIL KUMAR,DEL,DELHI,M
DELENG18880,DIRECTOR TODAY,nan,134441.0,DELENG/2015/61886,INSTITUTE OF DIRECTORS,DEL,DELHI,M
DELHIN28897,LAKSHYA TODAY,लक्ष्य टुडे,151595.0,DELHIN/2019/79040,LAKSHEY ANTODAYA AVOM SAMAJIK KALYAN PARISHAD TRUST,DEL,DELHI,M
DELENG07309,MONGOLIA TODAY,nan,14416.0,14416/ 59,EMBASSSY OF MANGOLIA,DEL,DELHI,M
DELBIL05874,GLAMOUR PHOTO FICTION TODAY,nan,87934.0,DELBIL/2005/15377,NARENDER KUMAR,DEL,DELHI,M
DELHIN14264,ANUBHUTI TODAY,अनुभूति‍ टुडे,94723.0,DELHIN/2007/22166,BHUPENDRA JUNEJA,DEL,DELHI,M
DELBIL06545,INTELLIGENCE TODAY,इन्‍टेलि‍जेंस टुडे,94741.0,DELBIL/2007/22184,BHUPENDRA JUNEJA,DEL,DELHI,M
DELHIN10609,CHANAKYA CIVIL SERVICES TODAY,चाणक्य सिविल सर्विसेज टुडे,75491.0,DELHIN/2001/02934,ARCHANA MISHRA,DEL,DELHI,M
DELENG14497,EDUSYS EXAMS TODAY,nan,87099.0,DELENG/2005/14542,SANDEEP AHLAWAT,DEL,DELHI,M
DELHIN10532,SAKSHAR DELHI TODAY,nan,75211.0,DELHIN/2000/02654,KIRAN DUA,DEL,DELHI,M
DELBIL07350,INN TODAY,INN TODAY,103914.0,DELBIL/2010/31357,FAREED CHUGHTAI,DEL,DELHI,M
DELHIN28159,DRISHTI CURRENT AFFAIRS TODAY,दृष्टि करेंट अफेयर्स टुडे,135658.0,DELHIN/2015/63103,VIKAS DIVYAKIRTI,DEL,DELHI,M
DELBIL07945,INSAAF TODAY,इंसाफ टुडे,140281.0,DELBIL/2016/67726,SAMAJIK INSAAF PARTY (RASHTRAWADI),DEL,DELHI,M
DELENG06425,WIRELESS TODAY,nan,37094.0,37094/ 81,SHIMLA DEVI,DEL,DELHI,M
DELENG18980,LOOK TODAY,लुक टुडे,136597.0,DELENG/2015/64042,KSH ENTERTAINMENT LLP,DEL,DELHI,M
DELENG19690,INDIAN PLUMBING TODAY,इंडियन प्लंबिंग टुडे,151660.0,DELENG/2019/79105,INDIAN PLUMBING ASSOCIATION,DEL,DELHI,M
DELENG06815,CAREERS TODAY,कैरियर्स टुडे,766.0,766/ 57,H.C. BANJAHI,DEL,DELHI,M
DELENG19687,HRA TODAY,nan,149472.0,DELENG/2018/76917,HOTEL AND RESTAURANT ASSOCIATION (WESTERN INDIA),DEL,DELHI,M
DELHIN07874,UPDATE AWARENESS TODAY,nan,63716.0,63716/ 96,KIVAN PRAKASHAN,DEL,DELHI,M
DELENG10663,MT. BIOLOGY TODAY,nan,71810.0,71810/ 99,MAHABIR SINGH,DEL,DELHI,M
DELHIN11261,RENUKA BHARTI TODAY,nan,78894.0,DELHIN/2001/06337,RAMPAL PANDIT,DEL,DELHI,M
DELENG15054,ENGLISH TODAY,nan,89137.0,DELENG/2006/16580,ALOK KUMAR GUPTA,DEL,DELHI,M
DELHIN27760,YUGANTAR TODAY,युगान्तर टुडे,131494.0,DELHIN/2014/58939,RUPESH KUMAR CHAUHAN,DEL,DELHI,M
DELHIN27284,HISTORICA TODAY,nan,118555.0,DELHIN/2012/45998,RAMESH CHANDRA,DEL,DELHI,M
DELENG12589,CENTRAL LAW TODAY,nan,76825.0,DELENG2001/04268,MEENA MITTAL,DEL,DELHI,M
DELBIL05812,REFRESHNER TODAY,nan,86268.0,DELBIL/2004/13711,SHEKHAR RISHIRAJ,DEL,DELHI,M
DELENG14814,ENGINEERS TODAY & TOMORROW,इंजिनियर टूडे एण्न टूमारो,89702.0,DELENG/2006/17145,SUBHASH YADUVANSH,DEL,DELHI,M
DELENG08411,HINDUISM TODAY,nan,57215.0,57215/ 93,S R KULKARNI,DEL,DELHI,M
DELENG18960,AUTO TODAY,nan,137916.0,UR,LIVING MEDIA INDIA LIMITED,DEL,DELHI,M
DELENG08253,FAITH TODAY,nan,57288.0,57288/ 94,FAITH PUBLICATIONS,DEL,DELHI,M
DELENG19942,GLOBAL RISE TODAY,nan,,nan,MOHINDER KUMAR,DEL,DELHI,M
DELENG18785,SILVER SCREEN TODAY,nan,130987.0,DELENG/2014/58432,RAJ KUMAR,DEL,DELHI,M
DELENG12202,CHANAKYA CIVIL SERVICES TODAY,चाणक्य सिविल सर्विसेज टुडे,75254.0,DELENG/2000/02697,ARCHANA MISHRA,DEL,DELHI,M
DELHIN28562,KHEL TODAY,खेल टुडे,140140.0,DELHIN/2016/67585,RAKESH THAPLIYAL,DEL,DELHI,M
DELENG05833,TECHNOLOGY TODAY,nan,39375.0,39375/ 82,BANGIA SCIENCE FOUNDATION,DEL,DELHI,M
DELENG10912,INSURED TODAY,nan,70340.0,70340/ 99,S. MUKHERJEE,DEL,DELHI,M
DELBIL04079,TOBACCO TODAY,nan,70576.0,70576/ 99,SUCHITA B. THAKKAR,DEL,DELHI,M
DELENG06032,TRADE TODAY,nan,47352.0,47352/ 88,M/S RATNA OFFSET,DEL,DELHI,M
DELHIN12216,RAJDHANI TODAY,nan,86161.0,DELHIN/2004/13604,PRADEEP NARAYAN RAI,DEL,DELHI,M
DELBIL05947,JANA SANGH TODAY,nan,89209.0,DELBIL/2006/16652,AKHIL BHARTIYA JANSANGH,DEL,DELHI,M
DELBIL06525,TODAY'S EDUCATION INSIGHT,टुडेज़ एजूकेशन इनसाइड,93580.0,DELBIL/2007/21023,ANJANA MADAN,DEL,DELHI,M
DELHIN28788,PRAJA TODAY,प्रजा टुडे,144310.0,DELHIN/2017/71755,PRAJA DUTT DABRAL,DEL,DELHI,M
DELENG15510,INDIA TODAY ASPIRE,सदभावना,90958.0,DELENG/2007/18401,LIVING MEDIA INDIA LIMITED,DEL,DELHI,M
DELBIL03086,MODLING TODAY,nan,59326.0,59326/ 94,ASHWANI KR BHARGWA,DEL,DELHI,M
DELENG02746,INDIAN BANKING TODAY AND TOMORROW,nan,28907.0,28907/ 76,S.R. SUNEJA,DEL,DELHI,M
DELENG03855,MATHEMATICS TODAY,nan,40700.0,40700/ 83,MAHABIR SINGH,DEL,DELHI,M
DELHIN16112,NETWORKING TODAY,नेटवर्किंग टुडे,104998.0,DELHIN/2010/32441,SARABJEET SINGH KALSI,DEL,DELHI,M
DELENG09644,OBS.&GYNAE.TODAY,nan,63956.0,63956/ 96,MEDIWORLD PUBLICATION,DEL,DELHI,M
DELENG10746,NURSING TODAY,nan,69243.0,69243/ 98,PARENTS AID REGISTERED TRUST,DEL,DELHI,M
DELBIL04660,COUNTRY TODAY,nan,76909.0,DELBIL/2001/04352,NISHA,DEL,DELHI,M
DELHIN08581,DIOMOND CRICKET TODAY,nan,67923.0,67923/ 98,DIAMOND MAGAZINES PVT LTD,DEL,DELHI,M
DELENG10168,TODAY'S TRAVELLER,nan,68182.0,68182/ 97,GILL INDIA COMMUNICATIONS,DEL,DELHI,M
DELBIL07601,MEDIHEALTH TODAY,nan,112723.0,DELBIL/2011/40166,IFTEKHAR AHMAD KHURSHID,DEL,DELHI,M
DELHIN13898,BHELAURIYA TODAY,भेलौरिया टूडे,89703.0,DELHIN/2006/17146,JITENDRA KUMAR,DEL,DELHI,M
DELHIN16100,CRAZY TODAY,nan,110540.0,DELHIN/2009/37983,BALWAN SINGH BABYIAN,DEL,DELHI,M
DELENG10665,WISDOM TODAY,nan,67921.0,67921/ 98,SHAIL K.OJHA,DEL,DELHI,M
DELENG12648,WIT-TODAY,nan,78073.0,DELENG/2001/05516,PATRON PUBLICATION PVT. LTD.,DEL,DELHI,M
DELHIN12337,KRISHI TODAY,nan,88017.0,DELHIN/2005/15460,M.J. KHAN,DEL,DELHI,M
DELENG00584,BUILDING INDUSTRY TODAY,nan,49339.0,49339/ 89,JAGMOHAN SINGH,DEL,DELHI,M
DELHIN06716,SITARA TODAY,nan,55764.0,55764/ 93,V.S. DEWAN,DEL,DELHI,M
DELENG18955,DRISHTI CURRENT AFFAIRS TODAY,nan,141376.0,DELENG/2016/68821,VIKAS DIVYAKIRTI,DEL,DELHI,M
DELENG10251,AGRICULTURE TODAY,nan,68745.0,68745/ 98,M/S. CONCEPT AGROTECH CONSULTANTS LTD.,DEL,DELHI,M
DELENG14746,MONEY TODAY,nan,91357.0,DELENG/2006/18800,LIVING MEDIA INDIA LIMITED,DEL,DELHI,M
DELENG18516,LEARNER'S TODAY,nan,124295.0,DELENG/2013/51740,FANISH KUMAR,DEL,DELHI,M
DELENG18518,INNOVATION TODAY,nan,124697.0,DELENG/2013/52142,UPENDRA KUMAR UPADHYAY,DEL,DELHI,M
DELENG19456,STUDENT PROFESSIONALS TODAY,nan,144309.0,DELENG/2017/71754,VIDHIMAAN PUBLISHERS PRIVATE LIMITED,DEL,DELHI,M
DELENG09698,UPDATE AWARENESS TODAY,nan,63715.0,63715/ 96,KIVAN PRAKASHAN,DEL,DELHI,M
DELHIN28289,NISHTHA TODAY,निष्‍ठा टुडे,145770.0,DELHIN/2017/73215,MONIKA SHARMA,DEL,DELHI,M
DELENG01914,EXPORT TODAY,nan,21755.0,21755/ 71,AUGUSTINE M.J.,DEL,DELHI,M
DELBIL06463,PRAVASI TODAY,प्रवासी टुडे,90901.0,DELBIL/2006/18344,SAROJ SHARMA,DEL,DELHI,M
DELHIN11866,POLITICAL TODAY,nan,83397.0,DELHIN/2003/10840,AKINCHAN,DEL,DELHI,M
DELENG18922,FOOD PROCESSING NEWS TODAY,nan,139118.0,DELENG/2016/66563,SHAJAR JAMAL ZAIDI,DEL,DELHI,M
DELBIL07665,DRUG TODAY MEDICAL TIMES,nan,118117.0,DELBIL/2012/45560,M/S. LORINA PUBLICATIONS (I) INC,DEL,DELHI,M
DELENG15557,BUSINESS TODAY MORE,बिज़नेस टुडे मोर,94101.0,DELENG/2007/21544,LIVING MEDIA INDIA LIMITED,DEL,DELHI,M
DELENG17574,VACCINATION TODAY,वैक्सीनेशन टुडे,103528.0,DELENG/2010/30971,DR. AJAY GAMBHIR,DEL,DELHI,M
DELENG13389,TODAYS TRAVELLER NEWSWIRE,nan,81750.0,DELENG/2003/09193,GILL INDIA COMMUNICATIONS,DEL,DELHI,M
DELENG17366,BUREAUCRACY TODAY,ब्यूरोक्रेसी टुडे,103222.0,DELENG/2009/30665,SUHAIB A. ILYASI,DEL,DELHI,M
DELENG05585,SHEPHERDS TODAY,nan,50657.0,50657/ 89,R S GODARYA,DEL,DELHI,M
DELBIL06234,TODAY STAR,टुडे स्टार,89637.0,DELBIL/2006/17080,MAHINDER SINGH VIRDI,DEL,DELHI,M
DELHIN13617,INDIA TODAY GYAN BHANDAR,इंडिया टुडे ज्ञान भंडार,89686.0,DELHIN/2006/17129,M/S.LIVING MEDIA INDIA LIMITED,DEL,DELHI,M
DELHIN16626,HELPLINE TODAY,nan,112202.0,DELHIN/2011/39645,VINITA SINHA,DEL,DELHI,M
DELBIL07684,MARKET TODAY,मार्केट टुडे,128624.0,DELBIL/2012/56069,RAJIV GUPTA,DEL,DELHI,M
DELENG02262,GENERAL KNOWLEDGE TODAY,nan,21720.0,21720/ 71,COMPETITION REVIEW ( P) LTD.,DEL,DELHI,M
DELENG01068,COMPUTER TODAY,nan,42965.0,42965/ 85,LIVING MEDIA INDIA LTD,DEL,DELHI,M
DELBIL05818,MEDICINE TODAY,nan,86708.0,DELBIL/2004/14151,DEVENDRA SINGH VERMA,DEL,DELHI,M
DELBIL07516,PHYSICIAN TODAY,nan,109487.0,DELBIL/2011/36930,SHIV KUMAR AGARWAL,DEL,DELHI,M
DELENG18802,VISION MUSLIM TODAY,विजन मुस्लिम टुडे,135341.0,DELENG/2014/62786,AGHA KHURSHEED KHAN,DEL,DELHI,M
DELHIN10559,NURSING TODAY,nan,75535.0,DELHUN/2000/02978,PARENTS AID,DEL,DELHI,M
DELBIL04811,TODAY CAMPUS NEWS,nan,78001.0,DELBIL/2001/05444,SURESH KUMAR KANOJIA,DEL,DELHI,M
DELENG19522,SMART EDUCATION TODAY,nan,150618.0,DELENG/2019/78063,MOHD AFZAL KAMAL,DEL,DELHI,M
DELENG02663,INDIA INDUSTRY TODAY,nan,45805.0,45805/ 86,MEHTA CONSULTANTS & ENGINEERS (I) LTD,DEL,DELHI,M
DELHIN14358,AMAR TODAY,अमर टुडे,94195.0,DELHIN/2007/21638,MADHURI RAWAT,DEL,DELHI,M
DELENG13586,FOREIGN FASHION TODAY,nan,84280.0,DELENG/2004/11723,AXIOM MEDIA,DEL,DELHI,M
DELENG14264,TRADE FAIRS TODAY,nan,86886.0,DELENG/2005/14329,PAULSON PRESS(P)LTD.,DEL,DELHI,M
DELENG17774,MEDGATE TODAY,मेडगेट टुडे,106390.0,DELENG/2010/33833,MOHD. AFZAL KAMAL,DEL,DELHI,M
DELENG14525,TODAY'S TOURIST,टुडेज टुरिस्ट,90553.0,DELENG/2006/17996,ABHILASHA,DEL,DELHI,M
DELENG11389,VOICE TODAY,nan,36907.0,36907/ 80,DHIRENDRA NATH BASU,DEL,DELHI,M
DELENG06732,SAILOR TODAY,nan,53380.0,53380/ 91,SANGEETA NANGIA,DEL,DELHI,M
DELBIL05783,APPLIANCES TODAY,nan,86207.0,DELBIL/2004/13650,D.P. GOYAL&SONS(HUF),DEL,DELHI,M
DELENG17996,NNF TODAY,nan,111897.0,DELENG/2011/39340,NATIONAL NEONATOLOGY FORUM,DEL,DELHI,M
DELBIL03341,INDIAN SEED TODAY,nan,66351.0,66351/ 97,ISHWAR CHANDER PAHUJA,DEL,DELHI,M
DELHIN06809,WRITER TODAY,nan,55556.0,55556/ 92,JAGPAL SINGH,DEL,DELHI,M
DELENG09403,HOSPITAL TODAY,nan,63000.0,63000/ 96,MEDIWORLD PUBLICATIONS PVT. LTD.,DEL,DELHI,M
DELBIL11693,NURSERY TODAY,nan,153115.0,DELBIL/2021/80560,INDIAN NURSERYMEN ASSOCIATION,DEL,DELHI,M
DELENG19092,COPS TODAY INTERNATIONAL,nan,140069.0,DELENG/2016/67514,FOUNDATION FOR POLICE RESEARCH,DEL,DELHI,M
DELENG09515,TEENS TODAY,nan,64789.0,64789/ 96,LIVING MEDIA INDIA LTD,DEL,DELHI,M
DELENG09580,EXIM TODAY,nan,64900.0,64900/ 96,M.S.BAIG,DEL,DELHI,M
DELENG08908,SCANING TODAY,nan,57312.0,57312/ 94,NEERU SHARMA,DEL,DELHI,M
DELHIN10798,FILMS TODAY,nan,79623.0,DELHIN/2002/07066,RAJESH SRIVASTAVA,DEL,DELHI,M
DELHIN28768,NAVDEEP TODAY,नवदीप टुडे,145657.0,DELHIN/2017/73102,DEEPAK KUMAR,DEL,DELHI,M
DELHIN28027,LOOK TODAY,लुक टुडे,138426.0,DELHIN/2015/65871,KSH ENTERTAINMENT LLP,DEL,DELHI,M
DELBIL02964,CABLE TODAY,nan,57388.0,57388/ 94,J.S.KOHLI,DEL,DELHI,M
DELENG11158,HFI EDUCATION TODAY PLUS,एचएफआई एजुकेशन टुडे प्लस,64669.0,64669/ 96,GULAB SINGH & SONS (P) LTD.,DEL,DELHI,M
DELENG10958,BANK MAN TODAY,nan,69879.0,69879/ 99,VINOD KUMAR NIKSHAVAN,DEL,DELHI,M
DELBIL02823,TWO WHEELERS TODAY,nan,65098.0,65098/ 93,VINAY KHURANA,DEL,DELHI,M
DELENG10497,PRODUCT TODAY,nan,68686.0,68686/ 98,DEVRAJ JOSHI,DEL,DELHI,M
DELENG19455,VIDHIMAAN'S GST PROFESSIONALS TODAY,nan,146562.0,DELENG/2017/74007,VIDHIMAAN PUBLISHERS PRIVATE LIMITED,DEL,DELHI,M
DELHIN11881,ILLUSTRATED MEDIA TODAY,nan,83168.0,DELHIN/2002/10611,SUNIL TRIPATHI,DEL,DELHI,M
DELBIL04611,HFI EDUCATION TODAY,एचएफआई एजुकेशन टुडे,55539.0,55539/ 92,GULAB SINGH & SONS (P) LTD.,DEL,DELHI,M
DELENG08384,SOFTWARE TODAY,nan,55746.0,55746/ 93,COMPUTER ZONE,DEL,DELHI,M
DELENG09574,FLORICULTURE TODAY,nan,63761.0,63761/ 96,M.B.NAQVI,DEL,DELHI,M
DELBIL07752,LADIES TODAY,nan,121427.0,DELBIL/2013/48872,MONIKA SHARMA,DEL,DELHI,M
DELENG09718,PAEDIATRICS TODAY,nan,69130.0,69130/ 98,MEDIWORLD PUBLICATION PVT LTD,DEL,DELHI,M
DELENG14230,VAISH TODAY,वैश्‍य टुडे,93764.0,DELENG/2006/21207,OM PRAKASH AGARWAL,DEL,DELHI,M
DELFRE00008,COMMODITY TODAY,nan,95742.0,DELFRE/2008/23185,ANITA GARG,DEL,DELHI,M
DELENG14543,IDEA TODAY,इाक,90761.0,DELENG/2006/18204,SUBHASH CHANDRA,DEL,DELHI,M
DELENG09891,INSIDE TODAY,nan,81855.0,DELENG/1996/09298,LIVING MEDIA INDIA L,DEL,DELHI,M
DELENG12864,JUSTICE TODAY,nan,69494.0,69494/ 98,R. NATH,DEL,DELHI,M
DELENG14735,INDIA TODAY SPICE,इंडि‍या टूडे स्‍पाइस,87889.0,DELENG/2005/15332,LIVING MEDIA INDIA LIMITED,DEL,DELHI,M
DELHIN14274,CORRUPTION TODAY,करेप्‍शन टुडे,94732.0,DELHIN/2007/22175,BHUPENDRA JUNEJA,DEL,DELHI,Q
DELENG04009,MOTHERR EARTH YESTERDAY TODAY TOMMROW,मदर अर्थ यस्टरडे टुडे टुमॉरो,53409.0,53409/ 90,LAL KARAMCHANDANI,DEL,DELHI,Q
DELENG09920,NEUROSCIENCES TODAY,nan,65160.0,65160/ 97,MEDIWORLD PUBLICATIONS PVT. LTD.,DEL,DELHI,Q
DELBIL07574,INTELLECTUAL TODAY,nan,112479.0,DELBIL/2011/39922,INTELLECTUAL FOUNDATION,DEL,DELHI,Q
DELENG04436,OPTOMETERY TODAY,nan,19885.0,19885/ 70,N KUMAR,DEL,DELHI,Q
DELENG00353,ART & POETRY TODAY,nan,28951.0,28951/ 76,SAMKALEEN PRAKASHAN,DEL,DELHI,Q
DELENG11668,ORTHOPADICS TODAY,nan,72945.0,DELENG/1999/00388,MEDIWORLD PUB.P.LTD.,DEL,DELHI,Q
DELENG03841,MARXISM TODAY AN INDIAN DIMN OF A UNIV PHILOSOPHY,nan,45911.0,45911/ 87,D PREMPATI,DEL,DELHI,Q
DELBIL04131,EXAMINATION TODAY-SR.SEC.,nan,76399.0,DELBIL/2001/03842,CHANDRAJYOTI PRAKASH,DEL,DELHI,Q
DELENG06534,YOGA TODAY,nan,32595.0,32595/ 79,YOGENDRA YOGI FOUNDATION,DEL,DELHI,Q
DELENG18428,IPGA TODAY,nan,124067.0,DELENG/2013/51512,INDIAN PHARMACY GRADUATES ASSOCIATION,DEL,DELHI,Q
DELENG09586,INDIA TODAY PLUS,nan,64736.0,64736/ 96,"LIVING MEDIA INDIA LTD, DELHI",DEL,DELHI,Q
DELENG19413,PLASTICS TODAY,nan,144982.0,DELENG/2017/72427,SHIVENDRA PRAKASH DWIVEDI,DEL,DELHI,Q
DELENG16895,LEADERS TODAY,nan,98896.0,DELENG/2008/26339,A.K.SINHA,DEL,DELHI,Q
DELENG08636,DEFENCE TODAY,nan,57158.0,57158/ 93,MAN MOHAN SHARMA,DEL,DELHI,Q
DELENG09839,PSYCHIATRY TODAY,nan,65682.0,65682/ 97,MEDIWORLD PUBLICATIONS PVT. LTD.,DEL,DELHI,Q
DELENG17532,FOOD DAIRY AND PACKAGING TODAY,nan,108758.0,DELENG/2010/36201,PRASANTA BISWAS,DEL,DELHI,Q
DELENG11372,TODAY,nan,12846.0,12846/ 62,Y.W.C.A. OF INDIA,DEL,DELHI,Q
DELENG09922,GASTROENTEROLOGY TODAY,nan,64662.0,64662/ 96,MEDIWORLD PUBLICATION PVT. LTD,DEL,DELHI,Q
DELMUL01043,MINORITY TODAY,माइनॉरिटी टुडे,127664.0,DELMUL/2014/55109,MINISTRY OF MINORITY AFFAIRS,DEL,DELHI,Q
DELENG08491,DRUG TODAY,nan,55798.0,55798/ 93,LALIT MISHRA,DEL,DELHI,Q
DELENG11159,HIMALAYA TODAY,हिमालय टुडे,49239.0,49239/ 89,HIMALAYA TODAY PUBLICATIONS,DEL,DELHI,Q
DELENG04384,NOTIFS TODAY,nan,50768.0,50768/ 90,ANIL KUMAR,DEL,DELHI,TWW
DELENG10745,MEDICS TODAY,nan,69276.0,69276/ 98,SOCIAL ACTION FOR MINORITIES & TRIBALS ADVANCEMENTS SOCIETIES,DEL,DELHI,W
DELHIN08374,RASHTRIYA NIVIDA TODAY,nan,66272.0,66272/ 97,SAYYED HASHIM ALI,DEL,DELHI,W
DELENG13107,LAWPACK TODAY,nan,79858.0,DELENG/2002/07701,SATISH AHUJA,DEL,DELHI,W
DELHIN28908,NAVDEEP TODAY,नवदीप टुडे,150801.0,DELHIN/2018/78246,DEEPAK KUMAR,DEL,DELHI,W
DELHIN08014,VISION TODAY,nan,63677.0,63677/ 96,VIKAS NIRMAL,DEL,DELHI,W
DELHIN13500,JIGYASA TODAY,जि‍ज्ञासा टुडे,91944.0,DELHIN/2007/19387,SURESH KUMAR DAS,DEL,DELHI,W
DELENG09714,T.V. TODAY,nan,64756.0,64756/ 96,LIVING MEDIA INDIA LTD,DEL,DELHI,W
DELENG00099,AFRICA TODAY,nan,45780.0,45780/ 86,INDIAN SOCIETY FOR AGRO-ASIAN STUDIES,DEL,DELHI,W
DELHIN16608,PRAJA TODAY,प्रजा टुडे,112400.0,DELHIN/2011/39843,PRAJA DUTT DABRAL,DEL,DELHI,W
DELHIN28095,BRIGHT TODAY,ब्राइट टुडे,139467.0,DELHIN/2016/66912,ABID QURESHI,DEL,DELHI,W
DELBIL05627,SWARAJ BHARATI TODAY AAPKI AWAJ,स्वराज भारती टुडे आपकी आवाज,86205.0,DELBIL/2004/13648,PANKAJ VASSISTH,DEL,DELHI,W
DELHIN27433,DELHI 6 TODAY,nan,121317.0,DELHIN/2013/48762,NAGHMA IDREES,DEL,DELHI,W
DELHIN11166,DREAMS TODAY,nan,78516.0,DELHIN/2001/05959,SUDHA JAIN,DEL,DELHI,W
DELHIN27725,ALKA TODAY,अल्का टुडे,133742.0,DELHIN/2014/61187,DEEPAK KUMAR,DEL,DELHI,W
DELENG12729,SAILOR TODAY JOB & COURSE SUPPLEMENT,nan,77535.0,DELENG/2001/04978,MRS SANGEETA NANGIA,DEL,DELHI,W
DELBIL05835,ADD TODAY,nan,87652.0,DELBIL/2005/15095,AMIT RAWAT,DEL,DELHI,W
DELHIN12716,THE ASIAN LINK TODAY,nan,62336.0,62336/ 95,GYAN CHAND ALEDIA,DEL,DELHI,W
DELHIN27224,MILAN TODAY,nan,120440.0,DELHIN/2012/47883,RAZAUR RAHMAN,DEL,DELHI,W
DELENG15509,TAXMANN'S CORPORATE PROFESSIONALS TODAY,nan,90580.0,DELENG/2006/18023,TAXMANN ALLIED SERVICES PVT.LTD,DEL,DELHI,W
DELBEN00118,INDIA TODAY,इंडिया टुडे,91866.0,DELBEN/2006/19309,LIVING MEDIA INDIA,DEL,DELHI,W
DELENG11071,CHINA TODAY,चाइना टुडे,842.0,842/ 57,EMBASSY OF THE PEOPLE'S REPUBLIC OF CHINA IN INDIA,DEL,DELHI,W
DELENG15724,INDIA TODAY,nan,28587.0,28587/ 75,LIVING MEDIA INDIA PVT. LIMITED,DEL,DELHI,W
DELBIL06290,VICHITER TODAY,विचित्र टुडे,95773.0,DELBIL/2008/23216,VICHITER BHARDWAJ,DEL,DELHI,W
DELHIN27593,HELPLINE TODAY,nan,122740.0,DELHIN/2013/50185,VINITA SINHA,DEL,DELHI,W
DELHIN16133,PARIVARTAN TODAY,परिवर्तन टुडे,106447.0,DELHIN/2010/33890,AJAY KUMAR,DEL,DELHI,W
DELHIN29097,HIND TODAY,nan,,nan,HNS MEDIA PRIVATE LIMITED,DEL,DELHI,W
DELENG03949,MIRROR TODAY,nan,49215.0,49215/ 89,N MOHANAN,DEL,DELHI,W
DELHIN12612,HIMACHAL TODAY,हिमाचल टुडे,85550.0,DELHIN/2004/12993,ANURADHA SHARMA,DEL,DELHI,W
DELBIL07937,SINDHI TODAY,सिंधी टुडे,138955.0,DELBIL/2014/66400,KAMAL KISHORE KHATRI,DEL,DELHI,W
DELHIN01870,INDIA TODAY,इंडिया टुडे,45823.0,45823/ 86,LIVING MEDIA INDIA LIMITED,DEL,DELHI,W
DELENG02453,HORTICULTURE TODAY,nan,43064.0,43064/ 85,M.P SONI,DEL,DELHI,W
DELHIN06611,CAPITAL TIMES OF CAPITAL TODAY,nan,62342.0,62342/ 93,NAVAL KISHORE SHARMA,DEL,DELHI,W
DELHIN14297,HANDICRAFTS TODAY,हैन्डीक्राफ्ट्स टुडे,95758.0,DELHIN/2007/23201,SYED SHAHID,DEL,DELHI,W
GOAENG00172,GOA TODAY,nan,12166.0,12166/,GOA PUBLICATIONS,GOA,PANAJI,M
GUJGUJ13975,AMDAVAD TODAY,nan,113178.0,GUJGUJ/2011/40621,MANISHBHAI MOTIBHAI HARSIDDHIYA,GUJ,AHMADABAD,D
GUJGUJ13174,CHANDKHEDA TODAY,चांदखेड़ा टुडे,106564.0,GUJGUJ/2010/34007,DILIP ARVINDBHAI DARJI,GUJ,AHMADABAD,F
GUJENG00871,INDIAN PLUMBING TODAY,nan,116084.0,GUJENG/2012/43527,INDIAN PLUMBING ASSOCIATION,GUJ,AHMADABAD,M
GUJGUJ12828,CRIME TODAY TIMES,क्राइम टुडे टाइम्स,103318.0,GUJGUJ/2009/30761,SHAILESH CHANDRAKANT GOR,GUJ,AHMADABAD,W
GUJGUJ12517,SUN TODAY,सन टुडे,103315.0,GUJGUJ/2009/30758,KALPESHBHAI K. OZA,GUJ,AHMADABAD,W
GUJGUJ13156,AMDAVAD TODAY,अमदावाद टुडे,103831.0,GUJGUJ/2010/31274,MANISHBHAI MOTIBHAI HARSIDDHIYA,GUJ,AHMADABAD,W
GUJENG01052,AUTOMATION & CONTROLS TODAY,nan,143625.0,GUJENG/2012/71070,JIGAR S. PATEL,GUJ,AHMEDABAD,BM
GUJHIN00716,PRADESH TODAY,प्रदेश टुडे,144025.0,GUJHIN/2016/71470,HRADAYESH DIXIT,GUJ,AHMEDABAD,D
GUJGUJ14416,METRO TODAY,nan,122427.0,GUJGUJ/2013/49872,DHARMESH SURESHBHAI GOSALIYA,GUJ,AHMEDABAD,D
GUJGUJ13507,SAMACHAR TODAY,nan,109882.0,GUJGUJ/2011/37325,HABIBULLAHKHAN M. PATHAN,GUJ,AHMEDABAD,D
GUJHIN00616,POLITICS BHARAT TODAY,पोलीटीक्स भारत टुडे,131335.0,GUJHIN/2014/58780,MOHD. IRFAN MOHD. IBRAHIM SHAIKH,GUJ,AHMEDABAD,F
GUJGUJ14556,RAJ TODAY,nan,123237.0,GUJGUJ/2013/50682,SHAH MOHAMAD IMRAN ABDUL REHMAN,GUJ,AHMEDABAD,F
GUJGUJ16044,MILLAT TODAY,nan,139449.0,GUJGUJ/2015/66894,GULAMMAIYUDDIN G SHAIKH,GUJ,AHMEDABAD,F
GUJGUJ14918,LOK PRATIK TODAY,nan,125843.0,GUJGUJ/2013/53288,PATHAN SABNAMBIBI SAMSHERKHAN,GUJ,AHMEDABAD,F
GUJGUJ13552,KISAN TODAY,nan,118752.0,GUJGUJ/2012/46195,SAJJAN KUMAR PAREEK,GUJ,AHMEDABAD,F
GUJGUJ17145,PARYAVARAN TODAY,nan,151509.0,GUJGUJ/2019/78954,ADITYA ROOPSINGH CHAUHAN,GUJ,AHMEDABAD,M
GUJHIN00558,BEAUTY TODAY,ब्यूटी टुडे,112477.0,GUJHIN/2011/39920,HIMABEN HIMANSHUBHAI RAVAL,GUJ,AHMEDABAD,M
GUJGUJ16601,TODAYS FACT SAMACHAR,nan,144645.0,GUJGUJ/2016/72090,MOHAMMED AAMIR MOHAMMED HUSAIN PIPADWALA,GUJ,AHMEDABAD,M
GUJBIL00660,TODAYS CONSTRUCTION MATERIALS,nan,84209.0,GUJBIL/2003/11652,JAYESH VALLABHDAS SHAH,GUJ,AHMEDABAD,M
GUJENG00859,RECYCLE TODAY,nan,95260.0,GUJENG/2007/22703,PALCO RECYCLE EXCHANGE LIMITED,GUJ,AHMEDABAD,M
GUJGUJ08326,URBAN TODAY,nan,72286.0,72286/ 99,NADIR HUSSAIN M. SAIYUD,GUJ,AHMEDABAD,M
GUJENG01165,CONSTRUCTION TECHNOLOGY TODAY,कंस्ट्रक्शन टेक्नोलॉजी टुडे,133001.0,GUJENG/2015/60446,PUNJABI PRITAM DARSHANLAL,GUJ,AHMEDABAD,M
GUJENG16223,WOMENS CHALLENGES TODAY,nan,155657.0,GUJENG/2021/83102,RAJNI,GUJ,AHMEDABAD,M
GUJHIN00872,PARYAVARAN TODAY,पर्यावरण टुडे,157043.0,GUJHIN/2023/84488,ADITYA ROOPSINGH CHAUHAN,GUJ,AHMEDABAD,M
GUJBIL00971,BRAND TODAY,nan,122327.0,GUJBIL/2013/49772,JIGNESH YOGESHKUMAR TRIPATHI,GUJ,AHMEDABAD,Q
GUJGUJ01334,GUJARAT TODAY,nan,48870.0,48870/ 91,LOKHIT PRAKASHAN SARVAJANIK TRUST,GUJ,AHMEDABAD,W
GUJGUJ13754,KARNAVATI TODAY,nan,118594.0,GUJGUJ/2011/46037,VARMA MANOJKUMAR ISHWARLAL,GUJ,AHMEDABAD,W
GUJGUJ17654,GUJARAT POLITICS TODAY,nan,,nan,PRINCE KANUBHAI MISTRY,GUJ,AHMEDABAD,W
GUJGUJ07438,BHAL TODAY,nan,68863.0,68863/ 98,DILIPSINH K. CHUDASMA,GUJ,AHMEDABAD,W
GUJGUJ17653,GUJARAT POLITICS TODAY,nan,153500.0,GUJGUJ/2021/80945,PRINCE KANUBHAI MISTRY,GUJ,AHMEDABAD,W
GUJGUJ18228,DASTAK TODAY,nan,,UR,QURESHI JAFARHUSSAIN MOHAMMED HUSSAIN,GUJ,AHMEDABAD,W
GUJGUJ07873,NATIONAL TODAY,nan,71985.0,71985/ 99,I.A. SHEKH,GUJ,AHMEDABAD,W
GUJGUJ16369,YASH TODAY,nan,140384.0,GUJGUJ/2016/67829,JAYPRAKASH NATVARLAL PATEL,GUJ,AHMEDABAD,W
GUJGUJ16372,DIVYA TODAY,nan,140390.0,GUJGUJ/2016/67835,RATHOD SUNIL RAMESHBHAI,GUJ,AHMEDABAD,W
GUJGUJ05660,GUJARAT TODAY,nan,54911.0,54911/ 92,LOKHIT PRAKASHAN SARVAJANIK TRUST,GUJ,AHMEDABAD-28,F
GUJGUJ08926,PATNAGAR TODAY,nan,73625.0,GUJGUJ/1999/01068,JATIN S.SHUKLA,GUJ,AMRELI,D
GUJGUJ14886,KATHIYAVAD TODAY,nan,125775.0,GUJGUJ/2013/53220,JILUBHAI M. VALA,GUJ,AMRELI,W
GUJGUJ06752,AMRELI TODAY,nan,63289.0,63289/ 96,DHAVAL D. SANGHAVI,GUJ,AMRELI,W
GUJGUJ15705,ANAND TODAY,आनंद टुडे,134442.0,GUJGUJ/2015/61887,JAGDISHBHAI NATUBHAI BHOI,GUJ,ANAND,W
GUJGUJ14107,KNOWLEDGE TODAY,nan,116913.0,GUJGUJ/2012/44356,MUKESHKUMAR BABUJI PARMAR,GUJ,BANAS KANTHA,D
GUJGUJ14044,BANAS TODAY,nan,117471.0,GUJGUJ/2012/44914,SHAH PRAVINKUMAR SHIVLAL,GUJ,BANAS KANTHA,W
GUJGUJ05882,ASHVAJIT TODAY,nan,74547.0,GUJGUJ/1996/01990,HINABEN R. SHAH,GUJ,BHARUCH,W
GUJGUJ15117,BHARUCH TODAY,भरूच टुडे,138146.0,GUJGUJ/2015/65591,VAHID S. MASHADDI,GUJ,BHARUCH,W
GUJGUJ12787,GANDHINAGAR TODAY,गांधीनगर टुडे,103267.0,GUJGUJ/2009/30710,RAJESH JASHVANTRAY MANIYAR,GUJ,BHAVNAGAR,D
GUJGUJ14699,VISHWAKARMA TODAY,विश्वकर्मा टुडे,125207.0,GUJGUJ/2013/52652,RATHOD BHARATKUMAR TRIBHOVANDAS,GUJ,BHAVNAGAR,M
GUJGUJ05850,PALITANA TODAY,nan,71390.0,71390/ 93,ABDULKADAR BILALBHAI,GUJ,BHAVNAGAR,W
GUJGUJ10379,DHANDHUKA TODAY,nan,84928.0,GUJGUJ/2003/12371,RAMDEVSINH NIRUBHA ZALA,GUJ,BHAVNAGAR,W
GUJGUJ09685,ISSUE TODAY,nan,78355.0,GUJGUJ/2001/05798,SAGAR BHUPATBHAI MAHETA,GUJ,BHAVNAGAR,W
GUJGUJ09969,MAHUVA TODAY,nan,79905.0,GUJGUJ/2002/07348,PARMAR LAVJIBAHI VALJIBHAI,GUJ,BHAVNAGAR,W
GUJGUJ15378,EVERGREEN TODAY,एवरग्रीन टुडे,134939.0,GUJGUJ/2015/62384,JITENDRA RAMNIKLAL CHANDARANA,GUJ,BHAVNAGAR,W
GUJGUJ05713,BHAVNAGAR TODAY,nan,54915.0,54915/ 92,GOSWAMI NIRMALABEN KANTIBHARTI,GUJ,BHAVNAGAR,W
GUJGUJ14278,NIRALI TODAY,nan,120798.0,GUJGUJ/2012/48242,PAREKH NIRALIBEN PARAGBAHI,GUJ,BHAVNAGAR,W
GUJGUJ13743,JAGRUTI TODAY,nan,112035.0,GUJGUJ/2011/39478,PINJANI BALDEV SAJANDAS,GUJ,BHAVNAGAR,W
GUJGUJ15503,DAHOD TODAY TIMES,दाहोद टुडे टाईम्स,132021.0,GUJGUJ/2014/59466,NIRAJ KUMAR VALJIBHAI MEDA,GUJ,DAHOD,W
GUJGUJ18153,DWARKA TODAY,nan,,nan,SAMANI MANOJ CHUNILAL,GUJ,DEVBHOOMI DWARKA,W
GUJGUJ15764,EXPOSE TODAY,nan,135367.0,GUJGUJ/2015/62812,MITUL S. JOSHI,GUJ,GANDHINAGAR,D
GUJGUJ07715,PATNAGAR TODAY,nan,69705.0,69705/ 98,JATIN S.SHUKLA,GUJ,GANDHINAGAR,D
GUJGUJ14760,STOCK TODAY,nan,124559.0,GUJGUJ/2013/52004,MAHAMMADSAFI MEMAN,GUJ,GANDHINAGAR,F
GUJGUJ15108,NURSING TODAY,nan,129003.0,GUJGUJ/2014/56448,VITHALBHAI KARSANBHAI SHINGALA,GUJ,GANDHINAGAR,F
GUJGUJ13671,NEWS TODAY,nan,111771.0,GUJGUJ/2011/39214,JAYMIN G. PATEL,GUJ,GANDHINAGAR,F
GUJGUJ15107,TOURISM TODAY,nan,128975.0,GUJGUJ/2014/56420,VITHALBHAI KARSANBHAI SHINGALA,GUJ,GANDHINAGAR,F
GUJGUJ13685,ADHIKAR TODAY,अधिकार टुडे,111555.0,GUJGUJ/2011/38998,PATEL MAHESHKUMAR NARAYANBHAI,GUJ,GANDHINAGAR,M
GUJHIN00392,TIMES TODAY,nan,86000.0,GUJHIN/2004/13443,VITHALBHAI K.PATEL,GUJ,GANDHINAGAR,W
GUJENG00712,TIMES TODAY,nan,85057.0,GUJENG/2003/12500,VITHALBHAI K.PATEL,GUJ,GANDHINAGAR,W
GUJGUJ10127,TIMES TODAY,nan,81121.0,GUJGUJ/2002/08564,VITHALBHAI K.PATEL,GUJ,GANDHINAGAR,W
GUJGUJ10989,KALOL TODAY,nan,86671.0,GUJGUJ/2004/14114,JAYANTGIRI SHAMBHUGIRI GOSWAMI,GUJ,GANDHINAGAR,W
GUJGUJ08259,JAM KHAMBHALIA TODAY,nan,78137.0,GUJGUJ/1999/05580,AMURTHON P.NAKUM,GUJ,JAMNAGAR,F
GUJGUJ08260,JAMNAGAR TODAY,nan,77067.0,GUJGUJ/1999/04510,HASMUKH V.VITHLANI,GUJ,JAMNAGAR,W
GUJGUJ06192,JUNAGADH TODAY,nan,66329.0,66329/ 94,KRUSHANKANTA A. RUPARELIA,GUJ,JUNAGADH,D
GUJGUJ16465,TAX TODAY,nan,147360.0,GUJGUJ/2016/74805,BHAVYA DIPAKBHAI POPAT,GUJ,JUNAGADH,M
GUJGUJ12770,VANIK TODAY,वणिक टुडे,101754.0,GUJGUJ/2009/29197,VARSHABEN PIYUSHBHAI RAICHURA,GUJ,JUNAGADH,W
GUJGUJ06728,SORTH TODAY,nan,74102.0,GUJGUJ/1996/01545,MATHURADAS KAMLASHI NIRMAL,GUJ,JUNAGADH,W
GUJGUJ09688,UNA TODAY,nan,78400.0,GUJGUJ/2001/05843,RAMBHAI TAPUBHAI VAGHELA,GUJ,JUNAGADH,W
GUJGUJ15038,BHOODEV TODAY,भुदेव टुडे,132505.0,GUJGUJ/2014/59950,SHASHIKANTBHAI S. JOSHI,GUJ,JUNAGADH,W
GUJGUJ13830,STAR TODAY,nan,120808.0,GUJGUJ/2011/48252,BIPINKUMAR DEVACHANDBHAI VANDARWALA,GUJ,JUNAGADH,W
GUJGUJ14736,SOMNATH TODAY,सोमनाथ टुडे,132397.0,GUJGUJ/2014/59842,ATUL KUMAR SANITILAL KOTECHA,GUJ,JUNAGADH,W
GUJGUJ14689,GIRNAR TODAY,nan,125229.0,GUJGUJ/2013/52674,PANDYA PRAMODKUMAR DURGASHANKAR,GUJ,JUNAGADH,W
GUJENG16200,GREENTREE GROUP PUBLISHERS JOURNAL OF NURSING TODAY,nan,,UR,GREENTREE GROUP PUBLISHERS,GUJ,KHEDA/ NADIAD,BM
GUJGUJ18092,ADIPUR TODAY,nan,159676.0,GUJGUJ/2023/87121,GOSWAMI PRAKASHPURI RANCHODPURI,GUJ,KUTCH,M
GUJGUJ17279,KUTCH TODAY,nan,153764.0,GUJGUJ/2021/81209,PRAKASHPURI RANCHODPURI GOSWAMI,GUJ,KUTCH,W
GUJGUJ16746,GANDHIDHAM TODAY,nan,149572.0,GUJGUJ/2018/77017,VISHAL DILIP ISSRANI,GUJ,KUTCH,W
GUJGUJ10771,VIJAPUR TODAY,nan,84563.0,GUJGUJ/2003/12006,BHARATKUMAR RAMABHAI PATEL,GUJ,MEHSANA,F
GUJGUJ12963,VISHWAS TODAY,विश्वास टुडे,103927.0,GUJGUJ/2009/31370,MOHAMAD ILIYAS GULAM MAYUDIN MALEK,GUJ,MEHSANA,W
GUJGUJ08896,MEDIA TODAY,nan,80189.0,GUJGUJ/2002/07632,PRAKINSH PUBLICPRAMODBHAI P. PATELATION,GUJ,NADIAD,OP
GUJMUL00717,WAKEUP TODAY,nan,,nan,VINAY PATEL,GUJ,NAVSARI,D
GUJBIL00997,SWARAJ TODAY,nan,125699.0,GUJBIL/2013/53144,AMOL RAJDHAR SALVE,GUJ,NAVSARI,F
GUJHIN00793,SAKET TODAY,साकेत टुडे,149557.0,GUJHIN/2018/77002,ASHISH SWAMINATH TIWARI,GUJ,NAVSARI,F
GUJGUJ16604,NAVSARI TODAY,nan,142625.0,GUJGUJ/2016/70070,IRFAN SALIM MEMON,GUJ,NAVSARI,W
GUJGUJ15629,JANTA TODAY,जनता टुडे,132992.0,GUJGUJ/2015/60437,PITHAWALA KAIZAD BAPUJI,GUJ,NAVSARI,W
GUJGUJ14355,GODHRA TODAY,nan,121874.0,GUJGUJ/2013/49319,BHAGAVANI ANJANABEN JITENDRAKUMAR,GUJ,PANCH MAHALS,F
GUJGUJ13727,YUVA TODAY,nan,115642.0,GUJGUJ/2012/43085,DHARMENDRA HARSHADBHAI BHATT,GUJ,PANCH MAHALS,F
GUJGUJ15469,PANCHMAHI TODAY,पंचमही टुडे,133327.0,GUJGUJ/2015/60772,BHARAT KUMAR MANGALDAS PRANAMI,GUJ,PANCH MAHALS,W
GUJGUJ10603,PERSONAL COMPUTER TODAY,nan,86837.0,GUJGUJ/2003/14280,UDAY MUKUNDRAI BHOJANI,GUJ,RAJKOT,M
GUJGUJ12656,SAURASHTRA TODAY,सौराष्ट्र टुडे,103490.0,GUJGUJ/2009/30933,DINESHBHAI V. CHAVDA,GUJ,RAJKOT,W
GUJGUJ07611,RAJKOT TODAY,nan,68551.0,68551/ 98,SMT. SHILABEN RAJENDRAPURI GOSWAMI,GUJ,RAJKOT,W
GUJGUJ13237,NAMASKAR TODAY,nan,110648.0,GUJGUJ/2010/38091,SONI DIPAKKUMAR JAYNTILAL,GUJ,SABAR KANTHA,W
GUJGUJ17331,SAMACHAR TODAY,nan,151490.0,GUJGUJ/2019/78935,HABIBULLAHKHAN M. PATHAN,GUJ,SURAT,D
GUJGUJ15220,CITY TODAY,सिटी टुडे,128491.0,GUJGUJ/2014/55936,SAKIB MUNAF BHAI JARIWALA,GUJ,SURAT,D
GUJGUJ15073,GUJARAT SATYA TODAY,गुजरात सत्य टुडे,128470.0,GUJGUJ/2014/55915,SAKIB MUNAFBHAI JARIWALA,GUJ,SURAT,D
GUJGUJ15259,METRO TODAY,मेट्रो टुडे,128106.0,GUJGUJ/2014/55551,DHARMESH SURESHBHAI GOSALIYA,GUJ,SURAT,D
GUJGUJ14048,PATIDAR TODAY,पाटीदार टुडे,118689.0,GUJGUJ/2012/46132,SUBHASHBHAI KANJIBHAI SENJALIYA,GUJ,SURAT,F
GUJENG01189,FINMART TODAY,nan,136565.0,GUJENG/2015/64010,NIDHI GAURAV SINGHVI,GUJ,SURAT,HY
GUJGUJ09033,WORLD TODAY,nan,75089.0,GUJGUJ/2000/02532,VAISHNAV VIREN V.,GUJ,SURAT,M
GUJENG01011,FRANCHISE TODAY,nan,119795.0,GUJENG/2012/47238,SWETA AGRAWAL,GUJ,SURAT,M
GUJGUJ10673,VYARA TODAY,nan,88218.0,GUJGUJ/2005/15661,GAYATRI PUBLICATION,GUJ,SURAT,W
GUJGUJ14671,TODAY GUARDIAN,टुडे गार्डियन,131217.0,GUJGUJ/2013/58662,PRIYA SHESHRAM PATHAK,GUJ,SURAT,W
GUJGUJ10214,SURAT TODAY,nan,82746.0,GUJGUJ/2003/10189,JANHIT PRAKASHAN SARVAJANIK TRUST,GUJ,SURAT,W
GUJGUJ16530,JAI HIND TODAY,nan,142755.0,GUJGUJ/2015/70200,JAYSHREE SURESHBHAI PARMAR,GUJ,SURENDRANAGAR,D
GUJGUJ09091,DHRANGADHARA TODAY,nan,75359.0,GUJGUJ/2000/02802,PARESH KHATRI,GUJ,SURENDRANAGAR,W
GUJGUJ08714,LIMBDI TODAY,nan,74437.0,GUJGUJ/2000/01880,BHAGIRATHSINH J.ZALA,GUJ,SURENDRANAGAR,W
GUJGUJ06701,YES TODAY,nan,65338.0,65338/ 95,DAMODAR GOPALDAS PITALIYA,GUJ,SURENDRANAGAR,W
GUJGUJ14844,PANAMA TODAY,nan,124926.0,GUJGUJ/2013/52371,HITESHBHAI RAMANBHAI PATEL,GUJ,SURENDRANAGAR,W
GUJGUJ05849,ZALAWAD TODAY,nan,64901.0,64901/ 93,D. H.LAKHANI,GUJ,SURENDRANAGAR,W
GUJGUJ14735,COLLEGION TODAY,nan,124127.0,GUJGUJ/2013/51572,TRIVEDI VANDNABEN USHAKANTBHAI,GUJ,SURENDRANAGAR,W
GUJGUJ12632,JAI HIND TODAY,nan,69752.0,69752/ 95,JAYSHREE SURESHBHAI PARMAR,GUJ,SURENDRANAGAR,W
GUJGUJ15018,THANGADH TODAY,nan,131218.0,GUJGUJ/2014/58663,MAULESHBHAI KAMLASHANKAR DAVE,GUJ,SURENDRANAGAR,W
GUJGUJ09423,TALUKA TODAY,nan,77458.0,GUJGUJ/2001/04901,HITESH J.BHATT,GUJ,SURENDRANAGAR,W
GUJBIL01163,GRAMIN TODAY,nan,,nan,SUNILBHAI GAMIT,GUJ,TAPI,W
GUJGUJ15450,METRO TODAY,मेट्रो टुडे,129967.0,GUJGUJ/2014/57412,DHARMESH SURESHBHAI GOSALIYA,GUJ,VADODARA,D
GUJGUJ15773,VADPRAD TODAY,nan,134458.0,GUJGUJ/2015/61903,UMESH JAYANTILAL JOBANPUTRA,GUJ,VADODARA,D
GUJGUJ17072,GODHRA TODAY,गोधरा टुडे,149149.0,GUJGUJ/2018/76594,BHAGAVANI ANJANABEN JITENDRAKUMAR,GUJ,VADODARA,F
GUJGUJ14508,SUNSHINE TODAY,सनशाइन टुडे,131254.0,GUJGUJ/2013/58699,RAMESH CHANDRA NAYAK,GUJ,VADODARA,M
GUJGUJ17781,SHIVANSH TODAY,nan,158586.0,GUJGUJ/2022/86031,PARMAR ASHWINKUMAR DHANJIBHAI,GUJ,VADODARA,W
GUJGUJ14640,VADODARA TODAY,वडोदरा टुडे,126560.0,GUJGUJ/2013/54005,VAIKUNTHSINH V. PAWAR,GUJ,VADODARA,W
GUJGUJ11815,SAYAJI TODAY,सायाजी टुडे,91073.0,GUJGUJ/2006/18516,YASHMI ENTERPRISE,GUJ,VADODARA,W
GUJGUJ14927,VALSAD TODAY,nan,126795.0,GUJGUJ/2013/54240,DIYESH KAILASHNATH PANDEY,GUJ,VALSAD,W
GUJGUJ15920,TRUE TODAY,nan,139852.0,GUJGUJ/2015/67297,SANJAY KUMAR NATVARLAL PATEL,GUJ,VALSAD,W
GUJGUJ17185,MEGHDOOT TODAY,nan,158330.0,GUJGUJ/2019/85775,ABDULKADAR MOHAMMEDSHAFI HASMANI,GUJ,VALSAD,W
HARHIN04715,AMBALA TODAY,अम्बाला टुडे,100507.0,HARHIN/2009/27950,SUSHIL SHARMA,HAR,AMBALA,F
HARENG00143,INSTRUMENTS TODAY,nan,26245.0,26245/ 74,K K JAIN,HAR,AMBALA CANTT,M
HARHIN10911,TARGET TODAY,टारगेट टुडे,139571.0,HARHIN/2016/67016,ARJUN SINGH,HAR,BHIWANI,M
HARHIN02158,TODAY REPORT,nan,51503.0,51503/ 93,JAGMOHAN SHARMA,HAR,FARIDABAD,D
HARHIN01512,TODAY TIMES,nan,34022.0,34022/ 81,M/S TODAY TIMES,HAR,FARIDABAD,F
HARHIN05316,GLOBAL TODAY,nan,124638.0,HARHIN/2012/52083,KANHIYA LAL GAUTAM,HAR,FARIDABAD,W
HARHIN01801,FARIDABAD TODAY,nan,51419.0,51419/ 92,AJAY KUMAR SHARMA,HAR,FARIDABAD,W
HARHIN05756,PRATINIDHI TODAY,प्रतिनिधि टुडे,144576.0,HARHIN/2014/72021,SAVITA,HAR,FARIDABAD,W
HARMUL00453,TOHANA TODAY,टोहाना टूडे,153253.0,UR,RAM NIWAS,HAR,FATEHABAD,W
HARHIN05237,GURGAON TODAY,nan,120517.0,HARHIN/2013/47961,ANIL ARYA,HAR,GURUGRAM,D
HARENG00569,SECURITY TODAY,सिक्योरटी टूडे,87066.0,HARENG/2004/14509,I ST ACADEMY OF SECURITY SCIENCE EDUCATION &TRAINING PVT.LTD.,HAR,GURUGRAM,M
HARHIN11043,GURUGRAM TODAY,गुरुग्राम टुडे,142839.0,HARHIN/2016/70284,ANIL ARYA,HAR,GURUGRAM,M
HARENG00250,TOMORROW MADE TODAY,nan,30683.0,30683/ 77,N. C. NIGAM,HAR,GURUGRAM,Q
HARHIN05025,HISAR TODAY,हिसार टुडे,108985.0,HARHIN/2010/36428,MAHESH KUMAR,HAR,HISAR,D
HARHIN11386,KESHAV TODAY,nan,,nan,SANJAY,HAR,HISAR,M
HARHIN04660,DRUG TODAY,ड्रग टुडे,99309.0,HARHIN/2008/26752,SATPAL SINGH,HAR,HISAR,M
HARHIN01810,HARYANA TODAY,nan,51456.0,51456/ 92,BALBIR SINGH RAWALWASIA,HAR,HISAR,W
HARHIN03739,HEALTH TODAY,हैल्‍थ टूडे,96861.0,HARHIN/2002/24304,RAMESH KUMAR,HAR,HISSAR,M
HARHIN00102,ANTODAYA SAMVAD,अंतोदय संवाद,37496.0,37496/ 80,AJIT SINGH,HAR,JHAJJAR,F
HARHIN11587,BLUSTER NEWS TODAY,nan,,nan,DR. SATISH KUMAR,HAR,JHAJJAR,M
HARENG00864,CONSUMER LAW TODAY,कंज्यूमर लॉ टुडे,132330.0,HARENG/2013/59775,VIDHI TYAGI,HAR,KAITHAL,M
HARHIN04621,KAITHAL TODAY,कैथल टुडे,101967.0,HARHIN/2008/29410,HARDEEP SINGH VAKIL,HAR,KAITHAL,W
HARHIN05216,CHEEKA TODAY,nan,116978.0,HARHIN/2011/44421,CHARAN DASS,HAR,KAITHAL,W
HARHIN02174,GURJAR TODAY,nan,51585.0,51585/ 93,DR.KARTAR SINGH POSWAL,HAR,KARNAL,M
HARHIN05321,ROAD SENSE TODAY,रोड सेंस टुडे,128338.0,HARHIN/2013/55783,JAGDISH CHANDER KAUSHIK,HAR,KURUKSHETRA,M
HARHIN06077,UPMANYU TODAY,उपमन्यु टुडे,138114.0,HARHIN/2015/65559,NARENDER K.UPMANYU,HAR,PANIPAT,M
HARHIN04510,WESTON TODAY,वेस्टन टुडे,104414.0,HARHIN/2009/31857,SATISH BHARDWAJ,HAR,PANIPAT,W
HARHIN06060,HELPLINE TODAY,हेल्पलाइन टुडे,138055.0,HARHIN/2015/65500,VINITA SINHA,HAR,ROHTAK,W
HARHIN05647,KALANWALI TODAY,कालांवाली टुडे,144692.0,HARHIN/2013/72137,JAGDISH RAI,HAR,SIRSA,DE
HARHIN05244,SIRSA TODAY,सिरसा टुडे,134993.0,HARHIN/2012/62438,MAHESH CHANDER,HAR,SIRSA,DE
HARHIN05129,OSHO TODAY,nan,118580.0,HARHIN/2011/46023,LIMASS FOUNDATION,HAR,SONIPAT,M
HPHIN00822,TRIBAL TODAY,nan,116740.0,HPHIN/2012/44183,SHAM CHAND AZAD,HP,LAHUL & SPITI,M
HPHIN00540,JANPRIYA HIMACHAL TODAY,जनप्रिय हिमाचल टुडे,79834.0,HPHIN/2002/07277,ANAND KUMAR,HP,MANDI,M
HPHIN00833,SHIMLA TODAY,शिमला टुडे,123879.0,HPHIN/2013/51324,KULDEEP KUMAR,HP,SHIMLA,W
HPBIL00310,THIRD EYE TODAY,nan,,UR,THIRD EYE NEWS NETWORK,HP,SOLAN,BM
HPHIN01063,SOLAN TODAY,nan,,nan,SNEH LATA,HP,SOLAN,W
JHAHIN00079,WORLD ALL SOCIETY TODAY,nan,86065.0,JHAHIN/2004/13508,VIVEK KUMAR VIVEKANAND,JHA,BOKARO,W
JHAHIN00914,BOKARO TODAY,nan,75484.0,JHAHIN/2000/02927,DHANANJAY PRATAP,JHA,BOKARO,W
JHAHIN00949,DHANBAD TODAY,nan,,nan,MD. ZAHIRUDDIN KHAN,JHA,DHANBAD,M
JHAHIN00176,POOJA BHARTI TODAY,पूजा भारती टुडे,91452.0,JHAHIN/2006/18895,MANOJ KUMAR SINGH,JHA,PURBI SINGHBHUM/ JAMSHEDPUR,F
JHAENG00123,AWAKEN TODAY,अवेकन टुडे,145068.0,JHAENG/2016/72513,VIKAS KUMAR DUBEY,JHA,PURBI SINGHBHUM/ JAMSHEDPUR,M
JHAHIN00967,SWADESH TODAY,स्वदेश टुडे,142248.0,JHAHIN/2016/69693,SANJAY SINGH,JHA,RANCHI,D
JHABIL00001,JHARKHAND TODAY,झारखंड टुडे,78511.0,JHAHIN/2002/05954,DR NALIN KU MISHRA,JHA,RANCHI,F
JHABIL00131,JUDICIARY TODAY,nan,69147.0,69147/ 96,BIMAL KUMAR BOSE,JHA,RANCHI,M
JHAHIN00442,PUBLIC TODAY,पब्लिक टुडे,117465.0,JHAHIN/2012/44908,RAMAKANT MAHTO,JHA,RANCHI,M
JKENG00507,VIEWS TODAY,nan,79327.0,JKENG/2002/06770,MADAN LAL AGARWAL,JK,JAMMU,D
JKENG00757,MORNING TODAY,मॉर्निंग टुडे,102825.0,JKENG/2009/30268,AMIT SAWNEY,JK,JAMMU,D
JKHIN00181,VIEWS TODAY,nan,76967.0,JKHIN/2000/04410,MADAN LAL AGGARWAL,JK,JAMMU,D
JKENG00977,LADAKH TODAY,लदाख टुडे,118570.0,JKENG/2012/46013,SANKATHA PD SINGH,JK,JAMMU,D
JKENG00941,DAY TODAY NEWS,nan,116490.0,JKENG/2012/43933,KAMLESH KUMARI,JK,JAMMU,D
JKENG00682,AS OF TODAY,एज़ ऑफ़ टुडे,104959.0,JKENG/2008/32402,RAJESH LANGER,JK,JAMMU,F
JKENG00627,TODAY'S HOPE,ज्ञक्žज्ञ ा,91529.0,JKENG/2006/18972,KAPIL GUPTA,JK,JAMMU,F
JKENG01072,ENQUIRER TODAY,nan,135899.0,JKENG/2014/63344,SARFRAZ AHMED,JK,JAMMU,M
JKENG00102,JAMMU TODAY,nan,39970.0,39970/ 80,VIJAY GUPTA,JK,JAMMU,W
JKHIN00270,KATHUA TODAY,KATHUA TODAY,91404.0,JKHIN/2007/18847,KAMALJEET SINGH,JK,KATHUA,F
JKBIL00244,THE SRINAGAR TODAY,द श्रीनगर टुडे,104813.0,JKBIL/2009/32256,YOUSUF RESHI,JK,PULWAMA,W
JKENG01027,POONCH TODAY,nan,131118.0,JKENG/2013/58563,SALIL RAINA,JK,PUNCH,F
JKBIL00346,THE SAMBA TODAY,nan,,nan,VISHAL JASROTIA,JK,SAMBA,D
JKHIN00334,ANMOL TODAY,nan,124047.0,JKHIN/2013/51492,JANAK RAJ BHAGAT,JK,SAMBA,W
JKENG00842,HEADLINES TODAY,nan,111788.0,JKENG/2011/39231,SYED JAHANGIR BUKHARI,JK,SRINAGAR,D
JKENG00316,VALLEY TODAY,वैली टुडे,58931.0,58931/ 94,SHEIKH MOHD TAHIR,JK,SRINAGAR,Q
JKENG01236,CONCEPT TODAY,nan,143531.0,JKENG/2017/70976,KHALID QURESHI,JK,SRINAGAR,W
JKENG00892,KASHMIR TODAY,nan,128116.0,JKENG/2014/55561,RAJA MUZAMIL SHAGOO,JK,SRINAGAR,W
KARKAN25965,DALITODAYA,nan,144156.0,KARKAN/2016/71601,SUBHASH HODLUR,KAR,BAGALKOT,D
KARENG02857,THE BIBLE TODAY,nan,82051.0,KARENG/2003/09494,D.S.P.VARMA,KAR,BANGALORE,M
KARKAN06910,STUDENT TODAY,nan,50630.0,50630/ 93,K.N.CHANDRASHEKAR,KAR,BANGALORE,M
KARBIL02043,PRAYA TODAY,प्रया टुडे,137163.0,KARBIL/2015/64608,H. SHASHI KUMAR SHARMA,KAR,BANGALORE(NORTH),M
KARENG04481,IMPRESSIONS TODAY,nan,132070.0,KARENG/2014/59515,DHARSHAN B.V.,KAR,BANGALORE(NORTH),M
KARENG04344,METRO TODAY BANGALORE,nan,120123.0,KARENG/2012/47566,H.M. LAKSHMAN,KAR,BANGALORE(NORTH),M
KARENG01994,CITY TODAY,nan,67460.0,67460/ 97,M. RAHUL,KAR,BENGALURU RURAL,D
KARHIN00192,SOUTH TODAY,nan,74089.0,KARHIN/2000/01532,SATYANARAYANA JOSHI,KAR,BENGALURU RURAL,F
KARKAN13814,TODAY INDIA RAJAKEEYA,nan,82445.0,KARKAN/2002/09888,S.MARIAYAPPA,KAR,BENGALURU RURAL,W
KARENG01989,POP TODAY,nan,75488.0,KARENG/2000/02931,"VASANT JANTE,",KAR,BENGALURU URBAN,BM
KARENG04755,CHEMICAL TODAY,nan,144009.0,KARENG/2016/71454,KIMBERLITE SOFTWARES PRIVATE LIMITED,KAR,BENGALURU URBAN,M
KARENG02562,OUTDOOR-TODAY,nan,80958.0,KARENG/2002/08401,VASANTH JANTE,KAR,BENGALURU URBAN,Q
KARENG02121,PETCARE TODAY,nan,73659.0,KARENG/2000/01102,TETRAGOM CHEMIC LTD,KAR,BENGALURU URBAN,Q
KARKAN23057,BIJAPUR TODAY,nan,123363.0,KARKAN/2013/50808,SHARADKUMAR K. ARJUNAGI,KAR,BIJAPUR,D
KARKAN24232,TODAY SUDDIGARA,nan,134002.0,KARKAN/2014/61447,B.M. KUMAR,KAR,CHIKMAGALUR,M
KARKAN20492,TENDER TODAY,टेंडर टुडे,106868.0,KARKAN/2010/34311,SHRIHARI N. GOWRIPUR,KAR,CHITRADURGA,D
KARKAN23049,BHARGAVA TODAY,nan,123852.0,KARKAN/2013/51297,M.D THIPPESWAMY,KAR,CHITRADURGA,D
KARHIN00277,TENDER TODAY,टेंडर टुडे,106872.0,KARHIN/2010/34315,SHRIHARI N. GOWRIPUR,KAR,CHITRADURGA,D
KARENG04872,KARNATAKA TODAY,कर्नाटक टुडे,135665.0,KARENG/2015/63110,SPEARHEAD PUBLICATION PVT. LTD.,KAR,DAKSHIN KANNADA/ MANGALURU,M
KARKAN23215,SUNNI TODAY,nan,125610.0,KARKAN/2013/53055,MAHAMMED HANEEF,KAR,DAKSHINA KANNADA,F
KARENG03928,MANGALORE TODAY,nan,113086.0,KARENG/2009/40529,V.U. GEORGE,KAR,DAKSHINA KANNADA,M
KARKAN26524,DALITODAYA,nan,147613.0,KARKAN/2018/75058,S M HODLUR,KAR,GADAG,Q
KARENG05012,HASSAN TODAY,nan,160071.0,KARENG/2023/87516,PRAKASHA,KAR,HASSAN,D
KARENG01628,GULBARGA TODAY,nan,58203.0,58203/ 95,M.A.HUSSAIN,KAR,KALABURAGI,W
KARKAN21122,TODAY RAMANAGARA,nan,112805.0,KARKAN/2011/40248,K. MANJUNATHA,KAR,RAMANAGARAM,D
KARKAN24465,TODAY VOICE,टुडे वॉइस,135983.0,KARKAN/2014/63428,MOHAMMED SHABUDDIN,KAR,SHIMOGA,W
KARKAN28604,MALENADU TODAY JANA MANADA JEEVANADI,nan,,nan,JESUDAS P,KAR,SHIVAMOGGA,D
KARKAN26606,TUMKUR TODAY,nan,,nan,S R BABAJAN,KAR,TUMAKURU,F
KARKAN27956,TRENDING TODAY,nan,156282.0,KARKAN/2022/83727,DAYANANDA B.S.,KAR,TUMAKURU,M
KERMAL14958,KERALA POLITICS TODAY,nan,121594.0,KERMAL/2013/49039,VINOD VARGHESE,KER,ALAPPUZHA,M
KERMAL16030,SOCIETY TODAY,nan,148690.0,KERMAL/2018/76135,MANOJ MANUEL,KER,ERNAKULAM,M
KERENG01764,THE CORPORATE TODAY,nan,87772.0,KERENG/2005/15215,RAVEENDRAN M.,KER,ERNAKULAM,M
KERMAL03481,NOVEL TODAY,nan,44656.0,44656/ 88,POOMPATTA PUBLICATIONS,KER,ERNAKULAM/ KOCHI,M
KERMAL11331,TOWN TODAY,nan,85036.0,KERMAL/2004/12479,PRINCE SEBASTIAN,KER,KANNUR,F
KERENG02218,KERALA TODAY,केरला टुडे,102149.0,KERENG/2009/29592,KEERANTAKATH SIDHICK,KER,KANNUR,M
KERMAL14588,MALAYALAM TODAY,nan,109602.0,KERMAL/2011/37045,C. SHAMSUDDEEN,KER,KASARAGOD,M
KERBIL02042,JESUS VOICE TODAY,nan,112564.0,KERBIL/2011/40007,VARGHESE MARATHINAL,KER,KOLLAM,M
KERMAL16366,SERIAL TODAY,nan,155394.0,KERMAL/2022/82839,SHIBU JOSEPH,KER,KOZHIKODE,M
KERMAL09187,MALABAR TODAY,nan,44754.0,44754/ 90,M.P. GANGADHARAN,KER,MALAPPURAM,D
KERMAL14418,TRAVANCORE TODAY,nan,112388.0,KERMAL/2010/39831,A. PRAJIN BABU,KER,THIRUVANANTHAPURAM,M
KERMAL14622,TALENT TODAY,nan,110798.0,KERMAL/2011/38241,PRIYADHARSINI P.,KER,THIRUVANANTHAPURAM,W
KERMAL14359,PENTECOST TODAY,पेंटेकोस्ट टुडे,103564.0,KERMAL/2009/31007,SAJAN C. JACOB,KER,THRISSUR,M
KERMAL10393,GOSPEL TODAY,nan,78661.0,KERMAL/2002/06104,MATHEW C.V.,KER,THRISSUR,M
LDBIL00005,KARGIL TODAY,nan,,nan,MOHD HUSSAIN,LD,KARGIL,Q
LDHIN00001,LADAKH TODAY,nan,,nan,SANKTHA PRASAD SINGH,LD,LEH (LADAKH),D
JKENG01196,LADAKH TODAY,nan,157833.0,LDENG/2023/85278,SANKTHA PRASAD SINGH,LD,LEH (LADAKH),D
MAHMAR38119,AHEMADNAGAR TODAY,nan,119644.0,MAHMAR/2012/47087,SHAIKH ANWAR ABDULRAHEMAN,MAH,AHMADNAGAR,W
MAHMAR44139,TODAY EXPRESS,टुडे एक्सप्रेस,141517.0,MAHMAR/2015/68962,JYOTI PRAVINKUMAR BHOJNE,MAH,AKOLA,W
MAHHIN09562,AMRAVATI TODAY,अमरावती टुडे,146510.0,MAHHIN/2017/73955,SYED ZAHED SYED ZAHIRULHASAN,MAH,AMRAVATI,W
MAHMAR51541,WARUD TODAY,nan,158736.0,MAHMAR/2021/86181,PRADIP PANDURANGJI BAHURUPI,MAH,AMRAVATI,W
MAHMAR51419,BADNERA TODAY PRAHAR,nan,157089.0,MAHMAR/2022/84534,MANGESH DASHRATHRAO CHAVHAN,MAH,AMRAVATI,W
MAHMAR29139,MARATHWADA TODAY,मराठवाडा टुडे,96994.0,MAHMAR/2006/24437,DR.RAM JAWAHARLAL AGRAWAL,MAH,AURANGABAD,F
MAHMAR25331,THE CITY TODAY,nan,85159.0,MAHMAR/2004/12602,SHAIKH JABBAR,MAH,AURANGABAD,W
MAHBIL10376,LAW OF TODAY NEWS,nan,,nan,ADV.GANESH NAVNATHRAO KARANDE,MAH,BEED,BM
MAHMAR42546,TODAY NEED,nan,131143.0,MAHMAR/2013/58588,KHAN EJAJ AHMAD MAJID KHAN,MAH,BEED,W
MAHMAR51606,MOTALA TODAY,nan,,nan,SHIVAJI KISAN MAMANKAR,MAH,BULDANA,DE
MAHHIN10023,BULDHANA TODAY,nan,,UR,QUAZI SYED QAMARUDDIN,MAH,BULDANA,W
MAHBIL10215,MALKAPUR TODAY,nan,,nan,MOHAMMAED WASIM MOHAMMED MUSHTAQUE,MAH,BULDANA,W
MAHBIL10413,BULDANA TODAY,nan,,nan,KU.MRUNAL SOMNATH SAWALE,MAH,BULDANA,W
MAHMAR44601,SHIPAI TODAY,शिपाई टुडे,132185.0,MAHMAR/2014/59630,RAJPUT MOHANSINGH VIJAYSINGH,MAH,DHULE,F
MAHMAR47940,MARMIK HEADLINES TODAY,nan,,UR,SWRAWANSHI SUNIL CHANDRKANT,MAH,DHULE,M
MAHMAR22251,POLICE TODAY,nan,83878.0,MAHMAR/2002/11321,CHITTE SOMNATH RAJDHAR,MAH,DHULE,OP
MAHMAR40233,CONGRES TODAY,nan,126178.0,MAHMAR/2013/53623,AMOL GOVIND AGRAWAL,MAH,DHULE,W
MAHMAR45875,SONAWANE TODAY,सोनवणे टुडे,135995.0,MAHMAR/2015/63440,SONAWANE CHHOTO RAMDAS,MAH,DHULE,W
MAHMAR45871,ZEEL TODAY,nan,135313.0,MAHMAR/2015/62758,DESHMUKH SUNIL PRAKASH,MAH,DHULE,W
MAHHIN00417,GONDIA TODAY,nan,47089.0,47089/ 88,RAJ KUMAR SHANKAR AGARWAL,MAH,GONDIA,W
MAHMAR46578,HINGOLI TODAY,हिंगोली टुडे,137131.0,MAHMAR/2015/64576,PATHAN SALIM KHAN HASSAN KHAN,MAH,HINGOLI,W
MAHMAR40950,HEADLINE TODAY,nan,117214.0,MAHMAR/2012/44657,DESHMUKH A. HAKIM .G. MOHAMMAD,MAH,JALGAON,W
MAHMAR50840,DHARANGAON TODAY,nan,,UR,RAJ JAGANNATH DEVARE,MAH,JALGAON,W
MAHHIN09775,RAIL TODAY,रेल टुडे,139713.0,MAHHIN/2016/67158,RAUF USMAN BAGWAN,MAH,JALGAON,W
MAHMAR51910,DEVGIRI TODAY,nan,156871.0,MAHMAR/2022/84316,BHARAT BABASAHEB EKHANDE,MAH,JALNA,D
MAHMAR51956,HARSH TODAY,nan,,UR,SANDEEP SATYAPAL SANE,MAH,JALNA,W
MAHBIL10382,UDGIR TODAY,nan,159759.0,MAHBIL/2023/87204,KHIZARODDIN KHALILODDIN MUNSHI,MAH,LATUR,W
MAHHIN08815,ASTROLOGY TODAY,एस्ट्रोलॉजी टुडे,132270.0,MAHHIN/2013/59715,PAWAN KUMAR RAM TRIPATHI,MAH,MUMBAI,A
MAHBIL05285,DEMOCRACY TODAY,डेमोक्रेसी टुडे,95523.0,MAHBIL/2008/22966,PRASHANT DNYANESHWAR GANGAWANE,MAH,MUMBAI,BM
MAHENG09685,INDUSTRIAL TODAY,इन्डरीयल टूडे,89915.0,MAHENG/2004/17358,SANJAY TIWARI,MAH,MUMBAI,BM
MAHENG00134,AMUSEMENT TODAY AND TOMORROW,nan,49806.0,49806/ 90,ESSELS AMUSEMENT PARKS (INDIA) PVT. LTD.,MAH,MUMBAI,BM
MAHENG05980,ISRAEL TODAY,nan,61396.0,61396/ 95,CONSULATE GENERAL OF ISRAEL,MAH,MUMBAI,BM
MAHENG13530,FACTS TODAY,nan,128395.0,MAHENG/2014/55840,LAWRENCE EDWARD MASSEY,MAH,MUMBAI,D
MAHBIL01031,TEXTILES TODAY,nan,47139.0,47139/ 89,SHYAM BIYANI,MAH,MUMBAI,F
MAHENG02034,INVESTMENTS TODAY,nan,39841.0,39841/ 82,BEHROOZ MOSHIR KERMANI,MAH,MUMBAI,F
MAHENG02338,MADE IN INDIA TODAY,nan,20874.0,20874/ 71,MARKETING ADVERTISING AND SALES PROMOTION SERVECES INDIA,MAH,MUMBAI,F
MAHENG13231,CSR TODAY,nan,121421.0,MAHENG/2013/48866,INDIAN CENTRE FOR CORPOTATE SOCIAL RESPONSIBILITY,MAH,MUMBAI,M
MAHENG02076,INTERIORS TODAY NEWSPAPER OF INTERIOR DESIGN & BLD,nan,49876.0,49876/ 90,MAGNUM COMMUNICATIONS PVT. LTD.,MAH,MUMBAI,M
MAHENG13522,HDFC SECURITIES INVEST RIGHTLY TODAY,nan,126564.0,MAHENG/2013/54009,HDFC SECURITIES LIMITED,MAH,MUMBAI,M
MAHMAR40065,MAHARASHTRA TODAY,nan,125702.0,MAHMAR/2013/53147,JITENDRA PANDHARINATH PAKHRE,MAH,MUMBAI,M
MAHENG13397,MARITIME MATRIX TODAY,nan,122714.0,MAHENG/2013/50159,KAMAL CHADHA,MAH,MUMBAI,M
MAHENG13371,KRUNCH TODAY,nan,122725.0,MAHENG/2013/50170,KAMAL CHADHA,MAH,MUMBAI,M
MAHENG13314,ELECTRICALS TODAY,nan,120882.0,MAHENG/2013/48326,ITP PUBLISHING INDIA PVT.LTD,MAH,MUMBAI,M
MAHHIN04532,FILMS TODAY,फिल्म्स टुडे,90037.0,MAHHIN/2006/17480,RAJESH SRIVASTAVA,MAH,MUMBAI,M
MAHENG11048,FILMS TODAY,nan,96421.0,MAHENG/2008/23864,RAJESH SHRIVASTAV,MAH,MUMBAI,M
MAHENG02878,PHARMA TODAY,nan,47051.0,47051/ 87,SHARAVATHI MANAGEMENT SERVICE,MAH,MUMBAI,M
MAHENG14442,TALENT MANAGEMENT TODAY,nan,152095.0,MAHENG/2020/79540,GREY CELLS,MAH,MUMBAI,M
MAHENG12716,CONSTRUCTION WORLD PROPERTY TODAY,nan,114829.0,MAHENG/2011/42272,M/S ASAPP MEDIA PVT. LTD.,MAH,MUMBAI,M
MAHENG02757,OPPORTUNITIES TODAY,nan,19138.0,19138/ 71,SHYAM SHIVALDAS MOTWANI,MAH,MUMBAI,M
MAHENG08968,INFRASTRUCTURE TODAY,nan,82478.0,MAHENG/2002/09921,ASAPP MEDIA PVT. LTD,MAH,MUMBAI,M
MAHENG12887,PROJECTS TODAY,nan,112802.0,MAHENG/2011/40245,ECONOMIC RESEARCH INDIA PVT. LTD.,MAH,MUMBAI,M
MAHENG01149,ELECTRONICS TODAY,nan,16917.0,16917/ 68,S SWARU,MAH,MUMBAI,M
MAHENG10221,ANIMATION TODAY,एनीमेशन टुडे,92011.0,MAHENG/2005/19454,SANKRANTI CREATIONS,MAH,MUMBAI,M
MAHENG03575,SMALL INDUSTRY & BUSINESS TODAY,स्माल इंडस्ट्री एंड बिज़नेस टुडे,35682.0,35682/ 79,KAUMUDI CHANDRAKANT KARANDIKAR AND INDIRA BHASKAR GARDE,MAH,MUMBAI,M
MAHENG13047,RETAIL TODAY,nan,115359.0,MAHENG/2012/42802,ITP PUBLISHING INDIA PVT LTD,MAH,MUMBAI,M
MAHENG12498,THE TEENAGER TODAY,nan,109523.0,MAHENG/2010/36966,THE BOMBAY PAULINE PERIODICALS SOCIETY,MAH,MUMBAI,M
MAHENG13251,TRAVEL TRENDS TODAY,nan,119509.0,MAHENG/2012/46952,UBM INDIA PRIVATE LIMITED,MAH,MUMBAI,M
MAHENG07046,2001 INCOPORATING SCIENCE TODAY,nan,11542.0,11542/ 66,"BENNETT, COLEMAN & CO. LTD",MAH,MUMBAI,M
MAHENG11425,POWER TODAY,nan,99525.0,MAHENG/2008/26968,ASAPP MEDIA PVT. LTD.,MAH,MUMBAI,M
MAHENG12631,MANUFACTURING TODAY,nan,110516.0,MAHENG/2011/37959,ITP PUBLISHING INDIA PRIVATE LIMITED,MAH,MUMBAI,M
MAHENG13911,T 3 (TOMORROW'S TECHNOLOGY TODAY),nan,141843.0,MAHENG/2015/69288,NEXT GEN PUBLISHING LIMITED,MAH,MUMBAI,M
MAHENG13780,SOLAR TODAY,nan,144220.0,MAHENG/2016/71665,ASAPP INFO GLOBAL SERVICES PVT. LTD.,MAH,MUMBAI,M
MAHMUL02704,FASHION TODAY,फैशन टुडे,102930.0,MAHMUL/2009/30373,ANIL KUMAR,MAH,MUMBAI,M
MAHENG14122,CINEMA TODAY,nan,35802.0,35802/ 79,INDIAN MOTION PICTURE PRODUCERS ASSOCIATION,MAH,MUMBAI,M
MAHBIL00293,DIABETES TODAY,nan,49935.0,49935/ 91,NATIONAL DIABETIC ASSOCIATION OF INDIA AND RESEARCH SOCIETY,MAH,MUMBAI,Q
MAHENG04119,HARE KRISHNA TODAY,हरे कृष्णा टुडे,22780.0,22780/ 73,THE INTERNATIONAL SOCIETY FOR KRISHNA CONSCIOUSNESS,MAH,MUMBAI,Q
MAHENG02891,PHOTOGRAPHY TODAY,nan,43695.0,43695/ 85,CONTAX MARKETING SERVICES PVT. LTD.,MAH,MUMBAI,Q
MAHENG02927,POLSON TODAY,nan,24025.0,24025/ 72,"POLSON LTD, (JOINT STOCK COMPANY)",MAH,MUMBAI,Q
MAHENG01744,INDIA TODAY & TOMORROW,nan,16814.0,16814/ 68,V J JOSEPH,MAH,MUMBAI,Q
MAHENG10567,PARENTS TODAY,पैरेंटस टुडे,93435.0,MAHENG/2007/20878,SAPNA PANKAJ CHATURVEDI,MAH,MUMBAI,Q
MAHENG01315,FOURESS TODAY,nan,31825.0,31825/ 76,"FOURESS ENGINEERING (INDIA) PVT.LTD, MUMBAI",MAH,MUMBAI,Q
MAHENG03032,PSYCHSTECENIQUES TODAY,nan,46995.0,46995/ 87,M/S BRIGHTSIDE,MAH,MUMBAI,Q
MAHENG08887,TENDER TODAY,nan,81635.0,MAHENG/2002/09078,NIRANJAN KUMAR GUPTA,MAH,MUMBAI,W
MAHENG10537,SHIPPING TODAY,गंगाराम श्रीराम विžश्žवकर्मा,90402.0,MAHENG/2006/17845,SEQUENCIA MISQUITTA,MAH,MUMBAI,W
MAHMAR39538,METRO TODAY,nan,113777.0,MAHMAR/2011/41220,MANOJ VASHISHTH THAKUR,MAH,MUMBAI,W
MAHENG11328,THE SCENARIO TODAY,nan,96124.0,MAHENG/2008/23567,DINESH M.,MAH,MUMBAI,W
MAHENG05290,FINANCE TODAY,nan,54811.0,54811/ 92,SHIV PUBLICATIONS,MAH,MUMBAI,W
MAHMAR32613,SHIVNERI TODAY,nan,99662.0,MAHMAR/2009/27105,VILAS ASARAM SALVE,MAH,MUMBAI,W
MAHENG05588,SHREE FINANCE TODAY,nan,57052.0,57052/ 93,SHIV PUBLICATIONS,MAH,MUMBAI,W
MAHENG12444,NEWSMAKERS TODAY,न्यूज़मेकर्स टुडे,106601.0,MAHENG/2010/34044,VAIDEHI MANOHAR TAMAN,MAH,MUMBAI,W
MAHHIN08928,PRADESH TODAY,प्रदेश टुडे,127520.0,MAHHIN/2014/54965,HRADAYESH DIXIT,MAH,NAGPUR,DE
MAHENG14687,REALITY TODAY NEWS,nan,,nan,ASHISH DHOMNE,MAH,NAGPUR,M
MAHBIL10392,ENVIRONMENT TODAY,nan,154204.0,MAHBIL/2022/81649,KISHOR JAGATRAO DAHIWALE,MAH,NAGPUR,W
MAHBIL05243,HINGNA TODAY,हिंगणा टुडे,94315.0,MAHBIL/2007/21758,DHANU SANJAY DESHMUKH,MAH,NAGPUR,W
MAHENG13436,NAGPUR TODAY,नागपुर टुडे,134197.0,MAHENG/2014/61642,NEELABH KUMAR,MAH,NAGPUR,W
MAHHIN09258,CENTRAL TODAY,सेंट्रल टुडे,135307.0,MAHHIN/2014/62752,ABHISHEK KUMAR SINGH,MAH,NAGPUR,W
MAHHIN09103,NANDED TODAY,nan,130911.0,MAHHIN/2014/58356,NAEEM KHAN SALIM KHAN,MAH,NANDED,W
MAHMAR27966,NANDURBAR TODAY,nan,88269.0,MAHMAR/2005/15712,KANCHAN SATISH GOSAVI,MAH,NANDURBAR,W
MAHMAR29143,SATPUDA TODAY,सातपुडा टुडे,92930.0,MAHMAR/2006/20373,DHOBI LOTANBABURAO,MAH,NANDURBAR,W
MAHMAR49103,TRIMBAK TODAY,त्र्यंबक टुडे,149227.0,MAHMAR/2017/76672,UMESH MURLIDHAR SONAWANE,MAH,NASHIK,W
MAHURD02554,THE RECITE TODAY,nan,,UR,MOHAMMED KASHIF MOHAMMED ZUBAIR,MAH,NASHIK,W
MAHMAR32178,NASHIK TODAY,नाशिक टुडे,97229.0,MAHMAR/2008/24672,SULBHA NANDKUMAR KORHALKAR,MAH,NASHIK,W
MAHMAR49257,JAGAR TODAY,nan,152924.0,MAHMAR/2020/80369,YASHWANT BHATURAJ PAWAR,MAH,NASHIK,W
MAHMAR34974,YEOLA TODAY,येओला टुडे,106137.0,MAHMAR/2009/33580,YOGENDRA NIVRUTTI WAGH,MAH,NASHIK,W
MAHMUL03177,BASIC AND APPLIED SCIENCES TODAY,बेसिक एंड एप्लाइड साइंस टुडे,129859.0,MAHMUL/2014/57304,FULCHAND SHIVAJI YAMGAR,MAH,OSMANABAD,M
MAHMUL03176,INDIAN LITERATURE AND CULTURE TODAY,इंडियन लिटरेचर एंड कल्चर टुडे,129801.0,MAHMUL/2014/57246,MAHANANDA SHIVPUTRA KANADE,MAH,OSMANABAD,M
MAHMAR42216,OSMANABAD TODAY,nan,123490.0,MAHMAR/2013/50935,SUNIL MADHUKAR DHAPE,MAH,OSMANABAD,W
MAHENG14730,TODAY FACT NEWS,nan,,nan,SHAHID KHURSHID KHAN,MAH,PALGHAR,W
MAHMAR10000,AAMADAR TODAY,nan,70208.0,70208/ 93,AJAYSING M.SENGAR,MAH,PUNE,F
MAHMAR35240,JAINTODAY MANCH,JAINTODAY MANCH,104084.0,MAHMAR/2009/31527,AJAY MITHULALJI MUNOT,MAH,PUNE,F
MAHENG07801,JAINISM TODAY,nan,73733.0,MAHENG/2000/01176,MAHAVIR S. CHAVAN S.,MAH,PUNE,M
MAHENG07800,ISKCON PUNE TODAY,इसकोन पुणे टुडे,72522.0,72522/ 00,ISKCON PUNE,MAH,PUNE,M
MAHENG00294,BECK TODAY,nan,24141.0,24141/ 73,DR BECK & CO (INDIA) LTD,MAH,PUNE,Q
MAHENG13790,SATYANVESHANAM TODAY,nan,135289.0,MAHENG/2015/62734,MAHARASHATRA AROGYA MANDAL,MAH,PUNE,Q
MAHMAR43480,BARAMATI TODAY,nan,126321.0,MAHMAR/2013/53766,VIJAYKUMAR RAMCHANDRA BHISE,MAH,PUNE,W
MAHENG05517,PUNE TODAY,nan,56980.0,56980/ 93,VIJAY KUMAR KASHYAP,MAH,PUNE,W
MAHMAR35836,KONKAN TODAY,nan,108814.0,MAHMAR/2010/36257,DR. SACHIN PANDURANG PATIL,MAH,RAIGAD,D
MAHMAR45090,RAIGAD PRABHAT TODAY,रायगड प्रभात टुडे,139758.0,MAHMAR/2016/67203,VIPUL VILAS DESHMUKH,MAH,RAIGAD,W
MAHENG13169,RAIGAD TODAY,nan,121462.0,MAHENG/2013/48907,KSHITIJ VIJAY KADU,MAH,RAIGAD,W
MAHMAR52972,TODAY NEWSMANTRA,nan,,nan,SATISH GOVIND PALKAR,MAH,RATNAGIRI,W
MAHBIL10378,RATNAGIRI TODAY,nan,,UR,DIKSHA DIPAK BHAGWAT,MAH,RATNAGIRI,W
MAHMAR44987,PHALTAN TODAY,फलटण टुडे,138121.0,MAHMAR/2015/65566,AMOL RAMCHANDRA NALE,MAH,SATARA,W
MAHMAR43063,SATARA TODAY,सातारा टुडे,128690.0,MAHMAR/2014/56135,SANGRAM BHAUSO NIKALJE,MAH,SATARA,W
MAHMAR50145,SINDHUDURG TODAY,nan,,nan,SHRIKRISHNA ALIS RAJAN MURLIDHAR KADAM,MAH,SINDHUDURG,W
MAHENG12955,TELANGANA TODAY,nan,123902.0,MAHENG/2013/51347,TELANGANA PUBLICATIONS PVT. LTD.,MAH,THANE,D
MAHBIL06736,ADITYA TODAY,nan,125570.0,MAHBIL/2013/53015,SATISH UMASHANKAR MISHRA,MAH,THANE,M
MAHENG13787,AAROGYAM TODAY,आरोग्यम टुडे,136971.0,MAHENG/2015/64416,THYROCARE TECHNOLIGIES LIMTIED,MAH,THANE,M
MAHENG12699,CONSTRUCTION BUSINESS TODAY,कंस्ट्रक्शन बिज़नेस टुडे,116790.0,MAHENG/2011/44233,JAYANATH NARAYAN,MAH,THANE,M
MAHENG14751,BEARINGS TODAY,nan,,nan,SYNTHESIS MEDIA & COMMUNICATION PVT LTD,MAH,THANE,Q
MAHENG13877,DHARMA TODAY,धर्म टुडे,136748.0,MAHENG/2015/64193,JAY PANDYA,MAH,THANE,Q
MAHMAR48468,MEDI PROBE MUMBAI TODAY,nan,,UR,AMOL RATAN CHAUDHARI,MAH,THANE,W
MAHMUL03745,TODAY THANE,nan,158441.0,MAHMUL/2021/85886,PRATIKSHA HARIBHAU CHIRLEKAR,MAH,THANE,W
MAHBIL10487,NEW BRIDGETOWN TODAY,nan,158525.0,MAHBIL/2023/85970,HARSHAL SHANKARRAO KALE,MAH,WARDHA,DF
MAHMAR51958,VIDHARBHA TODAY,nan,,nan,SANDEEP SHALIK MENDHE,MAH,WARDHA,W
MAHMAR24757,BAHUJAN TODAY,nan,85072.0,MAHMAR/2003/12515,KIRAN SONONE,MAH,YAVATMAL,W
MANBIL00292,ZOGAM TODAY,जोगम टुडे,127485.0,MANBIL/2012/54930,S. NENGKHANLUN,MAN,CHURACHANDPUR,D
MANENG00123,ZOMI TODAY,nan,34325.0,34325/ 81,T GOUGIN,MAN,CHURACHANDPUR,Q
MANMAN00224,THE IMPHAL TODAY,nan,85717.0,MANMAN/2004/13160,A. PREMKUMAR SINGH,MAN,IMPHAL WEST,D
MANENG00110,THE HERALD TODAY,nan,140870.0,MANENG/2014/68315,JOHN BASHO POU,MAN,SENAPATI,D
MEGENG00069,TNT-THE NORTHEAST TODAY,nan,99094.0,MEGENG/2008/26537,PRADYOT MANIKYA DEB BURMAN,MEG,SHILLONG,M
MEGENG00062,MEGHALAYA TODAY,मेघालया टुडे,90940.0,MEGENG/2006/18383,SUKLA SHAHU,MEG,SHILLONG,W
MIZMIZ00684,MIZORAM TODAY,मिजोरम टुडे,87563.0,MIZMIZ/2005/15006,C. LALRAMBUATSAIHA,MIZ,AIZAWL,W
MIZMIZ01075,LAWNGTLAI TODAY,nan,,nan,H. LALHMINGMAWIA,MIZ,LAWNGTLAI,D
MPHIN23728,ANUPPUR TODAY,nan,107640.0,MPHIN/2009/35083,SURENDER PRASAD PANDEY,MP,ANUPPUR,W
MPURD00438,THE WORLD TODAY,द वर्ल्ड टूडे,158481.0,MPURD/2022/85926,NOOR ULLAH KHAN,MP,ASHOK NAGAR,M
MPHIN14125,TODAY AND TOMORROW,nan,71280.0,71280/ 98,APARNA MAJUMDAR,MP,BAITUL,F
MPHIN25005,BALAGHAT TODAY,बालाघाट टुडे,115478.0,MPHIN/2011/42921,MAHESH VISHWAKARMA,MP,BALAGHAT,D
MPHIN26369,BALAGHAT BREAKING NEWS TODAY,nan,120052.0,MPHIN/2012/47495,VIPIN BIHARI SHANDILYA,MP,BALAGHAT,M
MPHIN33840,KHADAN TODAY,nan,,UR,MOHAMMED SHABIR KHAN,MP,BALAGHAT,M
MPHIN20948,NOVELTY TODAY,नावेल्‍टी टुडे,99773.0,MPHIN/2008/27216,MOHD. SALEEM MANSOORI,MP,BARWANI,W
MPHIN37788,SHABD TODAY,nan,153977.0,MPHIN/2020/81422,NAND KISHORE MALVIYA,MP,BETUL,D
MPURD00306,URDU TODAY,nan,118505.0,MPURD/2012/45948,IRFAN AHMAD KHAN,MP,BETUL,M
MPHIN28277,KING TODAY,nan,119134.0,MPHIN/2012/46577,IRFAN AHMAD KHAN,MP,BETUL,W
MPHIN32850,SANGRAM TODAY,संग्राम टुडे,147141.0,MPHIN/2017/74586,BHAGWAN SINGH BHADOURIYA,MP,BHIND,Q
MPHIN31554,PRAVESH TODAY,प्रवेश टुडे,136762.0,MPHIN/2015/64207,MOHD.AAMIR,MP,BHOPAL,D
MPHIN33529,MADHYANCHAL TODAY,nan,,UR,VOICE OF MADHYANCHAL MEDIA NETWORK PRIVATE LIMITED,MP,BHOPAL,D
MPHIN34689,VAIBHAV TODAY,वैभव टुडे,148359.0,MPHIN/2018/75804,VIJAY SINGH RAJPUT,MP,BHOPAL,D
MPHIN39325,JOURNALISM TODAY,nan,,nan,JOURNALISM TODAY,MP,BHOPAL,D
MPHIN27568,CITY TODAY,nan,115671.0,MPHIN/2012/43114,SATISH PIMPLE,MP,BHOPAL,D
MPBIL02358,SWASTIK TODAY,स्वास्तिक टुडे,150491.0,MPBIL/2018/77936,GAURAV SHARMA,MP,BHOPAL,D
MPHIN31965,MORNING TODAY,मॉर्निंग टुडे,142291.0,MPHIN/2015/69736,MANOHAR VISHWAKARMA,MP,BHOPAL,D
MPHIN35172,RISING TODAY,nan,149366.0,MPHIN/2018/76811,MOHAMMED ZAHEER,MP,BHOPAL,D
MPHIN31035,ANGAR TODAY,अंगार टुडे,132598.0,MPHIN/2015/60043,KHALIL ULLAH SUDDIQUI,MP,BHOPAL,D
MPHIN29078,GOSSIP TODAY,गॉसिप टुडे,145357.0,MPHIN/2013/72802,QUAKER PEACE & SERVICE SOCIETY,MP,BHOPAL,D
MPHIN38127,TAZA TODAY,nan,,UR,KASHISH KATARE,MP,BHOPAL,D
MPHIN35343,KALCHURI TODAY,nan,,nan,HARSH RAI,MP,BHOPAL,D
MPHIN34444,PARAMOUNT TODAY,पैरामाउण्ट टुडे,144636.0,MPHIN/2016/72081,PARAMOUNT AGRITECHNOLOGIES,MP,BHOPAL,D
MPHIN30376,MUJRIM TODAY,मुजरिम टुडे,131869.0,MPHIN/2014/59314,HARSH TIWARI,MP,BHOPAL,D
MPHIN25616,PRADESH TODAY,nan,107904.0,MPHIN/2010/35347,HRADAYESH DIXIT,MP,BHOPAL,D
MPURD00372,JAHNUMA TODAY,nan,145624.0,MPURD/2017/73069,SAEED BEG,MP,BHOPAL,D
MPHIN34333,RAJMAT TODAY,राजमत टुडे,148395.0,MPHIN/2017/75840,ANKIT MISHRA,MP,BHOPAL,D
MPHIN27745,SENATE TODAY,nan,116033.0,MPHIN/2012/43476,SIDDHARTH AGRAWAL,MP,BHOPAL,D
MPHIN35527,PRAHAR TODAY,प्रहार टुडे,150863.0,MPHIN/2019/78308,YOGENDRA MUKHRIYA,MP,BHOPAL,D
MPHIN29738,BLITZ TODAY,nan,126020.0,MPHIN/2013/53465,SANJAY KUMAR AGRAWAL,MP,BHOPAL,D
MPHIN33668,SHABD TODAY,शब्द टुडे,142591.0,MPHIN/2016/70036,NAND KISHORE MALVIYA,MP,BHOPAL,D
MPHIN35695,VIDISHA TODAY,विदिशा टुडे,153480.0,MPHIN/2020/80925,RUPA SHARMA,MP,BHOPAL,D
MPHIN31601,BHOPAL TODAY,भोपाल टुडे,135047.0,MPHIN/2015/62492,MONALISA PANDEY,MP,BHOPAL,D
MPHIN39200,PRABHATAM TODAY,प्रभातम टुडे,159428.0,MPHIN/2020/86873,ARSHI BEGAM,MP,BHOPAL,D
MPHIN31513,APSARA TODAY,अप्सरा टुडे,142614.0,UR,MOHAMMAD NAVED,MP,BHOPAL,D
MPHIN34429,SAMPURAN TODAY,संपूर्ण टुडे,147070.0,MPHIN/2017/74515,LAVLESH PANDEY,MP,BHOPAL,D
MPHIN25270,ARYAVRAT TODAY,आर्यव्रत टुडे,108603.0,MPHIN/2010/36046,RAMESH DUBEY,MP,BHOPAL,D
MPHIN30849,ABN TODAY,ए बी एन टुडे,132905.0,MPHIN/2015/60350,AMEEN BEG,MP,BHOPAL,D
MPURD00368,INAYA TODAY,nan,140525.0,MPURD/2016/67970,MEJAR AMEEN BEG,MP,BHOPAL,D
MPHIN38261,YUVRAJ TODAY,युवराज टुडे,160009.0,MPHIN/2023/87454,YUVNESHWAR PRASAD SHUKLA,MP,BHOPAL,D
MPHIN24381,RESEARCH TODAY,रिसर्च टुडे,105530.0,MPHIN/2010/32973,S.N. GUPTA,MP,BHOPAL,D
MPHIN27839,RAJYA TODAY,nan,116905.0,MPHIN/2012/44348,AAQUIB AZIZ,MP,BHOPAL,D
MPHIN00392,TRIKAL TODAY,nan,114768.0,MPHIN/2012/42211,GYAN SWAROOP CHAUBEY,MP,BHOPAL,DE
MPHIN16501,JOURNALIST TODAY,nan,85336.0,MPHIN/2001/12779,SARIKA NARVADIYA,MP,BHOPAL,F
MPHIN26161,PEOPLES TODAY,nan,121750.0,MPHIN/2011/49195,YASMEEN,MP,BHOPAL,F
MPHIN20393,EDUCATION TODAY SAMACHAR,एजुकेशन टुडे समाचार,98070.0,MPHIN/2007/25513,UDAY SRIVASTAV,MP,BHOPAL,F
MPHIN35323,AISHBAG TODAY,ऐशबाग टूडे,150235.0,MPHIN/2018/77680,NEELAM MEHAR,MP,BHOPAL,F
MPHIN12731,SCHOOL TODAY,nan,73899.0,MPHIN/1997/01342,MANISH SAMANDAR,MP,BHOPAL,F
MPHIN29713,GURU PRAKASH TODAY,गुरू प्रकाश टुडे,127499.0,MPHIN/2014/54944,RUMALI SINGH,MP,BHOPAL,F
MPHIN34786,VIJETA TODAY,विजेता टुडे,147996.0,UR,VIJETA CHOURASIYA,MP,BHOPAL,F
MPHIN29839,SARTHAK TODAY,nan,131002.0,MPHIN/2014/58447,RAHUL PANDEY,MP,BHOPAL,F
MPENG00698,M.P HIGH COURT TODAY,nan,81751.0,MPENG/2003/09194,JAIDEV BANGIA,MP,BHOPAL,F
MPHIN38589,SACHCHAI KI AWAZ TODAY,nan,,nan,MAMTA RAY,MP,BHOPAL,F
MPHIN29635,ANJALI TODAY,अंजलि टुडे,135677.0,MPHIN/2014/63122,USHA MOURYA,MP,BHOPAL,F
MPHIN33134,PHOTO JOURNALIST TODAY,nan,,UR,APOORVA SHARMA,MP,BHOPAL,M
MPHIN31082,MALHAR TODAY,मल्हार टुडे,135568.0,UR,YOGENDRA KUMAR,MP,BHOPAL,M
MPHIN31857,BHOPAL BHRAMAN TODAY,nan,143415.0,MPHIN/2017/70860,SHASHI KUSHWAH,MP,BHOPAL,M
MPHIN24345,BHRASTACHAR TODAY,nan,110274.0,MPHIN/2010/37717,SHIVAKANT SHUKLA,MP,BHOPAL,M
MPHIN34838,SAMPURAN TODAY,संपूर्ण टुडे,147406.0,UR,LAVLESH PANDEY,MP,BHOPAL,M
MPHIN29239,NIHARIKA TODAY,nan,124687.0,MPHIN/2013/52132,GANESH VERMA,MP,BHOPAL,M
MPHIN33661,VIJETA TODAY,विजेता टुडे,141458.0,MPHIN/2016/68903,VIJETA CHOURASIYA,MP,BHOPAL,M
MPHIN25121,PATRIKA TODAY,nan,111195.0,MPHIN/2010/38638,A. MUJEEB,MP,BHOPAL,M
MPHIN26455,RAJNITI TODAY,nan,114202.0,MPHIN/2011/41645,HEMRAJ YADAV,MP,BHOPAL,M
MPHIN12370,AQUAMAN TODAY,nan,65976.0,65976/ 96,RAJEEV TRIPATHI,MP,BHOPAL,M
MPHIN29640,KOLAR TODAY,कोलार टूडे,127453.0,MPHIN/2014/54898,ASHOK NARAYAN PUJARI,MP,BHOPAL,M
MPHIN31111,A STAR TODAY,ए स्टार टुडे,134521.0,MPHIN/2015/61966,KAMAL SINGH,MP,BHOPAL,M
MPHIN31127,KEER TODAY,कीर टुडे,134649.0,MPHIN/2015/62094,SATISH KUMAR KEER,MP,BHOPAL,M
MPHIN28571,SHANKHNAD TODAY,nan,123518.0,MPHIN/2013/50963,PRATUL PARASHAR,MP,BHOPAL,M
MPHIN33739,KACHI TODAY,nan,143732.0,MPHIN/2017/71177,PANNA LAL KUSHWAHA,MP,BHOPAL,M
MPHIN36545,YUMNA TODAY,nan,157515.0,MPHIN/2021/84960,GULZAR AHMED,MP,BHOPAL,M
MPURD00369,THE WORLD TODAY,nan,139988.0,MPURD/2016/67433,NOOR ULLAH KHAN,MP,BHOPAL,M
MPHIN37696,SARVADHARAM TODAY,सर्वधर्म टुडे,156360.0,MPHIN/2019/83805,MEHNAZ,MP,BHOPAL,M
MPHIN25817,JANSAMPARK TODAY,nan,125575.0,MPHIN/2012/53020,YOGESH KUMAR MEHRA,MP,BHOPAL,M
MPHIN25211,ANANT TODAY,nan,112514.0,MPHIN/2010/39957,VIKRAM SINGH,MP,BHOPAL,M
MPHIN28354,SAMADHAN TODAY,nan,122739.0,MPHIN/2013/50184,SUNIL KUMAR DUBEY,MP,BHOPAL,M
MPHIN25763,ALPASANKHYAK TODAY,nan,113134.0,MPHIN/2011/40577,IMARAN KHAN,MP,BHOPAL,M
MPHIN27143,CLIK TODAY,nan,116068.0,MPHIN/2012/43511,SADHNA M.,MP,BHOPAL,M
MPHIN33272,ZAREEN TODAY,nan,143448.0,MPHIN/2016/70893,YAMEEN KHAN,MP,BHOPAL,M
MPHIN38853,MANKIND TODAY,nan,,nan,SANJAY PATEL,MP,BHOPAL,M
MPHIN36264,DEVENDRA TODAY,nan,,UR,DEVENDRA PATIL,MP,BHOPAL,M
MPHIN31663,AMRIT TODAY,अमृत टुडे,140400.0,MPHIN/2015/67845,D.P.GOYAL,MP,BHOPAL,M
MPHIN32375,WELCOME TODAY,वेलकम टुडे,140482.0,MPHIN/2016/67927,IDRIS KHAN,MP,BHOPAL,M
MPHIN25296,GANGA TODAY,nan,112914.0,MPHIN/2010/40357,AMNA BI,MP,BHOPAL,M
MPBIL36597,CANVAS TODAY,केनवास टुडे,157712.0,MPBIL/2022/85157,MAMTA VARSHNEY,MP,BHOPAL,M
MPHIN33374,SHUDDHI TODAY,शुद्धि टुडे,141683.0,MPHIN/2016/69128,RADHEY SHYAM VISHWAKARMA,MP,BHOPAL,M
MPHIN29086,JAN CHARCHA TODAY,nan,124311.0,MPHIN/2013/51756,SUDHA RATHORE,MP,BHOPAL,M
MPBIL01895,SOUMYA TODAY,सौम्या टुडे,129960.0,MPBIL/2014/57405,SANJAY KUMAR SINHA,MP,BHOPAL,M
MPHIN26224,HARSH TODAY,nan,115485.0,MPHIN/2011/42928,ASHISH SINGH,MP,BHOPAL,M
MPHIN37506,SHRISHTI TODAY,सृष्टि टुडे,155997.0,MPHIN/2022/83442,YOUSUF AZIZ,MP,BHOPAL,M
MPHIN37569,VAMIKA TODAY,वामिका टुडे,157604.0,MPHIN/2022/85049,PUSHPENDRA PAL,MP,BHOPAL,M
MPHIN17638,NATURE TODAY,नेचर टुडे,81600.0,MPHIN/2002/09043,SHABBIR QADRI,MP,BHOPAL,M
MPHIN36867,AMULYA TODAY,अमूल्य टुडे,152618.0,MPHIN/2019/80063,SHARMILA,MP,BHOPAL,M
MPHIN37576,SHRUTI TODAY,श्रुति टुडे,158821.0,MPHIN/2022/86266,SHRUTI SAXENA,MP,BHOPAL,M
MPHIN27914,BLITZ TODAY,nan,123512.0,MPHIN/2013/50957,SANJAY KUMAR AGRAWAL,MP,BHOPAL,M
MPHIN25064,PHARMACY TODAY,nan,107645.0,MPHIN/2010/35088,SUGRIV KUMAR SAHOO,MP,BHOPAL,M
MPHIN24979,ARAB TODAY,nan,107674.0,MPHIN/2010/35117,SHAZIA KAUSAR,MP,BHOPAL,M
MPHIN36139,KESARIYA TODAY,केसरिया टुडे,155863.0,MPHIN/2021/83308,ROOPRAM PRAJAPATI,MP,BHOPAL,M
MPHIN38301,NAYA AAINA TODAY,नया आईना टुडे,156134.0,MPHIN/2019/83579,ARSHI KHAN,MP,BHOPAL,M
MPHIN31403,FOREST TODAY,फारेस्ट टुडे,143960.0,MPHIN/2017/71405,MASOOD UL HASAN,MP,BHOPAL,M
MPHIN17871,PROBLEM TODAY,nan,81510.0,MPHIN/2001/08953,KIRAN MISHRA,MP,BHOPAL,M
MPHIN34178,UDAAN TODAY,उड़ान टुडे,144436.0,MPHIN/2017/71881,IKRAM ULLAH SIDDIQUI,MP,BHOPAL,M
MPHIN29420,PROGRESS TODAY,nan,125930.0,MPHIN/2013/53375,RAVISHANKAR VEDORIYA,MP,BHOPAL,M
MPHIN29599,HUNGAMA TODAY,nan,125935.0,MPHIN/2013/53380,HEMANT KUMAR RAY,MP,BHOPAL,M
MPHIN33004,SHAHID TODAY,शाहिद टुडे,145774.0,MPHIN/2016/73219,MOHSIN KHAN,MP,BHOPAL,M
MPHIN30676,ULFAT TODAY,उल्फत टुडे,140381.0,MPHIN/2015/67826,MOHD. AZAM,MP,BHOPAL,M
MPHIN37218,VIRAJ TODAY,nan,,UR,VINOD KUMAR PATEL,MP,BHOPAL,M
MPHIN37695,VIJAY TODAY,विजय टुडे,156440.0,MPHIN/2019/83885,RAHELA KHAN,MP,BHOPAL,M
MPHIN37624,SANABBAR TODAY,सनब्बर टुडे,156500.0,MPHIN/2022/83945,SANABBAR SULTANA,MP,BHOPAL,M
MPHIN38484,SHEETAL TODAY,शीतल टुडे,159753.0,MPHIN/2019/87198,SHAHISTA KHAN,MP,BHOPAL,M
MPBIL36587,NANDI TODAY,nan,157093.0,MPBIL/2022/84538,RANJEET SINGH MEHRA,MP,BHOPAL,M
MPHIN27836,AGNI TODAY,nan,122764.0,MPHIN/2013/50209,UMA AGRWAL,MP,BHOPAL,M
MPHIN32595,GHANASHYAM TODAY,घनश्याम टुडे,148730.0,MPHIN/2018/76175,GHANASHYAM SINGH KIRAR,MP,BHOPAL,M
MPHIN31099,KAROND TODAY,करोंद टुडे,135567.0,MPHIN/2015/63012,KISHAN DAHALE,MP,BHOPAL,M
MPHIN32164,GITIKA TODAY,गीतिका टुडे,139970.0,MPHIN/2016/67415,RANI NAG,MP,BHOPAL,M
MPHIN32730,PRASANNA TODAY,प्रसन्ना टुडे,140024.0,MPHIN/2016/67469,PALAK,MP,BHOPAL,M
MPHIN37423,KANISHK TODAY,nan,,UR,MINAKSHI,MP,BHOPAL,M
MPHIN30801,ARBAAZ TODAY,अरबाज़ टुडे,131562.0,MPHIN/2014/59007,MOHD. AZHAR KHAN,MP,BHOPAL,M
MPBIL02136,PARAMOUNT TODAY,nan,141039.0,MPBIL/2016/68484,PARAMOUNT AGRITECHNOLOGIES,MP,BHOPAL,M
MPHIN32683,MADHUBAN TODAY,मधुबन टुडे,138945.0,MPHIN/2016/66390,SANDEEP CHOURASIYA,MP,BHOPAL,M
MPHIN31052,RAJPATH TODAY,राजपथ टुडे,139074.0,MPHIN/2015/66519,NARAYAN SINGH PARMAR,MP,BHOPAL,M
MPHIN13772,TODAY'S INDIAN,nan,68945.0,68945/ 98,PRAKASH SAXENA,MP,BHOPAL,M
MPHIN30974,SAITHWAR TODAY,सैथवार टुडे,134568.0,MPHIN/2015/62013,MANISH SINGH,MP,BHOPAL,M
MPHIN27280,TODAY MAIL,टुडे मेल,114649.0,MPHIN/2012/42092,VIKRAM KUMAR,MP,BHOPAL,M
MPHIN29241,NANCY TODAY,nan,124689.0,MPHIN/2013/52134,NARESH SAHU,MP,BHOPAL,M
MPHIN30390,ANKIT TODAY,अंकित टुडे,129808.0,MPHIN/2014/57253,ANKIT PANDEY,MP,BHOPAL,M
MPHIN23575,SHAKTIMAN TODAY,शक्तिमान टुडे,108248.0,MPHIN/2010/35691,TIRTH AGRO TECHNOLOGY PVT. LTD.,MP,BHOPAL,M
MPHIN24938,TODAY COURIER,टुडे कूरियर,108622.0,MPHIN/2010/36065,ALOK SINGH,MP,BHOPAL,M
MPHIN28643,PRAHAR TODAY,nan,121122.0,MPHIN/2013/48567,YOGENDRA MUKHRIYA,MP,BHOPAL,M
MPHIN26281,EXPOSE TODAY,nan,111192.0,MPHIN/2011/38635,YOGESH RAI,MP,BHOPAL,M
MPHIN27130,PRADARSHAN TODAY,nan,114258.0,MPHIN/2012/41701,J.P.SINGH,MP,BHOPAL,M
MPHIN37419,PRADESH YOG TODAY,प्रदेश योग टुडे,154884.0,MPHIN/2022/82329,SANJAY SINGH,MP,BHOPAL,M
MPHIN32847,SIDDHARTH TODAY,सिद्धार्थ टुडे,139874.0,MPHIN/2016/67319,SHARDDHA PANDRAM,MP,BHOPAL,M
MPHIN32652,HINA TODAY,हिना टुडे,142209.0,MPHIN/2016/69654,ADEEBUN NISA,MP,BHOPAL,M
MPBIL02073,POSITIVE TODAY,पॉजीटिव टुडे,145006.0,MPBIL/2017/72451,RAHUL MEHRA,MP,BHOPAL,M
MPHIN26012,RAJA BHOJ TODAY,nan,112143.0,MPHIN/2011/39586,IMRAN AHMED,MP,BHOPAL,M
MPHIN33447,KHASKAR TODAY,खासकर टुडे,142121.0,MPHIN/2016/69566,VIMLA BAI,MP,BHOPAL,M
MPHIN37072,ARADHANA TODAY,अराधना टुडे,152675.0,MPHIN/2019/80120,ZAQURAN NISHA,MP,BHOPAL,M
MPHIN27402,TARANG TODAY,nan,113826.0,MPHIN/2012/41269,RAJESH AGRAWAL (GALBALI),MP,BHOPAL,M
MPHIN25226,NAV JAGAT TODAY,nan,112810.0,MPHIN/2011/40253,AZIZ,MP,BHOPAL,M
MPHIN26726,HINDI BHASHI TODAY,nan,112816.0,MPHIN/2011/40259,RAJEEV KUMAR GUPTA,MP,BHOPAL,M
MPHIN25135,GAS PEDIT TODAY,nan,109444.0,MPHIN/2010/36887,RUBINA FATIMA,MP,BHOPAL,M
MPHIN32505,RUKMANI TODAY,रुक्मणी टुडे,140405.0,MPHIN/2016/67850,RAMGOPAL SINGH,MP,BHOPAL,M
MPHIN31574,GAUTAM TODAY,गौतम टुडे,135685.0,MPHIN/2015/63130,A.B. KHAN,MP,BHOPAL,M
MPHIN32818,SALVE TODAY,nan,,UR,BHIKU BAI SALVE,MP,BHOPAL,M
MPHIN39197,DASHMESH TODAY,nan,,UR,RABIYA BEGAM,MP,BHOPAL,M
MPHIN28010,AMAN TODAY,nan,119790.0,MPHIN/2012/47233,MOHD. RAJU,MP,BHOPAL,M
MPBIL36618,SADHVI TODAY,साध्वी टुडे,159658.0,MPBIL/2023/87103,PRINCE SHUKLA,MP,BHOPAL,M
MPHIN32077,PUKAR TODAY,पुकार टुडे,141063.0,MPHIN/2015/68508,RASHMI BIRANWAR,MP,BHOPAL,M
MPHIN04542,PICHDA WARG ANTODAYA,nan,66414.0,66414/ 97,MOHIT LAL SINGH,MP,BHOPAL,M
MPHIN33375,TAMRAPUSHP TODAY,ताम्रपुष्प टुडे,141696.0,MPHIN/2016/69141,SYAM KUMAR HAYARAN,MP,BHOPAL,M
MPHIN30404,SUJANGANJ TODAY,सुजानगंज टुडे,134535.0,MPHIN/2015/61980,DEVESH MISHRA,MP,BHOPAL,M
MPHIN27156,PATRAKAR TODAY,nan,124426.0,MPHIN/2013/51871,DEEPANJALI KASERA,MP,BHOPAL,M
MPHIN27931,LIFE LINE TODAY,nan,117575.0,MPHIN/2012/45018,ANJUM KHAN,MP,BHOPAL,M
MPHIN17529,BHOPAL TODAY,nan,83359.0,MPHIN/2002/10802,MONALISA PANDEY,MP,BHOPAL,M
MPHIN25079,REVOLUTION TODAY,रेवोल्यूशन टुडे,107962.0,MPHIN/2010/35405,FARHANA,MP,BHOPAL,M
MPHIN39533,APSARA TODAY,अप्सरा टुडे,160187.0,MPHIN/2019/87632,MOHAMMAD NAVED,MP,BHOPAL,M
MPHIN37772,SUSHANT TODAY,सुशांत टूडे,160413.0,MPHIN/2022/87858,SANDEEP,MP,BHOPAL,M
MPHIN32986,KAMESHWARI TODAY,कामेश्वरी टुडे,140528.0,MPHIN/2016/67973,MUKESH RATHORE,MP,BHOPAL,M
MPHIN29593,RISING TODAY,राइजिंग टुडे,135681.0,MPHIN/2015/63126,MOHAMMED ZAHEER,MP,BHOPAL,M
MPHIN38442,SARHANA TODAY,nan,,UR,UBAID ULLAH QURESHI,MP,BHOPAL,M
MPHIN38653,PARVAZ TODAY,परवाज़ टूडे,160675.0,MPHIN/2023/88120,JAYESH SHAKYA,MP,BHOPAL,M
MPHIN36520,KHALID TODAY,खालिद टुडे,153013.0,MPHIN/2021/80458,MOHAMMAD KHALID,MP,BHOPAL,M
MPHIN32554,ATHARV TODAY,अर्थव टुडे,139936.0,MPHIN/2016/67381,RADHARANI SHARMA,MP,BHOPAL,M
MPHIN29581,SAIMA TODAY,साएमा टुडे,128154.0,MPHIN/2014/55599,MOHD. JAVED KHAN,MP,BHOPAL,M
MPHIN31509,VIJAY TODAY,विजय टुडे,135240.0,MPHIN/2015/62685,RAHELA KHAN,MP,BHOPAL,M
MPHIN27633,NAYAN TODAY,nan,118396.0,MPHIN/2012/45839,DHANRAJ ARYA,MP,BHOPAL,M
MPHIN24115,MODERN TODAY,nan,115241.0,MPHIN/2011/42684,MAMTA SHRIVASTAVA,MP,BHOPAL,M
MPHIN27850,NIRJHAR TODAY,nan,117119.0,MPHIN/2012/44562,RACHNA SAXENA,MP,BHOPAL,M
MPHIN38771,THE FORTUNER TODAY,nan,157624.0,MPHIN/2019/85069,NAVED KHAN,MP,BHOPAL,M
MPBIL01949,SCIENCE TODAY,साइंस टुडे,137178.0,MPBIL/2015/64623,SCIENCE EDUCATION AND RESEARCH SOCIETY,MP,BHOPAL,M
MPHIN32603,RAJLAKSHMI TODAY,nan,,UR,RAGHUVEER SINGH RAJAWAT,MP,BHOPAL,M
MPURD00441,ASHAA TODAY,nan,,nan,ADNAN KHAN,MP,BHOPAL,M
MPHIN23221,PANDIT DEENDAYAL UPADHYAY MISSION TODAY,nan,109382.0,MPHIN/2009/36825,M.U. CHOWDHRY,MP,BHOPAL,M
MPHIN33557,SANTNAGAR TODAY,संतनगर टुडे,142631.0,MPHIN/2016/70076,KANCHAN TEJWANI,MP,BHOPAL,M
MPHIN39499,AMBIKA TODAY,अंबिका टूड़े,159687.0,MPHIN/2020/87132,RAZIYA BEE,MP,BHOPAL,M
MPHIN39198,DASHMESH TODAY,दशमेश टुडे,159798.0,MPHIN/2020/87243,RABIYA BEGAM,MP,BHOPAL,M
MPHIN27569,CHARCHIT TODAY,nan,116708.0,MPHIN/2012/44151,MANISH KUMAR,MP,BHOPAL,M
MPHIN31856,RAJDHANI CHARCHA TODAY,nan,143381.0,MPHIN/2016/70826,SHASHI KUSHWAH,MP,BHOPAL,M
MPHIN38041,MOTIVATION TODAY,nan,157090.0,MPHIN/2022/84535,JUBEDA,MP,BHOPAL,M
MPHIN29066,REAL ESTATE TODAY,nan,140399.0,MPHIN/2014/67844,SYED ASIF MASOOD,MP,BHOPAL,M
MPHIN25601,JYOTI TODAY,nan,115070.0,MPHIN/2011/42513,KRANTI SINGH (JYOTI),MP,BHOPAL,M
MPHIN25721,BHOJ TODAY,nan,114040.0,MPHIN/2011/41483,ASHAD ALI,MP,BHOPAL,M
MPHIN26221,MUSKAN TODAY,nan,115381.0,MPHIN/2011/42824,AJAY KUMAR,MP,BHOPAL,M
MPHIN34545,THE WORLD TODAY,द वर्ल्‍ड टुडे,146304.0,MPHIN/2017/73749,NOOR ULLAH KHAN,MP,BHOPAL,M
MPHIN26683,SWARNIM TODAY,nan,113823.0,MPHIN/2011/41266,DEEPAK KUMAR RAGHUVANSHI,MP,BHOPAL,M
MPHIN24201,PRADESH TODAY,प्रदेश टुडे,104748.0,MPHIN/2010/32191,HRADAYESH DIXIT,MP,BHOPAL,M
MPHIN27377,DARPAN TODAY,nan,117145.0,MPHIN/2012/44588,JYOTI SHRIVASTAVA,MP,BHOPAL,M
MPHIN37010,AISHBAG TODAY,ऐशबाग टुडे,154439.0,MPHIN/2021/81884,NEELAM MEHAR,MP,BHOPAL,M
MPHIN32679,MALAJPURE TODAY,मलाजपुरे टुडे,145117.0,MPHIN/2016/72562,MANORAMA MALAJPURE,MP,BHOPAL,M
MPHIN38305,KOPAL TODAY,कोपल टुडे,156187.0,MPHIN/2020/83632,SAEED BEG,MP,BHOPAL,M
MPHIN39187,PRAVESH TODAY,प्रवेश टुडे,159634.0,MPHIN/2019/87079,MOHD.AAMIR,MP,BHOPAL,M
MPHIN26010,BINDU TODAY,nan,115681.0,MPHIN/2011/43124,SAYYAD AZAM ALI,MP,BHOPAL,M
MPHIN27004,SURYANS TODAY,nan,115929.0,MPHIN/2011/43372,SANTOSH KUMAR CHAURASIA,MP,BHOPAL,M
MPHIN28797,AACHARAN TODAY,आचरण टुडे,122189.0,MPHIN/2013/49634,ANAND KUMAR VERMA,MP,BHOPAL,M
MPHIN30817,YOGITA TODAY,योगिता टुडे,133168.0,MPHIN/2015/60613,GUNSAGAR BOTHE,MP,BHOPAL,M
MPHIN28523,JIVIKA TODAY,nan,119920.0,MPHIN/2012/47363,ARCHANA BAGHARE,MP,BHOPAL,M
MPHIN33199,ANAS TODAY,nan,143262.0,MPHIN/2016/70707,ANAS KHAN,MP,BHOPAL,M
MPHIN34105,KAINAT TODAY,nan,143297.0,MPHIN/2016/70742,SYED KHALID ALI,MP,BHOPAL,M
MPHIN33225,NAMAN TODAY,nan,143322.0,MPHIN/2016/70767,ANITA GOUR,MP,BHOPAL,M
MPHIN38270,NAZAR HAR KHABAR PAR TODAY,नज़र हर खबर पर टुडे,159736.0,MPHIN/2023/87181,MAMTA RAY,MP,BHOPAL,Q
MPHIN34777,MADHUBAN TODAY,मधुबन टुडे,146837.0,MPHIN/2017/74282,SANDEEP CHOURASIYA,MP,BHOPAL,Q
MPHIN29948,AVSAR TODAY,अवसर टुडे,128641.0,MPHIN/2014/56086,SANDEEP PATHAK,MP,BHOPAL,Q
MPHIN21962,GRAMYASHRI TODAY,ग्राम्यश्री टुडे,97954.0,MPHIN/2008/25397,GRAMYASHRI SEVA SAMITI,MP,BHOPAL,Q
MPHIN38630,LALGHATI TODAY,nan,,nan,SUSHMA VISHWKARMA,MP,BHOPAL,Q
MPHIN31954,VIJETA TODAY,विजेता टुडे,137286.0,MPHIN/2015/64731,VIJETA CHOURASIYA,MP,BHOPAL,Q
MPHIN32804,ANIMESH TODAY,nan,147244.0,MPHIN/2017/74689,SANJEEV KUMAR DWIVEDI,MP,BHOPAL,Q
MPHIN34832,SAMPURAN TODAY,संपूर्ण टुडे,147405.0,UR,LAVLESH PANDEY,MP,BHOPAL,Q
MPHIN32273,AJAY TODAY,अजय टुडे,138005.0,MPHIN/2015/65450,AJAY AHIRWAR,MP,BHOPAL,Q
MPHIN36638,AISHBAG TODAY,nan,,nan,NEELAM MEHAR,MP,BHOPAL,Q
MPHIN32687,KAINAT TODAY,कायनात टुडे,139957.0,MPHIN/2016/67402,SYED KHALID ALI,MP,BHOPAL,Q
MPHIN38271,KHABRON KI POTLI TODAY,खबरों की पोटली टुडे,159778.0,MPHIN/2023/87223,PRIYA RAI,MP,BHOPAL,Q
MPHIN39252,BASANT TODAY,nan,,nan,VANSH KATARE,MP,BHOPAL,Q
MPHIN11024,KHOJI SAMACHARON KA DASTAVEJ POLITICS TODAY,nan,67520.0,67520/ 96,ISHWAR SINGH CHAUHAN,MP,BHOPAL,W
MPHIN30143,ZIKRA TODAY,जिक्र टुडे,129147.0,MPHIN/2014/56592,MOHD. SHARIQ,MP,BHOPAL,W
MPHIN28858,ARPITA TODAY,nan,121606.0,MPHIN/2013/49051,GOPAL SINGH,MP,BHOPAL,W
MPHIN30756,NICE TODAY,नाइस टुडे,142285.0,MPHIN/2015/69730,KU.RASHMI RAJAK,MP,BHOPAL,W
MPHIN25293,VICHAR TODAY,nan,114735.0,MPHIN/2010/42178,MASOOD ALI,MP,BHOPAL,W
MPHIN31712,SARVADHARAM TODAY,सर्वधर्म टुडे,142540.0,MPHIN/2016/69985,MEHNAZ,MP,BHOPAL,W
MPHIN33655,NAYA AAINA TODAY,नया आईना टुडे,142597.0,MPHIN/2016/70042,ARSHI KHAN,MP,BHOPAL,W
MPHIN26823,SHAHBAAZ TODAY,nan,115591.0,MPHIN/2011/43034,SARTHAK RATHORE,MP,BHOPAL,W
MPHIN32417,MUNMUN TODAY,मुनमुन टुडे,140566.0,MPHIN/2016/68011,AAFREEN BEG,MP,BHOPAL,W
MPHIN04774,PROBLEM TODAY,nan,45265.0,45265/ 87,KIRAN MISHRA,MP,BHOPAL,W
MPHIN37656,DINESH SHRI TODAY,nan,157480.0,MPHIN/2022/84925,DINESH KUMAR GOUR,MP,BHOPAL,W
MPHIN32898,PARTH TODAY,पार्थ टुडे,141209.0,MPHIN/2016/68654,ASHUTOSH CHAURE,MP,BHOPAL,W
MPHIN31511,SWASTHYA TODAY,nan,143699.0,MPHIN/2015/71144,YASMIN,MP,BHOPAL,W
MPHIN34701,PRAJA TODAY,प्रजा टुडे,147172.0,MPHIN/2017/74617,PRAJA DUTT DABRAL,MP,BHOPAL,W
MPBIL02028,STING TODAY,स्टिंग टुडे,139556.0,MPBIL/2015/67001,SANJAY MALVIYA,MP,BHOPAL,W
MPHIN35295,SIDDHARTH TODAY,सिद्धार्थ टुडे,150028.0,MPHIN/2018/77473,SHARDDHA PANDRAM,MP,BHOPAL,W
MPHIN26219,NARMADA TODAY,nan,111780.0,MPHIN/2011/39223,ZUBER,MP,BHOPAL,W
MPHIN33196,PERFECT TODAY,परफेक्ट टुडे,141806.0,MPHIN/2016/69251,SHEIKH AKRAM,MP,BHOPAL,W
MPHIN29067,INDRAKSHI TODAY,nan,123937.0,MPHIN/2013/51382,PRADEEP SAHU,MP,BHOPAL,W
MPHIN26316,ADITI TODAY,nan,115592.0,MPHIN/2011/43035,AARTI PAWAIYA,MP,BHOPAL,W
MPHIN31703,BEKHAUF TODAY,बेखैा़फ़ टुडे,138448.0,MPHIN/2015/65893,NAVED KHAN,MP,BHOPAL,W
MPHIN33801,SAMPURAN TODAY,संपूर्ण टुडे,142252.0,MPHIN/2016/69697,LAVLESH PANDEY,MP,BHOPAL,W
MPHIN33936,JANSWARAJYM TODAY,जनस्वराज्यम टुडे,143492.0,UR,YOGESH MALVIYA,MP,BHOPAL,W
MPHIN37780,WEEKLY AROHI TODAY,वीकली आरोही टुडे,160381.0,MPHIN/2023/87826,SANJAY SINGH,MP,BHOPAL,W
MPHIN27934,SAMVAD TODAY,संवाद टुडे,116378.0,MPHIN/2012/43821,SANJAY JAIN,MP,BHOPAL,W
MPHIN33602,SPACE TODAY,nan,143123.0,MPHIN/2017/70568,MUKESH AGRAWAL,MP,BHOPAL,W
MPHIN30872,JIVIKA TODAY,जीविका टुडे,131848.0,MPHIN/2014/59293,ARCHANA BAGHARE,MP,BHOPAL,W
MPHIN34431,AISHBAG TODAY,ऐशबाग टुडे,146746.0,MPHIN/2017/74191,NEELAM MEHAR,MP,BHOPAL,W
MPHIN31711,AMBIKA TODAY,nan,143659.0,MPHIN/2015/71104,RAZIYA BEE,MP,BHOPAL,W
MPHIN31556,AMULYA TODAY,nan,143661.0,MPHIN/2015/71106,SHARMILA,MP,BHOPAL,W
MPHIN25494,VAIBHAV TODAY,nan,112373.0,MPHIN/2011/39816,VIJAY SINGH RAJPUT,MP,BHOPAL,W
MPHIN24112,PATALKOT TODAY,nan,115405.0,MPHIN/2011/42848,OMPRAKASH SHRIVASTAVA,MP,BHOPAL,W
MPHIN30942,LINE TODAY,लाईन टुडे,134690.0,MPHIN/2014/62135,DILIP SIKARWAR,MP,BHOPAL,W
MPHIN31567,DASHMESH TODAY,दशमेश टुडे,136183.0,MPHIN/2015/63628,RABIYA BEGAM,MP,BHOPAL,W
MPHIN34466,ASHUTOSH TODAY,आशुतोष टुडे,147926.0,MPHIN/2017/75371,ANUPAMA SINGH,MP,BHOPAL,W
MPENG01302,THE YOUNGSTERS TODAY,nan,146457.0,MPENG/2017/73902,RAMAN NAMDEV,MP,BHOPAL,W
MPHIN31633,NISHANT TODAY,निशांत टुडे,136272.0,MPHIN/2015/63717,NISHANT KASWATE,MP,BHOPAL,W
MPHIN33230,NIROGDHAM SHREE TODAY,निरोगधाम श्री टुडे,140951.0,MPHIN/2016/68396,RISHIKANT SAXENA,MP,BHOPAL,W
MPURD00427,JAHNUMA TODAY,जहनुमा टुडे,155755.0,MPURD/2020/83200,SAEED BEG,MP,BHOPAL,W
MPHIN31411,ARADHANA TODAY,आराधना टुडे,134963.0,MPHIN/2015/62408,ZAQURAN NISHA,MP,BHOPAL,W
MPHIN32151,SANDHYA TODAY,सांध्य टुडे,139523.0,MPHIN/2016/66968,AKHILESH KUMAR DHIMOLE,MP,BHOPAL,W
MPHIN25401,NEELAM TODAY,nan,111668.0,MPHIN/2011/39111,RAHUL GUPTA,MP,BHOPAL,W
MPHIN25686,DABANG TODAY,nan,111791.0,MPHIN/2011/39234,SAHIL KHAN,MP,BHOPAL,W
MPHIN31683,THE FORTUNER TODAY,nan,143638.0,MPHIN/2015/71083,NAVED KHAN,MP,BHOPAL,W
MPHIN31715,PRABHATAM TODAY,nan,143690.0,MPHIN/2015/71135,ARSHI BEGAM,MP,BHOPAL,W
MPHIN31713,KOPAL TODAY,nan,143702.0,UR,SAEED BEG,MP,BHOPAL,W
MPHIN23520,CHANAKYA TODAY,चाणक्य टुडे,101982.0,MPHIN/2009/29425,AFTAB ULLAH KHAN,MP,BHOPAL,W
MPHIN29550,BLITZ TODAY,ब्लिट्ज टुडे,125003.0,MPHIN/2013/52448,SANJAY KUMAR AGRAWAL,MP,BHOPAL,W
MPHIN30328,ONLINE TODAY,ऑनलाइन टुडे,128772.0,MPHIN/2014/56217,NASREEN BEGUM,MP,BHOPAL,W
MPHIN34588,CITIZEN TODAY,सिटीजन टुडे,148767.0,MPHIN/2017/76212,HIRDAY NARAYAN DUBEY,MP,BHOPAL,W
MPHIN39511,ABN TODAY,एबीएन टुडे,159653.0,MPHIN/2020/87098,AMEEN BEG,MP,BHOPAL,W
MPHIN27582,UTKARSH TODAY,nan,116572.0,MPHIN/2012/44015,SANDEEP MALVIYA,MP,BHOPAL,W
MPHIN36980,AAIRA TODAY,आयरा टुडे,160671.0,MPHIN/2021/88116,AKBAR KHAN,MP,BHOPAL,W
MPHIN27177,MEDIA TODAY HAKIKAT DESH KI,nan,114030.0,MPHIN/2012/41473,SADHANA SINGH,MP,BHOPAL,W
MPHIN38646,MALAJPURE TODAY,मलजपुरे टुडे,157518.0,MPHIN/2022/84963,MANORAMA MALAJPURE,MP,BHOPAL,W
MPHIN27840,SIYASAT TODAY,nan,116904.0,MPHIN/2012/44347,MOHD. SHADAB,MP,BHOPAL,W
MPHIN28065,TODAY RAVI SANDESH,टुडे रवि संदेश,119046.0,MPHIN/2012/46489,SUREKHA BAKORIYA,MP,BHOPAL,W
MPHIN31538,SHEETAL TODAY,शीतल टुडे,135708.0,MPHIN/2015/63153,SHAHISTA KHAN,MP,BHOPAL,W
MPHIN34376,PRADESH TODAY,प्रदेश टुडे,144440.0,MPHIN/2017/71885,HRADAYESH DIXIT,MP,CHHATARPUR,D
MPHIN31135,PRADESH TODAY,प्रदेश टुडे,132365.0,MPHIN/2014/59810,HRADAYESH DIXIT,MP,CHHINDWARA,D
MPHIN37075,CITY TODAY,सिटी टुडे,152840.0,MPHIN/2020/80285,SATISH PIMPLE,MP,CHHINDWARA,D
MPHIN33281,KANHAN TODAY,कन्हान टुडे,145030.0,MPHIN/2016/72475,SATYENDRA TIWARI,MP,CHHINDWARA,M
MPHIN17044,ASIA TODAY,nan,78941.0,MPHIN/2002/06384,D.K.PRAJAPATI,MP,CHHINDWARA,W
MPHIN32611,CHHINDWARA TODAY,छिंदवाड़ा टुडे,146408.0,MPHIN/2017/73853,PUSHP KUMAR TANDEKAR,MP,CHHINDWARA,W
MPHIN18330,PRASIYA TODAY,nan,84230.0,MPHIN/2003/11673,VINAY GHOSH,MP,CHINDWARA,W
MPHIN30318,SHAURYA TODAY,शौर्य टुडे,128579.0,MPHIN/2014/56024,MUKESH TIWARI,MP,DEWAS,D
MPHIN28488,WATAN KE TODAY,nan,122085.0,MPHIN/2013/49530,SAYED KASIF ALI,MP,DEWAS,M
MPHIN25469,PRAJATANTRA TODAY,प्रजातंत्र टुडे,115380.0,MPHIN/2011/42823,GYAN SINGH,MP,DEWAS,M
MPHIN36885,RAKESH TODAY,nan,,nan,RAKESH KIRAR,MP,GUNA,M
MPHIN23725,PARIVAR TODAY,परिवार टुडे,107185.0,MPHIN/2010/34628,RAKESH SINGH NARVARIYA,MP,GWALIOR,D
MPHIN30214,AGENDA TODAY,एजेण्डा टुडे,129378.0,MPHIN/2014/56823,GAURAV SHRIVASTAVA,MP,GWALIOR,D
MPENG01187,TODAY TIMES,nan,121253.0,MPENG/2013/48698,PRADEEP KUMAR,MP,GWALIOR,D
MPHIN28921,CITY TODAY,nan,121255.0,MPHIN/2013/48700,SATISH PIMPLE,MP,GWALIOR,D
MPHIN38505,PUSHPANJALI TODAY,पुष्पांजलि टुडे,156493.0,MPHIN/2021/83938,BHARAT SINGH CHAUHAN,MP,GWALIOR,D
MPHIN26289,SUN TODAY,nan,121604.0,MPHIN/2013/49049,SATYA PRAKASH SHARMA,MP,GWALIOR,D
MPHIN29257,JAN SAMVAD TODAY,जन संवाद टुडे,124587.0,MPHIN/2013/52032,SHIVANI SHARMA,MP,GWALIOR,D
MPHIN29045,VENUS TODAY,nan,121754.0,MPHIN/2013/49199,VARUN GUPTA,MP,GWALIOR,D
MPBIL01894,MADHYANCHAL TODAY,मध्यांचल टुडे,134173.0,MPBIL/2015/61618,VOICE OF MADHYANCHAL MEDIA NETWORK PRIVATE LIMITED,MP,GWALIOR,D
MPHIN31789,SANGIN SAMACHAR TODAY,संगीन समाचार टुडे,138695.0,MPHIN/2015/66140,MOHINI SHARMA,MP,GWALIOR,D
MPHIN27032,PRADESH TODAY,nan,112517.0,MPHIN/2010/39960,HRADAYESH DIXIT,MP,GWALIOR,D
MPBIL01650,SWASTIK TODAY,nan,116201.0,MPBIL/2012/43644,GAURAV SHARMA,MP,GWALIOR,D
MPHIN34256,LOKSATHI TODAY,nan,,UR,ALOK SAXENA,MP,GWALIOR,D
MPHIN26504,CHAMBAL TODAY,nan,114843.0,MPHIN/2012/42286,VISHNU SHARMA,MP,GWALIOR,DE
MPHIN30785,BHAVESHWAR TODAY,भावेश्वर टुडे,132891.0,MPHIN/2014/60336,VIJAY GOYAL,MP,GWALIOR,DE
MPHIN31868,VIPUL TODAY,विपुल टुडे,136461.0,MPHIN/2015/63906,SONIYA GAUTAM,MP,GWALIOR,DE
MPHIN29795,SOMIL TODAY,सोमिल टुडे,127451.0,MPHIN/2014/54896,KAPIL GUPTA,MP,GWALIOR,F
MPHIN02135,GWALIOR TODAY,nan,51936.0,51936/ 90,VISHNU SOMNANI,MP,GWALIOR,F
MPHIN35324,SHASHI TODAY,शशि टुडे,150241.0,MPHIN/2019/77686,SHILPI SHIVHARE,MP,GWALIOR,M
MPHIN22195,BPN TODAY,बीपीएन टुडे,100717.0,MPHIN/2008/28160,BAKIL SINGH BAGHEL,MP,GWALIOR,M
MPHIN33917,PRATULAY TODAY,प्रतुलय टुडे,148912.0,MPHIN/2018/76357,PADAMSHRI PATIL,MP,GWALIOR,M
MPHIN32194,LOKSATHI TODAY,लोकसाथी टुडे,145428.0,MPHIN/2016/72873,ALOK SAXENA,MP,GWALIOR,M
MPHIN31130,PUSHPANJALI TODAY,पुष्पांजली टुडे,134754.0,MPHIN/2015/62199,BHARAT SINGH CHAUHAN,MP,GWALIOR,M
MPHIN34355,GREYVISION TODAY,ग्रेविजन टुडे,144884.0,MPHIN/2017/72329,BRIJENDRA SINGH,MP,GWALIOR,M
MPHIN30388,PRANAV TODAY,प्रंणव टुडे,135014.0,MPHIN/2015/62459,ABHA SHARMA,MP,GWALIOR,M
MPHIN29541,VIHAN TODAY,विहान टुडे,138602.0,MPHIN/2015/66047,VARSHA GUPTA,MP,GWALIOR,M
MPHIN33636,GWALIOR GIRIGHATI TODAY,nan,,UR,GIRIJA TRIVEDI,MP,GWALIOR,M
MPHIN29542,PRAVAKTA TODAY,प्रवक्ता टुडे,138586.0,MPHIN/2015/66031,AVDHESH GUPTA,MP,GWALIOR,M
MPHIN36839,COLORS TODAY,nan,,nan,SHAHNAWAZ KHAN,MP,GWALIOR,M
MPHIN23779,SHIKHA BHARAT TODAY,nan,112888.0,MPHIN/2011/40331,SHIV KUMAR SHARMA,MP,GWALIOR,M
MPHIN27169,VENUS TODAY,nan,114842.0,MPHIN/2012/42285,VARUN GUPTA,MP,GWALIOR,M
MPHIN33297,RUDRANSH TODAY,रुद्रांश टुडे,141188.0,MPHIN/2016/68633,SHIVANGI SHRIVASTAVA,MP,GWALIOR,M
MPHIN30095,GALAV TODAY,गालव टुडे,134133.0,MPHIN/2014/61578,JAI PRAKASH,MP,GWALIOR,M
MPHIN28025,PRIYANSHI TODAY,nan,122099.0,MPHIN/2012/49544,VISHNU SHARMA,MP,GWALIOR,M
MPHIN30447,VIPRA TODAY,विप्र टुडे,131365.0,MPHIN/2014/58810,ANAND TRIVEDI,MP,GWALIOR,M
MPHIN35096,NAVNEET TODAY,नवनीत टुडे,151166.0,MPHIN/2019/78611,PRABHA SHARMA,MP,GWALIOR,M
MPHIN32012,TRIVENI TODAY,त्रिवेणी टुडे,140368.0,MPHIN/2015/67813,VARSHA SHRIVASTAVA,MP,GWALIOR,M
MPHIN29502,POL KHOL TODAY,nan,125371.0,MPHIN/2013/52816,SIDDHARTH BATHAM,MP,GWALIOR,M
MPHIN32013,ROHAN TODAY,रोहन टुडे,140587.0,MPHIN/2015/68032,JONI KUSHWAHA,MP,GWALIOR,M
MPHIN36213,GUNGUN TODAY,गुनगुन टुडे,156154.0,MPHIN/2021/83599,ASHA JHA,MP,GWALIOR,M
MPHIN33299,SNEHA TODAY,स्नेहा टुडे,141114.0,MPHIN/2016/68559,PRADEEP SHRIVASTAVA,MP,GWALIOR,M
MPHIN34617,MANTHAN TODAY,मंथन टुडे,146596.0,MPHIN/2017/74041,DEEPAK AGARWAL,MP,GWALIOR,M
MPHIN37054,NEW LOCATIONS TODAY,न्यू लोकेशन्स टुडे,155127.0,MPHIN/2021/82572,SALMA KHAN,MP,GWALIOR,M
MPHIN37383,MANOJ TODAY,मनोज टुडे,154395.0,MPHIN/2021/81840,MANOJ KUSHWAH,MP,GWALIOR,M
MPHIN38982,GAHANA TODAY,nan,,UR,MANISH DHANELIYA,MP,GWALIOR,M
MPHIN29274,RAMRAJ TODAY,रामराज टुडे,127455.0,MPHIN/2014/54900,SUNITA RATHORE,MP,GWALIOR,M
MPHIN37046,NEW LOCATIONS TODAY,nan,,nan,SALMA KHAN,MP,GWALIOR,M
MPBIL02360,INFOLEAD TODAY,nan,,nan,NARESH KUMAR PARASHAR,MP,GWALIOR,M
MPHIN29256,ABHIVYAKTI TODAY,अभिव्यक्ति टुडे,127454.0,MPHIN/2014/54899,KAPIL GUPTA,MP,GWALIOR,M
MPHIN24320,EKTA TODAY,एकता टुडे,107947.0,MPHIN/2010/35390,SHIVPRATAP SINGH NARWARIA,MP,GWALIOR,M
MPHIN17253,TODAYS MEDICAL FACTS,nan,81009.0,MPHIN/2002/08452,DR.SALIL BARTAR,MP,GWALIOR,M
MPHIN29546,DARSHITA TODAY,दर्शिता टुडे,136227.0,MPHIN/2015/63672,BRIJENDRA SINGH,MP,GWALIOR,M
MPBIL02510,KRISHAK TODAY,nan,,UR,ARTI MISHRA,MP,GWALIOR,Q
MPHIN38052,PRATINAD TODAY,प्रतिनाद टुडे,160764.0,MPHIN/2023/88209,PRAVEEN NIGAM,MP,GWALIOR,Q
MPHIN28823,RAI TODAY,nan,121759.0,MPHIN/2013/49204,RAJEEV UPADHYAY,MP,GWALIOR,W
MPHIN29540,PARYATAN TODAY,पर्यटन टुडे,125931.0,MPHIN/2013/53376,NEELKAMAL MAHESHWARI,MP,GWALIOR,W
MPHIN29216,UNIQUE TODAY,nan,124293.0,MPHIN/2013/51738,ANAND TRIVEDI,MP,GWALIOR,W
MPBIL01625,SWASTIK TODAY,nan,113539.0,MPBIL/2012/40982,GAURAV SHARMA,MP,GWALIOR,W
MPHIN28712,M P HALCHAL TODAY,nan,123463.0,MPHIN/2013/50908,JITENDER SINGH JADON,MP,GWALIOR,W
MPHIN35493,GOPANCHAL TODAY,गोपांचल टुडे,152062.0,MPHIN/2019/79507,DILIP JAIN,MP,GWALIOR,W
MPHIN31839,VISHWAS TODAY,विश्वास टुडे,138574.0,MPHIN/2015/66019,NARENDRA PATEL,MP,GWALIOR,W
MPHIN32142,SHASHI TODAY,शशि टुडे,138578.0,MPHIN/2015/66023,SHILPI SHIVHARE,MP,GWALIOR,W
MPHIN33925,SAMAGRA TODAY,समग्र टुडे,152962.0,MPHIN/2020/80407,KAMAL KISHOR SHRIVASTAVA,MP,GWALIOR,W
MPHIN30105,THE PULKIT TODAY,दि पुल्कित टुडे,131792.0,MPHIN/2014/59237,BRIJESH CHATURVEDI,MP,GWALIOR,W
MPHIN34255,LOKSATHI TODAY,nan,,UR,ALOK SAXENA,MP,GWALIOR,W
MPHIN36622,SHIVPURI TODAY,शिवपुरी टुडे,155370.0,MPHIN/2021/82815,MADHU SHARMA,MP,GWALIOR,W
MPHIN33054,VIDHYA TODAY,nan,,UR,RAMSWAROOP JAISWAL,MP,GWALIOR,W
MPHIN32956,BALAJI TODAY,बालाजी टुडे,150410.0,MPHIN/2017/77855,AJAY SHARMA,MP,GWALIOR,W
MPHIN36327,CHAMBAL WORD TODAY HINDI WEEKLY NEWS PAPER PUBLICATION GWALIOR MP,nan,,nan,HIMANSHU RAJ MOURYA,MP,GWALIOR,W
MPHIN23645,SITI TODAY,सिटी टुडे,104520.0,MPHIN/2009/31963,GURUSHARAN SINGH AHLUWALIA,MP,GWALIOR,W
MPHIN34984,DABRA TODAY,डबरा टुडे,152769.0,MPHIN/2021/80214,VEERENDRA SINGH SAGAR,MP,GWALIOR,W
MPHIN29113,SPEED TODAY,nan,124924.0,MPHIN/2013/52369,SHIVCHARAN MAVAI,MP,GWALIOR,W
MPHIN32685,KUSHAGRA TODAY,कुशाग्र टुडे,138934.0,MPHIN/2016/66379,SHARAD GURJAR,MP,HARDA,W
MPHIN34572,PRADESH TODAY,प्रदेश टुडे,145014.0,MPHIN/2016/72459,HRADAYESH DIXIT,MP,HOSHANGABAD,D
MPBIL02130,VAMA TODAY,वामा टुडे,141367.0,MPBIL/2016/68812,ASHARFILAL VIMLADEVI MEDIA SERVICES PVT.LTD,MP,INDORE,BM
MPHIN28427,CITY TODAY,nan,118762.0,MPHIN/2012/46205,SATISH PIMPLE,MP,INDORE,D
MPHIN26623,PRADESH TODAY,nan,111080.0,MPHIN/2010/38523,HRADAYESH DIXIT,MP,INDORE,D
MPHIN20375,NEWS TODAY,न्‍यूज टुडे,89670.0,MPHIN/2006/17113,RAJASTHAN PATRIKA PVT. LTD.,MP,INDORE,D
MPHIN29519,TODAY WATCH,nan,125536.0,MPHIN/2013/52981,PRAFULL SAKLECHA,MP,INDORE,DE
MPHIN29820,SUN TODAY,nan,126834.0,MPHIN/2013/54279,SATYA PRAKASH SHARMA,MP,INDORE,DE
MPHIN28887,FAST TODAY,nan,123466.0,MPHIN/2013/50911,GOPAL KODWANI,MP,INDORE,DE
MPENG01394,SCHOOL TODAY,स्कूल टुडे,148983.0,MPENG/2018/76428,MANISH SAMANDAR,MP,INDORE,F
MPHIN24279,AGRASEN TODAY,nan,107634.0,MPHIN/2010/35077,RAMESH GOYAL,MP,INDORE,F
MPHIN10480,TRANS TODAY,nan,63367.0,63367/ 95,DEEPAK VYAS,MP,INDORE,M
MPHIN21761,HEALTH TODAY NEWS,हेल्थ टुडे न्यूज,95489.0,MPHIN/2008/22932,SUNIL SHARMA,MP,INDORE,M
MPBIL01954,CHIKITSA TODAY,चिकित्सा टुडे,132957.0,MPBIL/2015/60402,DR. C. L. YADAV,MP,INDORE,M
MPHIN31101,VAISHNAV JANTODAY,वैष्णव जन टुडे,134960.0,MPHIN/2015/62405,BALKRISHNA TYAGI,MP,INDORE,M
MPHIN31738,ALMA TODAY,अल्मा टूडे,137204.0,MPHIN/2015/64649,SANTOSH SHUKLA,MP,INDORE,M
MPBIL01603,PRAVAH TODAY,nan,115256.0,MPBIL/2011/42699,G.R. PANDEY,MP,INDORE,M
MPHIN28493,PANCHAYAT TODAY,nan,119750.0,MPHIN/2012/47193,PUSHPRAJ SINGH,MP,INDORE,M
MPBIL00765,LATEST SUPREME COURT TODAY,nan,79470.0,MPBIL/2001/06913,BHEEMSEN KHETRAPAL,MP,INDORE,M
MPBIL01104,BOOKS TRADE TODAY,बुक्स ट्रेड टुडे,92959.0,MPBIL/2007/20402,CHANDERSH AGARWAL,MP,INDORE,M
MPENG00800,ENGINEERING ENTRANCE TODAY,इंजीनियरिंग एंटरेंस टूडे,93358.0,MPENG/2006/20801,CHANDRESH AGRAWAL,MP,INDORE,M
MPENG00801,MEDICAL ENTRANCE TODAY,मेडिकल एटंरेंस टुडे,95009.0,MPENG/2006/22452,CHANDRESH AGRAWAL,MP,INDORE,M
MPHIN28180,INDORE TODAY,nan,120426.0,MPHIN/2012/47869,PANKAJ JATAV,MP,INDORE,M
MPENG00832,MBA TODAY,एमबीए टुडे,92943.0,MPENG/2007/20386,CHANDRESH AGRAWAL,MP,INDORE,M
MPBIL01175,ACCIDENT CASES TODAY,एक्सीडेन्ट केसेस टुडे,94389.0,MPBIL/2007/21832,BHIMSEN KHETARPAL,MP,INDORE,M
MPHIN25539,PRADESHIK CAR BAZAR TODAY,nan,111720.0,MPHIN/2011/39163,GOURAV (GOLDY) JAISWAL,MP,INDORE,M
MPBIL02541,YASHRAJ TODAY,यशराज टुडे,154831.0,MPBIL/2021/82276,PRIYASH JAIN,MP,INDORE,M
MPHIN10308,MADHYA PRADESH NIROG TODAY,मध्य प्रदेश निरोग टुडे,58849.0,58849/ 94,MEENA JWEL,MP,INDORE,M
MPBIL01745,DOCTORS TODAY,nan,121487.0,MPBIL/2013/48932,KIRTI RANA,MP,INDORE,M
MPHIN23808,BNP REAL TODAY,nan,110054.0,MPHIN/2009/37497,SANTOSH SHARMA,MP,INDORE,M
MPHIN26061,HANS TODAY,nan,114039.0,MPHIN/2011/41482,ARUN GUPTA,MP,INDORE,M
MPHIN29424,SAMPURAN TODAY,nan,125125.0,MPHIN/2013/52570,LAVLESH PANDEY,MP,INDORE,M
MPENG00791,AVIATION TODAY,एविऐशन टुडे,95936.0,MPENG/2008/23379,BHARAT TONGYA,MP,INDORE,Q
MPHIN28607,KHULASA TODAY,nan,123430.0,MPHIN/2013/50875,ASLAM KURESHI,MP,INDORE,W
MPHIN28428,CITY TODAY,nan,118761.0,MPHIN/2012/46204,SATISH PIMPLE,MP,JABALPUR,D
MPHIN33913,SANSKARDHANI TODAY,nan,143624.0,MPHIN/2017/71069,NITIN TIWARI,MP,JABALPUR,D
MPHIN26997,PRADESH TODAY,nan,112873.0,MPHIN/2010/40316,HRADAYESH DIXIT,MP,JABALPUR,D
MPBIL02259,INSIGHT TODAY,इनसाइट टुडे,144949.0,MPBIL/2017/72394,DR.PRAKASH SHARMA,MP,JABALPUR,M
MPHIN33391,JANSWAR TODAY,जनस्‍वर टुडे,147096.0,MPHIN/2017/74541,SANTRAM CHOUDHARY,MP,JABALPUR,M
MPHIN32633,PARISHAD TODAY,परिषद् टुडे,144245.0,MPHIN/2016/71690,PARMANAND TIWARI,MP,JABALPUR,W
MPHIN37122,ROHRA TODAY,nan,,UR,PRAKASH ROHRA,MP,JABALPUR,W
MPHIN29513,VANWASI TODAY,nan,125933.0,MPHIN/2013/53378,MANOJ JANI,MP,JHABUA,W
MPHIN23109,TRIBAL NEWS TODAY,ट्राइबल न्यूज़ टुडे,104118.0,MPHIN/2009/31561,ROMA AGRAWAL,MP,JHABUA,W
MPHIN29346,PRADESH TODAY,nan,123693.0,MPHIN/2012/51138,HRADAYESH DIXIT,MP,KATNI,D
MPHIN17101,TODAY TAHALKA OBSERVER,टूडे तहलका आब्जर्वर,94171.0,MPHIN/2002/21614,DEEPESH JAIN,MP,MANDSAUR,D
MPHIN39150,DESH NOOR TODAY,nan,,nan,MOIN KHAN,MP,MORENA,D
MPHIN10332,TODAY NEWS,nan,56593.0,56593/ 93,MANNUKHAN,MP,MORENA,D
MPHIN37144,ABHINAV TODAY,अभिनव टुडे,156021.0,MPHIN/2021/83466,JAYVEER SINGH,MP,MORENA,D
MPHIN39151,AMAN DESH TODAY,nan,,nan,ANWAR KHAN,MP,MORENA,D
MPHIN39579,SHIVPURI TODAY,nan,,UR,MADHU SHARMA,MP,MORENA,D
MPHIN30110,VIPUL TODAY,विपुल टुडे,134701.0,MPHIN/2015/62146,SONIYA GAUTAM,MP,MORENA,DE
MPHIN39582,SHIVPURI TODAY,nan,,UR,MADHU SHARMA,MP,MORENA,F
MPHIN39580,SHIVPURI TODAY,nan,,UR,MADHU SHARMA,MP,MORENA,M
MPHIN39581,SHIVPURI TODAY,nan,,UR,MADHU SHARMA,MP,MORENA,Q
MPHIN23080,KSHATRIYA TODAY,nan,112375.0,MPHIN/2009/39818,RAVINDRA SIKARWAR,MP,MORENA,Q
MPHIN39002,MACHKUND TODAY,nan,,UR,SWATI SHARMA,MP,MORENA,Q
MPHIN39576,SHIVPURI TODAY,nan,,UR,MADHU SHARMA,MP,MORENA,W
MPHIN24027,MALWA TODAY,मालवा टुडे,106408.0,MPHIN/2009/33851,SUNIL SHARMA,MP,NEEMUCH,D
MPHIN34943,NEEMUCH TODAY,nan,,UR,RAKESH SOUN,MP,NEEMUCH,W
MPHIN34840,SAMPURAN TODAY,संपूर्ण टुडे,147398.0,UR,LAVLESH PANDEY,MP,PANNA,D
MPHIN32064,MEN TODAY,मैन टूडे,139184.0,MPHIN/2015/66629,SURESH KUMAR AGRAWAL,MP,RAISEN,W
MPHIN35488,RAJGARH TODAY,राजगढ़ टुडे,151608.0,MPHIN/2019/79053,POONAM SHRIVASTAVA,MP,RAJGARH,M
MPHIN32014,SUDARSHAN TODAY,nan,143158.0,MPHIN/2015/70603,RAVI SAHU,MP,RAJGARH,M
MPENG01144,GROWTH TODAY,nan,120548.0,MPENG/2013/47992,VICKY JAIN,MP,RATLAM,A
MPBIL02173,PRACHI TODAY,प्राची टुडे,143170.0,MPBIL/2016/70615,NARENDRA SINGH RATHORE,MP,RATLAM,M
MPHIN28955,RATHOD TODAY,nan,123584.0,MPHIN/2013/51029,AJAY CHAUHAN,MP,RATLAM,M
MPHIN31430,AMBAR TODAY,अम्बर टुडे,134028.0,MPHIN/2014/61473,YOGENDRA SINGH JAAT,MP,RATLAM,M
MPHIN37293,YUVA TODAY,युवा टुडे,159287.0,MPHIN/2023/86732,RAIS KHAN,MP,RATLAM,M
MPHIN24959,SHRADDHA TODAY,श्रद्धा टुडे,108038.0,MPHIN/2010/35481,INDERMAL JAIN,MP,RATLAM,M
MPHIN28370,DHAKAD TODAY,nan,119725.0,MPHIN/2012/47168,NILESH DHAKAD,MP,RATLAM,M
MPHIN27796,SANSKAR TODAY,संस्कार टुडे,117737.0,MPHIN/2012/45180,NEETA JAIN,MP,RATLAM,M
MPBIL01816,AGRI BUSINESS TODAY,एग्री बिज़नेस टुडे,126759.0,MPBIL/2013/54204,DEEPAK SHARMA,MP,RATLAM,M
MPHIN35138,PRATHAM TODAY,प्रथम टुडे,150061.0,MPHIN/2018/77506,DEEPIKA VERMA,MP,RATLAM,M
MPBIL36607,SINGHAM TODAY,सिंघम टुडे,159768.0,MPBIL/2023/87213,SIMA SHARMA,MP,RATLAM,M
MPHIN23818,SADHANA TODAY,साधना टुडे,106419.0,MPHIN/2010/33862,GOPAL SINGH KUSHWAHA,MP,RATLAM,W
MPHIN29631,RATLAM TODAY,रतलाम टुडे,128729.0,MPHIN/2014/56174,SHRI RAM GOPAL RATHI,MP,RATLAM,W
MPHIN32961,V M N TODAY,वी.एम.एन. टुडे,147551.0,UR,VIJAY KUMAR VORA,MP,RATLAM,W
MPHIN28958,AMBAR TODAY,nan,122648.0,MPHIN/2013/50093,YOGENDRA SINGH JAAT,MP,RATLAM,W
MPHIN27717,PRADESH TODAY,nan,114158.0,MPHIN/2012/41601,HRADAYESH DIXIT,MP,REWA,D
MPHIN27820,ARYAVRAT TODAY,nan,114461.0,MPHIN/2011/41904,RAMESH DUBEY,MP,REWA,D
MPHIN34818,SAMPURAN TODAY,संपूर्ण टुडे,147277.0,MPHIN/2017/74722,LAVLESH PANDEY,MP,REWA,D
MPHIN35837,VINDHYA TODAY,विंध्य टुडे,158245.0,MPHIN/2023/85690,RASMI CHATURVEDI,MP,REWA,M
MPHIN28725,REWA TODAY,रीवा टुडे,133968.0,MPHIN/2013/61413,SURESH KUMAR VERMA,MP,REWA,M
MPHIN33792,SAMPURAN TODAY,संपूर्ण टुडे,142251.0,MPHIN/2016/69696,LAVLESH PANDEY,MP,REWA,W
MPHIN37076,CITY TODAY,सिटी टुडे,152807.0,MPHIN/2020/80252,SATISH PIMPLE,MP,SAGAR,D
MPHIN30293,PRADESH TODAY,प्रदेश टुडे,134476.0,MPHIN/2014/61921,HRADAYESH DIXIT,MP,SAGAR,D
MPHIN22936,NATIONAL TODAY NEWS,nan,58869.0,58869/ 94,UMACHARAN GUPTA,MP,SAGAR,D
MPHIN07928,NATIONAL TODAY NEWS,नेशनल टुडे न्यूज़,52175.0,52175/ 91,UMACHARAN GUPTA,MP,SATNA,D
MPHIN34375,PRADESH TODAY,प्रदेश टुडे,144354.0,MPHIN/2017/71799,HRADAYESH DIXIT,MP,SATNA,D
MPHIN34839,SAMPURAN TODAY,संपूर्ण टुडे,147397.0,UR,LAVLESH PANDEY,MP,SATNA,D
MPHIN35946,TODAY SATNA,टुडे सतना,152842.0,MPHIN/2020/80287,RAJENDRA KUMAR AGRAWAL,MP,SATNA,M
MPHIN37916,BHOPAL TODAY,भोपाल टुडे,156244.0,MPHIN/2019/83689,MONALISA PANDEY,MP,SEHORE,D
MPHIN38267,PRAYAGRAJ TODAY,nan,161030.0,UR,HARSH MISHRA,MP,SEHORE,M
MPHIN25521,SEHORE TODAY,nan,111671.0,MPHIN/2011/39114,MD. SAJID,MP,SEHORE,M
MPHIN34526,SHAHDOL TODAY,nan,,UR,SUNIL KUMAR MISHRA,MP,SHAHDOL,W
MPHIN34551,PRADESH TODAY,प्रदेश टुडे,144996.0,MPHIN/2016/72441,HRADAYESH DIXIT,MP,SHIVPURI,D
MPHIN13162,MAAN TODAY,nan,69707.0,69707/ 98,SANJAY SAKHLA,MP,SHIVPURI,M
MPHIN35069,PRADESH TODAY,प्रदेश टुडे,148952.0,MPHIN/2017/76397,HRADAYESH DIXIT,MP,SIDHI,D
MPHIN25068,SMILE TODAY,nan,110276.0,MPHIN/2011/37719,PRINCE RANA,MP,SINGRAULI,M
MPHIN29444,PRADESH TODAY,nan,124370.0,MPHIN/2013/51815,HRADAYESH DIXIT,MP,UJJAIN,D
MPHIN37077,CITY TODAY,सिटी टुडे,152841.0,UR,SATISH PIMPLE,MP,UJJAIN,D
MPHIN31797,KANNOD EXPRESS TODAY,कन्नौद एक्सप्रेस टुडे,144763.0,MPHIN/2015/72208,RAMESH CHANDRA,MP,UJJAIN,M
MPHIN25933,UJJAIN TODAY,nan,111782.0,MPHIN/2011/39225,KISHOR MEHRA,MP,UJJAIN,M
MPHIN31877,SNEH PRAKASHAN TODAY,nan,143368.0,MPHIN/2017/70813,YASHPAL KUMAR,MP,UJJAIN,M
MPHIN31830,AGAR TODAY,nan,143396.0,MPHIN/2017/70841,RAMESH CHANDRA,MP,UJJAIN,M
MPHIN31319,BHARTIYA DHARM TODAY,nan,143406.0,MPHIN/2015/70851,SURESH SINGH,MP,UJJAIN,M
MPHIN31323,AGAR TODAY DARPAN,nan,147903.0,MPHIN/2015/75348,MANSINGH CHAUHAN,MP,UJJAIN,M
MPHIN33707,BALAI TODAY,बलाई टुडे,144357.0,MPHIN/2016/71802,HARISH SINGH GOODPALIYA,MP,UJJAIN,M
MPHIN31876,RAJIV PRAKASHAN TODAY,nan,143359.0,MPHIN/2017/70804,RAJESH SINGH,MP,UJJAIN,M
MPHIN31626,MALAV SANSKRITI TODAY,nan,143397.0,MPHIN/2015/70842,SARDAR SINGH,MP,UJJAIN,M
MPHIN28458,AIM TODAY,nan,124422.0,MPHIN/2012/51867,DEVANK MAATE,MP,UJJAIN,W
MPHIN25846,HEADLINES TODAY,nan,109500.0,MPHIN/2011/36943,RAVI SEN,MP,UJJAIN,W
MPHIN34337,PRADESH TODAY,प्रदेश टुडे,144026.0,MPHIN/2016/71471,HRADAYESH DIXIT,MP,UMARIA,D
MPHIN33489,VIDISHA TODAY,विदिशा टुडे,149845.0,MPHIN/2016/77290,RUPA SHARMA,MP,VIDISHA,M
MPHIN35573,DIVYAM TODAY,दिव्यम टुडे,153627.0,UR,ANSHAR KHA,MP,VIDISHA,M
MPHIN29696,RAJPUT TODAY,राजपूत टुडे,129646.0,MPHIN/2014/57091,YASHWANT SINGH RATHORE,MP,VIDISHA,Q
MPHIN31415,SIRONJ TODAY,nan,143149.0,MPHIN/2016/70594,RIYAZAT SHAH KHAN,MP,VIDISHA,W
MPHIN33742,MESSENGER TODAY,nan,143375.0,MPHIN/2016/70820,SYED MOHD ALI,MP,VIDISHA,W
ODIENG01099,REPORTERS TODAY,nan,132589.0,ODIENG/2014/60034,MAMATA KUMARI SAMANTA,ODI,BHUBANESWAR,M
ODIENG01213,SCIENCE TODAY AND TOMORROW RDWU BULLETIN OF SCIENCE,nan,,UR,"RAMA DEVI WOMEN'S UNIVERSITY, BHUBANESWAR",ODI,KHORDHA,A
ODIODI06735,SAMAJ TODAY,nan,113301.0,ODIODI/2011/40744,PRAVATI MOHAPATRA,ODI,KHORDHA,F
ODIENG00756,ORISSA TODAY,nan,88966.0,ODIENG/2005/16409,PADMALAYA MISHRA,ODI,KHORDHA/ BHUBANESWAR,D
ODIENG01053,JOURNALISM TODAY,nan,123213.0,ODIENG/2013/50658,SAMBHUNATH TIADI,ODI,KHURDA,Q
PONBIL00093,PULSE TODAY,पल्स टुडे,117728.0,PONBIL/2011/45171,AMBIGA ILANGOVAN,PON,PONDICHERRY,W
PONENG00104,PONDY TODAY,nan,,UR,Z.MOHAMED AMEEN,PON,PUDUCHERRY,F
PONENG00048,TODAY AND TOMORROW,टुडे एंड टुमारो,45470.0,45470/ 86,AUROBINDO SOCIETY,PON,PUDUCHERRY,M
PUNPUN03771,NASIHAT TODAY,नसीहत टुडे,106757.0,PUNPUN/2010/34200,RANJIT SINGH JOSAN,PUN,AMRITSAR,F
PUNBIL01321,BARNALA TODAY,nan,,nan,HARINDER PAL,PUN,BARNALA,D
PUNENG00842,SERVICES CASES TODAY,nan,68608.0,68608/ 98,BHAGATJIT SINGH ADVOCATE,PUN,CHANDIGARH,M
PUNPUN03876,SANSAR TODAY,संसार टुडे,133034.0,PUNPUN/2013/60479,GAGANDEEP JINDAL,PUN,FARIDKOT,M
PUNPUN03403,SIRHIND FATEHGARH TODAY,nan,87770.0,PUNPUN/2002/15213,JASWANT SINGH,PUN,FATEHGARH SAHIB,W
PUNHIN01322,BATALA TODAY,nan,73079.0,PUNHIN/1999/00522,SHAMBHU SHARMA,PUN,GURDASPUR/ BATALA,F
PUNPUN03988,TEZ NEWS TODAY,तेज़ न्यूज़ टुडे,134524.0,PUNPUN/2014/61969,BHUPINDER SINGH,PUN,JALANDHAR,D
PUNPUN04274,DELHI TODAY,nan,159033.0,PUNPUN/2023/86478,MANMEET SINGH,PUN,JALANDHAR,D
PUNPUN03843,CRIME TODAY,nan,117801.0,PUNPUN/2012/45244,SUBHASH GORIA,PUN,JALANDHAR,DE
PUNBIL01060,IMMIGRATION TODAY,इमीग्रेशन टुडे,100150.0,PUNBIL/2009/27593,KAMAL SONI,PUN,JALANDHAR,M
PUNBIL01039,IMMIGRATION TODAY,ईमिग्रेशन टूडे,96402.0,PUNBIL/2007/23845,KAMAL SONI,PUN,JALANDHAR,M
PUNHIN00265,HOSIERY TODAY,nan,30618.0,30618/ 75,SUKHDEV SINGH,PUN,LUDHIANA,F
PUNENG00762,TAXES TODAY,nan,19542.0,19542/ 70,DAVINDER KUMAR DHINGRA,PUN,LUDHIANA,M
PUNBIL01148,AHLUWALIA TODAY,nan,131136.0,PUNBIL/2014/58581,JASPREET SINGH AHLUWALIA,PUN,LUDHIANA,M
PUNMUL01289,INDEPENDENT TODAY,इंडीपैंडैंट टूडे,136668.0,PUNMUL/2015/64113,KARAN SEHGAL,PUN,LUDHIANA,M
PUNBIL00995,NORTH TODAY,nan,83061.0,PUNBIL/2003/10504,SEWAK RAM,PUN,LUDHIANA,M
PUNBIL01029,HAMARA TODAY,हमारा टुडे,100811.0,PUNBIL/2009/28254,DHIRENDER KAMRA,PUN,MANSA,M
PUNMUL01232,AUTISM TODAY,nan,118884.0,PUNMUL/2012/46327,HARPREET KAUR BEDI,PUN,PATIALA,M
PUNPUN02403,PUNJAB TODAY,nan,51427.0,51427/ 91,M/S PUNJAB TODAY,PUN,PATIALA,M
PUNENG01278,ENGINEERING DRAWING TODAY,इंजीनियरिंग ड्राईंग टुडे,93768.0,PUNENG/2007/21211,SUCHA SINGH,PUN,PATIALA,M
PUNENG01343,PUNJAB TODAY,पंजाब टुडे,106545.0,PUNENG/2010/33988,PUNJAB TODAY,PUN,PATIALA,W
PUNBIL01349,POULTRY TODAY,nan,,nan,ANWAR ALI,PUN,SANGRUR,BM
RAJHIN12096,TODAYS VIEW,nan,81267.0,RAJHIN/2002/08710,NEERAJ SHARMA,RAJ,AJMER,D
RAJHIN26831,TODAY HAWA MAHAL,टुडे हवा महल,137133.0,RAJHIN/2015/64578,USHA JAIN,RAJ,AJMER,DE
RAJHIN06208,AJMER TODAY,अजमेर टुडे,48875.0,48875/ 91,ANURAG JAIN,RAJ,AJMER,F
RAJHIN15824,TULIP TODAY,ट्यूलिप टुडे,112740.0,RAJHIN/2011/40183,ANIL LADHA,RAJ,AJMER,F
RAJHIN27717,RAJWADA TODAY,रजवाड़ा टुडे,154077.0,RAJHIN/2021/81522,GAURAV BHATNAGAR,RAJ,AJMER,F
RAJHIN27394,CHITRANSH TODAY,चित्रांश टुडे,144386.0,UR,AMIT MATHUR,RAJ,AJMER,F
RAJHIN11427,ALFAJ TODAY,nan,75826.0,RAJHIN/2000/03269,MUNNA AHMED,RAJ,AJMER,F
RAJHIN15146,AWAZ TODAY,आवाज़ टुडे,104462.0,RAJHIN/2010/31905,RAJENDRA KUMAR SHARMA,RAJ,AJMER,F
RAJHIN27573,MARUDHARA TODAY,मरुधरा टुडे,150348.0,RAJHIN/2019/77793,MAHESH CHAND RANGERA,RAJ,AJMER,F
RAJHIN15281,ALFAJ TODAY,अल्फाज टुडे,106450.0,RAJHIN/2010/33893,MUNNA AHMED,RAJ,AJMER,M
RAJHIN12414,TODAYS VIEW AMRAPALI,nan,83431.0,RAJHIN/2003/10874,NEERAJ SHARMA,RAJ,AJMER,M
RAJHIN02970,MAHILA TODAY,nan,43551.0,43551/ 86,SMT MANJU LATHA,RAJ,ALWAR,F
RAJHIN10583,BAGDA TODAY,nan,72029.0,72029/ 99,MUKESH BAGDA,RAJ,ALWAR,W
RAJBIL01676,WAGAD TODAY,nan,122957.0,RAJBIL/2013/50402,BHARAT SINGH RAO,RAJ,BANSWARA,W
RAJHIN17013,SHINE TODAY,शाइन टुडे,140200.0,RAJHIN/2014/67645,KAMRUDDIN,RAJ,BARMER,M
RAJHIN13710,SIN SINA TODAY,सिनसिना टुडे,94098.0,RAJHIN/2007/21541,YADUVEER SINGH,RAJ,BHARATPUR,W
RAJHIN00863,BHILWARA TODAY,nan,48749.0,48749/ 90,SUNIL KUMAR PATNI,RAJ,BHILWARA,W
RAJHIN08562,BIKANER TODAY,nan,57815.0,57815/ 93,MOHANLAL SHARMA,RAJ,BIKANER,F
RAJHIN15641,SWATANTRA TODAY,nan,110500.0,RAJHIN/2011/37943,POONAM SUKHWAL,RAJ,CHITTAURGARH,DE
RAJHIN12175,SHEKHAWATI TODAY,nan,82354.0,RAJHIN/2003/09797,HEMANT KUMAR,RAJ,CHURU,F
RAJBIL01334,TALASH TODAY,तलाश टुडे,90914.0,RAJBIL/2006/18357,ANIL KUMAR SHARMA,RAJ,DAUSA,W
RAJHIN08246,DHOLPUR PUBLIC TODAY,nan,56304.0,56304/ 93,PRADEEP KUMAR VARMA,RAJ,DHAULPUR,F
RAJHIN15617,RENU VIKAS TODAY,nan,118089.0,RAJHIN/2011/45532,LOKENDRA SINGH RANA,RAJ,DHAULPUR,F
RAJHIN16628,PRESS TODAY,प्रेस टुडे,127632.0,RAJHIN/2013/55077,HARI OM SAVITA,RAJ,DHAULPUR,F
RAJHIN16350,SUNNY TODAY,nan,119416.0,RAJHIN/2012/46859,GAJENDRA PRATAP,RAJ,DHAULPUR,W
RAJHIN16651,BHATNER TODAY,nan,125983.0,RAJHIN/2013/53428,BHAWANI SHANKAR,RAJ,HANUMANGARH,F
RAJHIN12469,KHALSA TODAY,nan,84960.0,RAJHIN/2003/12403,GURMUKH SINGH,RAJ,HANUMANGARH,F
RAJHIN08523,KHABAR TODAY,खबर टुडे,58005.0,58005/ 93,MAHENDRA SINGH VERMA,RAJ,HANUMANGARH,F
RAJHIN13549,DAYAR TODAY,डायर टुडे,91585.0,RAJHIN/2006/19028,M. ANWAR,RAJ,HANUMANGARH,F
RAJHIN28054,BHADRA LIVE TODAY,nan,,nan,GULSHAN,RAJ,HANUMANGARH,W
RAJHIN16881,AGROHA TODAY,अग्रोहा टुडे,137688.0,RAJHIN/2014/65133,BHIMSEN GOLYAN,RAJ,HANUMANGARH,W
RAJHIN17462,BULLETIN TODAY,बुलेटिन टुडे,135886.0,RAJHIN/2015/63331,"GARVITA MULTIMEDIA BULLETIN, LLP",RAJ,JAIPUR,D
RAJHIN17126,SANJEEVANI TODAY,nan,128882.0,RAJHIN/2014/56327,RAJESH MEENA,RAJ,JAIPUR,D
RAJHIN13338,NEWS TODAY,nan,89098.0,RAJHIN/2005/16541,RAJASTHAN PATRIKA PVT. LTD.,RAJ,JAIPUR,D
RAJBIL01590,TALASH TODAY,nan,109123.0,RAJBIL/2011/36566,ANIL KUMAR SHARMA,RAJ,JAIPUR,D
RAJHIN16652,LOK TODAY,nan,123204.0,RAJHIN/2013/50649,NEERAJ MEHRA,RAJ,JAIPUR,D
RAJHIN27214,TODAY HAWA MAHAL,टुडे हवामहल,139872.0,RAJHIN/2015/67317,USHA JAIN,RAJ,JAIPUR,DE
RAJENG00672,TAX TODAY,nan,74265.0,RAJENG/2000/01708,RAJESH TANDON,RAJ,JAIPUR,F
RAJHIN15469,REVENUE TODAY,रेवेन्यू टुडे,105574.0,RAJHIN/2010/33017,RAJKUMARI JAIN,RAJ,JAIPUR,F
RAJHIN09029,INVESTIGATOR TODAY,nan,60124.0,60124/ 94,ALOK SHARMA,RAJ,JAIPUR,F
RAJHIN13737,KAYASTHA TODAY,nan,92366.0,RAJHIN/2007/19809,YOGITA MATHUR,RAJ,JAIPUR,F
RAJHIN16106,NEWS MEDIA TODAY,nan,120860.0,RAJHIN/2012/48304,MEENA SHARMA,RAJ,JAIPUR,F
RAJHIN16964,JUST TODAY,जस्ट टुडे,128981.0,RAJHIN/2014/56426,DEEPAK SAINI,RAJ,JAIPUR,F
RAJHIN16422,LOK TODAY,nan,122003.0,RAJHIN/2013/49448,NEERAJ MEHRA,RAJ,JAIPUR,F
RAJHIN16477,VIRASAT TODAY,nan,124482.0,RAJHIN/2013/51927,MANISH KUMAR TAMBI,RAJ,JAIPUR,F
RAJHIN15820,LEADER TODAY,लीडर टुडे,120519.0,RAJHIN/2011/47963,SHYAM LAL SHARMA,RAJ,JAIPUR,F
RAJBIL01106,SALES TAX TODAY,nan,74959.0,RAJBIL/2000/02402,RAJESH TONDON,RAJ,JAIPUR,F
RAJBIL01139,DRILLING TODAY,nan,80341.0,RAJBIL/2002/07784,MANISH BHARDWAJ,RAJ,JAIPUR,F
RAJHIN17484,JAIPUR TODAY,जयपुर टुडे,135093.0,RAJHIN/2015/62538,SANJEEV KUMAR MATHUR,RAJ,JAIPUR,F
RAJHIN17142,UDAY TODAY,उदय टुडे,130414.0,RAJHIN/2014/57859,DINESH KUMAWAT,RAJ,JAIPUR,F
RAJHIN17313,EXCLUSIVE TODAY,एक्सक्लूजिव टुडे,132040.0,RAJHIN/2014/59485,SUNIL RATHI,RAJ,JAIPUR,F
RAJHIN15707,VISHVAKARMA TODAY,विश्वकर्मा टुडे,110676.0,RAJHIN/2011/38119,RAMPRASAD SHARMA,RAJ,JAIPUR,M
RAJHIN14515,MEENA SAMAJ TODAY,मीणा समाज टुडे,101479.0,RAJHIN/2009/28922,GANPATLAL MEENA,RAJ,JAIPUR,M
RAJBIL01154,BORING TODAY,nan,84137.0,RAJBIL/2002/11580,JAGJIT SINGH NARANG,RAJ,JAIPUR,M
RAJBIL01521,EARTH & AUTO TODAY,nan,119711.0,RAJBIL/2010/47154,USHA KUMARI VARMA,RAJ,JAIPUR,M
RAJHIN09950,BANKING TODAY,nan,64909.0,64909/ 96,SANJEEV GUPTA,RAJ,JAIPUR,M
RAJBIL01557,GEM AND JEWELLERY TODAY,nan,109095.0,RAJBIL/2010/36538,DIVYA SHARMA,RAJ,JAIPUR,M
RAJHIN14837,REVENUE TODAY,रेवन्यू टुडे,101826.0,RAJHIN/2009/29269,RAJKUMARI JAIN,RAJ,JAIPUR,M
RAJHIN16617,TODAY HAWA MAHAL,nan,126719.0,RAJHIN/2013/54164,USHA JAIN,RAJ,JAIPUR,M
RAJBIL01446,EARTH MOVING TODAY,अर्थ मूविंग टुडे,106311.0,RAJBIL/2010/33754,VINAY KUMAR JAIN,RAJ,JAIPUR,M
RAJHIN16829,SARLA NEWS TODAY,सरला न्यूज़ टुडे,131327.0,RAJHIN/2014/58772,RAMDEV UPADHYAY,RAJ,JAIPUR,M
RAJHIN09091,COMMUNICATION TODAY,nan,58028.0,58028/ 94,DR. SANJEEV MANAVAT,RAJ,JAIPUR,Q
RAJHIN11062,VIKAS TODAY,विकास टुडे,38252.0,38252/ 82,RADHEY SHYAM SHARMA,RAJ,JAIPUR,W
RAJBIL01729,NYAY TODAY,न्याय टुडे,127735.0,RAJBIL/2014/55180,JAYRAM SHARMA,RAJ,JAIPUR,W
RAJHIN16864,SANJEEVANI TODAY,संजीवनी टुडे,127763.0,RAJHIN/2014/55208,RAJESH MEENA,RAJ,JAIPUR,W
RAJHIN05653,TODAY WAR EXPRESS,nan,48938.0,48938/ 91,NAND KISHORE SHARMA,RAJ,JAIPUR,W
RAJHIN17597,METRO TODAY,मेट्रो टुडे,140806.0,RAJHIN/2016/68251,SUSHIL SHANKER VIG,RAJ,JAIPUR,W
RAJHIN27662,JALAUR TODAY,जालोर टुडे,159181.0,RAJHIN/2020/86626,BHAVANI MAHESHWARI,RAJ,JALAUR,W
RAJHIN14438,CHINKARA TODAY,चिंकारा टुडे,99515.0,RAJHIN/2008/26958,BHAJANLAL BISNOI,RAJ,JALAUR,W
RAJHIN12012,MARWAD TODAY,nan,81964.0,RAJHIN/2002/09407,DINESH KUMAR,RAJ,JALOUR,F
RAJHIN27925,JHALAWAR TODAY,झालावाड़ टुडे,158413.0,RAJHIN/2022/85858,JAVED IQBAL,RAJ,JHALAWAR,F
RAJHIN12013,MAYA SE TODAY,nan,83215.0,RAJHIN/2002/10658,RAJ JOSHI,RAJ,JODHPUR,F
RAJHIN15661,JODHPUR TODAY,जोधपुर टुडे,117782.0,RAJHIN/2011/45225,ARUN DADHICH,RAJ,JODHPUR,F
RAJMUL00189,TIGER TODAY,टाइगर टुडे,123488.0,RAJMUL/2013/50933,GOVIND SINGH,RAJ,JODHPUR,F
RAJHIN16627,THAR TODAY,nan,126071.0,RAJHIN/2013/53516,JYOTI DAGAR,RAJ,JODHPUR,F
RAJHIN27295,ESSENTIAL TODAY,एसेनशियल टुडे,143236.0,RAJHIN/2016/70681,BARKAT ALI,RAJ,JODHPUR,M
RAJHIN12295,RAJASTHAN TODAY,राजस्‍थान टुडे,84015.0,RAJHIN/2020/11458,M/S RAJASTHAN TODAY,RAJ,JODHPUR,M
RAJBIL01113,KAMP TODAY,nan,80150.0,RAJBIL/2001/07593,BHIKRAM BISNOI,RAJ,JODHPUR,Q
RAJHIN27969,ESSENTIAL TODAY,एसेनशियल टुडे,155672.0,RAJHIN/2022/83117,BARKAT ALI,RAJ,JODHPUR,W
RAJHIN16670,JODHANA ROYALS TODAY,जोधाना रॉयल्स टुडे,128049.0,RAJHIN/2013/55494,RAJARAM CHOUDHARY,RAJ,JODHPUR,W
RAJMUL00190,MANWAR TODAY NEWS,nan,127176.0,RAJMUL/2013/54621,RAMKISHOR SHARMA,RAJ,JODHPUR,W
RAJHIN15044,FARMING TODAY,nan,111479.0,RAJHIN/2011/38922,PRANAY VIJAY,RAJ,KOTA,F
RAJHIN13807,TODAY RAJ,टुडे राज,98920.0,RAJHIN/2008/26363,BRIJGOPAL SHARMA,RAJ,KOTA,F
RAJHIN17184,TODAY EYE,टुडे आई,131311.0,RAJHIN/2014/58756,DR. PRABHAT KUMAR SINGHAL,RAJ,KOTA,F
RAJHIN14455,KOTA TODAY,कोटा टुडे,103713.0,RAJHIN/2010/31156,ANAL MANTRI,RAJ,KOTA,W
RAJHIN17240,PUSHKAR TODAY,पुष्कर टुडे,134114.0,RAJHIN/2014/61559,BHAVANI SHANKAR UPADHYAY,RAJ,NAGAUR,F
RAJHIN27275,JAGRUK TODAY,जागरूक टुडे,143404.0,RAJHIN/2016/70849,JAGRUK MULTIMEDIA,RAJ,PALI,D
RAJHIN12795,MARWAD TODAY,nan,85912.0,RAJHIN/2004/13355,DINESH KUMAR DHANCHI,RAJ,PALI,F
RAJHIN16237,JAINAM TODAY,जैनम् टुडे,120836.0,RAJHIN/2013/48280,PRAKASH CHAND SANKHLECHA,RAJ,PALI,M
RAJHIN27906,KANTHAL TODAY,nan,,nan,YUNUS AHMED,RAJ,PRATAPGARGH,D
RAJHIN16659,PRATAP NEWS TODAY,nan,123945.0,RAJHIN/2013/51390,HITESH UPADHAYAY,RAJ,PRATAPGARH,W
RAJHIN06783,GANGA NAGAR TODAY,nan,54540.0,54540/ 92,KAPIL ARORA,RAJ,SHRI GANGANAGAR,F
RAJHIN13758,TRUTH TODAY,ट्रुथ टुडे,94128.0,RAJHIN/2007/21571,SHAHEED ALI,RAJ,SIKAR,M
RAJHIN12288,YOUNG TODAY,nan,84919.0,RAJHIN/2004/12362,M.ASLAM KHAN,RAJ,TONK,F
RAJHIN27877,BHARATVARSH NEWS TODAY,nan,,nan,NARESH SONI,RAJ,TONK,HY
RAJHIN16303,CHANGE TODAY,nan,122871.0,RAJHIN/2013/50316,CHANDRA SINGH JHALA,RAJ,UDAIPUR,D
RAJHIN27333,UDAIPUR TODAY,उदयपुर टुडे,147040.0,RAJHIN/2017/74485,PRAVEEN RATLIA,RAJ,UDAIPUR,M
RAJHIN17483,BHAWSAR TODAY,भावसार टुडे,138883.0,RAJHIN/2015/66328,SARITA BHAWSAR,RAJ,UDAIPUR,M
RAJBIL01663,PEOPLE TODAY,nan,,UR,SHAILENDRA KUAMAR SHRIVASTAVA,RAJ,UDAIPUR,Q
TELENG00054,TELANGANA TODAY,nan,142981.0,TELENG/2016/70426,TELANGANA PUBLICATIONS PVT.LTD,TEL,HYDERABAD,D
TELENG00470,STATE TODAY A P,nan,60707.0,60707/ 94,CITIZEN PRESS (FIRM),TEL,HYDERABAD,D
TELENG00449,FLASH TODAY,nan,52871.0,52871/ 92,SARWAR JEHAN,TEL,HYDERABAD,D
TELTEL00030,PEOPLES TODAY,nan,135414.0,TELTEL/2015/62859,G.KALI KRUSHNA,TEL,HYDERABAD,D
TELENG00451,TODAY FREEDOM,nan,52881.0,52881/ 93,B. DEVADAS,TEL,HYDERABAD,D
TELENG00383,DECCAN TODAY,nan,37950.0,37950/ 84,KHAJA QUAYUM ANWAR & R. DEVADAS,TEL,HYDERABAD,D
TELENG00656,FLASH TODAY,nan,55129.0,55129/,NOT GIVEN,TEL,HYDERABAD,F
TELBIL01738,BRIGHT VISION TRUST TODAY COURT,nan,,nan,BRIGHT VISION TRUST,TEL,HYDERABAD,F
TELENG00384,WATCH TODAY,nan,37984.0,37984/ 84,CHAVALI SUBHASH,TEL,HYDERABAD,F
TELENG00701,TODAY'S DYNAMIC YOUNG INDIANS,nan,81024.0,APENG/2002/08467,PINNAMA RAJU VASU BABU,TEL,HYDERABAD,F
TELMAL00008,QUANTUM TODAY,nan,78633.0,APMAL/2002/06076,QUANTAM INTERNATIONAL PVT. LTD,TEL,HYDERABAD,M
TELENG00671,GEOSPATIAL TODAY,nan,79658.0,APENG/2002/07101,SPATIAL NETWORKS PVT.LTD.,TEL,HYDERABAD,M
TELBIL01581,LIBRARY TODAY,nan,44888.0,44888/ 79,M A MAJEED KHAN,TEL,HYDERABAD,M
TELENG00664,CIVIL ENGIANEERING AND ARCHITECTURAL CONSTRUCTION TODAY,nan,70047.0,70047/ 98,B.S.B.CREATIVE ENGINEERING,TEL,HYDERABAD,M
TELTEL01353,AIDS TODAY,nan,70859.0,70859/ 99,INTERNATIONAL AIDS PREVENTION AND RESEARCH ORGANISATION,TEL,HYDERABAD,M
TELENG00411,HISTORIC TODAYS COMMANDER,nan,44919.0,44919/ 87,MOHD MUSEED QUSRO,TEL,HYDERABAD,M
TELKAN00008,QUANTUM TODAY,nan,78632.0,APKAN/2002/06075,QUANTAM INTERNATION PVT LTD,TEL,HYDERABAD,M
TELBIL01555,CENTRAL EXCISE TODAY,nan,32070.0,32070/ 77,INSTITUTE OF TAX STUDY & LABOUR LAW,TEL,HYDERABAD,M
TELENG00493,CIVIL SUPPLIES TODAY,nan,67652.0,67652/ 97,CIVIL SUPPLIES SERVICES ASSOCIATION,TEL,HYDERABAD,M
TELHIN26194,QUANTUM TODAY,nan,78631.0,APHIN/2002/06074,QUANTAM INTERNATIONAL PVT.LTD,TEL,HYDERABAD,M
TELENG00772,MAPS TODAY,nan,,nan,GEOMAP SOCIETY,TEL,HYDERABAD,M
TELTEL01396,QUANTUM TODAY,nan,76861.0,APTEL/2001/04304,QUANTUS INTERNATIONAL,TEL,HYDERABAD,M
TELTAM00010,QUANTUM TODAY,nan,78634.0,APTAM/2002/06077,QUANTUM INTERNATIONAL PVT. LTD,TEL,HYDERABAD,M
TELENG00587,QUANTUM TODAY,nan,77591.0,APENG/2001/05034,QUANTUS INTERNATIONAL PVT LTD,TEL,HYDERABAD,M
TELENG00687,WHAT HAILS PUBLIC SECTOR TODAY,nan,87245.0,APENG/2005/14688,M. KAMALAKAR REDDY,TEL,HYDERABAD,M
TELTEL00345,BONAM TODAY,बोनम टुडे,137561.0,TELTEL/2015/65006,B.VENKATA SWAMY,TEL,HYDERABAD,M
TELENG00326,MANPOWER TODAY,nan,32115.0,32115/ 77,PUSHA PAHARIYA,TEL,HYDERABAD,W
TELTEL01679,SPORTS TODAY,nan,86993.0,APTEL/2005/14436,LIKITHA JAGAN MOHAN,TEL,HYDERABAD,W
TELMUL00062,VANJARI TODAY,nan,,UR,K ROOPA JYOTHI,TEL,HYDERABAD/ SECUNDERABAD,M
TELTEL01530,TAX TODAY,टेक्स टुडे,85855.0,APTEL/2004/13298,NITIN K.PAREKH,TEL,HYDERABAD/ SECUNDERABAD,M
TELTEL12270,QUICK TODAY,nan,159042.0,TELTEL/2023/86487,GILLALA BUCHI REDDY,TEL,MALKAJGIRI,D
TELTEL12251,MEDAK TODAY,nan,,UR,CHILVERA SHIVAKUMAR,TEL,MEDAK,D
TELENG00814,VELTHURU TODAY,nan,157730.0,TELENG/2022/85175,BAKKA YADAIAH,TEL,NALGONDA,D
TELTEL00305,AKSHARA TODAY,nan,134881.0,TELTEL/2015/62326,KOUCHIKA ALEKHYA,TEL,NALGONDA,D
TELENG00827,RAJANI TODAY,nan,157735.0,TELENG/2022/85180,BAKKA YADAIAH,TEL,NALGONDA,D
TELTEL02084,SHANTHI TODAY,nan,156346.0,TELTEL/2022/83791,NAKARIKANTI NAGESH,TEL,NALGONDA,D
TELENG00805,RAJANI TODAY,nan,154593.0,TELENG/2021/82038,BAKKA YADAIAH,TEL,NALGONDA,M
TELTEL02118,DHUNIYA TODAY,nan,160752.0,TELTEL/2023/88197,RAPELLI RAJA LINGAM,TEL,NIZAMABAD,D
TELTEL00398,AKSHARA TODAY,अक्षरा टुडे,136715.0,TELTEL/2015/64160,KOUCHIKA ALEKHYA,TEL,RANGA REDDY,D
APTEL13472,AKSHARA TODAY,अक्षर टुडे,132977.0,TELTEL/2015/60422,KOUCHIKA ALEKHYA,TEL,RANGA REDDY,M
TELTEL01709,CRIME TODAY,nan,87285.0,APTEL/2005/14728,NEELAM RAMBABU NAIDU,TEL,RANGAREDDY,F
TELTEL01705,THE CLUE TODAY,द क्लू टुडे,80509.0,APTEL/2001/07952,THAKUR SURAJ SINGH,TEL,RANGAREDDY,M
TELENG00629,START WINNING TODAY,र्स्žटाट विžनिंग टुडे,90370.0,APENG/2006/17813,V. VENKATA LAXMIPATHI RAJU,TEL,RANGAREDDY,M
TELTEL01729,TIME TODAY,nan,140696.0,TELTEL/2016/68141,K.L.R. MAHARSHI,TEL,WARANGAL,D
TNTAM19978,TAMIZH TODAY,nan,116174.0,TNTAM/2011/43617,K. PACHAMUTHU,TN,CHENNAI,D
TNENG01241,PICKOUT TENDERS TODAY,nan,24430.0,24430/ 74,T.T.C. PROMOTION CENTRE,TN,CHENNAI,D
TNENG01171,NEWS TODAY,nan,33810.0,33810/ 82,"NEWS TODAY MEDIA PVT. LTD.,",TN,CHENNAI,D
TNTAM21214,LEGAL TODAY,nan,134350.0,TNTAM/2015/61795,R. THANGARAJ,TN,CHENNAI,F
TNTAM16076,NATIONAL TODAY,NT,90361.0,TNTAM/2005/17804,D.HUSSAIN SHERIFF,TN,CHENNAI,F
TNTAM22559,INIYA DESAM TODAY,nan,143399.0,TNTAM/2015/70844,S.SASIKUMAR,TN,CHENNAI,F
TNBIL04205,CONSUMER TODAY,nan,141873.0,TNBIL/2016/69318,TAMIL NADU CONSUMER PROTECTION ORGANISATION CHENNAI,TN,CHENNAI,F
TNBIL03691,VILLUPURAM TODAY,nan,121828.0,TNBIL/2012/49273,K.C. ARAVINDAN,TN,CHENNAI,F
TNTAM21383,KAZHUGAR TODAY,nan,128448.0,TNTAM/2014/55893,D. PADMANABAN,TN,CHENNAI,F
TNTAM15918,CHENNAI TODAY,चिžन्žनाइ टूदे,90270.0,TNTAM/2006/17713,M.R. MUTHUCKIRUTTINAN,TN,CHENNAI,F
TNTAM22153,NATIONAL TODAY FLASH,nan,140711.0,TNTAM/2015/68156,A.BHASKARAN,TN,CHENNAI,F
TNENG05880,COMPOSITES TODAY,कंपोजिट्स टुडे,138270.0,TNENG/2015/65715,SAMANTHI PUBLICATIONS PRIVATE LIMITED,TN,CHENNAI,M
TNTAM20420,CABLE NEWS TODAY,nan,116606.0,TNTAM/2012/44049,G.INDRA BABU,TN,CHENNAI,M
TNTAM20741,TODAY ITHAZH,nan,121973.0,TNTAM/2013/49418,R. BABU,TN,CHENNAI,M
TNENG03172,FRP TODAY,nan,76190.0,TNENG/2000/03633,SAMANTHI PUBLICATIONS PVT.LTD,TN,CHENNAI,M
TNTAM20410,NADAR TODAY,nan,117863.0,TNTAM/2012/45306,M.BALAMURUGAN,TN,CHENNAI,M
TNTAM24234,HOSPITAL TODAY,nan,155007.0,TNTAM/2021/82452,K.JAGADEESAN,TN,CHENNAI,M
TNTAM13668,CRIME TODAY,nan,83586.0,TNTAM/2003/11029,M.NAGOOR MEERAN,TN,CHENNAI,M
TNENG05871,SENIORZ TODAY,nan,139042.0,TNENG/2015/66487,VEDAANTA SENIOR LIVING LLP,TN,CHENNAI,M
TNENG02925,LIFE IS FOR EVERYONE TODAY,nan,65378.0,65378/ 96,SR.JACQUELINE GERALDINE PUTHOTA,TN,CHENNAI,M
TNTAM19380,SUCCESS LADIES TODAY,nan,108895.0,TNTAM/2010/36338,K. NAGARAJ,TN,CHENNAI,M
TNBIL04643,VELICHAM VELACHERY TODAY,nan,,nan,BOOPATHY N,TN,CHENNAI,M
TNENG03404,FOODWORLDER TODAY,nan,77252.0,TNENG/2000/04695,SPENCER & CO.LTD.,TN,CHENNAI,M
TNTAM22086,POLICE TODAY,nan,142568.0,TNTAM/2015/70013,K. KUMAR,TN,CHENNAI,M
TNTAM23632,TAEKWONDO TODAY,nan,148809.0,TNTAM/2018/76254,P.SEKAR,TN,CHENNAI,M
TNENG03142,ENGINEERING TODAY,nan,71308.0,71308/ 99,INDIAN SOCIETY OF ENGINEERS AND TECHNICIANS,TN,CHENNAI,M
TNTAM12553,UNGAL HEALTH TODAY,nan,71501.0,71501/ 99,AL. ALAGAPPAN,TN,CHENNAI,M
TNBIL02190,EB TODAY,इबी टुडे,90625.0,TNBIL/2004/18068,TAMILNADU MINSARAVARIYA THOZHILALAR AYKKIYASANGAM,TN,CHENNAI,M
TNBIL03586,PATRIKAI TODAY,nan,113271.0,TNBIL/2012/40714,K. MURUGAN,TN,CHENNAI,M
TNENG06190,NOVA TODAY,nan,,nan,N.RAJKUMAR,TN,CHENNAI,M
TNTAM24542,VOICE TODAY,nan,159475.0,TNTAM/2023/86920,K.VALLARAJ,TN,CHENNAI,M
TNBIL02041,BRAHMIN TODAY,nan,85719.0,TNBIL/2004/13162,VASAN,TN,CHENNAI,M
TNENG03217,H M T TODAY,nan,17871.0,17871/ 69,HINDUSTAN MACHINE TOOLS LTD.,TN,CHENNAI,M
TNTEL00759,GNANA MARGHAM BAKTHI TODAY,nan,80858.0,TNTEL/2002/08301,V.PREM KUMAR,TN,CHENNAI,M
TNBIL02714,CLUBS TODAY,nan,99881.0,TNBIL/2008/27324,V. SEKAR,TN,CHENNAI,M
TNTAM20475,MEDIA TODAY,nan,128417.0,TNTAM/2012/55862,K.PALANI,TN,CHENNAI,M
TNENG04353,TODAY'S TARGET,टुडेज़ टारगेट,90156.0,TNENG/2006/17599,BUYSELL INTERACTIONS PVT LTD,TN,CHENNAI,M
TNTAM21212,CONSTRUCTION TODAY,nan,126163.0,TNTAM/2013/53608,E. MADHANA SEKARAN,TN,CHENNAI,M
TNTAM20650,POLITICS TODAY,nan,122904.0,TNTAM/2012/50349,R.ROSHAN,TN,CHENNAI,M
TNHIN00248,VARDHAMAN TODAY,nan,112716.0,TNHIN/2010/40159,B P GOSWAMI,TN,CHENNAI,M
TNTAM24519,PENMAI TODAY,nan,,nan,KANCHI SIVATHIRU THONDERADIMAI,TN,CHENNAI,M
TNENG05807,WATER TODAY-THE MAGAZINE,nan,98917.0,TNENG/2008/26360,WATER TODAY PVT. LTD.,TN,CHENNAI,M
TNTAM23261,PEOPLE TODAY,nan,146049.0,TNTAM/2017/73494,G. JAYAGOPAL,TN,CHENNAI,M
TNTEL00761,THE KNOWLEDGE BOOK WONDER TODAY,द नॉलेज बुक वंडर टुडे,81466.0,TNTEL/2002/08909,V.PREM KUMAR,TN,CHENNAI,M
TNTAM22383,VELLORE TODAY,वेल्लोर टुडे,136545.0,TNTAM/2015/63990,G.SHANTHA KUMAR,TN,CHENNAI,M
TNTAM19727,MOTOR TODAY,nan,112044.0,TNTAM/2011/39487,A.M. KRISHNAMURTHY,TN,CHENNAI,M
TNENG04062,DAY TODAY NEEDS,nan,84108.0,TNENG/2003/11551,B.SUBRAMANIAN,TN,CHENNAI,M
TNBIL04701,TAMIL TODAY SAMANIYAR KURAL,nan,154193.0,TNBIL/2021/81638,M KARTHIKEYAN,TN,CHENNAI,M
TNBIL03734,INVESTIGATION TODAY,nan,122903.0,TNBIL/2013/50348,P. ALEXANDER VIJAY,TN,CHENNAI,M
TNBIL01859,TODAY'S CHILDREN FOR CHRIST,nan,83550.0,TNBIL/2003/10993,REV.J.JEYARAJ,TN,CHENNAI,M
TNTAM23938,REPORTER TODAY,nan,154706.0,TNTAM/2021/82151,P SIVAKUMAR,TN,CHENNAI,M
TNHIN00175,DAKSHIN PORWAL TODAY,nan,86224.0,TNHIN/2003/13667,KANTILAL C. JAIN,TN,CHENNAI,M
TNBIL02674,KALVI TODAY,कलवी टुडे,93711.0,TNBIL/2007/21154,K. RAMASUBRAMANIAN,TN,CHENNAI,M
TNTAM20827,AYURVEDAM TODAY,nan,121415.0,TNTAM/2013/48860,S. SENTHIL KUMAR,TN,CHENNAI,M
TNTAM14202,FILM TODAY,nan,79122.0,TNTAM/2002/06565,P.T.SELVAKUMAR,TN,CHENNAI,M
TNTAM24656,TAMILNADU TODAY,nan,,UR,SATHEESH KUMAR S,TN,CHENNAI,NDO
TNBIL04789,JUNIOR TODAY,nan,,nan,P.ALEXANDER VIJAY,TN,CHENNAI,TDM
TNENG04621,CHESS TODAY,चैस टुडे,94240.0,TNENG/2007/21683,S. ARUNACHALAM,TN,CHENNAI,W
TNTAM24175,NAKKIRAR TODAY NEWS,nan,,nan,THANASEKARAN,TN,CHENNAI,W
TNTAM19691,PALLIVAASAL TODAY,nan,110398.0,TNTAM/2011/37841,M. AHAMED SHA,TN,CHENNAI,W
TNTAM20267,ULLATCHI TODAY,nan,124725.0,TNTAM/2013/52170,R.RAVI,TN,CHENNAI,W
TNBIL04328,ADYAR TODAY,nan,139652.0,TNBIL/2016/67097,P.SASIKUMAR,TN,CHENNAI,W
TNTAM22390,ANJAL TODAY,अंजल टुडे,136775.0,TNTAM/2015/64220,S.SANJEVRAJ,TN,CHENNAI,W
TNTAM20270,TODAY CITIZEN,nan,120176.0,TNTAM/2012/47619,G.KARTHIKEYAN,TN,COIMBATORE,M
TNTAM21168,KOVAI TODAY,nan,125950.0,TNTAM/2013/53395,S. KRISHNAKUMAR,TN,COIMBATORE,M
TNTAM20174,NEXT KAVAL TODAY,nan,118331.0,TNTAM/2012/45774,D. KESAVAN,TN,ERODE,M
TNTAM24853,DHANTHI TODAY,nan,,nan,T. STEPHEN,TN,KANNIYAKUMARI,M
TNTAM16914,BEST PHOTOGRAPHY TODAY,बेस्ट फोटोग्राफी टूडे,97053.0,TNTAM/2007/24496,SP. SHEKAR,TN,KANNIYAKUMARI,M
TNTAM23822,KRISHNAGIRI TODAY,nan,,nan,V. BABU,TN,KRISHNAGIRI,BM
TNTAM18745,HUMAN RIGHTS TODAY,ह्यूमन राइट्स टुडे,102675.0,TNTAM/2009/30118,S. SUNDAR,TN,MADURAI,M
TNTAM24515,NAMADHU ARASIYAL TODAY,nan,,nan,T. BACKIARAJ,TN,MADURAI,W
TNTAM24438,VALIMAI TODAY,nan,,nan,BASKARAN B,TN,MADURAI,W
TNTAM14654,NAM LORRY TODAY,nan,83464.0,TNTAM/2002/10907,K. JAYA KUMAR,TN,NAMAKKAL,M
TNTAM24440,SALEM TODAY,nan,,nan,KAVIARASU M,TN,SALEM,D
TNBIL01244,NILGIRIS TODAY,nan,70739.0,70739/ 98,K.M.SELVARAJ,TN,THE NILGIRIS,D
TNENG05640,CONVERSATIONS TODAY,nan,124983.0,TNENG/2013/52428,MANAVA SEVA DHARMA SAMVARDHANI,TN,THIRUVALLUR,M
TNTAM21611,THIRUVOTTIYUR TODAY,तिरुवोत्तियुर टुडे,138421.0,TNTAM/2015/65866,S. SANJITH,TN,THIRUVALLUR,M
TNBIL04625,VAIBHAV TODAY,nan,151238.0,TNBIL/2019/78683,R. SUBRAMANIAN,TN,THIRUVALLUR,M
TNMUL00537,BHARAT TODAY,nan,,nan,R.L.PARTHASARATHI,TN,THIRUVALLUR,W
TNTAM24310,THAGAVAL TODAY,nan,,nan,K. ARUMUGAM,TN,TIRUCHIRAPPALLI,D
TNTAM22707,NEW TECH TODAY,nan,141852.0,TNTAM/2016/69297,S.MUTHU KUMAR,TN,TIRUCHIRAPPALLI,M
TNENG05575,THINK TODAY,nan,129905.0,TNENG/2014/57350,S. ARUNACHALAM,TN,TIRUNELVELI,Q
TNTAM23135,TIRUPUR TODAY,nan,,UR,C.SAMAMIRTHABABU,TN,TIRUPPUR,W
TRIENG00008,TRIPURA TODAY,nan,34175.0,34175/ 79,"DIRECTORATE OF PUBLIC RELATIONS AND TOURISM, TRIPURA GOVT",TRI,WEST TRIPURA/ AGARTALA,F
UPHIN31162,FOCUS TODAY,फोकस टुडे,80646.0,UPHIN/2002/08089,RAJEEV KUMAR JAIN,UP,AGRA,D
UPURD03034,AGRA TODAY,nan,66343.0,66343/ 97,AROOB-E-TAMANNA,UP,AGRA,D
UPBIL02927,AGRAWAL TODAY,nan,80935.0,UPBIL/2002/08378,AGRASEN DARBAR SEVA SAMITI,UP,AGRA,M
UPHIN41301,KABIR TODAY,nan,110490.0,UPHIN/2010/37933,NARESH CHAND KOLI,UP,AGRA,M
UPHIN25055,ENGINEERING COMPETITION TODAY,nan,72848.0,UPHIN/1998/00291,NARESH JAIN,UP,AGRA,M
UPHIN29650,PRATIYOGITA TODAY,प्रतियोगिता टुडे,75546.0,UPHIN/2001/02989,NAVJEEVAN PRINTERS & PUBLISHERS,UP,AGRA,M
UPHIN42426,TODAY EXPRESS,nan,121206.0,UPHIN/2012/48651,HARIOM DIXIT,UP,AGRA,M
UPHIN23780,GOLD TODAY,nan,65548.0,65548/ 97,JAGDISH JUMANI,UP,AGRA,W
UPHIN25137,AMNESTY TODAY,nan,68630.0,68630/ 98,MEGH SINGH YADAV,UP,AGRA,W
UPHIN33384,TAJ TODAY,nan,88503.0,UPHIN/2005/15946,SHAN SARIN,UP,AGRA,W
UPHIN47939,PRADESH TODAY,प्रदेश टुडे,140851.0,UPHIN/2016/68296,HRADAYESH DIXIT,UP,ALLAHABAD,D
UPHIN22534,HOURS OF ALLAHABAD TODAY,nan,65715.0,65715/ 96,ALLAHABAD TODAY PRESS ASSOCIATE,UP,ALLAHABAD,M
UPHIN45131,PRINCE TODAY,प्रिंस टुडे,135487.0,UPHIN/2015/62932,SYED ASAD RAZA ABIDI,UP,ALLAHABAD,M
UPENG00147,BESIDES TODAY,nan,43238.0,43238/ 85,HAR KRISHAN LAL BAHL,UP,ALLAHABAD,M
UPHIN19396,HAMARA CHAURASIYA TODAY,nan,59577.0,59577/ 94,CHITRANJAN KUMAR,UP,ALLAHABAD,M
UPHIN32553,GENERAL STUDY TODAY,nan,84554.0,UPHIN/2003/11997,NEELIMA KUSHWAHA,UP,ALLAHABAD,OP
UPENG04437,MASSES TODAY,nan,156679.0,UPENG/2022/84124,MD ALAMGIR,UP,ALLAHABAD/PRAYAGRAJ,D
UPHIN47997,SANSAR TODAY,संसार टुडे,148433.0,UPHIN/2018/75878,YOGENDRA KUMAR,UP,AMROHA,Q
UPHIN50437,JANADESH TODAY,जनादेश टूड़े,156735.0,UPHIN/2022/84180,ARVIND KUMAR SINGH,UP,AZAMGARH,D
UPHIN45477,THE TRUE TODAY,दि ट्रू टुडे,142125.0,UPHIN/2016/69570,FATIMA RAZA,UP,BADAUN,W
UPHIN40181,MULTANI TODAY,मुल्तानी टुडे,104242.0,UPHIN/2010/31685,PRAVEEN JAHAN,UP,BAGHPAT,M
UPHIN42206,CRIME REPORTER TODAY,nan,117259.0,UPHIN/2011/44702,SATYA PAL DWIVEDI,UP,BAHRAICH,W
UPHIN45306,UTSARG TODAY,उत्सर्ग टुडे,134894.0,UPHIN/2014/62339,RAJESH ANCHAL,UP,BALLIA,M
UPURD04013,TEHALKA TODAY,nan,96025.0,UPURD/2008/23468,RIZWAN MUSTAFA RIZVI,UP,BARABANKI,D
UPHIN43867,TEHALKA TODAY,nan,122306.0,UPHIN/2013/49751,RIZWAN MUSTAFA RIZVI,UP,BARABANKI,DE
UPHIN44213,TEHALKA TODAY,nan,124609.0,UPHIN/2013/52054,RIZWAN MUSTAFA RIZVI,UP,BARABANKI,W
UPURD04761,TEHALKA TODAY,nan,122599.0,UPURD/2012/50044,RIZWAN MUSTAFA RIZVI,UP,BARABANKI,W
UPHIN51366,LOKTANTRA TODAY,लोकतंत्र टुडे,159394.0,UPHIN/2023/86839,AKHLESH KUMAR,UP,BAREILLY,D
UPHIN48977,LOKTANTRA TODAY,लोकतंत्र टुडे,155944.0,UPHIN/2020/83389,AKHLESH KUMAR,UP,BAREILLY,M
UPHIN45112,OPINION TODAY,ओपिनियन टुडे,131947.0,UPHIN/2014/59392,MOHD. ASIF ANSARI,UP,BAREILLY,M
UPHIN43194,INVESTIGATION TODAY,nan,126703.0,UPHIN/2013/54148,SACHIN SHARMA,UP,BAREILLY,M
UPHIN46334,OFFICERS TODAY,ऑफीसर्स टुडे,137665.0,UPHIN/2015/65110,AKHLAQ ANSARI,UP,BAREILLY,Q
UPHIN46765,OPINION TODAY,ओपिनियन टुडे,136754.0,UPHIN/2015/64199,MOHD. ASIF ANSARI,UP,BAREILLY,W
UPHIN49347,ACHHANSH TODAY,अक्षाशं टुडे,156846.0,UPHIN/2023/84291,VANDANA SHUKLA,UP,BASTI,D
UPHIN51568,BASTI TODAY,बस्ती टूडे,160930.0,UPHIN/2023/88375,ABDUL RAHIM,UP,BASTI,D
UPHIN48432,JANHIT SATTA TODAY,जनहित सत्ता टुडे,147417.0,UPHIN/2017/74862,URMILA SINGH,UP,BASTI,M
UPHIN48844,BASTI TODAY,बस्ती टुडे,150846.0,UPHIN/2019/78291,ABDUL RAHIM,UP,BASTI,W
UPHIN46612,HUMAN TODAY,ह्यूमन टुडे,139106.0,UPHIN/2016/66551,RAMESH CHANDRA SHUKLA,UP,BHADOI,M
UPHIN46984,BIJNOR TODAY,बिजनौर टुडे,147108.0,UPHIN/2016/74553,SAJID AHMAD,UP,BIJNOR,D
UPHIN44444,BULANDSHAHR TODAY,nan,126701.0,UPHIN/2013/54146,GEETA SHARMA,UP,BULANDSHAHR,D
UPHIN42378,FARMA TODAY,nan,116409.0,UPHIN/2012/43852,PUSHPA DEVI,UP,BULANDSHAHR,M
UPBIL05247,VIDHYARTHI TODAY,nan,,nan,DR. SURENDRA PRATAP SINGH,UP,BULANDSHAHR/ KHURJA,M
UPHIN48558,SAMPURAN TODAY,संपूर्ण टुडे,145828.0,UPHIN/2017/73273,LAVLESH PANDEY,UP,CHITRAKOOT,D
UPHIN48539,SAMPURAN TODAY,संपूर्ण टुडे,145742.0,UPHIN/2017/73187,LAVLESH PANDEY,UP,CHITRAKOOT,M
UPHIN48007,SAMPURAN TODAY,सम्‍पूर्ण टुडे,142655.0,UPHIN/2016/70100,LAVLESH PANDEY,UP,CHITRAKOOT,W
UPHIN46061,SAMAY SAROKAR TODAY,समय सरोकार टुडे,138289.0,UPHIN/2015/65734,RAGHVENDRA MANI TRIPATHI,UP,DEORIA,M
UPHIN20112,PURVI PRADESH TODAY,nan,67050.0,67050/ 96,JAINATH MANI TRIPATHI,UP,DEORIA,W
UPHIN50416,JASWANTNAGAR TODAY,nan,,nan,PREM KUMAR SHAKYA,UP,ETAWAH,Q
UPHIN48660,FARRUKHABAD TODAY,nan,,UR,PEER MOHAMMD MANSOORI,UP,FARRUKHABAD,M
UPHIN34222,VILLAGE TODAY,विलेज टुडे,93014.0,UPHIN/2005/20457,KAMLESH MISHRA,UP,FARRUKHABAD,M
UPHIN44826,JANMANYATA TODAY,जनमान्यता टुडे,129850.0,UPHIN/2014/57295,VINAY SINGH,UP,FARRUKHABAD,M
UPURD04880,DOABA TODAY,दोआबा टूडे,131497.0,UPURD/2014/58942,MUMTAZ AHMAD,UP,FATEHPUR,W
UPHIN40855,ARSH NEWS TODAY,अर्श न्यूज़ टुडे,108438.0,UPHIN/2010/35881,MD. MUKEEM AHMAD,UP,FATEHPUR,W
UPHIN47676,AMBITION NEWS TODAY,एम्बिशन न्यूज टूडे,147455.0,UPHIN/2016/74900,USMAN KHAN,UP,FATEHPUR,W
UPHIN35867,NATION TODAY,नेशन टूडे,94812.0,UPHIN/2007/22255,DILIP THAKUR,UP,FIROZABAD,M
UPENG04036,SURVEY TODAY,सर्वे टुडे,136913.0,UPENG/2015/64358,MANEESH PRASAD,UP,GAUTAM BUDDHA NAGAR,BM
UPBIL03060,SHOPEE TODAY,nan,83770.0,UPBIL/2003/11213,GAURAV PATHAK,UP,GAUTAM BUDDHA NAGAR,F
UPENG03089,WEB TODAY,वेब टुडे,90170.0,UPENG/2006/17613,RAVINDER NATH AGGARWAL,UP,GAUTAM BUDDHA NAGAR,M
UPHIN47983,PLANET TODAY,प्‍लानट टूडे,143748.0,UPHIN/2016/71193,BHARAT BHUSAN,UP,GAUTAM BUDDHA NAGAR,M
UPHIN43242,NOIDA TODAY,नोएडा टूडे,129649.0,UPHIN/2014/57094,MAHESH ARYA,UP,GAUTAM BUDDHA NAGAR,M
UPBIL04677,TECHNICAL TODAY,टेक्निकल टुडे,139086.0,UPBIL/2016/66531,ASHOK KUMAR GADIYA,UP,GAUTAM BUDDHA NAGAR,Q
UPHIN46539,JAAGO TODAY,जागो टुडे,139327.0,UPHIN/2016/66772,ANIL PAL,UP,GAUTAM BUDDHA NAGAR,W
UPBIL04407,RAFTAR TODAY,रफ्तार टुडे,134509.0,UPBIL/2014/61954,GAURAV SHARMA,UP,GAUTAM BUDDHA NAGAR,W
UPHIN46842,DASTAK TODAY,दस्तक टुडे,138139.0,UPHIN/2015/65584,ASHWANI KUMAR SRIVASTAVA,UP,GAUTAM BUDDHA NAGAR,W
UPENG02600,TODAY'S ECONOMICS,nan,74316.0,UPENG/2000/01759,M/S. ZOOM APPLIANCES PVT. LTD.,UP,GAUTAMBUDH NAGAR,M
UPHIN26970,PEOPLE TODAY,पीपुल टुडे,58450.0,58450/ 94,TRANSPARENCY MEDIA PVT. LTD.,UP,GAZIABAD,W
UPENG03015,SANITATION TODAY,nan,87630.0,UPENG/2005/15073,PRAVEEN KUMAR,UP,GHAZIABAD,BM
UPHIN49658,PAHAL TODAY,पहल टुडे,152327.0,UPHIN/2020/79772,KRISHAN KUMAR TIWARI,UP,GHAZIABAD,D
UPHIN39824,NCR TODAY,एनसीआर टुडे,103278.0,UPHIN/2009/30721,ASHA SHARMA,UP,GHAZIABAD,D
UPHIN49071,JAN SAGAR TODAY,जन सागर टुडे,150964.0,UPHIN/2018/78409,L. B SINGH,UP,GHAZIABAD,D
UPHIN46187,PAHAL TODAY,पहल टुडे,135127.0,UPHIN/2015/62572,KRISHAN KUMAR TIWARI,UP,GHAZIABAD,F
UPHIN31676,TYAGI SOCIETY TODAY,nan,81867.0,UPHIN/2003/09310,BRIJNATH TYAGI,UP,GHAZIABAD,F
UPENG03983,GOVERNANCE TODAY,गवर्नेंस टुडे,135217.0,UPENG/2014/62662,AJIT KUMAR SINHA,UP,GHAZIABAD,M
UPHIN41029,MUSLIM TODAY,मुस्लिम टुडे,108070.0,UPHIN/2010/35513,MAJID ALI KHAN,UP,GHAZIABAD,M
UPBIL04147,I.M.S. TODAY,आई.एम.एस. टुडे,127843.0,UPBIL/2013/55288,IMS ENGINEERING COLLEGE SANSTHA,UP,GHAZIABAD,M
UPHIN44582,GHAZIABAD TODAY,ग़ाज़ियाबाद टुडे,128804.0,UPHIN/2014/56249,CHANDRA MOHAN,UP,GHAZIABAD,M
UPHIN43650,JAN SAGAR TODAY,जन सागर टुडे,136298.0,UPHIN/2013/63743,L. B SINGH,UP,GHAZIABAD,M
UPHIN30097,DALIT TODAY,दलित टुडे,78103.0,UPHIN/2001/05546,MAHIPAL SINGH,UP,GHAZIABAD,M
UPENG03971,MUSLIM TODAY,मुस्लिम टुडे,141271.0,UPENG/2016/68716,MAJID ALI KHAN,UP,GHAZIABAD,M
UPHIN48705,PARTH CHETNA TODAY,पार्थ चेतना टुडे,149374.0,UPHIN/2018/76819,PRATIBHA GAUR,UP,GHAZIABAD,M
UPENG03788,THE CORDOVA TODAY,nan,119431.0,UPENG/2012/46874,ZIAUL ISLAM SHERWANI,UP,GHAZIABAD,M
UPHIN40282,RAO TODAY,राव टुडे,103957.0,UPHIN/2010/31400,MUKESH KUMAR,UP,GHAZIABAD,M
UPBIL04518,BEBAK BHARAT TODAY,बेबाक भारत टुडे,134102.0,UPBIL/2015/61547,AKHLAK AHMAD,UP,GHAZIABAD,W
UPHIN41349,ALLROUNDER TODAY,nan,109567.0,UPHIN/2011/37010,TILLAN RICHHARIYA,UP,GHAZIABAD,W
UPHIN40719,NISHPAKSH TODAY,nan,110607.0,UPHIN/2010/38050,GAJENDRA TRIPATHI,UP,GORAKHPUR,D
UPHIN50495,MITRAM TODAY,मित्रम टुडे,156946.0,UPHIN/2023/84391,MOHAMMAD RAFE,UP,GORAKHPUR,W
UPHIN41127,BUNIYAD TODAY,nan,109537.0,UPHIN/2010/36980,RAKESH KUMAR SRIVASTAVA,UP,GORAKHPUR,W
UPHIN51016,TODAY HINT,टूडे हिंट,159893.0,UPHIN/2023/87338,MANJU SINGH,UP,GORAKHPUR,W
UPHIN47932,BVN TODAY,बी वी एन टुडे,150515.0,UPHIN/2018/77960,SUDHIR TRIPATHI,UP,JALAUN,M
UPHIN39530,TEJAS TODAY,तेजस टूडे,104553.0,UPHIN/2009/31996,RAMJI JAISWAL,UP,JAUNPUR,D
UPHIN40583,ROZGAR TODAY,रोजगार टुडे,106378.0,UPHIN/2010/33821,RANJEET KUMAR YADAV,UP,JAUNPUR,F
UPHIN30933,AMBEDKAR TODAY,अम्बेडकर टुडे,80718.0,UPHIN/2002/08161,RAJEEV RATNA,UP,JAUNPUR,M
UPHIN45431,SAKSHAM TODAY,सक्षम टूडे,134899.0,UPHIN/2014/62344,SURAJ SAHU,UP,JAUNPUR,W
UPHIN40918,AMBEDKAR TODAY,अम्बेडकर टुडे,104929.0,UPHIN/2009/32372,DR. RAJEEV RATNA MAURYA,UP,JAUNPUR,W
UPHIN45493,TEJAS TODAY,तेजस टूडे,130064.0,UPHIN/2014/57509,RAMJI JAISWAL,UP,JAUNPUR,W
UPHIN44633,ABHIYAN TODAY,अभियान टुडे,133757.0,UPHIN/2014/61202,PANKAJ SAXENA,UP,JHANSI,M
UPHIN20586,SUCCESS TODAY,nan,64485.0,64485/ 96,VINAY KRISHNA SRIVASTAVA,UP,JHANSI,M
UPHIN31781,MANALI TODAY,nan,82754.0,UPHIN/2003/10197,SADHANA BYAS,UP,JHANSI,W
UPHIN17005,TODAY CHECKUP,nan,51019.0,51019/ 90,VISHNU KUMAR GUPTA,UP,KANPUR,D
UPHIN38589,TODAY CHECK UP,nan,54337.0,54337/ 91,VISHNU KUMAR GUPTA,UP,KANPUR,W
UPHIN39000,MATI TODAY,माटी टुडे,101786.0,UPHIN/2009/29229,R.K. SINGH,UP,KANPUR DEHAT,W
UPHIN44709,SAHARA TODAY,सहारा टुडे,128096.0,UPHIN/2014/55541,MOHD. TARIQ,UP,KANPUR NAGAR,D
UPHIN39930,KANPUR TODAY,कानपुर टुडे,101820.0,UPHIN/2009/29263,ANVAR MAHBOOB KHAN,UP,KANPUR NAGAR,D
UPBIL04256,SAMAY TODAY,nan,125185.0,UPBIL/2013/52630,SAURABH SHUKLA,UP,KANPUR NAGAR,M
UPHIN44787,JAN SANKALP TODAY,जन संकल्प टुडे,139332.0,UPHIN/2014/66777,NIRMAL KUMAR TIWARI,UP,KANPUR NAGAR,W
UPHIN41309,TODAY IN CITY,टुडे इन सिटी,108349.0,UPHIN/2010/35792,SHAHID JAMAL,UP,KANPUR NAGAR,W
UPHIN34008,KANPUR TODAY,कानपुर टुडे,88750.0,UPHIN/2005/16193,ANVAR MAHBOOB KHAN,UP,KANPUR NAGAR,W
UPHIN35884,JEEVANDEEP TODAY,जीवनदीप टुडे,100467.0,UPHIN/2007/27910,USMAN KHAN,UP,KHERI,W
UPHIN46165,PURVANCHAL TODAY,पूर्वांचल टुडे,145550.0,UPHIN/2017/72995,DEVESH KUMAR TIWARI,UP,KUSHINAGAR,M
UPHIN25472,TODAY LINE,nan,69649.0,69649/ 98,AKHLAQ AHMED KHAN,UP,LAKHIMPUR KHIRI,W
UPHIN50290,PITAMBRA TODAY,पीताम्बरा टुडे,155400.0,UPHIN/2022/82845,RAJEEV KUMAR BABELE,UP,LALITPUR,D
UPENG00737,LITERACY TODAY,nan,23767.0,23767/ 72,LITERACY HOUSE,UP,LUCKNOW,BM
UPHIN50870,JOURNALISM TODAY,जर्नलिज़्म टुडे,158769.0,UPHIN/2023/86214,YASMEEN RAHMANI,UP,LUCKNOW,D
UPHIN36651,TODAYS WORLD,टुडेज़ वर्ल्‍ड,94014.0,UPHIN/2005/21457,SURAJ PRAKASH OBEROI,UP,LUCKNOW,D
UPHIN37755,ALLIANCE TODAY,एलायंस टुडे,100071.0,UPHIN/2008/27514,M.RANI,UP,LUCKNOW,D
UPHIN39151,APRADH TODAY,अपराध टुडे,101176.0,UPHIN/2008/28619,D.S.CHAUHAN,UP,LUCKNOW,D
UPHIN50104,RIYASAT TODAY,रियासत टुडे,154326.0,UPHIN/2021/81771,MOHD LIYAKAT,UP,LUCKNOW,D
UPHIN47941,SAHARA TODAY,सहारा टुडे,140725.0,UPHIN/2015/68170,MOHD. TARIQ,UP,LUCKNOW,D
UPBIL03314,U.P. TODAY,यू0पी0टुडे,97850.0,UPBIL/2008/25293,SIYARAM VERMA O/B. BASERA GROUP OF INDUSTRIES,UP,LUCKNOW,D
UPHIN38943,REVIEW TODAY,रिव्‍यू टुडे,99568.0,UPHIN/2008/27011,SHOBHA MISHRA,UP,LUCKNOW,D
UPHIN51501,SUNSHINE TODAY,nan,,nan,BINA SHUKLA,UP,LUCKNOW,D
UPHIN44887,HAQEEQAT TODAY,हकीकत टुडे,130659.0,UPHIN/2014/58104,SHABNOOR FATIMA,UP,LUCKNOW,D
UPHIN45181,LOHIYA TODAY,लोहिया टुडे,128689.0,UPHIN/2014/56134,ISHWAR DAYAL BAGHEL,UP,LUCKNOW,D
UPURD04832,TODAY VOICE,टुडे वॉइस,127696.0,UPURD/2013/55141,SADAKAT ALI KHAN,UP,LUCKNOW,D
UPHIN34464,TODAY VOICE,nan,88658.0,UPHIN/2005/16101,SADAQAT ALI KHAN,UP,LUCKNOW,D
UPHIN34359,TODAY HIGHLIGHTS,टुडे हाइलाइट्स,92083.0,UPHIN/2006/19526,ANURAG SRIVASTAVA,UP,LUCKNOW,D
UPHIN47319,SARKAR TODAY,सरकार टुडे,147774.0,UPHIN/2016/75219,SHABI HAIDER,UP,LUCKNOW,D
UPHIN40189,TODAY KRANTI,टुडे क्रान्ति,104348.0,UPHIN/2010/31791,SUMAN MISHRA,UP,LUCKNOW,D
UPHIN51282,HIND TODAY VARTA,nan,,UR,SURESH KUMAR PAL,UP,LUCKNOW,D
UPURD04559,HAQEEQAT TODAY,nan,114557.0,UPURD/2011/42000,SHABNOOR FATIMA,UP,LUCKNOW,D
UPENG04122,AMAZING TODAY,अमेजिंग टुडे,139122.0,UPENG/2016/66567,MOHAMMAD WASEEM,UP,LUCKNOW,D
UPHIN44151,JANTA SAMACHAR TODAY,nan,126693.0,UPHIN/2013/54138,ABHA TIWARI,UP,LUCKNOW,D
UPHIN50896,NAIMISH TODAY,नैमिष टूड़े,156919.0,UPHIN/2022/84364,DILIP TRIPATHI,UP,LUCKNOW,D
UPHIN43444,AWADH TODAY,nan,121957.0,UPHIN/2013/49402,PANKAJ KUMAR DIXIT,UP,LUCKNOW,D
UPHIN44368,PRAGATI TODAY,प्रगति टुडे,129179.0,UPHIN/2013/56624,MANOJ KUMAR GUPTA,UP,LUCKNOW,D
UPHIN43920,PRADESH TODAY,प्रदेश टुडे,129949.0,UPHIN/2014/57394,HRADAYESH DIXIT,UP,LUCKNOW,D
UPHIN47554,RIYASAT TODAY,रियासत टुडे,149293.0,UPHIN/2016/76738,MOHD LIYAKAT,UP,LUCKNOW,F
UPHIN42891,APRADH TODAY,nan,115703.0,UPHIN/2012/43146,D.S.CHAUHAN,UP,LUCKNOW,F
UPBIL02858,AYURVEDIC MEDICINES TODAY,nan,82677.0,UPBIL/2001/10120,DEEPAK AGRAWAL,UP,LUCKNOW,F
UPHIN51264,KRISHI EVAM PARYAVARAN TODAY,कृषि एवं पर्यावरण टूडे,159716.0,UPHIN/2024/87161,SHEETLA PRASAD,UP,LUCKNOW,M
UPHIN34022,MANAV TODAY,मानव टुडे,92877.0,UPHIN/2007/20320,AJAY KUMAR,UP,LUCKNOW,M
UPHIN50178,FACE OF TODAY,nan,156725.0,UPHIN/2022/84170,MOHAMMAD ASIM QIDWAI,UP,LUCKNOW,M
UPBIL03356,PAL TODAY,पाल टुडे,95345.0,UPBIL/2007/22788,BHARATIYA BODDHIK PAL SAMAJ,UP,LUCKNOW,M
UPBIL03814,YOUTH VIEW TODAY,यूथ व्यू टुडे,108435.0,UPBIL/2010/35878,SALEEM AHMAD,UP,LUCKNOW,M
UPBIL03798,DAIRY TODAY,nan,111277.0,UPBIL/2011/38720,KAMALNI SHARMA,UP,LUCKNOW,M
UPHIN41652,ELECTRONIC TODAY,nan,112552.0,UPHIN/2011/39995,VIKAS DEEP,UP,LUCKNOW,M
UPHIN44026,WITNESS TODAY,विटनेस टुडे,132557.0,UPHIN/2014/60002,R. S. SABRI,UP,LUCKNOW,M
UPHIN25151,LUCKNOW TODAY,nan,65311.0,65311/ 95,RUDRESH DHILDIYAL,UP,LUCKNOW,M
UPHIN29981,STATE TODAY,nan,78950.0,UPHIN/2001/06393,POONAM TRIVEDI,UP,LUCKNOW,M
UPHIN46180,GOODLUCK TODAY,गुडलक टुडे,135119.0,UPHIN/2015/62564,SATISH TRIPATHI,UP,LUCKNOW,M
UPENG04264,PROTOCOL TODAY,प्रोटोकॉल टूड़े,147952.0,UPENG/2018/75397,RAM PRAKASH,UP,LUCKNOW,M
UPHIN43145,PARDAFASH TODAY,nan,119244.0,UPHIN/2012/46687,MUNENDR SHARMA,UP,LUCKNOW,M
UPHIN50487,NEW INFORMATION TODAY,न्यू इन्फॉर्मेशन टूड़े,156675.0,UPHIN/2022/84120,GOVIND PRAJAPATI,UP,LUCKNOW,M
UPHIN20390,LEADER COMMENT TODAY,nan,65198.0,65198/ 96,KULWANT SINGH RAHI,UP,LUCKNOW,M
UPHIN28893,TODAYS WORLD,nan,73626.0,UPHIN/2000/01069,SURAJ PRAKASH OBEROI,UP,LUCKNOW,M
UPHIN49838,COVERAGE TODAY,कवरेज टुडे,158433.0,UPHIN/2021/85878,FAISAL KHAN,UP,LUCKNOW,M
UPHIN41091,LOHIYA TODAY,nan,109201.0,UPHIN/2010/36644,ISHWAR DAYAL BAGHEL,UP,LUCKNOW,M
UPHIN51034,POLITICS TODAY,nan,,UR,VISHWANATH PRATAP MISHRA,UP,LUCKNOW,M
UPENG03916,IMAGE TODAY,इमेज टुडे,135764.0,UPENG/2015/63209,MASSIMAGE MEDIA PVT. LTD.,UP,LUCKNOW,M
UPHIN50306,ALL INDIA NEWSPAPER ASSOCIATION TODAY,आल इण्डिया न्यूज़पेपर एसोसिएशन टुडे,160083.0,UPHIN/2022/87528,ALL INDIA NEWSPAPAER ASSOCIATION,UP,LUCKNOW,M
UPHIN39663,24 TODAY,24 टुडे,104421.0,UPHIN/2009/31864,PANKAJ RASTOGI,UP,LUCKNOW,M
UPHIN33257,REVIEW TODAY,रिव्‍यू टुडे,89644.0,UPHIN/2005/17087,SHOBHA MISHRA,UP,LUCKNOW,M
UPBIL05169,WAQF TODAY,वक्फ टुडे,153907.0,UPBIL/2021/81352,JAWED AHMAD,UP,LUCKNOW,M
UPBIL04140,MOMIN ANSAR TODAY,nan,123145.0,UPBIL/2013/50590,MOMIN ANSAR SABHA,UP,LUCKNOW,M
UPHIN34819,APRADH TODAY,अपराध टुडे,94640.0,UPHIN/2006/22083,D.S.CHAUHAN,UP,LUCKNOW,M
UPHIN43972,IMAGE TODAY,nan,124515.0,UPHIN/2013/51960,MASSIMAGE MEDIA PVT. LTD.,UP,LUCKNOW,M
UPBIL05258,FARMERS TODAY,फार्मर्स टुडे,158356.0,UPBIL/2023/85801,DHEERAJ KUMAR PATEL,UP,LUCKNOW,M
UPBIL02120,DALIT LIBRATION TODAY,nan,61946.0,61946/ 95,VED KUMAR,UP,LUCKNOW,M
UPHIN46473,BODHISATVA BABASAHEB TODAY,बोधिसत्‍व बाबा साहब टुडे,137198.0,UPHIN/2015/64643,BUDDH AMBEDHKAR KALYAN ASSOCIATION,UP,LUCKNOW,M
UPBIL03043,PATEL TODAY,nan,88681.0,UPBIL/2005/16124,SIYARAM VARMA,UP,LUCKNOW,Q
UPHIN36650,TODAYS WORLD,टुडेज़ वर्ल्‍ड,93819.0,UPHIN/2007/21262,SURAJ PRAKASH OBEROI,UP,LUCKNOW,Q
UPHIN29426,BAHUJAN TODAY,nan,75835.0,UPHIN/2000/03278,SURESH CHAND 'RAO',UP,LUCKNOW,Q
UPHIN35256,MARIYA TODAY,मारिया टुडे,92992.0,UPHIN/2006/20435,MARYAM JAMILA,UP,LUCKNOW,Q
UPHIN47337,ZEENAT TODAY,जीनत टुडे,141737.0,UPHIN/2016/69182,SHAHEEN JAHAN,UP,LUCKNOW,W
UPHIN40300,TELESCOPE TODAY,टेलिस्कोप टुडे,103892.0,UPHIN/2010/31335,BHASKAR SINGH,UP,LUCKNOW,W
UPHIN50935,NIRANKAR TODAY,निरंकार टुडे,157413.0,UPHIN/2022/84858,ASHISH KUMAR MISHRA,UP,LUCKNOW,W
UPHIN48880,BODHISATVA BABASAHEB TODAY,बोधिसत्व बाबासाहब टुडे,150202.0,UPHIN/2018/77647,BUDDH AMBEDHKAR KALYAN ASSOCIATION,UP,LUCKNOW,W
UPBIL04018,CAREER TODAY,nan,111071.0,UPBIL/2011/38514,DHEERENDRA KUMAR SAXENA,UP,LUCKNOW,W
UPHIN42686,BHRAMANUTKARSH TODAY,nan,116057.0,UPHIN/2012/43500,SUDHA PANDEY,UP,LUCKNOW,W
UPHIN42780,NIKHIL TODAY,nan,122654.0,UPHIN/2012/50099,MUKHTAR ALI,UP,LUCKNOW,W
UPHIN43591,ANDAR KI BAAT BAHAR TODAY,अन्दर की बात बाहर टुडे,122659.0,UPHIN/2013/50104,ARIES TELEMEDIA VENTURES PVT. LTD.,UP,LUCKNOW,W
UPHIN44113,SATYAM TODAY,nan,126122.0,UPHIN/2013/53567,ASHOK SINGH,UP,LUCKNOW,W
UPHIN45104,SANJAY TODAY,संजय टुडे,131708.0,UPHIN/2014/59153,ARCHNA MISHRA,UP,LUCKNOW,W
UPENG02532,THE SEEN TODAY,nan,55847.0,55847/ 92,VIRENDRA GOPAL NARULA,UP,LUCKNOW,W
UPHIN44082,READERS TODAY,nan,125867.0,UPHIN/2013/53312,PRITAM KUMAR SRIVASTAVA,UP,LUCKNOW,W
UPHIN44775,REVIEW TODAY,रिव्यू टुडे,126893.0,UPHIN/2013/54338,SHOBHA MISHRA,UP,LUCKNOW,W
UPHIN47587,STATEMENT TODAY,स्टेटमेन्ट टुडे,140083.0,UPHIN/2016/67528,AARZOO KHAN,UP,LUCKNOW,W
UPHIN41459,UJALA TODAY,उजाला टुडे,109699.0,UPHIN/2011/37142,MANISH KUMAR SRIVASTAVA,UP,LUCKNOW,W
UPHIN46027,MEGA TODAYS,मेगा टुडेज,135839.0,UPHIN/2015/63284,JAGADAMBA PRASAD,UP,LUCKNOW,W
UPHIN42702,JAN SATTA TODAY,nan,115634.0,UPHIN/2012/43077,VIJAY BAHADUR YADAV,UP,LUCKNOW,W
UPHIN50705,SKILL TODAY,स्किल टुडे,160721.0,UPHIN/2023/88166,DEEPAK AWASTHI,UP,LUCKNOW,W
UPURD04786,HAQEEQAT TODAY,nan,123460.0,UPURD/2012/50905,SHABNOOR FATIMA,UP,LUCKNOW,W
UPBIL04914,HIGHLANDS TODAY,हाईलैण्ड्स टूडे,148665.0,UPBIL/2018/76110,PRASHANT JAISWAL,UP,LUCKNOW,W
UPHIN36115,TODAYS WORLD,टुडेज़ वर्ल्‍ड,92241.0,UPHIN/2006/19684,SURAJ PRAKASH OBEROI,UP,LUCKNOW,W
UPHIN20336,TODAY VOICE,nan,61010.0,61010/ 95,SADAQAT ALI KHAN,UP,LUCKNOW,W
UPHIN42886,ELECTRONIC TODAY,nan,115630.0,UPHIN/2012/43073,VIKAS DEEP,UP,LUCKNOW,W
UPHIN47858,TODAY NEWS EXPRESS,टुडे न्यूज एक्सप्रेस,140298.0,UPHIN/2016/67743,VINEET BISEN,UP,LUCKNOW,W
UPBIL04659,INDIA BELIEVE TODAY NEWS,nan,140303.0,UPBIL/2015/67748,NITIN SINGH,UP,LUCKNOW,W
UPHIN49074,TEHALKA TODAY,तहलका टुडे,151083.0,UPHIN/2019/78528,RIZWAN MUSTAFA RIZVI,UP,LUCKNOW,W
UPHIN50910,AKRUTI TODAY,आकृति टुडे,157027.0,UPHIN/2023/84472,ATUL KUMAR YADAV,UP,LUKHNOW,D
UPHIN50902,NIRANKAR TODAY,निरंकार टुडे,157412.0,UPHIN/2022/84857,ASHISH KUMAR MISHRA,UP,LUKHNOW,D
UPHIN50911,AKRUTI TODAY,nan,157187.0,UPHIN/2023/84632,ATUL KUMAR YADAV,UP,LUKHNOW,M
UPHIN48565,KAMATA TODAY,कामता टुडे,146031.0,UPHIN/2017/73476,SHIVKUMAR MISHRA,UP,MAINPURI,D
UPHIN43974,KAMATA TODAY,कामता टुडे,135135.0,UPHIN/2014/62580,SHIVKUMAR MISHRA,UP,MAINPURI,W
UPHIN40464,MATHURA TODAY,nan,110699.0,UPHIN/2011/38142,MANISH CHATURVEDI,UP,MATHURA,D
UPENG04351,VRINDAVAN TODAY,nan,153481.0,UPENG/2020/80926,VRINDAVAN TODAY FOUNDATION,UP,MATHURA,M
UPHIN48415,BALRAM TODAY,बलराम टुडे,144515.0,UPHIN/2016/71960,DIMPLE GOYAL,UP,MATHURA,M
UPHIN48560,SAMPURAN TODAY,संपूर्ण टुडे,145745.0,UPHIN/2017/73190,LAVLESH PANDEY,UP,MATHURA,W
UPENG03880,NORTHEAST TODAY,nan,123855.0,UPENG/2012/51300,AMIT SINGH,UP,MAU,M
UPBIL04823,NEWS FIRST TODAY,न्यूज़ फर्स्ट टुडे,141973.0,UPBIL/2016/69418,PALLAVI BHARDWAJ,UP,MEERUT,D
UPMUL00696,WARSI NEWS TODAY,वारसी न्यूज टुडे,150192.0,UPMUL/2019/77637,ASIF ANWER,UP,MEERUT,D
UPHIN19664,COMMERCE TODAY,nan,63354.0,63354/ 94,SANJAY SHARMA,UP,MEERUT,M
UPHIN47171,WARSI NEWS TODAY,वारसी न्यूज टुडे,146969.0,UPHIN/2017/74414,ASIF ANWER,UP,MEERUT,M
UPHIN42643,VAISHYA MARRIAGE TODAY,nan,117459.0,UPHIN/2012/44902,JITENDAR KUMAR JAIN,UP,MEERUT,M
UPHIN34668,ARMOUR TODAY,nan,92292.0,UPHIN/2007/19735,FREE LANCER MEDIA LTD.,UP,MEERUT,M
UPHIN41475,SARGAM TODAY,nan,112565.0,UPHIN/2011/40008,VIJENDRA SINGH CHAUHAN,UP,MEERUT,M
UPHIN18896,POLICE PUBLIC TODAY,nan,57718.0,57718/ 94,RAJENDRA SINGH RAO,UP,MEERUT,W
UPHIN44407,LOKVARTA TODAY,लोकवार्ता टुडे,133591.0,UPHIN/2014/61036,LALIT GOSWAMI,UP,MEERUT,W
UPMUL00692,WARSI NEWS TODAY,वारसी न्‍यूज टुडे,148654.0,UPMUL/2018/76099,ASIF ANWER,UP,MEERUT,W
UPHIN43737,SUPER TODAY,nan,126493.0,UPHIN/2013/53938,HARIKRISHAN SINGH,UP,MEERUT,W
UPHIN44357,JUDGEMENT AND LAW TODAY,जजमेंट एंड लॉ टुडे,145499.0,UPHIN/2014/72944,KIRAN,UP,MIRZAPUR,M
UPHIN44454,MORADABAD TODAY,nan,126734.0,UPHIN/2013/54179,DEEPAK KAPOOR,UP,MORADABAD,W
UPHIN18708,METRI TODAY,nan,57708.0,57708/ 93,RAJENDRA KUMAR GOYAL,UP,MUJAFFARNAGAR,W
UPHIN43360,READING TODAY,nan,126542.0,UPHIN/2013/53987,AMAN VAFA,UP,MUZAFFARNAGAR,M
UPBIL02905,TODAYS MANAGEMENT AND LAW JOURNAL,nan,81269.0,UPBIL/2002/08712,KABEER SHARMA,UP,MUZAFFARNAGAR,Q
UPHIN46082,LIFE TODAY,लाइफ टुडे,141224.0,UPHIN/2015/68669,SANJEEV MALIK,UP,MUZAFFARNAGAR,W
UPHIN44948,UNITED TODAY,यूनाइटेड टुडे,136004.0,UPHIN/2014/63449,VIJAY KUMAR YADAV,UP,RAIBAREILLY,D
UPBIL05202,RAEBARELI TODAY,रायबरेली टुडे,159421.0,UPBIL/2022/86866,ANANT VIKRAM SINGH,UP,RAIBAREILLY,D
UPHIN47496,KANCHAN TODAY,कंचन टुडे,141953.0,UPHIN/2016/69398,KANCHAN SHUKLA,UP,RAIBAREILLY,D
UPHIN40493,UNITED TODAY,युनाइटेड टुडे,104862.0,UPHIN/2010/32305,VIJAY KUMAR YADAV,UP,RAIBAREILLY,F
UPHIN42100,BHIMANSHU TODAY,nan,122981.0,UPHIN/2011/50426,RADHELAL,UP,RAIBAREILLY,M
UPHIN41276,UNITED TODAY,युनाइटेड टुडे,105874.0,UPHIN/2010/33317,VIJAY KUMAR YADAV,UP,RAIBAREILLY,M
UPHIN37435,POLICE TODAY,पुलिस टुडे,98570.0,UPHIN/2008/26013,IMROZ SHAH KHAN,UP,RAMPUR,M
UPBIL03712,ELEVATIONS TODAY,एलिवेशन्स टुडे,102546.0,UPBIL/2009/29989,LALIT SAXENA,UP,RAMPUR,Q
UPURD05316,HINDUSTAN TODAY,हिन्‍दुस्‍तान टुुुडे,143650.0,UPURD/2016/71095,MOBIN RANA,UP,SAHARANPUR,D
UPHIN34033,MOVIE TODAY,nan,88047.0,UPHIN/2005/15490,RAVI BAKSHI,UP,SAHARANPUR,F
UPHIN17843,KAMAL TODAY,nan,64778.0,64778/ 93,INDERJIT SINGH CHUGH,UP,SAHARANPUR,F
UPHIN28528,PARAS TODAY TIMES,nan,72748.0,UPHIN/2000/00191,OM PRAKASH JAIN,UP,SAHARANPUR,F
UPHIN28778,CHHUTMALPUR TODAY TIMES,nan,75645.0,UPHIN/2000/03088,S.K.KASHYAP,UP,SAHARANPUR,F
UPBIL04465,DEOBAND TODAY,देवबन्द टुडे,139430.0,UPBIL/2015/66875,SHAISTA PRAVEEN,UP,SAHARANPUR,F
UPHIN36434,SABKA RASHTRA TODAY,सबका राष्ट्र टूडे,94793.0,UPHIN/2007/22236,MAHENDRA SACHDEVA,UP,SAHARANPUR,M
UPENG04221,HINDUSTAN TODAY,हिन्‍दुस्‍तान टुुुडे,143519.0,UPENG/2016/70964,MOBIN RANA,UP,SAHARANPUR,M
UPHIN24111,RASHTRIYA NIVIDA TODAY,nan,66557.0,66557/ 97,SAYYED HASHIM ALI,UP,SHAHJAHANPUR,D
UPHIN48277,ARMAN TODAY,nan,,UR,RAJEEV KUMAR SHUKLA,UP,SHAHJAHANPUR,M
UPHIN44463,TODAY EVENTS NEWS,टुडे इवेन्‍टस न्यूज़,129160.0,UPHIN/2013/56605,SATYAMEV JAYATE WELFARE SEVA SAMITI,UP,SHAHJAHANPUR,W
UPHIN49854,VOICE OF SAMIKSHA TODAY,nan,,nan,SATYENDRA KUMAR UPADHYAY,UP,SIDDHARTHNAGAR,D
UPHIN38754,NEWS COMMENT TODAY,nan,68054.0,68054/ 97,SATISH SHARMA,UP,SITAPUR,D
UPHIN50936,NIRANKAR TODAY,निरंकार टुडे,157414.0,UPHIN/2022/84859,ASHISH KUMAR MISHRA,UP,SITAPUR,F
UPHIN43759,NIRANKAR TODAY,nan,123612.0,UPHIN/2013/51057,ASHISH KUMAR MISHRA,UP,SITAPUR,M
UPHIN39556,REAL TODAY,nan,121469.0,UPHIN/2009/48914,KAUSHAL KISHOR DIXIT,UP,SITAPUR,M
UPHIN51457,ARKODAYA TODAY,nan,,nan,GAYA PRASAD,UP,SITAPUR,M
UPHIN21217,NEWS COMMENT TODAY,न्यूज़ कमेंट टुडे,62796.0,62796/ 95,SATISH SHARMA,UP,SITAPUR,Q
UPHIN48780,NAIMISH TODAY,नैमिष टुडे,150088.0,UPHIN/2019/77533,DILIP TRIPATHI,UP,SITAPUR,W
UPHIN43628,THE DETECTIVE TODAY,दि डिटेक्टिव टुडे,137845.0,UPHIN/2015/65290,RAJNEESH KUMAR,UP,SITAPUR,W
UPHIN43275,FIGHTER TODAY,nan,119778.0,UPHIN/2012/47221,IFTIKAR AHMAD KHAN,UP,SULTANPUR,D
UPHIN31583,SULTANPUR TODAY,nan,81938.0,UPHIN/2003/09381,SMT. RUBY TRIPATHI,UP,SULTANPUR,F
UPHIN50187,AKRUTI TODAY,आकृति टुडे,155502.0,UPHIN/2022/82947,ATUL KUMAR YADAV,UP,UNNAO,D
UPHIN48487,SIDDHI TODAY,सिद्धि टुडे,150214.0,UPHIN/2018/77659,SACHIN TRIVEDI,UP,UNNAO,D
UPHIN50744,BANARAS TODAY,nan,,nan,REKHA,UP,VARANASI,BM
UPHIN44644,TALK TODAY,टॉक टुडे,128568.0,UPHIN/2014/56013,NEETU SRIVASTAV,UP,VARANASI,W
UTTBIL00149,JANMAT TODAY,जनमत टुडे,93257.0,UTTBIL/2007/20700,ANJALI NAYAL,UTT,DEHRADUN,D
UTTHIN05218,THE GRAM TODAY,दि ग्राम टूडे,149286.0,UTTHIN/2018/76731,SHIVESHWAR DATT PANDEY,UTT,DEHRADUN,D
UTTHIN03232,LOK JAN TODAY,लोक जन टुडे,124315.0,UTTHIN/2013/51760,ABHISHEK SINHA,UTT,DEHRADUN,DE
UTTHIN05646,DEVBHOOMI TODAY,देवभूमि टूड़े,160532.0,UTTHIN/2023/87977,SATYENDRA SINGH NEGI,UTT,DEHRADUN,F
UTTHIN04084,PRAJA TODAY,प्रजा टुडे,134927.0,UTTHIN/2015/62372,PRAJA DUTT DABRAL,UTT,DEHRADUN,F
UTTBIL00014,WINNER TODAY,विनर टुडे,84080.0,UTTBIL/2003/11523,TRILOKCHAND,UTT,DEHRADUN,M
UTTHIN04389,UTTARJAN TODAY,उत्तरजन टुडे,139900.0,UTTHIN/2016/67345,PRAKASH CHANDRA THAPLIYAL,UTT,DEHRADUN,M
UTTHIN01735,JANPAKSH TODAY,जनपक्ष टुडे,106994.0,UTTHIN/2010/34437,RAKESH KHANDURI,UTT,DEHRADUN,W
UTTHIN03163,ACTION TODAY,एक्शन टुडे,126612.0,UTTHIN/2013/54057,HIMANSHU CHHABRA,UTT,DEHRADUN,W
UTTHIN00486,UTTARANCHAL DAY TODAY,उत्तरांचल डे टुडे,85881.0,UTTHIN/2004/13324,PRITPAL SINGH,UTT,DEHRADUN,W
UTTENG00187,THE LIFE LINE TODAY,द लाइफ लाइन टुडे,113435.0,UTTENG/2011/40878,VIMLA MITTAL,UTT,DEHRADUN,W
UTTHIN02091,TOUCH TODAY,टच टुडे,111621.0,UTTHIN/2010/39064,RAMANDEEP KAUR,UTT,DEHRADUN,W
UTTHIN02896,THE HARIDWAR TODAY,द हरिद्वार टुडे,112280.0,UTTHIN/2011/39723,VIVEK SHARMA,UTT,DEHRADUN,W
UTTHIN02368,UTTARAKHAND TODAY,उत्तराखंड टुडे,109813.0,UTTHIN/2011/37256,RAJENDRA SINGH NEGI,UTT,DEHRADUN,W
UTTHIN00563,THE GRAM TODAY,द ग्राम टुडे,87923.0,UTTHIN/2005/15366,SHIVESHWAR DATT PANDEY,UTT,DEHRADUN,W
UTTHIN03162,VANI TODAY,वाणी टुडे,117247.0,UTTHIN/2012/44690,ARUN MAITHANI,UTT,DEHRADUN,W
UTTHIN01667,SUCHNA TODAY,सूचना टुडे,103131.0,UTTHIN/2009/30574,SANJAY,UTT,DEHRADUN,W
UTTHIN03760,PACIFIC TODAY,पैसिफ़िक टुडे,129101.0,UTTHIN/2014/56546,MANISH KUMAR JAIN,UTT,DEHRADUN,W
UTTHIN05492,AWADH TODAY,nan,,nan,PANKAJ KUAMR DIXIT,UTT,HARIDWAR,D
UTTHIN01559,THE HARIDWAR TODAY,द हरिद्वार टुडे,99664.0,UTTHIN/2008/27107,VIVEK SHARMA,UTT,HARIDWAR,D
UTTHIN02511,KISAN TODAY,किसान टुडे,114839.0,UTTHIN/2011/42282,AKHIL TOMAR,UTT,HARIDWAR,M
UTTBIL00527,BHARATODAYA,भारतोदय,74042.0,UPBIL/1998/01485,GURUKUL MAHAVIDHYALA SABHA,UTT,HARIDWAR,M
UTTHIN00445,THE HARIDWAR TODAY,द हरिद्वार टुडे,86612.0,UTTHIN/2004/14055,VIVEK SHARMA,UTT,HARIDWAR,W
UTTHIN03582,HALDWANI TODAY,हल्द्वानी टुडे,124457.0,UTTHIN/2013/51902,MANOJ KUMAR ARYA,UTT,NAINITAL,DE
UTTBIL00115,SPORTS GALLERY TODAY,स्पोर्टस गैलरी टुडे,96132.0,UTTBIL/2006/23575,NARENDER SINGH RAJWAR,UTT,NAINITAL,F
UTTHIN02495,THE HARIDWAR TODAY,द हरिद्वार टुडे,109001.0,UTTHIN/2011/36444,VIVEK SHARMA,UTT,NAINITAL,W
UTTHIN02082,THE HILL TODAY,द हिल टुडे,131134.0,UTTHIN/2010/58579,VINOD KUMAR VICKY YOGI,UTT,NAINITAL,W
UTTENG00398,THE GAZETTE TODAY,nan,,nan,TUSHAR KANDPAL,UTT,NAINITAL/ HALDWANI,M
UTTMUL00063,RUDRANCHAL TODAY,nan,,nan,LAKHAPAT SINGH,UTT,RUDRAPRAYAG,M
UTTHIN00881,TODAYS NEWS PRINT,टुडेज न्‍यूज प्रिन्‍ट,97579.0,UTTHIN/2006/25022,MANJU PHUTELA,UTT,UDHAM SINGH NAGAR,D
UTTENG00140,TODAYS NEWSPRINT,टुडेज न्यूज़प्रिंट,104324.0,UTTENG/2009/31767,MANJU PHUTELA,UTT,UDHAM SINGH NAGAR,D
WBBEN08891,BURDWAN TODAY,nan,65418.0,65418/ 96,KAUSHIK CHAKRABORTY,WB,BARDHAMAN,F
WBBEN14862,NALHATI TODAY,nan,129300.0,WBBEN/2014/56745,SUBHANKAR DAS,WB,BIRBHUM,M
WBHIN01504,MARWARI TODAY,मारवाड़ी टुडे,100598.0,WBHIN/2009/28041,WEST BENGAL PROVINCIAL MARWARI FEDERATION SOCIETY BHAWAN,WB,CALCUTTA,M
WBENG02269,CALCUTTA TODAY,nan,8908.0,8908/ 65,M/S TAGORE COMMERCIAL CORPORATION.PVT.LTD,WB,KOLKATA,D
WBBEN07666,BUSINESS REPORTER TODAY,nan,53075.0,53075/ 92,ANIRUDHA MUKHERJEE,WB,KOLKATA,F
WBBEN13602,BUSINESS REPORTER TODAY,nan,53062.0,53062/ 92,nan,WB,KOLKATA,F
WBENG00761,HANDLOOM TODAY,nan,48129.0,48129/ 88,SUDEB HAR,WB,KOLKATA,F
WBENG03695,LIFE INSURANCE TODAY,nan,87548.0,WBENG/2005/14991,SUSHIL KUMAR AGARWALA,WB,KOLKATA,HY
WBURD00247,SPORTS TODAY,nan,24520.0,24520/ 72,ABDUL GHANI,WB,KOLKATA,M
WBENG01298,MARXISM TODAY,nan,8572.0,8572/ 63,BALARAM CHATTERJEE,WB,KOLKATA,M
WBENG01569,POULTRY TODAY,nan,18668.0,18668/ 72,SAMBHU NATH MUKHERJEE,WB,KOLKATA,M
WBENG03353,LAW TODAY,nan,29954.0,29954/ 75,SHRI SYED ATAUNNALI,WB,KOLKATA,M
WBENG03161,COMPUTER & TELCOM TODAY AND TOMMARROW,कंप्यूटर एंड टेलीकॉम टुडे एंड टुमॉरो,67919.0,67919/ 97,R. PANDEY PROP. OF ABHISHEK PANDEY,WB,KOLKATA,M
WBENG00683,GEC TODAY,nan,34756.0,34756/ 78,THE GENERAL ELECTRIC COMPANY OF INDIA,WB,KOLKATA,Q
WBENG01534,PERSONNEL TODAY,nan,37205.0,37205/ 80,NATIONAL INSTITUTE OF PERSONAL MANGEMENT,WB,KOLKATA,Q
WBENG03144,POETRY TODAY,nan,66106.0,66106/ 96,PRADEEP KUMAR CHAUDHURI,WB,KOLKATA,Q
WBENG01918,TEA TODAY,nan,37134.0,37134/ 80,CALCUTTA TEA TRADERS ASSOCIATION,WB,KOLKATA,Q
WBENG03526,LOGISTICS TODAY,nan,77557.0,WBBEN/2001/05000,ASIAN COUNCILOF LOGISTICS MANAGEMENT,WB,KOLKATA,Q
WBURD00358,SPORTS TODAY,nan,27077.0,27077/ 74,ARSHAD ALAM,WB,KOLKATA,W
WBBIL01831,HALDIA NEWS TODAY,nan,149748.0,WBBIL/2017/77193,TAPAN KUMAR JANA,WB,PURBA MEDINIPUR,F
WBBEN15753,PURULIA TODAY,nan,153760.0,WBBEN/2020/81205,SUSANTA KEORA,WB,PURULIA,F
WBBEN15205,HOWRAH NEWS TODAY,हावड़ा न्यूज़ टुडे,134121.0,WBBEN/2015/61566,BENGAL JOURNALIST WELFARE TRUST,WB,SOUTH TWENTY FOUR PARGANAS,F
WBBEN16129,SAMBAD TODAY,nan,,nan,SUKHENDU HALDER,WB,SOUTH 24 PARGANAS,W
WBENG04249,PROJECT MANAGEMENT TODAY,nan,130546.0,WBENG/2014/57991,PROSENJIT DUTTA,WB,SOUTH TWENTY FOUR OARGANAS,M
WBENG03946,NEON TODAY,निओन टुडे,96121.0,WBENG/2008/23564,TAPAS BASU,WB,SOUTH TWENTY FOUR PARGANAS,M
WBENG04136,THE EXPOSE TODAY,द एक्सपोज़ टुडे,108499.0,WBENG/2011/35942,SANJIB SINGH,WB,SOUTH TWENTY FOUR PARGANAS,M
WBENG03992,DESUN TODAY,nan,99771.0,WBENG/2009/27214,TAPAS BASU,WB,SOUTH TWENTY FOUR PARGANAS,M
WBENG04141,NEWS BENGAL TODAY,nan,115209.0,WBENG/2012/42652,WEST BENGAL RURAL NEWS PAPER OWNER AND EMPLOYEES WELFARE TRUST,WB,SOUTH TWENTY FOUR PARGANAS,W
